filename,source_type,text,H1_expert,H2_expert,H3_expert,H4_expert,H5_expert,H1,H2,H3,H4,H5,H1_flag,H2_flag,H3_flag,H4_flag,H5_flag,H1_rationale,H2_rationale,H3_rationale,H4_rationale,H5_rationale,inferred_requirements,narrative_feedback,expert_score,element_score_raw
Case001_53100.pdf,,Placeholder text for scoring.,5,3,1,0,0,4,4,3,3,3,,,,,,,,,,"The testing plan addresses some major requirements such as sun protection, size, support, durability, waterproofing, and programming. However, some requirements like decoration are minimally tested, and others like programmable rotation lack clear test procedures. Several requirements are mentioned but not fully connected to detailed testing. | Testing procedures are generally vague and lack sufficient detail for replication. Descriptions such as 'touch them and mess with our shade' or 'pour water on it twice' are not precise. Setup, tools, measurements, and sequence of actions are mostly missing or unclear. | Trial counts are inconsistently reported, often only two trials or vague 'multiple trials' are planned. Some tests mention seven trials (e.g., waterproofing), but overall the quantity is limited and insufficient to robustly evaluate all requirements. | The plan includes some expected results and pass/fail criteria but lacks measurable thresholds or quantitative evaluation metrics. Goals beyond criteria are stated but are mostly qualitative and not clearly linked to measurable outcomes. | Field expert feedback is mentioned but only as general comments without clear evidence that the testing plan was revised based on this feedback.","The testing plan demonstrates an effort to address several key design requirements such as sun protection, platform size, support stability, durability, waterproofing, and programming. However, the connection between requirements and testing is often incomplete or vague, limiting the plan's comprehensiveness. Some requirements, like decoration stability and programmable rotation, are minimally or insufficiently tested.

Testing procedures lack the necessary detail and clarity to be replicable. Descriptions of methods are often informal and omit critical information such as specific tools, measurement techniques, and controlled variables. Trial counts are generally low or unspecified, reducing confidence in the reliability of the results. While some pass/fail criteria and expected outcomes are mentioned, they are mostly qualitative without clear thresholds or measurable metrics.

Field expert involvement is acknowledged but does not appear to have influenced the testing plan meaningfully. To improve, the team should develop more detailed, step-by-step procedures with clear measurement methods, increase the number of trials to ensure statistical reliability, define quantitative success criteria for each requirement, and explicitly document how expert feedback informs testing revisions. These improvements will enhance the rigor, repeatability, and evaluative power of the testing plan.","The testing plan demonstrates a solid effort to address multiple important design requirements, including force measurements related to pushing and handle slip, user comfort, aesthetics, and assembly ease. While these requirements are mostly inferred from the testing content rather than explicitly stated, the plan connects them to specific test procedures, supporting a good level of requirement coverage. However, some requirements, such as stability, are only partially addressed, and explicit pass/fail criteria or thresholds are missing.

Testing procedures are generally well-detailed and logical, describing the apparatus setup, measurement tools, and step-by-step actions. The inclusion of participant testing and qualitative feedback adds valuable user-centered data. Nonetheless, some procedural details, such as precise measurement methods and instructions for replicability, could be clarified further. The testing quantity is moderate, with five participants involved, but lacks explicit trial counts for force tests and multiple repetitions, which limits the robustness of the data.

The logic behind the testing plan shows some development, particularly in recording measurable outcomes like maximum force and assembly time. However, the absence of clear evaluation criteria, thresholds, or pass/fail standards weakens the plan’s ability to objectively assess success. Field expert involvement is evident, with one expert’s feedback directly influencing the testing approach, improving the plan’s relevance and rigor. To enhance the testing plan, it is recommended to explicitly state design requirements, define measurable success criteria and thresholds, increase the number of trials per test for statistical validity, and provide more detailed procedural instructions to ensure replicability. Additionally, documenting how all expert feedback is incorporated would strengthen the plan’s credibility.",1.8,3.2
Case002_55451.pdf,,Placeholder text for scoring.,5,5,4,5,1,4,3,2,2,0,,,,,,,,,,"The testing plan addresses some key requirements such as prototype integrity when inverted and mass measurement. There is also mention of plant health and device mobility. However, many stated requirements like battery life, environmental safety, cost-friendliness, and shade provision are not connected to explicit tests. | Testing procedures for prototype integrity and mass measurement are described with some detail, including steps and trial counts. However, other tests lack clarity and detail, such as the plant health and solar panel function test, which is vague and incomplete, limiting replicability. | Only the prototype integrity test specifies multiple trials (10 per axis). Mass measurement lacks explicit trial counts. Other tests have no clear trial numbers. Overall, testing quantity is limited and insufficient to cover most requirements. | Pass/fail criteria and goals are provided for some tests (e.g., prototype integrity and mass), but expected result ranges and measurable thresholds are incomplete or missing for others. The plant health test lacks measurable outcomes and clear evaluation logic. | No evidence of field expert involvement or feedback is documented.","The testing plan demonstrates an effort to address several important design requirements, such as ensuring the prototype remains intact when inverted and verifying the mass is under 3kg. However, many critical requirements like battery life, environmental safety, and shade provision lack corresponding tests, limiting the plan's comprehensiveness. Some requirements were inferred from the testing content rather than explicitly stated, which is acceptable but should be clarified.

Testing procedures for the prototype integrity and mass measurement are reasonably detailed, including step-by-step instructions and trial counts, supporting replicability. Conversely, the plant health and solar panel function test is vague and lacks sufficient detail, making it difficult for others to replicate or evaluate effectively. The quantity of tests is limited, with only one test specifying multiple trials, and others missing trial counts entirely, which reduces confidence in the robustness of the evaluation.

The plan includes some pass/fail criteria and goals, but measurable outcomes and expected result ranges are incomplete or absent for several tests. This weakens the logical framework needed to assess success clearly. Additionally, there is no evidence of field expert feedback or revisions based on such input, which could enhance the plan's rigor and relevance.

To improve, the team should explicitly link all high-priority requirements to specific tests, provide detailed, replicable procedures for each, and define measurable evaluation criteria with clear thresholds. Increasing the number of trials and documenting them will strengthen reliability. Finally, seeking and incorporating feedback from relevant field experts will enhance the testing plan's quality and credibility.","The testing plan demonstrates a reasonable effort to address several important design requirements, including handle strength, plastic durability, box weight, stacking, cleaning, and locking security. However, the coverage is uneven, with some requirements like cardboard prototype durability tested only informally and minimally. The plan would benefit from explicitly linking all major requirements to distinct, structured tests.

Procedures are described with moderate detail, allowing some understanding of the testing approach. Yet, many lack sufficient detail for full replication, such as exact measurement methods, number of trials, and controlled conditions. Subjective assessments without standardized scales reduce clarity and repeatability. The quantity of testing is limited by the absence of explicit trial counts or repetition plans, which weakens confidence in the robustness of the evaluation.

The logic behind the testing plan includes some measurable outcomes and thresholds, such as weight limits and damage observations, but lacks clear pass/fail criteria and detailed evaluation frameworks. This limits the ability to objectively assess success or failure. Additionally, no evidence of field expert feedback or revisions based on such input is present, missing an opportunity to strengthen the plan.

To improve, the team should: 1) explicitly state and connect all major requirements to specific tests; 2) provide detailed, replicable procedures including setup, tools, and measurement methods; 3) plan and document multiple trials per test to ensure reliability; and 4) define clear pass/fail criteria and measurable success thresholds. Incorporating expert feedback and documenting resulting plan changes would further enhance testing rigor and credibility.",4,2
Case003_54440.pdf,,Placeholder text for scoring.,5,4,4,4,0,4,3,2,2,0,,,,,,,,,,"The document states that many design requirements are covered and that each function will be tested, but no specific requirements are connected to actual test methods or procedures. | Testing procedures are not described in any detail; no setup, tools, measurements, variables, or sequence of actions are provided. | No information on the number of tests or trials is given, so testing quantity is minimal and insufficient to evaluate requirements. | The plan is described as logical and well planned, but no measurable outcomes, pass/fail criteria, thresholds, or evaluation logic are provided. | No field expert involvement is documented; the plan states that experts will be contacted in the future.","The testing plan attempts to address many of the project’s major design requirements by ensuring that each function is tested to solve the identified problems. However, the plan lacks explicit connection between specific requirements and test methods, making it difficult to verify comprehensive coverage. The absence of detailed testing procedures, including setup, tools, variables, and measurement methods, limits the clarity and replicability of the tests. Without these details, another person could not reliably reproduce the testing.

Additionally, the plan does not specify the quantity of tests or number of trials, which is critical for evaluating the design thoroughly. The logic behind the testing plan is described as well planned, but it lacks measurable outcomes, pass/fail criteria, or thresholds to determine success. This weakens the ability to objectively assess whether the prototype meets requirements. Furthermore, no field expert feedback has been incorporated, which could have strengthened the plan’s rigor and relevance.

To improve, the team should explicitly link each major requirement to specific, detailed test procedures with clear measurement methods. Including multiple trials per test and defining pass/fail criteria or thresholds will enhance evaluation rigor. Developing a replicable step-by-step testing protocol and seeking expert review with documented revisions will further strengthen the plan’s effectiveness and credibility.","The testing plan demonstrates an effort to address several important design requirements, including handle strength, plastic durability, box weight, stacking, cleaning, and locking security. However, many requirements are only partially tested or inferred rather than explicitly connected to structured tests. The cardboard prototype testing is minimal and lacks rigor, limiting confidence in durability evaluation.

Testing procedures vary in detail and clarity. While some tests, such as the handle strength and plastic impact tests, provide a basic sequence and setup, many lack sufficient detail for replication, including exact tools, measurement methods, and trial protocols. The plan also lacks explicit trial counts or repetition details, resulting in limited testing quantity that may not adequately evaluate all requirements.

The logic of the testing plan is partially developed, with some implied thresholds and expected outcomes, but it generally lacks clear pass/fail criteria or measurable success metrics. Additionally, there is no evidence of field expert feedback influencing the testing plan, which could enhance its rigor and relevance.

To improve, the team should explicitly link all major requirements to specific tests, provide detailed, replicable procedures including tools and measurement methods, specify trial counts and repetitions, and define clear pass/fail criteria or thresholds. Incorporating feedback from relevant field experts and documenting resulting plan revisions would also strengthen the testing approach.",3.4,2
Case004_41110.pdf,,Placeholder text for scoring.,4,1,1,1,0,1,1,1,2,0,,,,,,,,,,"The document states that the testing plan covers many design requirements and ensures each function makes sense, but it does not specify which requirements are tested or how. There is no clear connection between requirements and actual test methods. | Testing procedures are not described in any detail. There is no information on setup, tools, measurements, variables, or sequence of actions, making replication impossible. | No information is provided about the number or type of tests planned, nor about trial counts or coverage of requirements. | The plan is described as logical and well planned, but no measurable outcomes, expected results, pass/fail criteria, or thresholds are provided. | The document explicitly states no professionals or field experts have been consulted yet.","The testing plan attempts to address multiple design requirements, primarily focusing on verifying that each function operates correctly and solves the intended problems. However, these requirements are only implied and not explicitly linked to specific tests, limiting clarity and completeness. The lack of detailed testing procedures means that the plan is not replicable; essential elements such as setup, tools, variables, and measurement methods are missing. Without these details, it is difficult to assess the effectiveness or reliability of the testing process.

Furthermore, the document does not specify the quantity or frequency of tests, nor does it provide measurable evaluation criteria such as pass/fail thresholds or expected outcomes. This absence weakens the logical foundation of the testing plan and reduces confidence in its ability to thoroughly evaluate the prototype. Additionally, no field experts have reviewed or influenced the plan, and no revisions based on expert feedback are evident.

To improve, the team should explicitly identify and connect each major requirement to specific, detailed test procedures. Including clear measurement methods, trial counts, and pass/fail criteria will enhance replicability and evaluation rigor. Seeking and incorporating feedback from relevant field experts will strengthen the plan’s validity. Finally, documenting expected results and thresholds will provide a solid framework for assessing prototype performance.","The testing plan clearly identifies and infers key design requirements such as fit, ease of use, removability, strength, and impact on the cart. However, it falls short in connecting these requirements to concrete testing procedures. While the document articulates what the handle must achieve, it does not describe how these requirements will be tested, limiting the ability to verify if the design meets them.

Testing procedures lack detail and replicability; no setup, tools, variables, or step-by-step methods are provided. This absence makes it impossible for others to replicate or validate the tests. Additionally, the plan does not specify the quantity of tests or trials, which is critical for robust evaluation. Although measurable criteria and some thresholds are mentioned, such as removal time and load capacity, the plan lacks explicit pass/fail criteria and a clear evaluation framework.

No involvement of field experts is documented, which could have strengthened the testing plan through informed feedback. To improve, the team should develop detailed, replicable test procedures including tools and measurement methods, specify the number of trials per test, define clear pass/fail criteria, and seek expert review to refine the plan. Incorporating these elements will enhance the rigor and credibility of the testing process.",1.4,1
Case005_33334.pdf,,Placeholder text for scoring.,3,3,3,3,4,4,3,2,3,4,,,,,,,,,,"The testing plan addresses some major requirements such as neutral buoyancy and structural integrity (parts staying connected). However, only one test is described, and it partially covers these requirements without distinct tests for each. | The procedure includes basic steps but lacks sufficient detail for full replication. It does not specify tools, measurement methods, controlled variables, or detailed setup. The description is vague and incomplete. | Only two trials are planned, which is below the recommended seven or more trials. The quantity of tests is limited and insufficient to robustly evaluate the requirements. | The plan includes pass/fail criteria and a goal, but these are qualitative and lack measurable thresholds or tolerances. Expected results are vaguely described, limiting the logic and evaluation framework. | No evidence of field expert involvement or feedback is provided.","The testing plan partially addresses important design requirements, primarily focusing on achieving neutral buoyancy and ensuring the prototype parts remain connected. However, the plan lacks distinct tests for each requirement, limiting comprehensive coverage. The requirements were inferred from the testing content rather than explicitly stated, which reduces clarity.

Testing procedures are outlined in a basic sequence but lack critical details such as specific tools, measurement techniques, and controlled variables, making replication by others challenging. The plan includes only two trials, which is insufficient to reliably evaluate the design under varied conditions or to identify trends. This limited quantity restricts the robustness of the testing.

While pass/fail criteria and goals are mentioned, they are qualitative and lack measurable thresholds or tolerances, weakening the logical framework for evaluation. There is no indication of field expert feedback or revisions based on such input, which could have strengthened the plan.

To improve, the student should explicitly state all major requirements, develop detailed, replicable procedures including measurement methods, increase the number of trials to at least seven per test, and define clear, quantitative pass/fail criteria with tolerances. Additionally, seeking and incorporating feedback from field experts would enhance the plan’s rigor and credibility.","The testing plan demonstrates a solid effort to address many of the project’s major design requirements, including safety, durability, aesthetics, and affordability. Several requirements were inferred from the testing content, which is appropriate given the document’s structure. The plan includes specific scoring scales and some measurable criteria, which strengthens the alignment between tests and requirements. However, some areas such as entertainment and adaptability rely heavily on subjective observations and stakeholder feedback without clear, structured test methods.

While the procedures provide some detail, they often lack the full clarity and replicability needed for consistent execution. For example, the entertainment test is vague, and many tests do not specify tools, exact measurement methods, or step-by-step instructions. The quantity of testing is limited, with few explicit trial counts and minimal repetition, which may reduce confidence in the results. The logic of the plan benefits from defined thresholds and scoring for some criteria but lacks comprehensive pass/fail criteria and measurable outcomes for others.

Expert feedback was well integrated, improving focus on usability and bias mitigation, which is a strong point. To improve, the team should: 1) provide detailed, replicable test procedures including tools and step sequences; 2) increase the number of trials and explicitly state trial counts; 3) develop clear pass/fail criteria and measurable outcomes for all tests; and 4) further refine subjective tests to reduce bias and increase objectivity. These steps will enhance the rigor, repeatability, and evaluative power of the testing plan.",3.2,3.2
Case006_01200.pdf,,Placeholder text for scoring.,0,1,2,0,0,4,2,2,3,0,,,,,,,,,,"The testing plan addresses many major inferred requirements including weight capacity, durability, stability, safety, and real-world usability. Each requirement is linked to a specific test, though some requirements like material flexibility and safety are tested more generally. | Testing procedures are described with some detail such as incremental weights, number of cycles, and environmental conditions. However, some methods lack full replicability details like exact environmental parameters, measurement tools, or precise procedural steps. | The plan includes some quantitative elements (e.g., 500 cycles, incremental weights), but lacks explicit trial counts or repetitions for most tests. The quantity of tests is limited and may not fully evaluate all requirements comprehensively. | The plan includes some expected results and observations but lacks explicit measurable thresholds, pass/fail criteria, or quantitative success metrics. This limits the clarity of evaluation logic and objective decision-making. | The document mentions plans to consult experienced hunters and outfitters but provides no evidence of actual expert feedback or revisions based on such input.","The testing plan effectively identifies and targets several key design requirements, including weight capacity, durability, stability, safety, and real-world usability, inferred from the described tests. This comprehensive approach demonstrates a solid understanding of the product’s critical performance aspects. However, some requirements, such as material flexibility and safety, are tested in a more general manner without detailed quantification.

While the testing procedures provide a reasonable overview, they lack sufficient detail to ensure full replicability. Important specifics like exact environmental conditions, measurement instruments, and step-by-step protocols are missing, which could hinder consistent reproduction of results. The quantity of testing is somewhat limited; although the plan includes 500 cycles for durability and incremental weight increases, it does not specify multiple trials or repetitions for other tests, reducing confidence in the robustness of the evaluation.

The logic behind the testing plan is partially developed, with some expected observations noted, but it lacks clear pass/fail criteria, thresholds, or measurable success metrics. This absence makes it difficult to objectively assess whether the design meets requirements. Additionally, while expert consultation is mentioned, there is no evidence that feedback was obtained or incorporated, limiting the plan’s refinement through field expertise.

To improve, the team should: 1) define explicit pass/fail criteria and measurable thresholds for each test; 2) provide detailed, stepwise procedures including tools and environmental parameters; 3) plan multiple trials per test to ensure statistical reliability; and 4) actively engage and document expert feedback to enhance practical relevance and testing rigor.","The testing plan effectively targets several key design requirements, including the AI's ability to detect cancer presence and stage, the speed of analysis, and user satisfaction among medical staff. These requirements, while not explicitly stated in the document, are logically inferred from the tests and associated passing criteria. This alignment demonstrates a solid understanding of the project's priorities.

However, the testing procedures lack sufficient detail to ensure replicability. Important aspects such as the testing environment, tools used, variables controlled, and step-by-step methods are not described, which limits the clarity and effectiveness of the plan. Additionally, while some trial counts are mentioned, the overall quantity of testing appears limited, with no indication of multiple trials or repetitions to ensure reliability.

The plan benefits from measurable pass/fail criteria, which provide a foundation for evaluating success. Yet, it would be strengthened by including more comprehensive thresholds, tolerances, and expected result ranges to better define success and failure. There is no evidence of expert feedback influencing the plan, which could have enhanced its rigor and relevance.

To improve, the team should provide detailed, replicable testing procedures including setup and measurement methods; increase the number of trials and repetitions to ensure robust data; define clear thresholds and tolerances for all tests; and seek and incorporate feedback from field experts to refine the testing approach.",0.6,2.2
Case007_01010.pdf,,Placeholder text for scoring.,0,1,0,1,0,4,2,2,3,0,,,,,,,,,,"The testing plan addresses many major inferred requirements including weight capacity, durability, stability, safety, and real-world usability. Each requirement is linked to a specific test, but some requirements like exact performance thresholds or all environmental factors are not fully covered. | Testing procedures are generally detailed and logical, describing methods, tools, and data collection. However, some procedural details such as exact measurement tools, environmental control specifics, and step-by-step sequences are not fully elaborated, limiting full replicability. | The plan includes multiple tests covering several requirements, with some trial counts specified (e.g., 500 cycles for durability). However, most tests lack explicit trial numbers or repetition counts, and no mention of multiple trials per test limits confidence in quantity adequacy. | The plan provides logical explanations and measurable outcomes such as weight increments and observations of material stress. However, it lacks explicit pass/fail criteria, thresholds, or quantitative success metrics, which weakens the evaluation framework. | The document mentions plans to consult experienced hunters and outfitters for feedback, but no evidence of actual expert feedback or revisions based on it is provided.","The testing plan effectively addresses several key design requirements inferred from the testing content, including weight capacity, durability, stability, safety, and usability. Each requirement is linked to a corresponding test, demonstrating a thoughtful approach to validating the prototype’s performance. However, some requirements could be more explicitly defined and tested with clearer performance targets.

Testing procedures are generally well described, with logical methods and data collection strategies. The inclusion of incremental weight loading and environmental exposure cycles shows attention to realistic conditions. Yet, the plan would benefit from more detailed procedural steps, such as specifying measurement instruments and environmental controls, to enhance replicability.

While the plan includes multiple tests, explicit trial counts are mostly absent except for the durability test, limiting confidence in the sufficiency of testing quantity. The evaluation logic is partially developed, with measurable outcomes noted but lacking clear pass/fail criteria or thresholds. Expert involvement is mentioned but not demonstrated through incorporated feedback.

To improve, the team should define explicit success criteria and thresholds for each test, specify the number of trials and repetitions, detail procedural steps for replication, and document expert feedback with resulting plan revisions. These enhancements will strengthen the rigor, clarity, and credibility of the testing plan.","The testing plan effectively targets several key design requirements, such as the AI's ability to detect cancer presence and stage, the speed of diagnosis, and user satisfaction among medical staff. These requirements, while not explicitly stated, are logically inferred from the test descriptions and linked to measurable passing criteria, demonstrating a solid foundation for evaluating the design's performance.

However, the testing procedures lack sufficient detail to ensure replicability. Important aspects such as the testing environment, tools used, data preparation, and step-by-step actions are not described, which limits the ability of others to reproduce the tests reliably. Additionally, while some trial counts are mentioned, the overall quantity and repetition of tests are insufficiently planned, reducing confidence in the robustness of the evaluation.

The plan includes clear pass/fail criteria, which is a strength, but it would benefit from more comprehensive evaluation logic, including thresholds, tolerances, and explicit connections between test outcomes and design requirements. No involvement of field experts is documented, which is a missed opportunity for validation and improvement. To enhance the testing plan, the student should provide detailed procedural steps, increase the number of trials with clear repetition, define evaluation thresholds explicitly, and seek expert feedback to refine and validate the testing approach.",0.4,2.2
Case008_00000.pdf,,Placeholder text for scoring.,0,0,0,0,0,1,1,1,1,0,,,,,,,,,,"The testing plan addresses many major inferred requirements with specific test methods for opening/closing ease, latching security, x-ray compatibility, operator motion range, durability, and reliability. However, some requirements like reliability are only partially described and lack full test detail. | Testing procedures are generally detailed and logical, including step-by-step instructions, tools, and measurements. Some procedures lack full clarity or completeness (e.g., reliability tests are incomplete), limiting replicability. | The plan includes multiple test methods per requirement and some repeated measures (e.g., incremental mass tests), but explicit trial counts and repetition details are often missing or vague, limiting confidence in test quantity sufficiency. | The plan includes measurable outcomes (e.g., time, mass thresholds, ratings) and some pass/fail criteria (e.g., door forced shut), but lacks explicit thresholds or success criteria for many tests, and expected results or tolerances are often not clearly defined. | One field expert (Vanderbilt engineer Bill Rodriguez) reviewed and agreed with the testing methods, providing elaboration. However, evidence of revisions based on this feedback is limited and not clearly documented.","The testing plan demonstrates a strong effort to address key design requirements such as ease of use, latching security, x-ray compatibility, operator motion range, durability, and reliability. While many requirements are inferred from the detailed test methods, the plan effectively connects these requirements to specific tests, supporting a comprehensive evaluation of the prototype’s performance. However, some requirements, particularly reliability, are only partially addressed with incomplete test descriptions.

Testing procedures are generally well-detailed and logically sequenced, including clear instructions, tools, and measurement techniques. This supports replicability, though some procedures lack full clarity or completeness, especially in reliability testing. The quantity of testing is moderate, with multiple test methods and incremental measurements, but explicit trial counts and repetition plans are often missing, limiting confidence in the sufficiency of data collection.

The plan includes measurable outcomes and some pass/fail criteria, such as mass thresholds for latching tests and user rating scales. However, explicit success criteria, thresholds, or tolerances are often absent, reducing the rigor of evaluation logic. Field expert involvement is evident through consultation with a Vanderbilt engineer who agreed with the methods and provided feedback, though documentation of revisions based on this input is limited.

To improve, the team should explicitly define pass/fail criteria and thresholds for all tests, fully detail reliability testing procedures, specify trial counts and repetition plans, and document how expert feedback influenced test plan revisions. Enhancing these areas will strengthen the testing plan’s rigor, repeatability, and alignment with design requirements.","The testing plan attempts to address three inferred major design requirements: movement based on sunlight, programmability for time of day and sun, and battery usage. However, the plan falls short in providing meaningful or executed tests for these requirements. Only minimal testing is described for the sunlight-based movement, and even that was not conducted. The other requirements have planned tests but lack any evidence of actual testing.

Testing procedures are vague and lack sufficient detail to allow replication. Descriptions such as 'put it out in the sun' or 'we will program it' do not specify setup, tools, variables, or measurement methods. Additionally, no trial counts or repeated tests are planned, limiting the ability to evaluate the design thoroughly. The plan also lacks clear, measurable pass/fail criteria or thresholds, reducing the logic and rigor of the evaluation framework.

No involvement of field experts is documented, and no revisions based on expert feedback are evident. To improve, the student should develop detailed, replicable procedures including tools and measurement methods; define clear pass/fail criteria with measurable thresholds; plan multiple trials per test to ensure reliability; and seek expert feedback to refine the testing plan. These steps will strengthen the testing rigor and better align tests with design requirements.",0,0.8
Case009_54434.docx,,Placeholder text for scoring.,5,4,4,3,4,0,0,0,0,0,,,,,,,,,,"The testing plan addresses many major inferred requirements such as water flow consistency, durability, portability, assembly ease, and water supply reliability. Later revisions incorporate additional tests for efficiency, stability under rain, and long-term plant health. However, some requirements like portability and assembly are less thoroughly tested, and the initial plan lacks coverage of all inferred requirements. | Testing procedures include step-by-step actions and some setup details, such as using bottles instead of IV bags and manual pressure adjustments. However, procedures lack full clarity and replicability, e.g., no detailed setup for supporting the frame, vague descriptions of pressure adjustments, and incomplete measurement methods. The revised plan improves clarity but still lacks full procedural detail. | Trial counts are provided for some tests (e.g., 3 trials for water flow, 35 for durability, 3 for assembly), indicating moderate testing quantity. However, some tests have very few trials, and the overall quantity is uneven across requirements. The plan partially covers multiple requirements but does not consistently meet the preferred number of trials per test. | The plan includes pass/fail criteria, goals, and some measurable outcomes like soil moisture levels and timing water flow. However, thresholds and tolerances are often vague or missing, and some criteria are qualitative rather than quantitative. The logic connecting tests to requirements is adequate but could be more thoroughly developed with explicit success metrics. | One field expert, Mr. Butler, reviewed the testing plan and provided specific feedback that was incorporated into a revised testing plan. This shows meaningful expert involvement and revision, but only one expert is documented.","The testing plan demonstrates a solid effort to address several key design requirements, including water flow consistency, system durability, and ease of assembly. While some requirements were explicitly tested, others were inferred from the testing content, such as system stability under simulated rain and long-term plant health. This breadth of coverage is a strength, though some areas like portability and water supply reliability could benefit from more thorough testing.

Testing procedures are generally described with stepwise actions, but they lack sufficient detail for full replication. For example, the setup for supporting the system frame is incomplete, and pressure adjustment methods are vaguely described. Trial counts vary widely, with some tests having adequate repetitions and others very few, limiting the robustness of conclusions. The plan includes pass/fail criteria and goals, but measurable thresholds and tolerances are often missing or qualitative, reducing clarity in evaluation.

Field expert feedback from Mr. Butler was effectively incorporated, improving the testing plan's scope and focus. To enhance the plan, it is recommended to: 1) provide more detailed, replicable procedures including setup and measurement methods; 2) increase and standardize trial counts across all tests; 3) define explicit quantitative success criteria and thresholds; and 4) expand expert involvement or document additional feedback to strengthen validation. These improvements will increase the rigor and reliability of the testing process.","The testing plan references important design requirements related to fidget attributes and size range, inferred from expert feedback, but lacks explicit, detailed test procedures directly linked to these requirements. This limits clarity on how comprehensively the plan addresses all major design needs. Testing procedures are minimally described, with no information on setup, tools, or measurement methods, making replication unlikely. The absence of trial counts or testing quantity details further weakens the plan's robustness and ability to evaluate design performance thoroughly. The logic behind the testing plan is underdeveloped; no measurable outcomes, pass/fail criteria, or thresholds are provided, which are essential for objective evaluation. However, the involvement of two field experts who reviewed and influenced the testing plan is a notable strength, demonstrating responsiveness to stakeholder input. To improve, the student should explicitly document detailed, replicable testing procedures including tools and measurement methods; define clear, measurable evaluation criteria with thresholds or pass/fail standards; specify the number of trials planned for each test to ensure sufficient data; and clearly link each test to specific design requirements. Additionally, providing a summary of how expert feedback concretely altered the testing plan would strengthen the evidence of expert-informed revision.",4,1.8
Case010_44354.docx,,Placeholder text for scoring.,4,4,3,5,4,4,4,4,3,4,,,,,,,,,,"The testing plan addresses many major inferred requirements such as water flow consistency, durability, portability, assembly ease, and water supply reliability. Later revisions incorporate additional tests for efficiency, stability under rain, and long-term plant health. However, some requirements like durability and portability are tested with limited detail and some are only partially covered. | Testing procedures include basic setup steps and some measurement methods (e.g., timing water flow, soil moisture meter), but many procedures lack sufficient detail for full replication. For example, the initial water flow test uses a hand-held frame and bottles instead of the IV bag, and some procedures are vague or incomplete. The revised plan improves clarity but still lacks full procedural detail. | Trial counts are provided for some tests (e.g., 3 trials for water flow, 35 trials for durability, 3 trials with different users for assembly), but the quantity is inconsistent and sometimes low. The plan includes multiple tests covering several requirements, but the number of trials per test is often below the preferred seven or more, limiting robustness. | The plan includes pass/fail criteria, goals, and some measurable outcomes such as soil moisture ranges and timing water flow. However, thresholds and tolerances are often vague or missing, and some expected results are qualitative rather than quantitatively defined. The logic connecting tests to requirements is adequate but could be more thoroughly developed. | One field expert, Mr. Butler, reviewed the testing plan and provided specific feedback that was incorporated into a revised testing plan. The document clearly shows how expert suggestions led to additional tests and improved criteria, meeting the criteria for a score of 3.","The testing plan demonstrates a solid effort to address several key design requirements, including water flow consistency, system durability, portability, and ease of assembly. While some requirements are explicitly tested, others are inferred from the testing content, which is acceptable given the context. The inclusion of tests for water supply reliability and long-term plant health further strengthens the plan's coverage.

Testing procedures provide a general outline of steps and some measurement methods, but many lack sufficient detail to ensure replicability. For example, the initial water flow test uses a hand-held frame and substitute water sources, which may affect consistency. Trial counts vary widely, with some tests having very few trials and others more extensive, but overall the quantity is moderate and could be increased for robustness.

The plan includes pass/fail criteria and goals, but measurable thresholds and tolerances are often vague or missing, limiting the clarity of evaluation. The involvement of a field expert who provided actionable feedback and whose suggestions were incorporated is a notable strength. To improve, the team should increase trial counts to at least seven per major test, provide more detailed and replicable procedures including setup and measurement tools, define clear quantitative thresholds for success, and expand testing to cover all inferred requirements explicitly. Additionally, documenting unexpected outcomes and refining the stability testing setup would enhance the plan's rigor and reliability.","The testing plan references important design requirements related to fidget attributes and size range, inferred from expert feedback, but lacks explicit, detailed test procedures directly linked to these requirements. This limits clarity on how comprehensively the plan addresses all major design needs. Testing procedures are minimally described, with no details on setup, tools, or measurement methods, making replication unlikely. The absence of trial counts or testing quantity details further weakens the plan’s ability to demonstrate sufficient evaluation coverage. Logical evaluation criteria such as measurable outcomes, pass/fail thresholds, or expected result ranges are not clearly articulated, reducing the plan’s rigor and objectivity. However, the involvement of two field experts who reviewed and influenced the testing plan is a notable strength, showing responsiveness to real-world needs and improving relevance. To enhance the testing plan, the student should explicitly define test procedures with detailed steps and measurement methods, specify the number of trials per test to ensure statistical validity, and establish clear pass/fail criteria or thresholds for each requirement. Additionally, documenting how expert feedback concretely shaped revisions would strengthen the evidence of expert-informed improvement. These steps will improve the plan’s clarity, replicability, and alignment with critical design requirements.",4,1.8
Case011_22212.docx,,Placeholder text for scoring.,2,2,2,1,2,4,3,3,3,4,,,,,,,,,,"The testing plan addresses some key requirements such as motor lifting capacity, roof weight, power supply, and tray size. However, the connection between requirements and tests is partial and lacks comprehensive coverage of all major design requirements. | Testing procedures are described in a general manner without detailed steps, tools, variables, or measurement methods. The descriptions lack sufficient detail for replication. | No explicit test quantities or trial counts are provided. The plan mentions testing different motors and batteries but does not specify the number of trials or repetitions. | The plan includes some expected outcomes (e.g., motor lifting weights, roof weight limits) but lacks measurable thresholds, pass/fail criteria, or detailed evaluation logic. | There is no mention of field expert involvement or feedback influencing the testing plan.","The testing plan demonstrates an attempt to address several important design requirements, including motor lifting capacity, roof weight compatibility, power supply adequacy, and tray size compliance. These requirements were inferred from the testing content rather than explicitly stated, which is acceptable but limits clarity. While the plan touches on relevant tests, it does not comprehensively cover all major requirements, and the linkage between requirements and tests could be strengthened.

Testing procedures are described in broad terms without sufficient detail to allow replication. Key elements such as specific tools, measurement methods, variables controlled, and step-by-step actions are missing. Additionally, the plan lacks explicit information on the number of trials or repetitions, which limits confidence in the robustness of the testing. The evaluation logic is weak, with no clear pass/fail criteria, thresholds, or measurable outcomes defined, reducing the ability to objectively assess success.

No evidence of field expert involvement or feedback is present, which could have enhanced the testing plan’s rigor and relevance. To improve, the team should explicitly state all major requirements, develop detailed and replicable testing procedures, specify trial counts and repetitions, and define measurable evaluation criteria with clear thresholds. Incorporating expert feedback and documenting resulting revisions would further strengthen the plan’s credibility and effectiveness.","The submitted testing plan lacks any substantive content, making it impossible to identify or infer the project's major design requirements. Without explicit or implicit testing details, the plan does not address any requirements, which is a critical weakness. The absence of testing procedures means there is no information on how tests would be conducted, measured, or replicated, severely limiting the plan's utility and reliability.

Furthermore, no information about the quantity or scope of tests is provided, so the adequacy of testing coverage cannot be assessed. The document also lacks any logical framework or measurable criteria for evaluating test outcomes, such as pass/fail thresholds or expected results, which are essential for meaningful data collection and analysis. Additionally, there is no evidence of field expert involvement or feedback, nor any indication that expert input has influenced the testing plan.

To improve, the student should clearly define and connect major design requirements to specific, detailed test procedures. Including measurable outcomes, trial counts, and pass/fail criteria will strengthen the evaluation logic. Detailed, replicable procedures with setup, tools, and variables are necessary for reliability. Finally, engaging with qualified field experts and incorporating their feedback will enhance the plan's rigor and credibility.",1.8,0
Case012_32334.docx,,Placeholder text for scoring.,3,2,3,3,4,4,3,3,3,4,,,,,,,,,,"The testing plan addresses some major requirements such as structural strength and stability through physical mock-ups and load tests. However, not all high-priority requirements are clearly tested, and some tests are described only qualitatively without direct connection to specific requirements. | Testing procedures are described in general terms (e.g., using popsicle sticks, marbles as weights, and a hammer to simulate uneven load), but lack sufficient detail on setup, measurement methods, variables controlled, and step-by-step actions to allow replication. | The document mentions multiple frame designs and some testing iterations, but does not specify trial counts or repeated measures. The quantity of tests is limited and insufficiently documented to fully evaluate all requirements. | The plan includes some logical explanations and qualitative observations (e.g., frame tilt angle, marble counts), but lacks explicit measurable thresholds, pass/fail criteria, or detailed evaluation metrics tied to requirements. | No evidence of field expert involvement or feedback influencing the testing plan is provided.","The testing plan demonstrates a clear focus on important design requirements such as structural strength and stability, inferred from the described physical tests with popsicle stick frames and load simulations. However, the connection between these tests and the full set of high-priority requirements is only partially developed, limiting comprehensive evaluation. The procedures lack sufficient detail and clarity to enable replication; key aspects such as exact setup, measurement techniques, and controlled variables are missing or vague. While multiple frame designs were tested, the absence of explicit trial counts or repeated testing reduces confidence in the robustness of the data collected. The logic behind the testing plan includes some qualitative assessments, like the number of marbles supported and frame tilt angles, but measurable outcomes, pass/fail criteria, and thresholds are not clearly defined, which weakens the evaluation framework. Additionally, there is no indication that field experts reviewed or influenced the testing plan, missing an opportunity to strengthen the approach through expert feedback. To improve, the team should provide detailed, step-by-step testing procedures with clear measurement methods, define explicit success criteria and thresholds, document multiple trials per test, and seek and incorporate feedback from relevant field experts to enhance the plan’s rigor and credibility.","The submitted document contains only template headings and placeholders without any substantive testing plan content. As a result, no design requirements could be inferred or connected to testing procedures, leaving the plan without any meaningful alignment to project goals. The absence of detailed testing procedures means there is no information on how tests would be conducted, measured, or replicated, which is critical for validating design performance. Additionally, no information on the number or nature of planned tests is provided, so the adequacy of test quantity and coverage cannot be assessed. The document also lacks any logical framework or measurable criteria such as expected results, pass/fail thresholds, or evaluation metrics, which are essential for interpreting test outcomes and ensuring design requirements are met. Finally, there is no indication that any field experts reviewed or influenced the testing plan, and no revisions based on expert feedback are evident. To improve, the student should explicitly state and connect major design requirements to specific tests, provide detailed, replicable procedures including tools and measurements, plan sufficient trials to cover all key requirements, and define clear evaluation criteria with thresholds or goals. Incorporating and documenting feedback from qualified field experts with corresponding plan revisions would further strengthen the testing plan's rigor and credibility.",3,0
Case013_31410.docx,,Placeholder text for scoring.,3,1,4,1,0,3,2,2,2,0,,,,,,,,,,"The testing plan addresses some major requirements such as structural strength and stability through physical mock-ups and load tests. However, not all high-priority requirements are clearly tested, and some tests are described vaguely without direct connection to specific requirements. | Testing procedures are described in general terms but lack sufficient detail for replication. Key elements such as exact setup, measurement methods, variables controlled, and step-by-step sequences are missing or unclear. | The quantity of tests is limited and trial counts are not explicitly stated. While multiple frame designs were tested, the number of trials per test and overall coverage of requirements is insufficiently documented. | The plan includes some logical explanations and expected outcomes (e.g., frame tilt angle, marble counts), but lacks explicit measurable thresholds, pass/fail criteria, or detailed evaluation metrics tied to requirements. | No evidence of field expert involvement or feedback influencing the testing plan is provided.","The testing plan demonstrates an understanding of key design requirements such as structural strength, stability under uneven loads, and material efficiency, inferred from the described tests with popsicle stick frames and load simulations. However, the connection between these requirements and the testing procedures is only partially clear, limiting the plan's comprehensiveness in addressing all major design goals.

Procedural descriptions lack sufficient detail to enable replication; specifics on setup, measurement techniques, and controlled variables are missing. The testing quantity is limited, with no explicit trial counts or systematic repetition, which reduces confidence in the reliability of the results. While some logical evaluation is present, such as noting frame tilt and marble capacity, the absence of clear pass/fail criteria or measurable thresholds weakens the rigor of the plan.

No involvement of field experts is documented, which could have strengthened the testing approach and validation. To improve, the team should explicitly link each test to a specific requirement, provide detailed, stepwise procedures including measurement methods, increase the number of trials with clear counts, and define measurable success criteria. Additionally, seeking and incorporating expert feedback would enhance the plan's credibility and effectiveness.","The testing plan identifies key design requirements such as accurate soil moisture reading, real-time feedback, sustainable power, and ease of use, though the latter is not clearly tested. The plan partially addresses these requirements but lacks distinct, structured tests for each, limiting comprehensive evaluation. Testing procedures are outlined in a basic sequence but lack sufficient detail to ensure replicability. Important elements such as measurement methods, control variables, and setup specifics are missing, which could hinder consistent reproduction of results.

The quantity of testing is vaguely described with references to multiple trials on different soils, but no explicit trial counts or systematic approach are provided. This limits confidence in the robustness of the testing. The logic behind the testing plan includes expected outcomes like color-coded soil moisture indicators but lacks measurable thresholds, pass/fail criteria, or tolerances, reducing the ability to objectively evaluate success. Additionally, there is no indication of expert review or feedback influencing the testing plan.

To improve, the student should clearly define and connect each test to specific requirements, provide detailed, step-by-step procedures including measurement and control details, specify the number of trials planned for each test, and establish measurable evaluation criteria with thresholds or pass/fail standards. Incorporating feedback from field experts and documenting resulting revisions would also strengthen the plan’s rigor and credibility.",1.8,1.8
Case014_42222.pdf,,Placeholder text for scoring.,4,2,2,2,2,4,3,3,2,2,,,,,,,,,,"The testing plan addresses some major requirements such as durability, mold resistance, repairability, and ease of use. However, not all requirements are clearly or fully tested, and some tests lack explicit connection to requirements or measurable outcomes. | Testing procedures are described but often lack sufficient detail for replication. Some steps are vague (e.g., 'hit everything in a nearby vicinity'), and key details such as tools, measurement methods, and controlled variables are missing or unclear. | The plan includes some trial counts (e.g., 5 trials for mold, 6 trials for ease of use), but many tests have few trials or no clear trial counts. The quantity of tests is limited and may not be sufficient to fully evaluate all requirements. | The plan provides some pass/fail criteria and goals, but lacks clear thresholds, measurable outcomes, or detailed evaluation logic. Expected results are often vague or missing, limiting the ability to objectively assess success. | Two field experts (Brother and Dad) provided feedback, but only minimal incorporation is evident. One expert questioned the durability test relevance, but the plan was not substantially revised based on this feedback.","The testing plan demonstrates an effort to address several important design requirements, including durability, mold resistance, repairability, and ease of use. These requirements were inferred from the testing content rather than explicitly stated, which is acceptable but could be improved by clearer articulation. While the plan includes some relevant tests, the connection between requirements and testing is partial, and some tests lack measurable or objective evaluation criteria.

Testing procedures are described but often lack sufficient detail to ensure replicability. Vague instructions and missing information about tools, measurements, and controlled variables reduce clarity. The quantity of tests is limited, with some tests having few or no trial counts, which may not provide robust data to evaluate the design comprehensively.

The logic of the testing plan includes some pass/fail criteria and goals but lacks explicit thresholds or measurable outcomes, limiting objective assessment. Field expert feedback is documented but minimally incorporated, with little evidence of plan revision based on expert input.

To improve, the student should: 1) explicitly state and align all high-priority requirements with corresponding tests; 2) provide detailed, step-by-step procedures including tools and measurement methods; 3) increase the number of trials and clearly document them; and 4) define measurable success criteria with thresholds and expected results. Additionally, actively incorporating expert feedback to refine the testing plan would strengthen its rigor and relevance.","The testing plan effectively identifies and addresses several key design requirements, including fire detection, suppression, structural integrity, and furniture stability. These requirements are inferred from the testing content and are linked to specific test procedures, demonstrating a solid understanding of project priorities. However, some requirements, particularly the fire suppression system's effectiveness, are only partially tested, limiting comprehensive coverage.

Testing procedures are described with moderate detail, outlining steps and some trial counts. Yet, the lack of precise measurements, controlled variables, and detailed setup instructions reduces replicability. The quantity of tests is somewhat adequate, with multiple trials for certain components, but inconsistent trial counts and limited coverage for some requirements suggest room for improvement.

The logic behind the testing plan includes qualitative pass/fail criteria and goals but lacks explicit measurable thresholds or tolerances, which weakens the evaluation framework. Field expert feedback from Dr. Milke is documented but was received post-project and not incorporated, missing an opportunity to enhance the testing plan.

To improve, the team should define clear, quantitative success criteria and thresholds for each test, increase the number and consistency of trials, and provide more detailed, replicable procedures including measurement methods. Incorporating expert feedback earlier and revising the plan accordingly would strengthen the testing rigor and relevance. Additionally, explicitly linking each test outcome back to specific requirements would clarify evaluation logic.",2.4,2.8
Case015_42122.pdf,,Placeholder text for scoring.,4,2,1,2,2,4,3,3,2,2,,,,,,,,,,"The testing plan addresses many major inferred requirements including durability, mold resistance, repairability, and ease of use. Each requirement is linked to specific test procedures, though some tests lack detailed connection to measurable outcomes. | Testing procedures are described with some detail, including steps and trial counts, but lack full clarity and replicability. For example, the durability test uses vague instructions like 'hit everything' without specifying tools or controlled conditions. | The plan includes multiple trials for some tests (e.g., 5 trials for mold, 6 trials for ease of use), but trial counts are missing or minimal for others (e.g., durability and repairability). Overall, testing quantity is adequate to evaluate some but not all requirements fully. | The plan provides pass/fail criteria and goals for each test, but lacks detailed measurable thresholds or quantitative expected results. Some criteria are qualitative and subjective, limiting the logic and rigor of evaluation. | Two field experts (Brother and Dad) are mentioned with feedback documented. However, only minimal evidence of incorporation is shown, mainly a comment questioning the durability test relevance and a vague approval, limiting the score.","The testing plan demonstrates a clear effort to address several key design requirements such as durability, mold resistance, repairability, and ease of use. These requirements were inferred from the testing content and are generally linked to specific test procedures, which is a strength. However, some tests lack detailed connection to measurable outcomes, which weakens the overall rigor.

Testing procedures include step-by-step instructions and trial counts for some tests, but many procedures are vague or incomplete, reducing replicability. For example, the durability test lacks controlled conditions and specific measurement tools, making it difficult for others to replicate or objectively assess results. The quantity of tests is moderate, with some tests having multiple trials, but others have minimal or no trial counts, limiting comprehensive evaluation.

The logic of the plan includes pass/fail criteria and goals, but these are mostly qualitative and lack explicit thresholds or measurable expected results. This limits the ability to objectively determine success or failure. Field expert feedback is documented from two individuals, but incorporation of their suggestions is minimal, reducing the impact of expert review.

To improve, the student should: 1) define clearer, measurable success criteria with quantitative thresholds; 2) provide more detailed, controlled, and replicable testing procedures; 3) increase the number of trials for all tests to ensure reliability; and 4) explicitly incorporate and document revisions based on expert feedback to strengthen the testing plan's validity.","The testing plan effectively addresses several key design requirements, including fire detection, suppression, structural integrity, and furniture stability. These requirements were inferred from the testing content and are linked to specific test procedures, demonstrating a solid understanding of the project goals. However, some requirements, such as the adequacy of the suppression system's water volume, are only partially tested or noted without direct evaluation.

Testing procedures are described with moderate detail, including step sequences and some trial counts, but lack sufficient clarity and replicability. For instance, the fire detection test does not specify exact distances or timing, and the suppression system test omits measurement tools and controlled variables. The quantity of tests is somewhat adequate, with multiple trials for certain tests, but overall coverage and trial consistency are limited.

The logic of the testing plan includes qualitative pass/fail criteria and goals but lacks explicit measurable thresholds or quantitative success criteria, reducing evaluation rigor. Field expert feedback was obtained but only after project completion and was not incorporated into the testing plan, limiting its impact.

To improve, the team should: 1) define precise, measurable success criteria and thresholds for each test; 2) enhance procedural detail to ensure replicability, including specifying tools, distances, and timing; 3) increase and standardize trial counts across all tests; and 4) actively incorporate expert feedback into iterative testing plan revisions to strengthen design validation.",2.2,2.8
Case016_22120.docx,,Placeholder text for scoring.,2,2,1,2,0,4,3,3,3,2,,,,,,,,,,"The testing plan addresses many major inferred requirements such as damage to concrete, heat generation effects, stability under concrete, and weather durability. Multiple distinct tests correspond to these requirements, though some requirements like corrosion and reinforcement assessment are less explicitly connected. | Testing procedures include some detail on setup, test cases, and trial counts, but lack full clarity and completeness. Descriptions of variables, tools, and exact measurement methods are partially vague or missing, limiting replicability. | Trial counts are provided (e.g., 10 trials per rotation axis, 30 daily salt and ice applications), indicating moderate testing quantity. However, some tests lack explicit trial numbers or detailed repetition plans, limiting full coverage. | The plan includes pass/fail criteria and goals, such as melting ice and no prototype damage, but measurable thresholds and tolerances are inconsistently defined. Expected results are described but often lack precise quantitative ranges or error margins. | The document shows evidence of one field expert's feedback incorporated into a revised testing plan, demonstrating some expert influence. However, involvement of multiple experts or detailed feedback incorporation is not evident.","The testing plan demonstrates a solid effort to address several key design requirements, including preventing damage to concrete, ensuring prototype stability, and assessing durability under weather conditions. While these requirements are mostly inferred from the testing content rather than explicitly stated, the plan connects them to distinct test procedures, supporting a good level of requirement coverage.

Testing procedures provide some useful details such as trial counts and test cases, but they lack comprehensive clarity and replicability. Important elements like specific measurement tools, controlled variables, and step-by-step sequences are only partially described, which may hinder consistent reproduction of the tests. The quantity of testing is moderate, with multiple trials planned for some tests, but other tests lack explicit repetition details.

The logic of the plan includes pass/fail criteria and goals, yet measurable thresholds and tolerances are inconsistently defined, limiting the precision of evaluation. The involvement of one field expert is documented with revisions made accordingly, but broader expert feedback and its impact could be strengthened.

To improve, the student should explicitly state all major design requirements, enhance procedural detail to ensure replicability, define clear quantitative success criteria with tolerances, and seek feedback from multiple field experts with documented incorporation of their suggestions.","The submitted document does not provide any actual testing plan or data collection details. It consists solely of template instructions and guidance on how to create a testing plan, without any specific design requirements or tests described. Consequently, no requirements could be inferred or linked to testing procedures, resulting in no evidence of addressing project needs.

Testing procedures are entirely absent, so there is no information on setup, tools, variables, or measurement methods. This lack of detail makes replication impossible. Additionally, no test quantities, trial counts, or coverage of requirements are planned or mentioned, which means the testing scope is undefined and insufficient.

The document also lacks any logical framework for evaluating test outcomes, such as expected results, pass/fail criteria, or thresholds. Furthermore, there is no indication of field expert involvement or feedback, nor any revisions based on expert input.

To improve, the student should explicitly list major design requirements and develop detailed, replicable test procedures for each. Including measurable evaluation criteria and specifying trial counts will strengthen the plan. Incorporating feedback from qualified field experts and documenting revisions will enhance credibility and rigor. Adding diagrams or photos could also improve clarity and replicability.",1.4,0
Case017_30110.pdf,,Placeholder text for scoring.,3,0,1,1,0,4,3,2,2,0,,,,,,,,,,"The document lists major design priorities and requirements but provides no actual testing plan or procedures that address these requirements. | No testing procedures, methods, or steps are described, so there is no information to evaluate for detail, clarity, or replicability. | No tests or trial quantities are planned or described, so testing quantity cannot be evaluated. | No explanation, logic, measurable outcomes, thresholds, or pass/fail criteria are provided for any testing plan. | No mention or evidence of field expert involvement or feedback is present.","The document clearly identifies several important design requirements such as safety, user-friendliness, precision, repeatability, inexpensiveness, and accuracy. However, it lacks any actual testing plan or procedures that would demonstrate how these requirements will be evaluated. Without explicit test methods linked to these priorities, the plan does not provide evidence of addressing the requirements through testing.

Additionally, there are no detailed or replicable testing procedures described. The absence of information on setup, tools, measurements, or sequence of actions means the tests cannot be replicated or assessed for effectiveness. The document also does not specify any number of trials or testing quantity, which is critical for evaluating the design thoroughly.

The testing plan lacks any logical framework, measurable outcomes, pass/fail criteria, or thresholds that would allow objective evaluation of the device’s performance. Furthermore, there is no indication that field experts have reviewed or influenced the testing plan, which could have strengthened its rigor and relevance.

To improve, the student should develop detailed, step-by-step testing procedures linked directly to each major requirement, including clear measurement methods and expected outcomes. They should plan multiple trials per test to ensure reliability and include pass/fail criteria or thresholds for success. Incorporating feedback from relevant field experts and documenting how this feedback shaped the testing plan would also enhance the plan’s credibility and effectiveness.","The testing plan demonstrates a solid effort to address key design requirements such as strength, ergonomics, and adjustability, which were inferred from the detailed test descriptions. However, some important requirements like durability and aesthetics are mentioned without clear testing procedures, which weakens the overall coverage. The procedures provide a general overview of the testing approach, including participant involvement and data types, but lack sufficient detail to ensure replicability. Critical information such as specific tools, measurement methods, and step-by-step instructions are absent.

The quantity of testing is limited by the absence of explicit trial counts or repetition plans, which makes it difficult to assess whether the tests will be sufficient to validate the design thoroughly. While the plan includes measurable outcomes like comfort ratings and load measurements, it does not define pass/fail criteria or thresholds, reducing the clarity and logic of the evaluation framework. Additionally, although expert reviews are mentioned, no specific experts or feedback incorporation are documented, missing an opportunity to strengthen the plan.

To improve, the team should specify detailed testing procedures with clear steps and tools, define explicit trial counts and repetitions, establish measurable success criteria with thresholds, and document expert involvement with evidence of revisions. These enhancements will increase the rigor, repeatability, and credibility of the testing plan.",1,2.2
Case018_43334.docx,,Placeholder text for scoring.,4,3,3,3,4,4,3,3,3,4,,,,,,,,,,"The testing plan addresses many major inferred requirements with specific tests for thruster response time, buoyancy force, controller delay, and tether drag. However, some requirements like float-release retention and float-to-surface tracking are only mentioned as future tests, not currently tested. | Procedures mention test targets, trial counts, and data collection methods but lack detailed descriptions of setup, tools, measurement methods, variables controlled, and step-by-step actions, limiting replicability. | Five trials per test are reported, which is moderate but below the preferred seven or more. Four distinct tests cover several requirements, but future tests are not yet planned or quantified, limiting overall test quantity. | Some measurable targets and thresholds are provided (e.g., <200ms, +0.25N), and data outcomes are briefly summarized. However, pass/fail criteria, tolerances, and detailed evaluation logic are not fully developed or explicitly connected to requirements. | No mention or evidence of field expert involvement or feedback is provided.","The testing plan demonstrates a solid effort to address several key design requirements, including thruster response time, buoyancy force at different depths, controller input delay, and tether drag force. These requirements were logically inferred from the tests described, showing a clear focus on performance metrics critical to the project. However, some important tests such as float-release retention and float-to-surface tracking remain future work and are not yet integrated into the current testing plan.

While the plan includes specific targets and trial counts, the testing procedures lack sufficient detail to ensure replicability. Essential information such as the exact setup, measurement tools, controlled variables, and stepwise procedures are missing, which could hinder others from reproducing the tests accurately. The quantity of tests is moderate, with five trials per test, but increasing the number of trials and expanding coverage to all major requirements would strengthen the evaluation.

The plan includes some measurable outcomes and thresholds, but it would benefit from clearer pass/fail criteria and more explicit connections between test results and design requirements. Additionally, no evidence of expert review or feedback is present, which could provide valuable insights and improvements. To enhance the testing plan, the student should provide detailed procedural steps, increase trial counts, define explicit success criteria, and seek expert input to refine and validate the approach.","The submitted document contains only template headings and placeholders without any substantive content related to prototype testing or data collection. As a result, no design requirements could be inferred or connected to testing plans, which is a critical weakness in addressing the project’s high-priority requirements. Without explicit or implied testing content, it is impossible to assess how well the plan covers the necessary design criteria.

Furthermore, the absence of detailed testing procedures means there is no information on how tests would be conducted, what tools or measurements would be used, or how replicability would be ensured. The lack of any planned test quantities or trial counts also prevents evaluation of whether the testing scope is sufficient to validate the design. Additionally, no logical framework, measurable outcomes, or pass/fail criteria are provided to support meaningful evaluation of test results.

No evidence of field expert involvement or feedback is present, which limits the opportunity for expert-informed improvements. To improve, the student should explicitly state and connect design requirements to specific tests, provide detailed, replicable procedures including tools and measurements, plan sufficient trials with clear evaluation criteria, and seek and document expert feedback with revisions based on that input.",3.4,0
Case019_54544.docx,,Placeholder text for scoring.,5,4,5,4,4,4,3,3,3,4,,,,,,,,,,"The testing plan addresses many major inferred requirements with specific tests for thruster response time, buoyancy force, controller delay, and tether drag. However, some important requirements like float-release retention and float-to-surface tracking are only mentioned as future tests, not currently tested. | Testing procedures are briefly described but lack sufficient detail for replication. There is no description of setup, tools, measurement methods, or sequence of actions. Statements like 'charting and photographing' are vague and do not provide enough procedural clarity. | Five trials per test are explicitly stated, which is moderate but below the preferred seven or more. Four distinct tests cover several requirements, but future tests are not yet planned or quantified, limiting overall test quantity. | Some measurable targets and thresholds are provided (e.g., thruster <200ms, buoyancy +0.25N), supporting partial logic. However, pass/fail criteria, tolerances, or detailed evaluation frameworks are missing, and future tests lack measurable goals. | No evidence of field expert involvement or feedback is provided in the document.","The testing plan demonstrates a solid effort to address several key design requirements, including thruster response time, buoyancy force at different depths, controller input delay, and tether drag force. These requirements were inferred from the tests described, showing a reasonable alignment between testing and design goals. However, some important aspects such as float-release retention and float-to-surface tracking are only mentioned as future tests without current implementation.

While the plan includes explicit trial counts and some measurable targets, the testing procedures lack sufficient detail to ensure replicability. Critical information about test setup, tools, measurement techniques, and step-by-step actions is missing, which limits the ability of others to reproduce the tests reliably. The quantity of tests is moderate, with five trials per test, but falls short of the preferred number of trials for robust evaluation. The logic behind the testing plan is partially developed, with some thresholds and targets stated, but lacks comprehensive pass/fail criteria and detailed evaluation frameworks.

No involvement of field experts is evident, which could have strengthened the testing plan through informed feedback and revisions. To improve, the student should provide detailed, replicable procedures including setup and measurement methods; increase the number of trials to enhance statistical confidence; define clear pass/fail criteria and tolerances for all tests; and seek expert review to refine and validate the testing approach.","The submitted document contains only template headings and placeholders without any substantive testing plan content. As a result, no design requirements could be inferred or connected to testing procedures, leaving the plan without any meaningful alignment to project goals. The absence of detailed testing procedures means there is no information on how tests would be conducted, measured, or replicated, which is critical for evaluating prototype performance. Additionally, no information on the number or nature of planned tests is provided, so the adequacy of test quantity and coverage cannot be assessed. The document also lacks any logical framework for evaluating test outcomes, such as expected results, pass/fail criteria, or measurable thresholds, which are essential for objective assessment. Furthermore, there is no evidence of field expert involvement or feedback, nor any revisions based on such input, which limits the plan’s credibility and potential for improvement. To enhance the testing plan, the student should explicitly state and connect major design requirements to specific tests, provide detailed, replicable procedures including tools and measurements, plan sufficient trials to cover all key requirements, and define clear evaluation criteria with measurable outcomes. Incorporating and documenting feedback from qualified field experts with corresponding plan revisions would further strengthen the testing approach.",4.4,0
Case020_54353.pdf,,Placeholder text for scoring.,5,4,3,5,3,4,3,2,2,0,,,,,,,,,,"The testing plan addresses many major inferred requirements such as weight load capacity, storage space, outlet accessibility, coffee station dimensions, and concealed storage. Each requirement is linked to specific measurement or comparison tests. However, some requirements like weight load capacity are only mentioned as estimates from suppliers without explicit testing procedures. | Testing procedures include measurement steps and comparisons but lack detailed descriptions of tools, setup, variables, or exact sequences. Some steps are vague (e.g., 'compare the current design') and do not fully enable replication. The plan is partially clear but incomplete for full replicability. | The plan outlines tests for multiple requirements but does not specify trial counts or repeated measurements. The quantity of tests is limited and lacks detail on multiple trials or data collection frequency, capping the score. | The plan includes some logical connections between measurements and design adjustments but lacks explicit measurable outcomes, pass/fail criteria, thresholds, or tolerances. Expected results are implied but not clearly defined, limiting evaluation rigor. | One expert, Ms. Z, reviewed the testing plan and provided feedback that was incorporated, including adding tests and reorganizing the plan. This meets the criteria for one expert with incorporated feedback.","The testing plan demonstrates a solid effort to address several key design requirements, including weight load capacity, storage space, outlet accessibility, coffee station dimensions, and concealed storage. These requirements were inferred from the testing content and are generally connected to specific measurement or comparison activities, which strengthens the plan's relevance. However, the plan falls short of fully testing all major requirements, particularly in the explicit testing of weight load capacity.

While the procedures outline basic measurement steps, they lack sufficient detail to ensure replicability. Important elements such as specific tools, setup conditions, variables, and detailed sequences are missing or vague, which could hinder consistent execution by others. Additionally, the plan does not specify the number of trials or repetitions, limiting confidence in the robustness of the data collected. The logic behind the testing is partially developed, with some connections between measurements and design adjustments, but it lacks clear measurable outcomes, pass/fail criteria, or thresholds to evaluate success.

The involvement of a field expert, Ms. Z, who provided actionable feedback and improvements, is a notable strength. To improve, the team should: 1) provide detailed, step-by-step testing procedures including tools and variables; 2) specify trial counts and repetition to ensure sufficient data; 3) define measurable success criteria and thresholds for each test; and 4) explicitly test all major requirements, including weight load capacity, with clear data collection methods. These enhancements will increase the rigor, clarity, and effectiveness of the testing plan.","The testing plan effectively identifies and addresses several key design requirements, including the guillotine door’s smooth operation, friction levels, and the box connection system’s strength and adjustability. These requirements are mostly inferred from the testing content rather than explicitly stated, which is acceptable given the clear connection between tests and functional goals. However, some important aspects such as long-term durability are acknowledged but not tested, limiting comprehensive coverage.

Testing procedures provide a general overview of methods like sliding the door and applying forces to connection points, but lack sufficient detail for full replicability. Specifics on measurement tools, exact test setups, and trial protocols are missing, reducing clarity and repeatability. The quantity of tests is limited, with no explicit trial counts or systematic repetition, which constrains the ability to robustly evaluate performance across all requirements.

The logic behind the testing plan includes some modeling and threshold setting, but pass/fail criteria and measurable success thresholds are mostly absent or arbitrary. This weakens the evaluation framework. Expert feedback is minimally integrated, with only a single suggestion mentioned but not clearly incorporated into the plan.

To improve, the team should explicitly state all major requirements and link each to specific tests, increase procedural detail to enable replication, define clear measurable success criteria and thresholds, and document multiple trials with quantitative data collection. Additionally, actively incorporating and documenting expert feedback would strengthen the plan’s rigor and credibility.",4,2.4
Case021_34320.pdf,,Placeholder text for scoring.,3,4,3,2,0,5,3,3,3,3,,,,,,,,,,"The testing plan addresses many major inferred requirements such as outlet accessibility, storage space, concealed storage, and coffee station dimensions. Weight load capacity is mentioned but lacks explicit testing steps. Most requirements have associated test procedures, supporting a strong but not complete coverage. | Testing procedures include measurement steps and comparisons but lack detailed descriptions of tools, setup, variables, or exact sequences. Some steps are vague (e.g., 'compare current design') and lack replicability details. The plan is generally adequate but incomplete for full replication. | The plan outlines several distinct tests but does not specify trial counts or repeated measurements. The quantity of tests is limited and lacks explicit multiple trials, which caps the score despite covering multiple requirements. | The plan includes some logical connections between measurements and design adjustments but lacks explicit measurable outcomes, pass/fail criteria, thresholds, or tolerances. Expected results are implied but not clearly defined, limiting evaluation rigor. | One expert, Ms. Z, reviewed the plan and provided feedback that was incorporated, such as adding tests for concealed storage and improving clarity. This meets the criteria for one expert with incorporated feedback.","The testing plan effectively addresses several key design requirements, including outlet accessibility, storage space, concealed storage, and coffee station dimensions, though weight load capacity testing is only mentioned without detailed procedures. This shows a good understanding of priority requirements but leaves some gaps in coverage.

Procedures are generally outlined with measurement and comparison steps, but they lack sufficient detail to ensure replicability. Important elements such as specific tools, setup conditions, and exact sequences are missing or vague. Additionally, the plan does not specify the number of trials or repetitions, limiting confidence in the robustness of the testing quantity.

The logic behind the testing plan is partially developed; while there is a clear intent to use measurements to inform design adjustments, the absence of explicit pass/fail criteria, thresholds, or measurable outcomes weakens the evaluation framework. The involvement of a field expert who provided actionable feedback and prompted improvements is a strength, demonstrating responsiveness to expert guidance.

To improve, the team should: 1) define clear, measurable success criteria and thresholds for each test; 2) provide detailed, step-by-step procedures including tools and variables to enhance replicability; 3) plan multiple trials per test to ensure reliability; and 4) explicitly document how expert feedback led to specific revisions. These steps will strengthen the rigor and clarity of the testing plan.","This testing plan demonstrates a strong alignment with the project’s major design requirements, covering durability, removability, battery performance, compactness, push-only functionality, clamp reliability, and motorization feasibility. The inclusion of specific tests for each requirement shows thoughtful consideration of the design goals, although some requirements were inferred rather than explicitly stated.

Procedures are generally well described, including test types and data collection methods, which supports replicability. However, some procedural details such as exact equipment, environmental conditions, and step-by-step sequences are missing, which could hinder precise replication. The plan includes some trial counts, notably for user testing, but most tests lack explicit repetition or sample size information, limiting confidence in the robustness of the data.

The logic behind the testing plan is partially developed, with measurable outcomes and some success criteria provided. Yet, many tests do not specify clear pass/fail thresholds or expected result ranges, which weakens the evaluation framework. Expert involvement is evident through multiple disciplines, but the document does not clearly show how their feedback influenced revisions to the plan.

To improve, the plan should explicitly state trial counts and repetition for all tests, detail testing procedures with clear steps and equipment, define measurable pass/fail criteria for each requirement, and document how expert feedback shaped the testing approach. These enhancements would strengthen the rigor, repeatability, and evaluative clarity of the testing plan.",2.4,3.6
Case022_32331.pdf,,Placeholder text for scoring.,3,2,3,3,1,4,3,3,2,2,,,,,,,,,,"The testing plan clearly addresses all major inferred requirements: durability, sturdiness, and stability. Each requirement is linked to specific test procedures and measurable outcomes. | Testing procedures are generally detailed and logical, including setup, sequence, and observations. Some minor ambiguities remain, such as exact measurement tools or environmental controls, but overall replicability is strong. | The plan includes multiple trials per test case (e.g., 10 trials per book type and angle), covering all major requirements with sufficient quantity to evaluate performance reliably. | The plan provides pass/fail criteria, goals, and expected result ranges tied to requirements. While thresholds and tolerances are implied, explicit numeric thresholds could improve clarity. | Three named field experts provided feedback that was clearly incorporated into the revised testing plan, improving realism and coverage of real-world use cases.","The testing plan effectively addresses the key design requirements of durability, sturdiness, and stability, which were logically inferred from the detailed test cases. Each requirement is connected to specific, measurable tests, ensuring comprehensive coverage. The inclusion of multiple book types, weights, and angle adjustments demonstrates a thorough approach to requirement validation.

Testing procedures are well-structured and mostly detailed, allowing for replication. The sequence of actions, trial counts, and observations are clearly described, though specifying measurement tools and environmental conditions would enhance clarity. The quantity of tests is robust, with multiple trials per condition, supporting reliable evaluation of the design’s performance.

The plan includes logical evaluation criteria with pass/fail thresholds and goals, though explicit numeric thresholds for acceptable shifts or wear would strengthen the logic. The involvement of three field experts is a significant strength; their feedback is clearly integrated, improving the plan’s relevance and realism. To improve, the team should specify measurement instruments, define precise numeric thresholds for pass/fail criteria, clarify environmental controls during testing, and document how data will be recorded and analyzed to enhance repeatability and rigor.","The testing plan demonstrates an effort to address several important design requirements, including prototype integrity, mass, particle collection, movement, durability, and control intuitiveness. However, many requirements are only partially tested or lack explicit connection to detailed test methods, which limits the overall completeness of the plan. Procedures provide some useful details such as trial counts and basic steps, but many lack sufficient clarity and specificity to ensure replicability by others. For example, the movement and collection tests describe timing and actions vaguely, and measurement tools or variables are not consistently defined.

The quantity of testing is limited, with some tests having adequate trial numbers but others missing explicit counts or having minimal attempts. Pass/fail criteria and goals are present but often lack measurable thresholds or tolerances, relying instead on subjective observations. This weakens the logical framework needed to rigorously evaluate design success. Field expert involvement is minimal, with only one expert mentioned and no clear evidence that feedback led to revisions in the testing plan.

To improve, the team should clearly define all high-priority requirements and ensure each is directly linked to specific, measurable tests. Testing procedures should be expanded with detailed setup, tools, variables, and step-by-step instructions to enable replication. Increasing the number of trials and explicitly stating them will strengthen test reliability. Finally, incorporating measurable pass/fail criteria with defined thresholds and documenting expert feedback revisions will enhance the plan’s rigor and credibility.",2.4,2.4
Case023_34342.pdf,,Placeholder text for scoring.,3,4,3,4,2,3,3,2,2,2,,,,,,,,,,"The testing plan clearly addresses all major inferred requirements: durability, sturdiness, and stability. Each requirement is linked to specific test procedures and measurable outcomes. | Testing procedures are generally detailed and logical, including setup, sequence, and observations. Some minor clarity issues exist, such as exact measurement tools or environmental controls, but overall replicability is strong. | The plan includes multiple trials per test case (e.g., 10 trials per book type and angle), covering all major requirements with sufficient quantity to evaluate performance. | The plan provides pass/fail criteria, goals, and expected result ranges tied to requirements. However, some thresholds (e.g., exact allowable shift or wear limits) are not numerically defined, limiting full measurability. | Three named field experts provided specific feedback that was clearly incorporated into the revised testing plan, demonstrating meaningful expert involvement.","The testing plan effectively addresses the key design requirements of durability, sturdiness, and stability, which were logically inferred from the testing content. Each requirement is connected to distinct, relevant tests, ensuring comprehensive coverage. The inclusion of multiple book types, angle adjustments, and repeated trials reflects a thorough approach to evaluating the prototype under realistic conditions.

Testing procedures are generally well-detailed and replicable, describing setup, sequence, and observations clearly. While the plan could improve by specifying measurement tools and environmental controls, it provides sufficient information for another person to replicate the tests. The quantity of tests is robust, with multiple trials per condition, supporting reliable evaluation of performance across all major requirements.

The plan includes pass/fail criteria and goals that link outcomes to requirements, though some thresholds lack precise numerical definitions, which would strengthen the evaluation framework. Notably, the involvement of three field experts is well documented, and their feedback has been incorporated to refine the testing plan, enhancing its relevance and rigor.

To improve, the plan should define exact measurement methods and quantitative thresholds for pass/fail decisions, clarify environmental or setup controls, and include more detailed documentation of data collection methods. Additionally, explicitly linking each test outcome to specific requirement metrics would enhance clarity and rigor.","The testing plan demonstrates a solid effort to address several key design requirements, including prototype integrity, mass, particle collection, movement, durability, and control intuitiveness. These requirements were inferred from the testing content, showing a reasonable alignment between design goals and evaluation methods. However, some requirements, such as control testing, are less fully developed and lack detailed test procedures.

Testing procedures provide a general outline of steps and trial counts but often lack sufficient detail for full replicability. Important elements like precise measurement methods, control of variables, and detailed setup descriptions are missing or vague in several tests. While some tests specify multiple trials, others do not clearly define trial numbers or repeatability, limiting the robustness of the testing quantity.

The plan includes pass/fail criteria and goals, but measurable thresholds and expected result ranges are frequently incomplete or imprecise. This weakens the logical framework needed to rigorously evaluate design success. Field expert involvement is minimal, with only one expert providing feedback that resulted in a minor prioritization change rather than substantive revisions to the testing plan.

To improve, the team should: 1) enhance procedural detail to ensure replicability, including precise measurement techniques and control of variables; 2) define clear, quantitative pass/fail thresholds and expected result ranges for all tests; 3) increase the number of trials and document them explicitly for all requirements; and 4) actively incorporate and document feedback from multiple field experts to strengthen the testing plan’s validity and relevance.",3.2,2.8
Case024_11100.pdf,,Placeholder text for scoring.,1,1,1,0,0,3,2,1,2,0,,,,,,,,,,"The testing plan addresses many major inferred requirements such as workspace adequacy, aesthetics, stability, durability, and material affordability. Each requirement is linked to a corresponding test, though some requirements like material affordability are only mentioned without detailed testing procedures. | Testing procedures include some setup descriptions and expected outcomes, but many details are incomplete or vague (e.g., durability test setup is cut off, no tools or measurement methods specified). Procedures lack full clarity and replicability. | The plan includes multiple tests covering most major requirements with stated intent to perform at least 10 trials per test. This quantity is sufficient to evaluate most requirements, though some test conditions and trial details are not fully elaborated. | The plan provides some expected results, minimum goals, and general logic connecting tests to requirements. However, measurable thresholds, pass/fail criteria, and detailed evaluation metrics are often missing or incomplete, limiting the strength of the logic. | Three named field experts provided feedback that was incorporated into the testing plan and prototype design, including specific suggestions such as adding adjustable caps for stability. Evidence of expert-informed revisions is clear.","The testing plan effectively addresses many key design requirements, including workspace adequacy, aesthetics, stability, and durability, inferred from the testing content. The linkage between requirements and tests is generally clear, though some requirements like material affordability lack detailed testing methods. Testing procedures provide a basic framework with setups and expected outcomes, but many lack sufficient detail for full replication. For example, the durability test setup is incomplete, and measurement methods are not specified, which could hinder consistent execution.

The plan proposes a reasonable quantity of tests, with at least 10 trials per test area, supporting robust data collection across most requirements. However, the logic behind the evaluation criteria is only partially developed; measurable thresholds and pass/fail criteria are often vague or missing, limiting the ability to objectively assess success. The involvement of three field experts is a strong aspect, with clear evidence that their feedback influenced both the testing plan and prototype improvements, enhancing the plan’s credibility.

To improve, the team should fully detail all test procedures including tools, variables, and measurement methods to ensure replicability. They should define explicit pass/fail criteria and measurable thresholds for each test to strengthen evaluation logic. Expanding testing on material affordability with concrete methods would better address that requirement. Finally, documenting how expert feedback directly revised the testing plan would further demonstrate expert-informed development.","The testing plan identifies and attempts to address key design requirements such as medication capacity, notification display, and mechanical fit, which are appropriately inferred from the testing content. However, the plan only partially tests these requirements, lacking comprehensive and distinct tests for each. The procedures described are vague and lack sufficient detail to allow replication; critical elements such as specific tools, measurement methods, and step-by-step actions are missing. This limits the clarity and effectiveness of the testing approach. Additionally, the plan does not specify the number of trials or repetitions, resulting in minimal testing quantity that is unlikely to provide robust evaluation of the design. The logic behind the testing is somewhat present but incomplete, as measurable outcomes, pass/fail criteria, and thresholds are not defined, making it difficult to objectively assess whether the design meets requirements. Furthermore, there is no indication that field experts reviewed or influenced the testing plan, which could have strengthened its rigor and relevance. To improve, the team should develop detailed, replicable procedures including setup and measurement methods; define clear pass/fail criteria and thresholds; plan multiple trials per test to ensure reliability; and seek expert feedback to refine and validate the testing approach.",0.6,1.6
Case025_30010.pdf,,Placeholder text for scoring.,3,0,0,1,0,3,2,1,2,0,,,,,,,,,,"The testing plan addresses many major inferred requirements such as workspace adequacy, aesthetics, stability, durability, and material affordability. Each requirement is linked to a specific test, though some requirements like material affordability are only mentioned without detailed testing procedures. | Testing procedures include some setup details and expected outcomes, but several are incomplete or vague (e.g., durability test setup is cut off, and some minimum goals are missing). The procedures lack full detail on tools, measurements, and exact sequences, limiting replicability. | The plan includes multiple tests covering most major requirements with at least 10 trials each, which is sufficient quantity. However, the description of varying conditions is general and lacks specifics, and some tests lack clarity on trial execution. | The plan provides some expected results and goals, such as weight tolerance and number of concerns in aesthetics, but many minimum goals and pass/fail criteria are missing or incomplete. The logic is partially developed but lacks measurable thresholds and detailed evaluation criteria. | Three named field experts provided feedback that was incorporated into the testing plan and prototype improvements, including specific suggestions like adjustable caps for stability. The document clearly shows expert influence on testing and design.","The testing plan effectively addresses many key design requirements, including workspace adequacy, aesthetics, stability, and durability, inferred from the testing content. This comprehensive coverage supports a strong foundation for evaluating the prototype’s performance. However, some requirements, such as material affordability, are mentioned but lack detailed testing procedures, which limits full coverage.

Testing procedures provide a general framework with some setup and expected outcomes, but several are incomplete or vague, reducing clarity and replicability. For example, the durability test setup is truncated, and minimum goals are often missing. The plan benefits from a sufficient number of trials (at least 10 per test) and attempts to vary conditions, though specifics on these variations are lacking.

The logic behind the testing plan includes some measurable outcomes and goals, but many pass/fail criteria and thresholds are absent or incomplete, limiting the ability to rigorously evaluate success. The involvement of three field experts is a notable strength, with clear evidence that their feedback influenced testing methods and design improvements.

To improve, the team should fully detail all test procedures to ensure replicability, explicitly define measurable success criteria and thresholds for each test, clarify how different test conditions will be implemented, and expand testing related to material affordability. Additionally, documenting how expert feedback directly revised the testing plan would strengthen the connection between expert input and testing rigor.","The testing plan identifies and attempts to address three key design requirements: ensuring the container size fits the medication, verifying the notification display functions correctly, and confirming the mechanics fit inside the box. These requirements are inferred from the testing content rather than explicitly stated, which is acceptable but limits clarity. While the plan touches on relevant tests, the connection between requirements and test methods is only partially developed, reducing the overall rigor.

Testing procedures lack sufficient detail and clarity to be replicable. The steps described are minimal and do not specify tools, measurement techniques, or controlled variables. Additionally, the plan does not specify the number of trials or repetitions, which is critical for assessing reliability and robustness. The logic behind the testing is somewhat present but lacks measurable outcomes, pass/fail criteria, or thresholds, making it difficult to evaluate success objectively.

No involvement of field experts is documented, and no revisions based on expert feedback are evident. To improve, the team should provide detailed, step-by-step testing procedures including tools and measurement methods, define clear pass/fail criteria with measurable thresholds, plan multiple trials for each test to ensure reliability, and seek expert feedback to refine the testing plan. Explicitly linking each test to a specific requirement will also strengthen the plan’s coherence and effectiveness.",0.8,1.6
Case026_20310.pdf,,Placeholder text for scoring.,2,0,3,1,0,3,2,1,2,0,,,,,,,,,,"The testing plan addresses all major inferred requirements with specific tests linked to each. However, the affordability test lacks a concrete testing method, reducing completeness. | Testing procedures include some setup details and expected results, but several lack sufficient detail for full replication (e.g., affordability test has no test procedure, portability test focuses on packaging rather than direct testing). | The plan specifies at least 3 trials with 2 measurements each for tests, which is moderate but below the preferred 7+ trials. Coverage is broad but some tests (affordability, portability) have limited or indirect testing quantity. | The plan provides measurable outcomes and thresholds for most tests, but some criteria are vague or inconsistent (e.g., accuracy minimum ±2 mmHg vs. goal ±0.5 mmHg, affordability lacks measurable criteria). Pass/fail criteria are partially defined. | Two named field experts are identified with plans to incorporate their feedback, but no explicit evidence of revisions based on their input is provided.","The testing plan effectively identifies and aligns tests to the project's major design requirements, including durability, accuracy, simplicity, affordability, and portability. While the plan clearly connects most requirements to specific tests, the affordability test lacks a concrete testing method, and the portability test focuses more on packaging than direct performance evaluation, which weakens the overall coverage.

Testing procedures provide useful setup descriptions and expected outcomes, but several lack sufficient detail for full replication. For example, the affordability test has no defined procedure, and the portability test does not directly measure ease of transport beyond packaging. The plan includes a moderate number of trials (3 or more with 2 measurements each), which supports some statistical reliability but falls short of the preferred higher trial counts for robust evaluation.

The logic behind the testing plan is generally sound, with measurable outcomes, thresholds, and goals for most tests. However, some criteria are inconsistent or vague, such as the accuracy test’s minimum and goal thresholds and the absence of measurable criteria for affordability. The involvement of two field experts is a strength, though the document does not provide explicit evidence of how their feedback influenced revisions. To improve, the team should develop concrete affordability testing methods, increase trial counts, provide more detailed and replicable procedures, and document expert feedback integration clearly.","The testing plan identifies three key design requirements: ensuring the container fits all user medication, that the box notifies the user via a displayed message, and that the mechanics fit within the box to optimize space. These requirements are inferred from the testing content rather than explicitly stated. While the plan attempts to address these requirements, the testing coverage is limited and lacks depth, with only some requirements being tested and others not clearly evaluated.

Testing procedures are described in very general terms, such as 'checking the lines of code' and 'running the display,' without detailed steps, tools, or measurement methods. This vagueness hinders replicability and reduces the clarity of the testing approach. Additionally, the plan does not specify the number of trials or repeated tests, resulting in minimal testing quantity that is unlikely to provide robust evaluation of the design.

The logic behind the testing plan is weak, with no measurable outcomes, pass/fail criteria, or thresholds provided to assess success. There is also no indication of expert feedback or revisions based on such input. To improve, the team should develop detailed, step-by-step testing procedures including tools and measurements, define clear pass/fail criteria with measurable outcomes, plan multiple trials for each test, and seek expert review to refine the testing plan. Explicitly linking each test to a specific requirement will also strengthen the evaluation.",1.2,1.6
Case027_41110.docx,,Placeholder text for scoring.,4,1,1,1,0,4,3,3,2,0,,,,,,,,,,"The testing plan addresses all major inferred requirements with specific tests for durability, accuracy, simplicity, affordability, and portability. However, the affordability test lacks a concrete testing method, reducing completeness. | Testing procedures include some setup details and expected results, but several tests lack sufficient detail for replication (e.g., affordability test has no real procedure, portability test focuses on packaging rather than direct testing). Some procedures are vague or incomplete. | The plan states that each test will have 3 or more trials with 2 measurements each, which is minimal but present. However, trial counts are not specified per test, and some tests (affordability, portability) lack clear trial structure. | The plan provides measurable outcomes, thresholds, and goals for most tests, but some criteria are inconsistent (e.g., accuracy minimum ±2 mmHg vs. design requirement ±1 mmHg). Affordability lacks measurable criteria, and some logic is implied rather than fully developed. | Two named field experts are identified with plans to incorporate their feedback. The document states feedback will be documented and adjustments made, indicating expert involvement influenced the plan.","The testing plan effectively identifies and addresses the project’s major design requirements, including durability, accuracy, simplicity, affordability, and portability. While the plan clearly connects most requirements to specific tests, the affordability test lacks a concrete testing method, which weakens the overall coverage. The procedures provide some useful details such as setup and expected results, but several tests lack sufficient detail for full replicability. For example, the affordability test has no defined procedure, and the portability test focuses more on packaging than direct testing of transportability.

The plan includes a minimal but present testing quantity, with at least three trials and two measurements per test, though trial counts are not consistently specified. The logic behind the testing is generally sound, with measurable outcomes, thresholds, and goals for most tests. However, some criteria are inconsistent or vague, such as the accuracy tolerance differing from the stated requirement and the lack of measurable criteria for affordability. The involvement of two field experts is a strong point, with clear intent to incorporate their feedback, enhancing the plan’s credibility.

To improve, the team should develop a concrete affordability testing method, increase procedural detail for replicability, clarify trial counts per test, and ensure all thresholds align precisely with design requirements. Additionally, documenting specific expert feedback and resulting plan changes would strengthen the expert involvement evidence.","The testing plan demonstrates a solid effort to address key design requirements such as covering multiple plants, material strength, plant health, and ease of assembly. These requirements were inferred from the testing content and are linked to specific tests, which is a strength. However, some tests lack detailed descriptions, which weakens the clarity and replicability of the procedures. For example, the setup and measurement methods are not fully described, making it difficult for others to replicate the tests precisely.

The quantity of testing is moderate, with multiple trials planned for each test, which supports reasonable evaluation of the design. Yet, the variety of tests could be expanded to cover more nuanced aspects of the requirements. The logic of the plan includes pass/fail criteria and goals, but lacks clear quantitative thresholds or tolerances, which limits the ability to objectively assess success.

No involvement of field experts is evident, which is a missed opportunity for improving the testing plan. To enhance the rigor and repeatability of the testing, it is recommended to: 1) provide detailed step-by-step procedures including tools and measurement methods; 2) define clear, measurable success criteria with quantitative thresholds; 3) increase the variety and number of trials for critical tests; and 4) seek and incorporate feedback from relevant field experts to strengthen the plan’s validity and reliability.",1.4,2.6
Case028_43430.docx,,Placeholder text for scoring.,4,3,4,3,0,4,3,3,2,0,,,,,,,,,,"The testing plan addresses several high-priority requirements including safety, engagement, cause and effect learning, accessibility, and fine motor skills. However, the tests rely solely on observation without clear, distinct test methods for each requirement, and some requirements like material wear and tear or detailed safety hazards are not tested. | Testing procedures are described mainly as observation by aids or the team, lacking detailed, replicable steps, specific tools, measurements, or controlled variables. The plan does not provide sufficient procedural detail to allow replication or control of testing conditions. | The plan mentions observation over two weeks for fine motor skills but does not specify trial counts or multiple trials for other tests. The quantity of tests is limited and not clearly defined, reducing confidence in comprehensive evaluation. | The plan lacks measurable outcomes, pass/fail criteria, thresholds, or clear evaluation logic. While expert feedback suggests adding quantifiable metrics, the current plan relies on subjective observation without defined success criteria. | Two field experts from Drexel University provided detailed feedback that was incorporated into the testing plan, improving focus on safety hazards and measurement approaches. The document clearly documents expert involvement and resulting revisions.","The testing plan identifies and attempts to address several key design requirements such as safety, engagement, cause and effect learning, accessibility, and fine motor skills development. These requirements were mostly inferred from the testing content rather than explicitly stated, which is acceptable given the context. However, the plan relies heavily on qualitative observation without distinct, structured test methods for each requirement, limiting the thoroughness of requirement coverage.

Testing procedures lack sufficient detail and replicability. The plan does not specify tools, controlled variables, or step-by-step protocols, making it difficult for others to replicate the tests or ensure consistency. The quantity of testing is limited, with only one requirement (fine motor skills) mentioning a two-week observation period, but no explicit trial counts or repeated measures are provided for other requirements.

The logic of the testing plan is weak due to the absence of measurable outcomes, pass/fail criteria, or thresholds. Although expert feedback was sought and incorporated, improving the plan’s focus on safety and measurement, the current testing framework remains largely subjective. To improve, the team should develop quantifiable metrics and clear evaluation criteria, define detailed, replicable procedures including tools and variables, specify trial counts for each test, and explicitly connect test outcomes to design revisions. Additionally, expanding safety tests to include material durability and specific hazard scenarios would strengthen the plan’s comprehensiveness.","The testing plan demonstrates a solid effort to address several key design requirements, including plant coverage, material durability, plant health, and ease of assembly. These requirements were inferred from the testing content, showing thoughtful alignment between tests and design goals. However, some requirements could be more explicitly stated and better connected to test methods.

Testing procedures provide basic descriptions and trial counts, but lack sufficient detail for full replicability. Important elements such as specific measurement techniques, environmental controls, and step-by-step instructions are missing or vague. The quantity of tests is moderate, with 5 to 10 trials per test, which is a reasonable start but may not fully ensure reliability across all requirements.

The logic behind the testing plan includes pass/fail criteria and goals, which is a strength. Yet, measurable thresholds and clear evaluation metrics are only partially developed, limiting the ability to objectively assess success. No field expert feedback or revisions based on such input are evident, which could enhance the plan’s rigor.

To improve, the team should: 1) explicitly state all major requirements and ensure each is directly tested; 2) provide detailed, replicable procedures including measurement methods and environmental conditions; 3) increase trial counts and diversify test conditions for robustness; and 4) seek and incorporate feedback from relevant field experts to refine the testing plan.",2.8,2.6
Case029_52510.pdf,,Placeholder text for scoring.,5,2,5,1,0,4,3,3,2,0,,,,,,,,,,"The testing plan addresses several high-priority requirements including safety, engagement, cause and effect learning, accessibility, and fine motor skills. However, the tests rely solely on observation without clear, distinct test methods for each requirement, and some requirements like material wear and tear or detailed safety hazards are not tested. | Testing procedures are described mainly as observation by aids or the team, lacking detailed, replicable steps, tools, measurements, or controlled variables. The plan does not specify setup, measurement methods, or sequence of actions, making replication difficult. | The plan mentions observation over two weeks for fine motor skills but lacks explicit trial counts or multiple trials for other tests. The quantity of testing is limited and not clearly defined, reducing confidence in coverage and robustness. | The plan lacks measurable outcomes, pass/fail criteria, thresholds, or clear evaluation logic. Expected results are implied but not quantified, and no success criteria are defined, limiting the ability to interpret test results objectively. | Two field experts from Drexel University provided feedback that was incorporated into the testing plan, such as focusing on quantifiable metrics, safety hazards, and grip adjustments. This shows meaningful expert involvement influencing the plan.","The testing plan identifies and attempts to address several key design requirements including safety, engagement, cause and effect learning, accessibility, and fine motor skills development. However, the connection between these requirements and the testing procedures is primarily observational and lacks distinct, structured tests for each requirement. This limits the completeness of requirement coverage and the ability to verify all major design goals.

Testing procedures are described in general terms without detailed steps, tools, or measurement methods, making replication challenging. The plan mentions a two-week observation period for fine motor skills but does not specify trial counts or multiple trials for other tests, resulting in limited testing quantity. Additionally, the plan lacks measurable outcomes, pass/fail criteria, or thresholds, which are essential for objective evaluation and future design revisions.

Expert feedback from two field professionals was incorporated, improving focus on quantifiable metrics and safety considerations. To enhance the testing plan, the team should develop detailed, replicable procedures with clear measurement methods; define explicit trial counts and multiple trials per test; establish measurable success criteria and thresholds; and expand safety testing to include material durability and specific hazard scenarios. These improvements will strengthen the rigor, clarity, and effectiveness of the testing plan.","The testing plan demonstrates a reasonable effort to address several key design requirements such as mobility, programmability, size, power supply, and weight capacity. These requirements are inferred from the testing content and are linked to specific test cases, which is a strength. However, some important aspects like monitoring sunlight and plant growth are mentioned but lack clear, connected testing procedures, reducing completeness.

Testing procedures include basic steps and trial counts, but they lack sufficient detail to ensure replicability. Critical information such as measurement methods, tools used, and detailed sequences of actions are missing, which could hinder consistent execution by others. The quantity of tests planned is moderate, with trial counts mostly around seven to ten, which is adequate for some requirements but insufficient for comprehensive evaluation, especially for biological factors.

The logic behind the testing plan includes some pass/fail criteria and goals, but these are often vague and lack measurable thresholds or expected result ranges. This limits the ability to objectively evaluate success or failure. Additionally, there is no evidence of field expert feedback or revisions based on such input, which could have strengthened the plan.

To improve, the student should provide more detailed, step-by-step testing procedures including tools and measurement methods; explicitly connect all requirements to tests; define clear, measurable success criteria with thresholds; increase the number and variety of tests to cover all requirements; and seek and incorporate expert feedback to refine the plan.",2.6,2.4
Case030_32210.pdf,,Placeholder text for scoring.,3,2,2,1,0,4,3,3,2,0,,,,,,,,,,"The plan includes gathering opinions via surveys but lacks actual testing procedures that directly evaluate design requirements such as workout time or equipment usage. | Testing procedures are minimal and vague, limited to asking survey questions without detailed steps, tools, or measurement methods for replicability. | The plan mentions surveying a variety of students but does not specify the number of tests, trials, or how data quantity will support requirement evaluation. | There is no clear logic, measurable outcomes, pass/fail criteria, or thresholds described; evaluation is based on majority agreement without defined metrics. | No evidence of field expert involvement or feedback influencing the testing plan is provided.","The testing plan primarily focuses on collecting qualitative feedback through surveys to understand user opinions on scheduling and equipment needs. While this approach aligns loosely with inferred requirements such as improving workout time and equipment access, it lacks direct testing of these design goals. The absence of structured, replicable procedures limits the ability to evaluate the design rigorously. Testing is described only as asking questions to a variety of students, without specifying sample sizes, trial counts, or systematic data collection methods, which restricts the quantity and robustness of the testing effort.

Furthermore, the plan does not include measurable outcomes, pass/fail criteria, or thresholds to assess success, relying instead on general agreement from respondents. This weakens the logic and evaluative framework of the testing plan. Additionally, there is no indication that field experts reviewed or influenced the plan, missing an opportunity to strengthen the approach through expert feedback.

To improve, the team should develop detailed, replicable testing procedures with clear measurement methods and variables. Defining quantitative success criteria and thresholds would enhance evaluation rigor. Increasing the number of trials and explicitly connecting tests to specific requirements would improve coverage. Finally, involving field experts and documenting their feedback could provide valuable insights and validation for the testing plan.","The testing plan demonstrates a reasonable effort to address several key design requirements such as mobility, programmability, size, power supply, and weight capacity. These requirements were inferred from the testing content, as explicit statements were limited. While many requirements have associated tests, some important aspects like watering and sunlight monitoring are mentioned without clear testing procedures, reducing completeness.

Testing procedures include basic steps and trial counts, but they lack sufficient detail to ensure replicability. Descriptions such as 'Turn on' or 'Measure' are too vague, and there is little information about tools, measurement methods, or controlled variables. The quantity of tests is moderate, with some tests having 7 to 10 trials, which is a positive aspect. However, not all tests specify trial counts, and overall coverage could be expanded.

The logic behind the testing plan includes some pass/fail criteria and goals, but measurable thresholds and detailed evaluation frameworks are mostly absent. This limits the ability to objectively assess success or failure. Additionally, there is no indication of field expert involvement or feedback, which could have strengthened the plan.

To improve, the student should provide more detailed, step-by-step testing procedures including tools and measurement methods to enhance replicability. Explicitly connect all requirements to specific tests and include measurable success criteria with thresholds. Increasing the number of trials and ensuring all tests specify trial counts would improve robustness. Finally, seeking and documenting expert feedback with revisions would enhance the plan’s credibility and rigor.",1.6,2.4
Case031_34232.pdf,,Placeholder text for scoring.,3,4,2,3,2,4,4,3,3,3,,,,,,,,,,"The document mentions issues related to arm weight and handle warping but does not describe any actual tests conducted to evaluate these requirements. | No detailed testing procedures are provided; only a brief mention of observed problems without any description of setup, tools, measurements, or steps. | There is no evidence of planned test quantity, trial counts, or systematic testing to evaluate the design requirements. | No explanation of expected results, measurable outcomes, pass/fail criteria, or evaluation logic is provided. | No mention of field expert involvement or feedback.","The testing plan provides minimal insight into how the prototype’s major design requirements are addressed. While issues such as excessive arm weight causing resets and handle warping are mentioned, these observations are anecdotal and lack structured testing to verify or quantify the problems. This limits the ability to confirm whether the design meets its key functional goals.

Testing procedures are not described in any detail, making replication impossible. There is no information on how tests were conducted, what tools or measurements were used, or how variables were controlled. Additionally, the plan lacks any indication of the number of tests or trials, which is essential for assessing reliability and consistency.

The document does not provide any measurable criteria, expected outcomes, or pass/fail thresholds, which are critical for evaluating success. Furthermore, there is no evidence of expert review or feedback influencing the testing approach. To improve, the team should develop detailed, replicable test procedures with clear measurement methods, define pass/fail criteria linked to requirements, plan multiple trials for each test, and seek expert input to refine the testing plan.","The testing plan effectively addresses several major design requirements, including the physical integrity of the prototype when inverted, mass constraints, and the software’s ability to evaluate devices and categorize time-based energy usage. These requirements were inferred from the detailed testing content, demonstrating a thoughtful approach to aligning tests with project goals. However, some requirements, such as input validation and time categorization, have less extensive testing coverage.

Testing procedures are generally clear and replicable, especially for the physical prototype tests, which include detailed steps, tools, and trial counts. Software testing procedures are logical but could benefit from more explicit detail on measurement methods and environmental controls to enhance replicability. The quantity of tests is sufficient for some requirements, with multiple trials planned, but other areas have fewer trials or lack explicit counts, limiting comprehensive evaluation.

The testing plan includes pass/fail criteria and expected results, supporting logical evaluation, though some tests lack measurable thresholds or detailed success criteria. Field expert feedback from a software engineer was incorporated thoughtfully, indicating responsiveness to expert advice, though only one expert was involved. To improve, the student should increase trial counts for software tests, add explicit measurement and environmental details, define clear success thresholds for all tests, and seek additional expert reviews to strengthen the testing plan’s rigor and reliability.",2.8,3.4
Case032_02310.pdf,,Placeholder text for scoring.,0,2,3,1,0,4,3,2,2,1,,,,,,,,,,"The testing plan addresses many major inferred requirements such as ease of use, latching security, x-ray compatibility, operator motion range, durability, and reliability. Each requirement is linked to specific test methods. However, some requirements like reliability have incomplete test descriptions, limiting full coverage. | Testing procedures are generally detailed with step-by-step instructions, tools, and measurements described for most tests. Some procedures lack full clarity or completeness (e.g., reliability tests are incomplete), but overall the plan is replicable. | Multiple test methods are planned for most requirements, but explicit trial counts are mostly missing or vague. The plan mentions population testing for user experience but lacks detailed trial numbers, limiting confidence in testing quantity sufficiency. | The plan includes measurable outcomes such as timing, force thresholds, and rating scales. However, explicit pass/fail criteria, thresholds, or tolerances are often missing or implied rather than clearly defined, reducing the strength of the evaluation logic. | Two field experts are mentioned with one providing x-ray feedback and another reviewing testing methods. Evidence of feedback incorporation is partial; the x-ray testing plan was adjusted due to expert input, and the second expert agreed with methods and elaborated, supporting moderate credit.","The testing plan effectively addresses several key design requirements inferred from the document, including ease of use, latching security, x-ray compatibility, operator motion range, durability, and reliability. Each requirement is connected to specific test methods, demonstrating thoughtful alignment. However, some areas, such as reliability testing, are underdeveloped, limiting comprehensive coverage.

Procedures are generally well-detailed and logically sequenced, enabling replication. The inclusion of quantitative and qualitative measures strengthens the plan, though some tests lack full procedural clarity or completeness. The quantity of planned tests is moderate; while multiple methods per requirement exist, explicit trial counts and repetition details are often missing, which may affect the robustness of data collection.

The evaluation framework includes measurable outcomes like timing and force measurements, but explicit pass/fail criteria and thresholds are often absent or only implied, reducing the clarity of success metrics. Field expert involvement is evident, with feedback incorporated to adjust the x-ray testing approach and validation of methods by another expert, enhancing credibility.

To improve, the team should define clear pass/fail criteria and thresholds for all tests, specify the number of trials and repetitions to ensure statistical validity, complete and clarify all test procedures (especially reliability tests), and document how expert feedback directly influenced testing plan revisions. These steps will strengthen the rigor, repeatability, and evaluative power of the testing plan.","The testing plan effectively identifies and addresses several key design requirements, including safety for young children, durability under stress, and ease of understanding instructions. These requirements are logically inferred from the testing content and linked to specific tests such as edge safety, impact resistance, weight stress, and instructional comprehension. However, the plan could be strengthened by expanding coverage to more safety and durability aspects and by explicitly stating all major requirements.

While the testing procedures provide a general overview of the methods and participants involved, they lack sufficient detail to ensure replicability. Important procedural elements such as precise measurement techniques, environmental conditions, and step-by-step instructions are missing. The quantity of testing is limited, with only the instruction comprehension test including multiple trials; other tests lack clear trial counts or repetition plans, reducing confidence in the robustness of the evaluation.

The logic behind the testing plan is partially developed but falls short of including measurable outcomes, pass/fail criteria, or thresholds that would clarify success or failure. This limits the ability to objectively evaluate the prototype’s performance. Although two field experts provided valuable feedback on the instructions, there is no clear evidence that this feedback led to revisions in the testing plan. To improve, the team should define measurable success criteria, increase trial counts for all tests, provide detailed, replicable procedures, and explicitly incorporate expert feedback into test design revisions.",1.2,2.6
Case033_23112.pdf,,Placeholder text for scoring.,2,3,1,1,2,4,3,2,2,3,,,,,,,,,,"The testing plan addresses some major requirements such as prototype integrity when inverted, mass measurement, ROV movement, and buoyancy. However, not all requirements are fully tested or clearly connected to distinct test methods, and some requirements are only partially covered. | Testing procedures include some detail on setup and actions (e.g., holding and rotating the prototype, placing ROV in water, driving it), but lack full clarity and completeness. Some steps are vague or incomplete, and photos/diagrams are missing. Replicability is partial. | Trial counts are inconsistently reported (e.g., 10 trials for rotation tests, 5 trials for buoyancy, 2 trials for movement). Some tests have minimal trials, and overall testing quantity is limited relative to the number of requirements. | The plan includes some pass/fail criteria and goals, but thresholds and measurable evaluation criteria are incomplete or vague. Expected results are mentioned but lack detailed measurable ranges or tolerances, limiting logical evaluation. | No evidence of field expert involvement or feedback incorporation is present in the document.","The testing plan demonstrates an effort to address several key design requirements, including prototype integrity under inversion, mass limits, ROV movement capabilities, and buoyancy. However, the coverage is partial, with some requirements only minimally tested or lacking clear connection to distinct test methods. The plan would benefit from explicitly stating all major requirements and ensuring each is thoroughly tested.

Testing procedures provide some useful detail, such as step sequences and trial counts for certain tests, but overall lack sufficient clarity and completeness to guarantee replicability. The absence of photos or diagrams and vague descriptions reduce the ability of others to reproduce the tests accurately. Additionally, trial counts are inconsistent and often below recommended levels, limiting the robustness of the data collection.

The logic behind the testing plan includes some pass/fail criteria and goals, but measurable thresholds and tolerances are often missing or unclear. This weakens the ability to objectively evaluate success. Furthermore, there is no evidence of field expert feedback or revisions based on such input, which could enhance the plan’s rigor and relevance.

To improve, the team should: 1) explicitly list all high-priority requirements and ensure each has a corresponding, well-defined test; 2) provide detailed, step-by-step procedures with visuals to enhance replicability; 3) increase the number of trials per test to at least seven for statistical reliability; and 4) incorporate measurable evaluation criteria with clear pass/fail thresholds. Seeking and documenting expert feedback would also strengthen the testing plan.","The testing plan effectively identifies and addresses several key design requirements, including ease of maintenance, watering effectiveness, robustness, and coverage area. These requirements were inferred from the testing content, showing a reasonable alignment between tests and design goals. However, some tests, particularly those for robustness and watering coverage, are minimally developed with limited repetitions and detail.

Testing procedures provide a general outline of steps and setups but lack sufficient detail to ensure replicability. Important elements such as specific tools, measurement techniques, and controlled variables are not fully described. The quantity of planned tests is limited, with only a few repetitions per test, which may not provide reliable data to evaluate performance comprehensively.

The plan includes pass/fail criteria and expected result ranges, but measurable thresholds and tolerances are inconsistently applied, reducing the clarity of evaluation logic. The involvement of a field expert with relevant experience is a strength, and the incorporation of their feedback shows responsiveness to expert advice.

To improve, the student should increase the number of test repetitions to enhance data reliability, provide detailed procedural steps including tools and measurement methods, define clear measurable thresholds and tolerances for all tests, and seek additional expert feedback to further refine the testing plan. These steps will strengthen the rigor, repeatability, and evaluative power of the prototype testing.",1.8,2.8
Case034_33333.docx,,Placeholder text for scoring.,3,3,3,3,3,4,3,3,3,3,,,,,,,,,,"The testing plan addresses some major requirements such as structural integrity, mass, movement capability, and buoyancy. However, not all requirements are fully tested or clearly connected to distinct test methods, and some requirements are only partially covered. | Testing procedures include some detail on setup and actions (e.g., holding prototype, rotating, submerging ROV), but lack full clarity and completeness for replication. Some steps are vague or incomplete, and photos/diagrams are missing. | Trial counts are inconsistently reported (e.g., 10 trials for rotation, 5 trials for buoyancy, 2 trials for movement). The quantity of tests is limited and does not consistently meet the preferred number of trials for robust evaluation. | Some pass/fail criteria and goals are stated, but thresholds and measurable evaluation criteria are incomplete or vague. Expected result ranges are partially given but lack full measurable detail or tolerances, limiting logical evaluation. | No evidence of field expert involvement or feedback incorporation is present in the document.","The testing plan demonstrates an effort to address key design requirements such as prototype integrity, mass, ROV movement, and buoyancy. However, these requirements are mostly inferred from the testing content rather than explicitly stated, and some are only partially tested. The plan would benefit from clearer linkage between each requirement and its corresponding test.

Testing procedures provide some useful detail, including step sequences and trial counts for certain tests, but lack comprehensive clarity and replicability. Important elements such as setup photos, detailed measurement methods, and control of variables are missing or incomplete, which could hinder consistent replication by others.

The quantity of planned tests is limited, with some tests having fewer than the recommended seven trials, reducing confidence in the robustness of the data. While pass/fail criteria and goals are mentioned, measurable thresholds and tolerances are often vague or absent, weakening the logical framework for evaluating success.

No evidence of field expert feedback or revisions based on such input is provided, which is a missed opportunity to strengthen the testing plan. To improve, the team should explicitly state all major requirements, enhance procedural detail with visuals and controls, increase trial counts for statistical reliability, and define clear, measurable success criteria. Additionally, seeking and documenting expert review would add valuable validation and refinement.","The testing plan effectively targets several key design requirements, including the ability to lock and unlock the desk, affordability, and ease of use. These requirements were mostly inferred from the testing content, as explicit statements were limited. The plan includes distinct tests for locking and unlocking functionality and incorporates stakeholder feedback to assess ease of use, which strengthens requirement coverage. However, the affordability testing is less rigorously defined, relying on observational judgments rather than quantitative measures.

Testing procedures are described with some detail, such as moving the desk and rating difficulty on a scale, but lack comprehensive clarity and replicability. Important details like exact measurement methods, environmental controls, and precise criteria for scoring are missing, which could hinder consistent replication. The quantity of tests planned is moderate, with multiple trials for locking and unlocking and several participants for ease-of-use ratings, but some tests lack clear trial counts or sufficient repetition.

The logic behind the testing plan includes expected outcomes and some pass/fail ideas, but measurable thresholds and explicit success criteria are mostly absent, limiting the rigor of evaluation. Expert feedback from a qualified engineer was incorporated, leading to testing multiple prototypes, which is a strong point. To improve, the team should define clear, measurable success criteria and thresholds, provide more detailed and replicable procedures, increase trial counts consistently across tests, and quantify affordability testing. Including more explicit connections between test results and requirements would also enhance the plan’s rigor.",3,3
Case035_35353.docx,,Placeholder text for scoring.,3,5,3,5,3,4,3,3,3,3,,,,,,,,,,"Only a few requirements are minimally tested. The plan mentions testing the prototype held upside down and rotation time, but lacks clear connection to other major requirements. Structural integrity is mentioned but without clear test procedures. | Testing procedures are minimally described with vague statements such as 'prototype was held upside down' and 'took 3 seconds to rotate slowly.' There is no detailed setup, tools, variables, or sequence of actions to allow replication. | No explicit number of trials or test repetitions are provided. The document states 'No tests' for some cases and lacks a feasible testing quantity plan. | Expected results and goals are mentioned (e.g., rotation time of 3 seconds), but no measurable thresholds, pass/fail criteria, or tolerances are clearly defined. The logic connecting tests to requirements is minimal. | One field expert group (Firefighters) is mentioned with feedback, but there is no clear evidence that their feedback was incorporated or led to revisions in the testing plan.","The testing plan attempts to address a few inferred design requirements such as prototype stability when inverted, structural integrity, and rotation time. However, the connection between these requirements and the testing procedures is weak and incomplete, limiting the plan's ability to comprehensively evaluate the design. The procedures lack sufficient detail and clarity, providing only minimal descriptions that would not allow another person to replicate the tests effectively. There is no information on tools, setup, or variables, which undermines the rigor of the testing approach.

The quantity of testing is insufficient, with no explicit trial counts or repeated tests to ensure reliability. Expected results and goals are mentioned but lack measurable thresholds or pass/fail criteria, reducing the logical strength of the evaluation framework. While a field expert group (Firefighters) is identified, their feedback appears to be noted without clear incorporation or impact on the testing plan.

To improve, the student should clearly define and connect all major design requirements to specific tests, provide detailed, step-by-step procedures including tools and measurements, and plan multiple trials for each test. Establishing measurable success criteria and thresholds will strengthen the logic of the plan. Finally, actively incorporating expert feedback with documented revisions will enhance the plan’s credibility and effectiveness.","The testing plan effectively addresses several key design requirements, including the ability to lock and unlock the desk, affordability, and ease of use. These requirements are clearly connected to specific tests, such as moving the desk to assess locking and stakeholder ratings to evaluate usability. However, the plan only partially addresses the requirement related to not interfering with desk function, with limited testing detail in that area.

Testing procedures include multiple trials and stakeholder involvement, which strengthens the evaluation. Yet, the procedures lack sufficient detail for full replicability, such as precise measurement methods, controlled variables, and clear setup instructions. The subjective nature of some measurements, like ease-of-use ratings, further reduces clarity. While the plan outlines expected outcomes and some pass/fail criteria, these are often vague or qualitative rather than measurable, limiting the logical rigor of the evaluation.

Expert feedback from a qualified engineer was incorporated, leading to testing multiple prototypes, which is a strong point. To improve, the team should define clear, measurable success criteria and thresholds, increase procedural detail for replicability, standardize trial counts across all tests, and expand testing of interference with desk function. Including quantitative measurement tools and documenting environmental controls would also enhance testing rigor and reliability.",3.8,3
Case036_43322.pdf,,Placeholder text for scoring.,4,3,3,2,2,4,3,2,2,0,,,,,,,,,,"Only a few requirements are minimally tested. The plan mentions testing the prototype held upside down and rotation time, but lacks clear connection to other major requirements. Structural integrity is mentioned but without explicit testing procedures. | Testing procedures are minimally described with vague statements such as 'prototype was held upside down' and 'took 3 seconds to rotate slowly.' There is no detailed setup, tools, variables, or sequence of actions to allow replication. | No explicit number of trials or test repetitions are provided. The document states 'No tests' for some cases and lacks a feasible testing quantity plan. | Expected results and goals are mentioned in a very limited way, e.g., rotation time of 3 seconds, but no measurable thresholds, pass/fail criteria, or tolerances are clearly defined. The logic connecting tests to requirements is minimal. | One field expert group (Firefighters) is mentioned with feedback, but there is no clear evidence that the testing plan was revised based on their input.","The testing plan attempts to address a few inferred design requirements such as prototype stability when inverted, structural integrity, and rotation time. However, the connection between these requirements and the testing procedures is minimal and lacks clarity. The plan does not comprehensively cover all major requirements, limiting its effectiveness in validating the design.

Testing procedures are described in a very basic and vague manner, lacking sufficient detail to allow replication. Important elements such as setup, tools, variables, and step-by-step actions are missing. Additionally, the plan does not specify the number of trials or repetitions, which undermines the reliability and robustness of the testing.

The logic behind the testing plan is weak, with only minimal expected results and goals stated. There are no clear pass/fail criteria, thresholds, or measurable outcomes to evaluate success. While a field expert group is identified, their feedback is not clearly integrated into the testing plan, reducing the potential value of expert insights.

To improve, the student should: 1) explicitly link each major requirement to specific, detailed test procedures; 2) provide comprehensive, replicable testing steps including tools and variables; 3) plan multiple trials with clear counts to ensure statistical validity; and 4) define measurable pass/fail criteria and thresholds. Incorporating and documenting expert feedback revisions would also strengthen the plan.","The testing plan demonstrates a clear effort to address several key design requirements, including dimensional fit, structural strength, connector functionality, stability, and portability. These requirements were inferred from the testing content, as explicit statements were limited. The plan links each requirement to a corresponding test, which is a strength. However, the testing procedures lack sufficient detail to ensure replicability. Important elements such as measurement tools, variables, controls, and precise setup instructions are missing or vague, which could hinder consistent reproduction of the tests.

The quantity of testing is limited, with only a few trials per test and no indication of repeated measures to ensure reliability. This restricts the ability to confidently evaluate the design’s performance across all requirements. While pass/fail criteria and goals are mentioned, they are often qualitative and lack measurable thresholds or tolerances, reducing the logical rigor of the evaluation framework. Additionally, there is no evidence of field expert feedback or revisions based on such input, which could have strengthened the testing plan.

To improve, the team should increase the number of trials per test to at least seven, provide detailed, step-by-step procedures including measurement methods and controls, and define clear, quantitative pass/fail criteria with acceptable error margins. Explicitly documenting expert reviews and incorporating their feedback would also enhance the plan’s credibility and robustness.",2.8,2.2
Case037_43222.pdf,,Placeholder text for scoring.,4,3,2,2,2,4,3,2,2,0,,,,,,,,,,"Some major requirements such as platform movement, weight support, and battery operation are linked to testing, but others like programmability and seedling accommodation are mentioned without clear testing procedures. | Testing procedures are described in vague terms with minimal detail. Setup and sequence are partially mentioned, but tools, measurements, variables, and replicable steps are largely missing. | Trial counts are roughly estimated (e.g., about 20 or 30 times) for some tests, indicating moderate quantity. However, some requirements have no trials or only anecdotal evidence. | Pass/fail criteria and goals are stated but often lack measurable thresholds or clear evaluation metrics. Expected results are vague and success criteria are inconsistently defined. | No evidence of field expert involvement or feedback influencing the testing plan is provided.","The testing plan addresses several key design requirements such as platform movement, weight support, and battery operation, but others like programmability and seedling accommodation lack clear testing alignment. This limits the comprehensiveness of the evaluation. Testing procedures are described in general terms without sufficient detail to allow replication. Important elements such as specific tools, measurement methods, and controlled variables are missing, reducing clarity and effectiveness. The quantity of testing shows some effort with approximate trial counts for certain tests, but other requirements have minimal or no testing evidence, indicating uneven coverage. The logic behind the testing plan includes pass/fail criteria and goals; however, these are often vague and lack measurable thresholds or clear evaluation metrics, which weakens the ability to objectively assess success. There is no indication that field experts reviewed or influenced the testing plan, missing an opportunity to strengthen the approach. To improve, the team should provide detailed, step-by-step testing procedures including tools and measurements, define clear, measurable success criteria for each requirement, ensure all major requirements have corresponding tests with sufficient trials, and seek expert feedback to refine and validate the testing plan.","The testing plan demonstrates a clear effort to address several key design requirements, including dimensional fit, load-bearing capacity, connector functionality, stability, and portability. These requirements were inferred from the testing content, as explicit requirement statements were limited. The plan links each requirement to a corresponding test, which is a strength. However, some requirements, particularly related to portability and storage, are less thoroughly tested.

Testing procedures provide a basic outline of actions, such as placing the cable trough and having individuals of various sizes walk on it. While these steps offer some clarity, the lack of detailed descriptions regarding tools, measurement methods, controls, and variables reduces the replicability of the tests. Additionally, the number of trials is often unspecified or minimal, which weakens the robustness of the testing quantity.

The evaluation framework includes pass/fail criteria and goals but lacks measurable thresholds, tolerances, or quantitative expected results, limiting the logical rigor of the plan. Furthermore, there is no evidence of field expert involvement or feedback incorporation, which is a missed opportunity to strengthen the testing approach.

To improve, the team should explicitly state measurable success criteria with tolerances, increase and document trial counts, provide detailed procedural steps including measurement tools and controls, and seek and incorporate feedback from relevant field experts. These actions will enhance the rigor, repeatability, and credibility of the testing plan.",2.6,2.2
Case038_21100.pdf,,Placeholder text for scoring.,2,1,1,0,0,3,2,2,2,0,,,,,,,,,,"The testing plan addresses many major requirements including fire detection, suppression, model realism, timing, measurements, budget, and furniture movement. Each requirement is linked to specific tests, though some are less developed. | Testing procedures include basic steps and sequences for detection, suppression, and model assembly. However, details on tools, controls, and measurement methods are incomplete or vague, limiting replicability. | Trial counts are provided for some tests (e.g., 8 detection tests, 2-4 suppression tests), but others have minimal or unclear trial numbers (e.g., furniture movement tested once). Overall, testing quantity is moderate but inconsistent. | The plan includes pass/fail criteria and goals for most tests, such as detection activation and fire suppression within 5 minutes. However, measurable thresholds and expected result ranges are often missing or vague, limiting evaluation rigor. | No evidence of field expert involvement or feedback influencing the testing plan is provided.","The testing plan demonstrates a solid effort to address multiple key design requirements, including fire detection and suppression, model realism, timing constraints, measurement accuracy, budget, and furniture mobility. These requirements were mostly inferred from the testing content, showing a reasonable understanding of project goals. However, some requirements, such as budget and furniture movement, have minimal testing detail.

Testing procedures are outlined with basic steps and sequences, but lack sufficient detail on tools, controls, and measurement methods to ensure replicability. Trial counts are provided for some tests, supporting moderate confidence in testing quantity, but other tests have minimal or unclear trial numbers, limiting comprehensive evaluation. The plan includes pass/fail criteria and goals, which is a strength, but measurable thresholds and expected result ranges are often vague or missing, reducing the rigor of evaluation.

No evidence of expert feedback or revisions based on such input was found, which is a missed opportunity to strengthen the testing plan. To improve, the team should provide more detailed, replicable procedures including specific tools and measurement methods; increase and clearly document trial counts for all tests; define measurable thresholds and expected result ranges explicitly; and seek and incorporate feedback from field experts to enhance testing validity and reliability.","The testing plan identifies two key design requirements: the ROV's ability to float and sink on command, and its capacity to collect microplastics. These requirements are inferred from the testing descriptions rather than explicitly stated, which limits clarity. While the plan attempts to connect tests to these requirements, the coverage is limited and lacks depth.

Testing procedures are broadly outlined with locations and general actions, but they lack sufficient detail such as specific tools, controlled variables, measurement methods, and stepwise instructions. This makes replication difficult. The number of trials is low and inconsistent, with only a few tests per requirement, which reduces confidence in the robustness of the evaluation.

The plan includes some pass/fail criteria and goals, but it lacks measurable thresholds, expected result ranges, and tolerances, weakening the logical framework for evaluating success. Additionally, there is no indication of expert review or feedback influencing the testing plan.

To improve, the team should explicitly state all high-priority requirements and ensure each has a corresponding detailed test. Testing procedures need to be expanded with clear, replicable steps and measurement methods. Increasing the number of trials per test will strengthen reliability. Finally, incorporating measurable success criteria and seeking expert feedback with documented revisions will enhance the plan's rigor and credibility.",0.8,1.8
Case039_33224.pdf,,Placeholder text for scoring.,3,3,2,2,4,4,4,4,3,3,,,,,,,,,,"The testing plan addresses many major requirements including fire detection, suppression, model realism, timing, measurements, budget, and furniture mobility. Each requirement is linked to specific test procedures, though some are less developed (e.g., budget and furniture mobility). | Testing procedures include stepwise instructions and some details on setup and actions, but lack full clarity and replicability. For example, tools and measurement methods are sometimes implied but not fully described, and some procedures are vague (e.g., 'test until system works'). | Test quantities vary; detection system tested at least 8 times, suppression 2-4 times, but other tests have minimal or unclear trial counts (e.g., furniture mobility tested once). Overall, some requirements have sufficient trials, others do not. | The plan includes pass/fail criteria and goals for most tests, with some measurable outcomes (e.g., fire suppression within 5 minutes). However, thresholds and tolerances are inconsistently applied, and some expected results are vague or qualitative (e.g., 'apartment looks realistic'). | No evidence of field expert involvement or feedback influencing the testing plan is provided.","The testing plan effectively identifies and addresses several key design requirements, including fire detection and suppression, model realism, timing constraints, measurement accuracy, budget, and furniture mobility. These requirements are mostly inferred from the testing content rather than explicitly stated, but the plan connects them to specific test procedures. However, some requirements, such as budget and furniture mobility, have less detailed testing approaches.

Testing procedures provide a general sequence of actions and some setup details, but they lack comprehensive clarity and replicability. Important details like specific tools, measurement instruments, and controlled variables are often missing or vague. The quantity of tests is uneven; while the detection system is tested multiple times, other components have minimal trials, limiting confidence in the results. The logic of the plan includes pass/fail criteria and goals, with some measurable outcomes like the 5-minute fire suppression target. Yet, many evaluation criteria remain qualitative or lack explicit thresholds, reducing rigor.

No evidence of expert feedback or revisions based on such input is present, which could have strengthened the plan. To improve, the team should provide more detailed, replicable procedures including tools and variables, increase and document trial counts for all requirements, define clear measurable thresholds for all tests, and seek expert review to refine the testing approach and criteria.","The testing plan effectively targets two key design requirements: ensuring the prototype remains stable on various flat surfaces without sliding, and confirming it can hold 10 sockets on a wall without failure. These requirements were inferred from the testing content and are well connected to specific test procedures, demonstrating a focused approach to validating critical functions. However, other potential requirements are not addressed, limiting the comprehensiveness of the plan.

Testing procedures are generally clear and logical, with detailed steps and multiple trials that support replicability. The inclusion of 10 trials per surface type and repeated wall mounting tests provides a solid basis for evaluating performance consistency. Yet, some procedural details, such as measurement tools and environmental conditions, are missing, which could hinder exact replication. The plan includes measurable pass/fail criteria and goals, such as the 0.15-inch maximum shift and prototype integrity during wall mounting, but lacks detailed thresholds for wear or detachment, reducing the thoroughness of evaluation logic.

Field expert involvement is noted, with two experts providing design feedback. However, the document does not demonstrate that this feedback influenced the testing plan, limiting the impact of expert review. To improve, the plan should expand testing to cover additional requirements, specify measurement instruments and environmental controls, define detailed evaluation criteria for all failure modes, and explicitly document how expert feedback shaped testing procedures.",2.8,3.4
Case040_45453.pdf,,Placeholder text for scoring.,4,5,4,5,3,4,4,4,3,3,,,,,,,,,,"The document mentions project requirements but does not describe any actual testing procedures or how these requirements will be tested. | No testing procedures, methods, or steps are described, so replication or evaluation of testing clarity is not possible. | No tests or trials are planned or described, so testing quantity cannot be evaluated. | No explanation of testing logic, expected results, measurable outcomes, or evaluation criteria is provided. | No mention of field expert involvement or feedback is present.","The testing plan lacks any explicit or implicit description of how the project’s major design requirements will be tested. While the document references important requirements such as plant selection, quantities, costs, and flood reduction, it does not connect these to any actual test methods or data collection strategies. This absence of testing alignment means the plan does not demonstrate how success will be measured or verified.

Furthermore, the document provides no details on testing procedures, tools, variables, or sequences, making it impossible for others to replicate or evaluate the tests. There is also no indication of the number of tests or trials planned, which limits confidence in the plan’s ability to thoroughly assess the design. The lack of measurable outcomes, pass/fail criteria, or thresholds further weakens the logic and evaluative framework of the plan.

No evidence of field expert involvement or feedback is presented, missing an opportunity to strengthen the testing approach. To improve, the team should explicitly define test procedures linked to each requirement, include detailed steps and measurement methods, plan multiple trials per test, and establish clear success criteria. Incorporating expert review and documenting resulting revisions would also enhance the plan’s rigor and credibility.","The testing plan effectively addresses several key design requirements, including the prototype’s stability on various flat surfaces and its ability to hold sockets on a wall. These requirements are inferred from the detailed test procedures, which demonstrate a clear connection between the tests and the intended functions. However, some minor requirements such as wear and durability are mentioned but not fully tested, suggesting room for broader coverage.

Testing procedures are generally well described, with logical sequences and explicit trial counts that support replicability. The inclusion of multiple trials per test strengthens the reliability of the data collection. Nonetheless, some procedural details, such as specific measurement tools and environmental conditions, are missing, which could hinder exact replication. The testing quantity is adequate for most requirements, but some tests have fewer trials and some requirements lack testing altogether.

The plan includes measurable pass/fail criteria and goals, such as the maximum allowable shift on surfaces, but the evaluation framework could be improved by adding more detailed expected result ranges and tolerances. Field expert involvement is noted, but there is no clear evidence that their feedback led to revisions in the testing plan. To improve, the team should expand testing to cover all mentioned requirements, provide more detailed procedural documentation, incorporate measurable evaluation thresholds consistently, and explicitly document how expert feedback informs testing revisions.",4.2,3.4
Case041_05513.pdf,,Placeholder text for scoring.,0,5,5,1,3,4,3,3,3,3,,,,,,,,,,"The document mentions project requirements but does not describe any actual testing procedures or how these requirements will be tested. | No testing procedures, setup, tools, measurements, or sequences of actions are described, making replication impossible. | No tests or trial quantities are planned or described. | No explanation of logic, expected results, measurable outcomes, or evaluation criteria is provided. | No mention of field expert involvement or feedback.","The testing plan lacks any explicit or implicit description of how the project’s major design requirements will be tested. While several requirements such as plant selection, quantity, cost, and flood reduction are inferred from the text, there is no connection to actual test methods or procedures. This absence of testing detail means the plan does not address the requirements in a meaningful way.

Furthermore, the document provides no information on testing procedures, tools, measurements, or sequences, making it impossible for others to replicate or evaluate the tests. There is also no indication of how many tests or trials will be conducted, nor any logic or measurable criteria to assess success or failure. The plan does not include expected results, thresholds, or pass/fail criteria, which are essential for a rigorous evaluation framework. Additionally, there is no evidence of field expert involvement or feedback influencing the testing plan.

To improve, the team should clearly define test procedures aligned with each major requirement, including detailed steps, tools, and measurements. They should plan multiple trials per test to ensure reliability and specify measurable outcomes with pass/fail criteria. Incorporating feedback from relevant field experts and documenting how this feedback shapes the testing plan would also strengthen the approach. These steps will enhance the rigor, clarity, and replicability of the prototype testing and data collection plan.","The testing plan effectively addresses the project’s major design requirements of functionality, sustainability, and aesthetics, with clear connections between requirements and test methods. Functionality testing is well structured with weight increments and stability observations, while sustainability and aesthetics are evaluated qualitatively. However, the sustainability test lacks detailed measurement procedures, limiting its rigor.

Testing procedures provide a basic framework but lack sufficient detail for full replicability. The functionality test outlines setup and trial counts, but tools, measurement methods, and controls are not fully described. The aesthetics evaluation benefits from a rubric, improving clarity, yet remains subjective. The sustainability assessment is vague, with no clear classification or measurement steps.

Test quantity is adequate for functionality and aesthetics, with multiple trials and raters, but sustainability testing lacks repeated measures. The plan includes pass/fail criteria and goals, especially for functionality, but measurable thresholds and expected result ranges are incomplete for other requirements. Expert feedback from two stakeholders was incorporated, notably improving the aesthetics evaluation.

To improve, the team should: 1) provide detailed measurement methods and tools for all tests, especially sustainability; 2) increase trial counts or repeated measures for sustainability; 3) clarify and quantify expected result ranges and pass/fail thresholds; and 4) document how expert feedback influenced all aspects of the testing plan to strengthen validation and replicability.",2.8,3.2
Case042_53432.pdf,,Placeholder text for scoring.,5,3,4,3,2,4,3,3,3,3,,,,,,,,,,"The plan addresses collapsibility and quick accessibility with explicit testing methods. Capacity is discussed in terms of spatial calculations but lacks direct testing. Affordability is acknowledged but not tested. Thus, some but not all major requirements are tested. | Testing procedures are described in general terms but lack sufficient detail for replication. For example, timing accessibility tests are mentioned but without specifics on setup, tools, or exact procedures. The hinge testing is described narratively but lacks controlled, stepwise methods. | Testing quantity is limited and vague. No explicit trial counts or repetitions are provided. The accessibility test mentions multiple people but no trial numbers. Capacity and affordability lack testing quantity altogether. | The plan includes some logical evaluation, such as timing accessibility and redesigning hinges based on sturdiness, but lacks measurable thresholds, pass/fail criteria, or detailed expected results. This limits the clarity of evaluation logic. | No evidence of field expert involvement or feedback is provided.","The testing plan addresses several key design requirements, including collapsibility and quick accessibility, with some direct testing methods described. However, other important requirements such as capacity and affordability are either only discussed theoretically or not tested at all. This limits the comprehensiveness of the testing plan in fully validating the design.

Testing procedures lack sufficient detail and clarity to ensure replicability. While hinge testing and timing accessibility are mentioned, the descriptions omit critical information such as specific tools, controlled variables, and step-by-step processes. Additionally, the quantity of testing is vague, with no explicit trial counts or repetitions, which weakens confidence in the robustness of the evaluation.

The logic behind the testing plan shows some understanding of iterative design, but measurable outcomes, pass/fail criteria, and thresholds are missing. This makes it difficult to objectively assess success or failure. Furthermore, there is no indication that field experts reviewed or influenced the testing plan, which could have strengthened its rigor.

To improve, the team should provide detailed, replicable testing procedures including setup and measurement methods; define clear pass/fail criteria and measurable thresholds; plan and document multiple trials per test; incorporate direct testing for all major requirements, especially capacity; and seek expert feedback to refine the testing approach.","The testing plan effectively addresses key design requirements inferred from the document: functionality, sustainability, and aesthetics. Functionality testing is well aligned with the requirement to hold books without tipping, and sustainability is considered through material reuse and cost. Aesthetics evaluation is thoughtfully enhanced by stakeholder feedback, including a detailed rating rubric. However, some functional and sustainability aspects could be more comprehensively tested.

Testing procedures provide a basic framework with clear steps and trial counts, but lack sufficient detail to ensure replicability. Important details such as measurement tools, environmental conditions, and data recording methods are missing. The quantity of tests is moderate, with multiple trials for functionality and aesthetics, but sustainability testing lacks repeated measures or detailed plans. The logic of the plan includes pass/fail criteria and goals, yet some thresholds and measurable outcomes are vague or incomplete, limiting evaluation rigor.

Field expert involvement is evident and positively influenced the aesthetics testing, demonstrating responsiveness to feedback. To improve, the team should: 1) provide more detailed, replicable procedures including measurement methods; 2) expand testing quantity especially for sustainability; 3) define clearer, quantitative thresholds and success criteria; and 4) document expert feedback and resulting revisions more explicitly. These steps will strengthen the testing plan’s rigor, clarity, and alignment with design requirements.",3.4,3.2
Case043_31210.pdf,,Placeholder text for scoring.,3,1,2,1,0,4,3,3,2,3,,,,,,,,,,"The document mentions testing removability and adjustability as high-priority requirements and references tests related to removability and some improvements to comfort and durability. However, the testing plan lacks clear, distinct test procedures explicitly linked to each requirement, and adjustability testing is not clearly described. | Testing procedures are minimally described with vague statements such as 'tests were run each day' and 'tests similar to Joseph Johnson.' There is no detailed, replicable procedure including setup, tools, measurements, or sequence of actions. | The document references multiple tests over several days but provides no explicit trial counts or detailed test plans. The quantity of tests is minimal and insufficiently documented to evaluate most requirements. | There is minimal explanation of the logic behind the testing plan. No measurable outcomes, pass/fail criteria, thresholds, or expected results are provided. The evaluation framework is weak and lacks clarity. | The document mentions feedback from Vanderbilt professors and Mr. Kiser, and states that modifications were made based on their suggestions, indicating one expert's feedback was incorporated.","The testing plan identifies removability and adjustability as key design requirements, with inferred additional focus on comfort and durability. However, the plan lacks clear, structured testing procedures directly linked to these requirements. While removability testing is mentioned, adjustability and other requirements are not clearly tested, limiting the plan's comprehensiveness.

Testing procedures are described in vague terms without sufficient detail to allow replication. There is no information on test setup, tools, variables, or measurement methods. The quantity of testing is also inadequately documented, with no explicit trial counts or detailed plans, making it difficult to assess whether testing is sufficient to evaluate the design thoroughly.

The logic behind the testing plan is weak, lacking measurable outcomes, pass/fail criteria, or thresholds. Although expert feedback from Vanderbilt professors and Mr. Kiser is noted and appears to have influenced design modifications, the documentation does not clearly show how this feedback shaped the testing plan itself.

To improve, the team should develop detailed, replicable test procedures with clear measurement methods and trial counts. They should explicitly link each test to specific requirements and define measurable success criteria. Including documented revisions based on expert feedback would strengthen the plan's credibility and rigor.","The testing plan demonstrates a solid understanding of the project’s major design requirements, including load capacity, environmental durability, and safety considerations. While many requirements are inferred from the testing content, the plan effectively connects these to physical and mathematical testing approaches. However, some requirements, such as ease of installation and maintenance, are mentioned without clear testing methods, which limits completeness.

Testing procedures are described with moderate detail, including load-bearing and wind resistance tests, but lack comprehensive information on setup, tools, and measurement techniques necessary for replication. The planned quantity of tests includes multiple cycles, which supports iterative evaluation, yet trial counts for all tests and coverage of all requirements could be expanded. The logic behind the testing plan is partially developed, with references to failure thresholds but missing explicit pass/fail criteria or measurable thresholds, reducing clarity in evaluation.

Field expert involvement is acknowledged, with feedback from zookeepers and engineers intended to inform refinements. However, the document lacks detailed examples of how this feedback influenced the testing plan. To improve, the team should provide detailed, step-by-step testing procedures, define measurable success criteria and thresholds, increase trial counts for all tests, and document specific expert feedback and resulting plan revisions. These enhancements will strengthen the rigor, repeatability, and alignment of the testing plan with project requirements.",1.4,3
Case044_00000.pdf,,Placeholder text for scoring.,0,0,0,0,0,0,0,0,0,0,,,,,,,,,,"No testing plan content present to identify or connect to any design requirements. | No testing procedures described; no details on setup, tools, measurements, or sequence. | No tests or trial counts planned or described. | No explanation or logic for testing plan provided. | No mention or evidence of field expert involvement.","The submitted document does not provide any content related to prototype testing or data collection planning. Consequently, no design requirements could be inferred or connected to testing activities, resulting in a complete lack of evidence for addressing project requirements. Without any described procedures, the testing plan lacks clarity, detail, and replicability, making it impossible for others to reproduce or evaluate the tests. Additionally, there is no indication of the quantity or scope of tests planned, nor any trial counts or coverage of requirements, which are essential for thorough evaluation. The document also fails to present any logical framework, measurable outcomes, pass/fail criteria, or thresholds that would guide the evaluation of test results. Furthermore, there is no evidence of field expert involvement or feedback influencing the testing plan, which is critical for ensuring practical relevance and rigor. To improve, the student should explicitly state and connect major design requirements to specific tests, provide detailed and replicable procedures including tools and measurements, plan sufficient trials to cover all key requirements, and define clear evaluation criteria with measurable outcomes. Incorporating feedback from qualified field experts and documenting how their input shaped the testing plan would also strengthen the overall quality and credibility of the testing approach.","The document does not provide any testing plan or data collection strategy, making it impossible to infer or evaluate how the project’s design requirements would be addressed through testing. Without any described tests, no alignment to requirements can be established, and no evidence of engineering validation is present. The absence of testing procedures means there is no information on how tests would be conducted, measured, or replicated, which is critical for credible prototype evaluation.

Additionally, no quantity or frequency of tests is planned or discussed, so the adequacy of testing coverage cannot be assessed. The document also lacks any logical framework or measurable criteria such as expected results, pass/fail thresholds, or evaluation metrics, which are essential for meaningful test interpretation. Furthermore, there is no indication that field experts reviewed or influenced the testing plan, which could have strengthened the approach.

To improve, the team should first clearly identify and state the major design requirements. Then, develop detailed, replicable testing procedures that directly address these requirements, including setup, tools, variables, and measurement methods. Planning multiple trials per test and defining measurable success criteria will enhance rigor. Finally, seeking and incorporating feedback from relevant field experts can improve the testing plan’s validity and robustness.",0,0
Case045_00000.pdf,,Placeholder text for scoring.,0,0,0,0,0,0,0,0,0,0,,,,,,,,,,"The testing plan addresses many major inferred requirements such as grip integrity under rotation, mass measurement, load bearing, accessibility timing, and stability under side load. Each requirement is linked to specific tests, though some requirements like accessibility and stability have less explicit connection to design priorities. | Testing procedures are generally detailed with clear setup, sequence, and trial counts. The rotation test includes axis specification, timing, and observations. Mass and load tests specify tools and trial numbers. However, some procedural details (e.g., exact measurement methods for accessibility timing) could be clearer for full replicability. | The plan includes multiple trials per test (mostly 5-10), covering most major requirements. This quantity is sufficient to evaluate the design, though some tests lack explicit trial counts or test case variety, limiting a perfect score. | The plan provides pass/fail criteria and goals for most tests, with expected result ranges. However, some criteria are vague (e.g., 'prototype tears or detaches' without quantitative thresholds), and some tests lack detailed measurable outcomes or tolerances, limiting the logic and evaluation framework. | One field expert (Ryan’s Uncle, an engineer) reviewed the plan and provided feedback, which was incorporated by adding goals to tests. This meets the criteria for one expert with incorporated feedback.","The testing plan demonstrates a solid effort to address several key design requirements, including prototype grip integrity under inversion, mass constraints, load-bearing capacity, accessibility, and stability. These requirements were inferred from the detailed testing procedures, showing a functional alignment between design goals and evaluation methods. However, some requirements could be more explicitly connected to the overall project priorities to strengthen clarity.

Testing procedures are generally well described, with clear steps, tools, and trial counts that support replicability. The rotation tests specify axes and timing, and load tests include trial numbers, which is commendable. Yet, some procedures, such as timing the accessibility test, would benefit from more precise measurement methods and controls to ensure consistency.

The quantity of tests planned is adequate, with multiple trials per test supporting reliable data collection. The logic of the plan includes pass/fail criteria and goals, but some evaluation criteria lack quantitative thresholds or tolerances, reducing the rigor of outcome assessment. The involvement of one field expert who provided actionable feedback and whose suggestions were incorporated adds value, though additional expert input could further enhance the plan.

To improve, the team should explicitly state all major design requirements upfront, enhance measurement precision and controls in procedures, define quantitative thresholds for all pass/fail criteria, and seek feedback from multiple field experts to broaden perspective and validation.","The document does not provide any testing plan or data collection strategy, making it impossible to infer or evaluate how the project’s design requirements would be addressed through testing. Without any described tests, no requirements can be identified or linked to test procedures, resulting in a complete lack of evidence for requirement coverage. The absence of testing procedures means there is no information on how tests would be conducted, measured, or replicated, which is critical for validating design performance.

Furthermore, no quantity of tests or trial counts are mentioned, so the adequacy of testing to evaluate the design cannot be assessed. The document also lacks any logical framework, measurable outcomes, or pass/fail criteria that would demonstrate thoughtful evaluation of the design. Additionally, there is no indication that field experts reviewed or influenced the testing plan, which could have strengthened the approach.

To improve, the team should first clearly identify and state their major design requirements. Next, they need to develop detailed, replicable testing procedures that include setup, tools, variables, and measurement methods. Planning multiple trials per test and defining measurable success criteria or thresholds will enhance rigor. Finally, seeking and incorporating feedback from relevant field experts can improve the testing plan’s validity and completeness.",0,0
Case046_32221.pdf,,Placeholder text for scoring.,3,2,2,2,1,3,3,2,2,4,,,,,,,,,,"The testing plan clearly addresses four major inferred requirements: assembly time, size, weight, and trapping effectiveness. Each requirement is linked to specific test procedures, demonstrating many major requirements are tested. However, the effectiveness test could be more explicitly connected to quantitative success criteria. | Testing procedures are generally outlined with sequential steps and some measurement tools specified (stopwatch, scale). However, details such as exact measurement methods for size, number of trials per test, and control of variables are lacking, limiting replicability. | The plan includes multiple location tests for effectiveness but does not specify the number of trials or repetitions for any test. The quantity of tests is limited and trial counts are missing, which restricts confidence in evaluating all requirements thoroughly. | The plan includes some thresholds (e.g., assembly under 10 minutes, size under 14 cubic inches, weight under one pound) but lacks explicit pass/fail criteria or measurable success thresholds for effectiveness. Expected results and evaluation logic are only partially developed. | One expert, Ms. Z, reviewed the testing plan and provided feedback that was incorporated, such as adjusting test order and specifying maximum volume. This shows expert involvement with documented revisions.","The testing plan effectively identifies and addresses four key design requirements: assembly time, size, weight, and insect trapping effectiveness. These requirements are inferred from the testing content and are generally well connected to specific test procedures, demonstrating a solid foundation for evaluating the prototype. However, the plan would benefit from clearer quantitative success criteria, especially for the effectiveness tests.

Testing procedures are described with basic sequential steps and mention necessary tools like stopwatches and scales, which supports replicability to some extent. Yet, the lack of detailed measurement methods, control of variables, and explicit trial counts limits the clarity and repeatability of the tests. The quantity of testing is somewhat limited, with no explicit number of trials per test, which reduces confidence in the robustness of the evaluation.

The logic behind the testing plan includes some measurable thresholds for assembly time, size, and weight, but lacks clear pass/fail criteria and measurable outcomes for effectiveness. The involvement of a field expert, Ms. Z, who provided actionable feedback that was incorporated, strengthens the plan’s credibility. To improve, the team should specify trial counts and repetitions, define clear pass/fail criteria for all requirements, detail measurement and control methods, and expand the effectiveness testing with quantitative success metrics.","The testing plan demonstrates a reasonable effort to address key design requirements such as stability, transportability, mute functionality, and durability, inferred from the testing content. However, some important requirements like budget and deadline adherence are mentioned but not linked to any testing, limiting comprehensive coverage. The procedures provide basic descriptions and expected outcomes but lack sufficient detail on setup, tools, measurements, and controlled variables, which reduces replicability.

The plan includes multiple tests but only three trials per test, which is below the recommended number for robust evaluation. While expected results and goals are stated, measurable thresholds and clear pass/fail criteria are missing, weakening the logic and evaluation framework. The involvement of two field experts is a strength, with evidence of their feedback influencing material and design decisions, though explicit revisions to the testing plan based on their input could be more clearly documented.

To improve, the team should increase trial counts to enhance statistical reliability, provide detailed step-by-step procedures including measurement methods and tools, define quantitative pass/fail criteria or thresholds for each test, and explicitly document how expert feedback shaped the testing plan. Additionally, linking all stated requirements, including budget and schedule, to specific tests would strengthen requirement coverage and alignment.",2,2.8
Case047_43434.pdf,,Placeholder text for scoring.,4,3,4,3,4,3,3,3,2,4,,,,,,,,,,"The testing plan explicitly addresses four major inferred requirements: assembly time, size (volume), weight, and trapping effectiveness. Each requirement is connected to a specific test procedure, demonstrating many major requirements are tested. However, the plan does not cover all possible design requirements such as durability or safety, so it is not a perfect 5. | Testing procedures are generally clear and logical with step-by-step instructions for each test. However, some details are missing, such as exact measurement methods for volume, how many trials per test, or controls for environmental variables during effectiveness testing. The procedures are replicable but could be more detailed. | The plan includes multiple locations for effectiveness testing but does not specify the number of trials per location or for other tests. The lack of explicit trial counts and limited detail on repeated measures limits the quantity of tests planned. | The plan includes some thresholds (e.g., assembly under 10 minutes, volume under 14 cubic inches, weight under one pound) and mentions testing in multiple locations for accuracy. However, it lacks explicit pass/fail criteria, measurable success thresholds for effectiveness, or detailed evaluation logic linking outcomes to requirements. | One expert, Ms. Z, reviewed the testing plan and provided feedback that was incorporated, such as adjusting test order and specifying maximum volume. This shows expert involvement with documented response, supporting a score of 3.","The testing plan effectively addresses several key design requirements, including assembly time, size, weight, and trapping effectiveness, which were logically inferred from the testing content. This alignment demonstrates a solid understanding of the project’s priorities, though some additional requirements like durability or safety were not considered. The procedures are generally clear and follow a logical sequence, making replication feasible. However, some procedural details are lacking, such as precise measurement methods for volume and the number of trials, which could affect repeatability and data reliability.

The quantity of testing is somewhat limited due to the absence of explicit trial counts and detailed repetition plans, especially for the effectiveness tests. While the plan includes thresholds for assembly time, size, and weight, it lacks clear pass/fail criteria or measurable success metrics for insect trapping efficiency, reducing the overall evaluation rigor. The involvement of a field expert, Ms. Z, who provided actionable feedback that was incorporated, strengthens the plan’s credibility and thoroughness.

To improve, the team should specify the number of trials per test and include detailed measurement techniques, especially for volume and effectiveness. Defining clear pass/fail criteria and measurable success thresholds for all requirements would enhance evaluation clarity. Additionally, expanding testing to cover other relevant requirements and documenting environmental controls during effectiveness tests would increase robustness. Continued expert consultation with documented iterative revisions is also recommended.","The testing plan effectively identifies and addresses several key design requirements such as the stability, transportability, and mute functionality of the gong stand, inferred from the testing content. However, some important requirements like budget and deadline adherence are mentioned but not linked to any testing procedures, limiting comprehensive coverage. The plan benefits from clear connections between tests and requirements but could improve by explicitly including all major requirements.

Testing procedures provide a general overview of the tests with some setup descriptions and expected outcomes, but they lack sufficient detail to ensure replicability. Important details such as measurement methods, tools, and precise sequences are missing, which could hinder consistent execution by others. The planned test quantity is minimal, with only three trials per test, which is insufficient for robust evaluation and statistical confidence.

The logic behind the testing plan includes qualitative expected results and goals but lacks measurable thresholds, pass/fail criteria, or tolerances, reducing the rigor of evaluation. Expert involvement is a strength, with two named experts providing feedback that influenced material choices and design criteria, though explicit revisions to the testing plan based on this feedback could be more clearly documented.

To improve, the team should: 1) explicitly connect all major requirements to specific tests, including budget and deadline considerations; 2) enhance procedure detail by specifying tools, measurement techniques, and step-by-step actions; 3) increase the number of trials per test to at least seven for reliability; and 4) define measurable success criteria and thresholds to strengthen evaluation logic. These improvements will increase the testing plan’s clarity, rigor, and effectiveness.",3.6,2.8
Case048_01000.docx,,Placeholder text for scoring.,0,1,0,0,0,2,2,1,1,1,,,,,,,,,,"The testing plan addresses many major requirements including structure dimensions, roof stability, openings, furniture, finishings, cost, and fire safety timing. Each requirement is linked to specific test procedures. However, some requirements like wall and floor finishings have less detailed testing, and cost testing is minimal. | Testing procedures include measurement tools, sequences, and some trial counts, but many steps lack full detail or clarity. For example, the roof removal test is described but lacks precise measurement methods. Fire tests mention safe environments and timers but do not fully specify setup or controls for replication. | Trial counts are specified for some tests (e.g., 12 trials for structure, 7 for fire tests), but others use vague 'as many as needed' or no explicit counts. The quantity is adequate for some requirements but limited or unclear for others. | Pass/fail criteria and goals are provided for most tests with measurable thresholds (e.g., dimension tolerances, time limits). However, some criteria are vague or incomplete, such as the roof removal test's stability and ease criteria, and the furniture material verification lacks clear measurable outcomes. | No evidence of field expert involvement or feedback influencing the testing plan is present.","The testing plan demonstrates a solid effort to address many of the project's high-priority design requirements, including structural dimensions, roof functionality, openings, furniture, cost, and fire safety timing. Requirements were often inferred from the testing content, and most have corresponding test procedures, which strengthens the plan's relevance. However, some areas such as wall and floor finishings and cost documentation lack detailed testing approaches.

Testing procedures include useful details like measurement tools and trial counts for several tests, but many procedures are only partially detailed or lack clarity, which may hinder replicability. For example, the roof removal test and fire suppression setup could benefit from more explicit descriptions of the environment, controls, and measurement methods. Trial quantities are adequate for some tests but vague or missing for others, limiting confidence in comprehensive evaluation.

The plan includes pass/fail criteria and goals with measurable thresholds for many requirements, supporting logical evaluation. Yet, some criteria are imprecise or incomplete, especially regarding furniture materials and roof stability. No evidence of expert feedback or revisions based on such input was found, which could enhance the plan's rigor.

To improve, the team should: 1) provide more detailed, step-by-step testing procedures to ensure replicability; 2) specify exact trial counts for all tests; 3) clarify measurable evaluation criteria, especially for subjective tests like roof removal; and 4) seek and document expert feedback to refine and validate the testing plan.","The testing plan attempts to address some key design requirements, such as removing air from the bag to preserve fruit and sealing the bag effectively. However, these requirements are only loosely connected to the testing procedures, and other important aspects like material cost-effectiveness are not clearly tested. The plan lacks distinct tests aligned to each requirement, limiting its comprehensiveness.

Testing procedures are described in very general terms without sufficient detail to allow replication. Important details such as how measurements will be taken, what variables will be controlled, and how results will be recorded are missing. The plan includes only about three test repetitions, which is insufficient to robustly evaluate the design. Additionally, the testing logic is weak, with no measurable outcomes, pass/fail criteria, or thresholds provided to assess success.

Expert feedback is minimally integrated; although a suggestion about fruit sourcing is mentioned, there is no clear evidence that this influenced the testing plan. To improve, the team should clearly define and connect requirements to specific tests, develop detailed and replicable procedures including measurement methods, increase the number of trials per test, and establish measurable evaluation criteria with thresholds. Incorporating and documenting expert feedback more explicitly would also strengthen the plan.",0.2,1.6
Case049_11112.docx,,Placeholder text for scoring.,1,1,1,1,2,2,2,2,1,1,,,,,,,,,,"The testing plan addresses some major requirements such as sunlight control, size, ease of use, plant-specific functionality, and style. However, not all requirements are clearly or fully tested, and some tests lack clear connection to requirements. | Testing procedures include some steps and tools (e.g., timer, measuring tape, rating scales), but many details are vague or incomplete. Procedures lack full clarity and replicability, with missing specifics on setup, variables, and measurement methods. | Trial counts are low or inconsistently reported (e.g., 2 to 5 trials), and some tests have only one or two trials. The quantity of tests is limited and insufficient to robustly evaluate all major requirements. | The plan includes some pass/fail criteria and goals, but thresholds and measurable evaluation criteria are often vague or missing. Expected results are described but lack precise metrics or tolerances, limiting logical rigor. | Field experts are mentioned and provided general feedback, but no clear evidence shows that the testing plan was revised based on this feedback.","The testing plan demonstrates an attempt to address several important design requirements, including controlling sunlight exposure, device size, ease of use, plant-specific functionality, and aesthetic appeal. However, many requirements are only partially tested or lack clear linkage to specific test procedures, limiting the comprehensiveness of the plan. Procedures include some basic steps and tools but often lack sufficient detail to ensure replicability. For example, the timing and measurement methods are described in general terms without precise instructions or controls, making it difficult for others to reproduce the tests reliably.

The quantity of planned tests is limited, with few trials per test and inconsistent reporting of trial numbers. This restricts the ability to confidently evaluate the design’s performance across all requirements. While some pass/fail criteria and goals are stated, measurable thresholds and evaluation metrics are often vague or missing, reducing the logical rigor of the testing framework. Field expert involvement is noted, but there is no clear evidence that their feedback influenced revisions to the testing plan.

To improve, the student should explicitly link each requirement to distinct, detailed test procedures with clear setup, tools, and measurement methods. Increasing the number of trials and documenting them thoroughly will strengthen test validity. Defining precise pass/fail criteria and measurable thresholds will enhance evaluation logic. Finally, incorporating and documenting specific changes based on expert feedback will demonstrate iterative improvement and deepen the testing plan’s credibility.","The testing plan attempts to address some key design requirements, such as removing air from the bag to preserve fruit and sealing the bag effectively. However, these requirements are only loosely connected to the testing procedures, and important aspects like fruit preservation effectiveness and cost considerations are not explicitly tested. The plan would benefit from clearer alignment between tests and specific requirements.

Testing procedures are described in very general terms, lacking critical details such as measurement methods, variables controlled, and precise steps. This vagueness hinders replicability and reduces the reliability of the results. The quantity of testing is minimal, with only a vague mention of three repetitions, which is insufficient to robustly evaluate the design.

The plan lacks a logical evaluation framework; no measurable outcomes, pass/fail criteria, or thresholds are provided to assess success. While an expert’s feedback is noted, it does not appear to have influenced the testing approach. To improve, the team should define clear, measurable requirements and link tests directly to them, develop detailed, replicable procedures including measurement and control of variables, increase the number of trials per test, and establish explicit success criteria. Additionally, incorporating expert feedback into test revisions would strengthen the plan’s rigor and relevance.",1.2,1.6
Case050_12110.docx,,Placeholder text for scoring.,1,2,1,1,0,2,2,2,2,3,,,,,,,,,,"The testing plan addresses many major inferred requirements with distinct tests for clamping, sturdiness, adjustability, and cost. The sturdiness test was revised to better align with the weight requirement after expert feedback, showing improved connection to the design brief. However, the cost test is minimal with only one trial and limited detail. | Testing procedures include basic step sequences and trial counts, but lack detailed descriptions of setup, tools, measurement methods, and controlled variables. For example, 'apply pressure' is vague and no instrumentation or measurement techniques are described, limiting replicability. | Each major test includes some trial counts (mostly 3 trials), which is a reasonable start but below the preferred 7+ trials for robustness. The cost test has only one trial, limiting evaluation. Overall, testing quantity is adequate to cover some requirements but could be expanded. | The plan provides some expected results and pass/fail criteria, such as clamp holding or bending, and cost thresholds. However, measurable outcomes, thresholds, and success criteria are often vague or qualitative. The sturdiness test lacks clear measurable metrics despite expert feedback suggesting weight-based criteria. | Two field experts are named with documented feedback incorporated into the revised testing plan, especially improving the sturdiness test. The feedback is paraphrased and clearly influenced the plan, meeting criteria for a score of 4.","The testing plan demonstrates a solid effort to address the project’s major design requirements, including clamping ability, sturdiness, adjustability, and cost effectiveness. The inclusion of distinct tests for each requirement and the incorporation of expert feedback to better align the sturdiness test with a specific weight criterion are notable strengths. However, some requirements, such as cost, are tested with minimal trials and limited procedural detail.

While the procedures outline basic steps and trial counts, they lack sufficient detail to ensure replicability. Important aspects such as measurement methods, tools, and controlled variables are not described, and vague terms like 'apply pressure' reduce clarity. The quantity of tests is moderate, with three trials per test being a reasonable start but fewer than the recommended number for robust evaluation. The cost test’s single trial is particularly limited.

The logic of the plan includes some pass/fail criteria and expected outcomes, but these are often qualitative rather than measurable. Clear thresholds and quantitative success criteria would strengthen the evaluation framework. The documented expert feedback and subsequent revisions demonstrate valuable external input, enhancing the plan’s quality.

To improve, the team should: 1) provide detailed, replicable procedures including measurement tools and controlled variables; 2) increase the number of trials per test to improve statistical reliability; 3) define clear, quantitative pass/fail criteria and measurable outcomes for all tests; and 4) expand cost testing to include multiple trials or detailed cost analysis. These steps will enhance the rigor, clarity, and effectiveness of the testing plan.","The submitted document does not provide any specific testing plan or data collection details related to the project’s design requirements. As a result, no requirements could be inferred or linked to testing procedures, which is a critical weakness in addressing the core purpose of Element H. Without concrete tests, the plan cannot demonstrate how the design will be validated or verified.

Additionally, the document lacks any detailed or replicable testing procedures. There are no descriptions of test setups, tools, variables, or sequences of actions, making it impossible for others to reproduce or evaluate the tests. The absence of planned test quantities, trial counts, or coverage further limits the ability to assess the design’s performance comprehensively.

The testing plan also misses logical evaluation criteria such as expected results, pass/fail thresholds, or measurable outcomes, which are essential for objective assessment. Moreover, there is no evidence of field expert feedback or revisions based on such input, which could have strengthened the plan’s validity.

To improve, the student should explicitly list major design requirements and develop detailed, replicable test procedures for each. Including measurable success criteria and planned trial counts will enhance rigor. Incorporating and documenting feedback from at least two relevant field experts, with clear revisions, will further improve the plan’s credibility and effectiveness.",1,0
Case051_44323.pdf,,Placeholder text for scoring.,4,4,3,2,3,4,3,3,2,4,,,,,,,,,,"The testing plan addresses many major inferred requirements with distinct tests for clamping, sturdiness, adjustability, and cost. The sturdiness test was revised to better align with a weight requirement based on expert feedback, showing improved connection to the design brief. However, the cost test is minimal with only one trial and the sturdiness test still lacks precise measurement of the 230-gram load. | Testing procedures include basic step sequences and trial counts, but lack detailed descriptions of tools, measurement methods, or controlled variables. For example, 'apply pressure' is vague and does not specify how pressure is measured or applied. The cost test is simply a review without detailed procedure. Replicability is limited by these omissions. | Each major test includes some trial counts (mostly 3 trials), which is a reasonable start but below the preferred 7 or more trials for robustness. The cost test has only one trial, limiting evaluation. The quantity of tests covers most requirements but with minimal repetition and limited depth. | The plan includes some expected results and pass/fail criteria, such as clamp holding or bending, and cost under $50. However, thresholds and measurable evaluation criteria are vague or missing, e.g., 'apply pressure' is not quantified, and the sturdiness test does not explicitly confirm the 230-gram load. This weakens the logic and evaluation framework. | Two field experts reviewed the plan, with detailed feedback from Dr. Jennifer Love incorporated into revisions, especially improving the sturdiness requirement. The document shows evidence of expert-informed changes, though only one expert's feedback is detailed.","The testing plan demonstrates a solid effort to address key design requirements such as clamping ability, sturdiness, adjustability, and cost effectiveness. The inclusion of distinct tests for each requirement and the incorporation of expert feedback to refine the sturdiness test are strengths. However, some requirements, particularly the cost and sturdiness under a specific load, are tested with minimal depth or precision.

Testing procedures provide basic step-by-step actions and trial counts, but lack sufficient detail to ensure replicability. Important details such as measurement methods, tools used, and controlled variables are missing, which limits the clarity and effectiveness of the testing. The number of trials per test is modest, with three trials common but fewer for cost evaluation, suggesting the need for more extensive testing to improve reliability.

The logic behind the testing plan includes some pass/fail criteria and expected outcomes, but measurable thresholds and quantitative evaluation criteria are often vague or absent. This reduces the ability to objectively assess success. The involvement of field experts is a notable strength, with clear evidence that feedback was used to improve the plan. To enhance the testing plan, the team should specify measurement techniques and tools, increase trial counts, define precise pass/fail thresholds especially for load testing, and expand cost testing procedures. Additionally, documenting feedback from multiple experts and how it shaped the plan would further strengthen the approach.","The testing plan demonstrates a solid effort to address the project’s major design requirements, including clamping ability, sturdiness, adjustability, and cost effectiveness. The inclusion of distinct tests for each requirement and the incorporation of expert feedback to refine the sturdiness test are strengths. However, some requirements, such as cost effectiveness, are tested with minimal depth and trial quantity.

Testing procedures provide basic step sequences and trial counts, but lack sufficient detail to ensure replicability. Key elements such as measurement methods, tools, and controlled variables are often missing or vague, particularly in the sturdiness and cost tests. The number of trials per test is limited, with most tests having only three trials and the cost test only one, which may not provide robust data for evaluation.

The logic of the testing plan includes some expected outcomes and pass/fail criteria, but these are often qualitative and lack measurable thresholds or tolerances. The plan would benefit from clearer, quantifiable success criteria and more precise evaluation metrics. Expert feedback was effectively integrated, improving the alignment of tests with design requirements. To enhance the testing plan, it is recommended to increase trial counts, specify measurement tools and procedures, define clear quantitative pass/fail criteria, and expand cost testing with more detailed evaluation steps.",3.2,3.2
Case052_43433.pdf,,Placeholder text for scoring.,4,3,4,3,3,4,3,3,2,4,,,,,,,,,,"The testing plan addresses only a few requirements explicitly, mainly ice melting and temperature control. The robot movement requirement is mentioned but lacks clear testing connection. Overall, only limited requirements have associated test procedures. | Testing procedures are vague and incomplete. Setup details are minimal, with no clear description of tools, variables, or step-by-step actions. Number of trials is low and not well justified. Replicability is weak due to lack of detail. | Testing quantity is limited, with only 1 to 3 trials planned per test. The plan does not cover multiple trials per major test or a broad range of requirements, limiting the ability to evaluate design robustness. | The plan includes some pass/fail criteria and goals but lacks measurable thresholds, tolerances, or detailed expected result ranges. The logic connecting test outcomes to requirements is weak and partially unclear. | One field expert's feedback is documented and incorporated into a revised testing plan, showing some expert influence. However, only one expert is mentioned, and the feedback is limited.","The testing plan attempts to address key design requirements such as melting ice and controlling temperature, but it only covers a few requirements with limited depth. The connection between requirements and testing is weak, and some requirements like robot movement are mentioned without clear testing procedures. Testing procedures lack sufficient detail to ensure replicability; critical elements such as tools, variables, and step-by-step actions are missing or vague. The number of trials planned is low, with only one to three trials per test, which is insufficient to robustly evaluate the design under varied conditions. The logic of the testing plan includes basic pass/fail criteria but lacks measurable thresholds, tolerances, or detailed expected result ranges, limiting the ability to objectively assess success. Field expert involvement is evident with one expert providing feedback that was incorporated, which is a positive aspect, but more expert input would strengthen the plan. To improve, the student should explicitly link all major requirements to distinct tests, provide detailed, replicable procedures including setup and measurement methods, increase the number of trials to at least seven per test, and define clear, measurable success criteria with thresholds. Additionally, seeking feedback from multiple field experts and documenting how their input refines the plan would enhance credibility and rigor.","The testing plan effectively addresses several key design requirements, including clamping ability, sturdiness, adjustability, and cost. The inclusion of distinct tests for each requirement demonstrates a solid understanding of the project goals. Notably, the sturdiness test was improved following expert feedback to better reflect the design brief’s weight support requirement, enhancing alignment with project priorities. However, some requirements, such as cost effectiveness, are tested with minimal detail and limited trials.

Testing procedures provide basic step-by-step actions and trial counts, but lack sufficient detail to ensure replicability. Critical information such as measurement tools, controlled variables, and precise methods for applying pressure or assessing sturdiness is missing. The quantity of tests is consistent but minimal, with three trials per major test and only one for cost, which may limit statistical confidence. The logic of the plan includes pass/fail criteria and expected outcomes, but these are often qualitative rather than quantitatively measurable, reducing clarity in evaluation.

Field expert involvement is a strong aspect, with at least two experts reviewing the plan and feedback from Dr. Jennifer Love clearly incorporated. To improve, the team should: 1) specify measurement methods and tools for applying and quantifying pressure; 2) increase trial counts to strengthen statistical validity; 3) define quantitative thresholds for pass/fail criteria; and 4) expand the cost testing procedure to include detailed cost tracking and verification steps. These improvements will enhance the rigor, clarity, and replicability of the testing plan.",3.4,3.4
Case053_44412.docx,,Placeholder text for scoring.,4,4,4,1,2,3,2,2,2,1,,,,,,,,,,"The testing plan loosely addresses the requirement to remove air from the bag to preserve fruit freshness, but it lacks clear connection between distinct requirements and specific tests. Only a few requirements are minimally tested through vague inspection steps. | The procedure provides a basic sequence of actions but lacks sufficient detail on setup, measurements, variables, and controls. Instructions such as 'Place the stuff' and 'Write down stuff' are vague and do not support replicability. | The plan mentions repeating the test 'maybe 3 times,' which is minimal and insufficient for robust evaluation. Testing quantity is limited and does not cover multiple trials per requirement. | There is minimal explanation of expected results, measurable outcomes, or pass/fail criteria. The plan states the test will show what needs improvement but lacks thresholds, success criteria, or logical evaluation framework. | An expert is mentioned with a suggestion about fruit source, but no evidence shows that this feedback influenced or revised the testing plan.","The testing plan attempts to address the key design requirement of removing air from the bag to preserve fruit freshness, but it does so in a very limited and vague manner. The requirements are mostly inferred rather than explicitly stated, and the connection between requirements and testing is weak. The procedures lack sufficient detail and clarity, making it difficult for others to replicate the tests. Important elements such as specific measurements, controlled variables, and detailed steps are missing. The plan includes only a minimal number of trials, which is insufficient to reliably evaluate the design’s effectiveness. Furthermore, the testing logic is underdeveloped, with no clear pass/fail criteria, measurable outcomes, or thresholds to determine success. Although an expert is mentioned, there is no indication that their feedback led to any changes in the testing approach. To improve, the team should clearly define and link requirements to specific tests, develop detailed and replicable procedures including measurement methods, increase the number of trials to ensure statistical relevance, and establish measurable success criteria. Additionally, incorporating and documenting expert feedback to refine the testing plan would strengthen the overall rigor and credibility of the evaluation.","The submitted document lacks any explicit or implicit testing plan addressing the project’s design requirements. No requirements could be inferred from the content, as there is no description of tests or how they relate to design goals. This absence severely limits the ability to evaluate how well the design will be validated.

Testing procedures are not described at all, so there is no information on how tests would be conducted, what tools or measurements would be used, or how results would be recorded. Without such details, the plan is not replicable or actionable. Additionally, no test quantity or trial counts are mentioned, making it impossible to assess whether the testing would be sufficient to evaluate the design.

The document also lacks any logical framework for evaluating test outcomes, such as expected results, pass/fail criteria, or thresholds. While field experts are mentioned, their feedback is vague and not linked to any revisions or improvements in the testing plan. To improve, the team should clearly identify key design requirements and develop detailed, replicable test procedures that directly address those requirements. Including measurable evaluation criteria and multiple trials per test will strengthen the plan. Finally, documenting specific expert feedback and how it influenced testing will enhance credibility and rigor.",3,0.2
Case054_54530.pdf,,Placeholder text for scoring.,5,4,5,3,0,4,3,3,3,0,,,,,,,,,,"The testing plan addresses only a few inferred requirements, mainly the removal of air using the blow dryer and sealing the bag. However, there is no clear testing of the effectiveness of preservation or material suitability beyond vague mentions. | The procedure is described in very general terms with minimal detail. Key elements such as exact setup, measurement methods, variables, and controls are missing, making replication difficult. | The plan mentions repeating the test 'maybe 3 times' but lacks clarity on trial counts, multiple tests, or coverage of different requirements, indicating minimal testing quantity. | There is minimal logic or measurable evaluation criteria. No pass/fail criteria, thresholds, or expected measurable outcomes are provided, only vague statements about improvement. | One expert is mentioned with a suggestion about fruit source, but no evidence shows that this feedback influenced or revised the testing plan.","The testing plan attempts to address some key design requirements, such as removing air from the bag to preserve fruit and sealing the bag effectively. However, these requirements are only loosely connected to the testing procedures, and other important aspects like material suitability are not clearly tested. The procedures lack sufficient detail and clarity; critical information such as specific setup steps, measurement methods, and variables is missing, which hinders replicability. The plan mentions repeating tests about three times, but this is vague and insufficient to thoroughly evaluate the design requirements. There is no clear logic or measurable criteria for evaluating success, such as pass/fail thresholds or expected outcomes, which limits the ability to assess performance objectively. Although an expert is mentioned, their feedback appears limited and does not seem to have influenced the testing plan meaningfully. To improve, the team should explicitly link each major requirement to specific tests, provide detailed, step-by-step procedures including measurement methods, increase the number of trials with clear counts, and define measurable success criteria. Additionally, incorporating and documenting expert feedback to refine the testing plan would strengthen the overall rigor and credibility of the evaluation.","The testing plan demonstrates a solid effort to address key design requirements such as structural dimensions, roof stability, openings, furniture materials, cost, and fire safety timing. Many requirements are clearly linked to specific tests, allowing for targeted evaluation. However, some areas like wall and floor finishings and cost documentation lack detailed testing procedures, which weakens the overall coverage.

Testing procedures include useful details such as measurement tools and trial counts for several requirements, supporting replicability. Yet, some procedures are vague or incomplete, particularly for fire suppression and detection tests, where setup and control details are insufficient. Trial counts are specified for critical tests but are vague or open-ended for others, limiting confidence in test adequacy.

The plan benefits from measurable pass/fail criteria and goals with tolerances for many tests, but some lack explicit thresholds or detailed expected outcomes, reducing logical clarity. No evidence of expert feedback or revisions based on such input is present, missing an opportunity to strengthen the plan.

To improve, the team should provide more detailed, step-by-step procedures for all tests, especially fire safety tests; specify exact trial counts and conditions for all requirements; include explicit measurable thresholds and expected results for every test; and seek and document expert feedback to refine and validate the testing approach.",3.4,2.6
Case055_43322.pdf,,Placeholder text for scoring.,4,3,3,2,2,4,3,2,2,3,,,,,,,,,,"The testing plan addresses some major requirements such as stability, transportability, mute functionality, and durability. However, budget and deadline adherence are mentioned as requirements but are not connected to any testing procedures. The plan tests four distinct functional requirements but does not fully cover all stated priorities. | Testing procedures include some setup descriptions and expected results, but lack detailed steps, tools, measurement methods, and controlled variables. The procedures are partially clear but insufficiently detailed for full replication. | The plan specifies three trials per test, which is a reasonable quantity for initial evaluation. Testing covers multiple requirements but does not include extensive trials or detailed plans for repeated measures or varied conditions. | The plan provides expected ranges, minimum results, and goals for some tests, but lacks measurable thresholds, pass/fail criteria, or quantitative evaluation metrics. The logic is partially developed but incomplete for rigorous assessment. | Two field experts are named with feedback incorporated into material choices and design criteria. The document shows evidence of expert input influencing the plan, though the direct impact on testing procedures is not fully detailed.","The testing plan effectively identifies and addresses several key design requirements such as the stability, transportability, and mute functionality of the gong stand, inferred from the testing content. However, some important requirements like budget and deadline adherence are mentioned but not linked to any testing, limiting comprehensive coverage. The procedures provide a general overview of tests with setup and expected outcomes, but lack detailed, step-by-step instructions, measurement methods, and control of variables, which reduces replicability.

The plan includes a reasonable number of trials (three per test), supporting moderate confidence in results, but could benefit from more extensive testing and varied conditions to strengthen evaluation. While expected results and goals are stated, the absence of quantitative thresholds or clear pass/fail criteria weakens the logical rigor of the evaluation framework. Expert involvement is a strong point, with two named professionals providing feedback that influenced material and design decisions, though the direct impact on testing procedures could be more explicitly documented.

To improve, the team should develop detailed, replicable test procedures including tools and measurement methods; define measurable success criteria with quantitative thresholds; expand trial numbers and test conditions for robustness; and clearly document how expert feedback shaped testing methods. These steps will enhance the testing plan’s clarity, rigor, and alignment with all major requirements.","The testing plan effectively addresses several key design requirements, including assembly time, size, weight, and insect trapping effectiveness, which were logically inferred from the testing content. This comprehensive coverage demonstrates a strong focus on critical project goals. However, the connection between the effectiveness test and measurable success criteria could be strengthened to better evaluate performance.

Procedures are generally clear and include necessary tools and steps, but some lack sufficient detail for full replicability. For instance, the efficiency test does not specify how insect capture will be quantified or controlled, which may affect consistency. Additionally, the plan does not specify the number of trials or repetitions for any test, limiting confidence in the robustness of the data collected.

The testing plan includes some measurable thresholds for assembly time, size, and weight, but lacks explicit pass/fail criteria and detailed evaluation logic, especially for effectiveness. The involvement of a field expert, Ms. Z, who provided actionable feedback and influenced the plan, is a notable strength.

To improve, the team should: 1) define clear, quantitative success criteria for insect trapping effectiveness; 2) specify the number of trials and repetitions for each test to ensure data reliability; 3) enhance procedural detail to enable full replication, including measurement methods and controls; and 4) explicitly link test outcomes to pass/fail thresholds to strengthen evaluation logic.",2.8,2.8
Case056_43433.pdf,,Placeholder text for scoring.,4,3,4,3,3,4,3,2,2,3,,,,,,,,,,"The testing plan addresses some major requirements such as stability, transportability, mute functionality, and durability. However, budget and deadline adherence are mentioned as requirements but are not connected to any testing procedures. The plan tests four distinct functional requirements but does not fully cover all stated priorities. | Testing procedures include some setup descriptions and expected results, but lack detailed steps, tools, measurement methods, and controlled variables. For example, the mute test mentions shifting mute arms repeatedly but does not specify how to measure force or smoothness. Procedures are partially clear but insufficient for full replication. | The plan states three trials per test, which is minimal and below the preferred seven or more trials. While multiple tests cover several requirements, the low trial count and lack of detailed test variations limit the quantity and robustness of testing. | The plan provides some expected ranges, minimum results, and goals, but these are mostly qualitative and lack measurable thresholds or pass/fail criteria. The logic connecting outcomes to requirements is weak, and some evaluation criteria are vague or incomplete. | Two field experts are named with feedback incorporated into material choices and design criteria. The document shows evidence of expert input influencing the plan, though specific revisions to the testing plan itself are not fully detailed.","The testing plan demonstrates a reasonable effort to address key design requirements such as stability, transportability, mute functionality, and durability, inferred from the testing content. However, some important requirements like budget and deadline adherence are mentioned but not linked to any testing, limiting comprehensive coverage. The procedures provide basic descriptions and expected outcomes but lack sufficient detail, such as specific measurement methods, tools, and controlled variables, which reduces replicability.

The planned testing quantity is minimal, with only three trials per test, which may not provide robust data to confidently evaluate the design. The logic of the plan includes qualitative expected results and goals but lacks measurable thresholds or clear pass/fail criteria, making evaluation subjective. Expert involvement is a strength, with two named professionals providing feedback that influenced material and design decisions, though explicit evidence of revisions to the testing plan based on this feedback is limited.

To improve, the team should develop more detailed, step-by-step testing procedures including measurement tools and variables; increase the number of trials to strengthen data reliability; define clear, quantitative success criteria and thresholds for each test; and explicitly document how expert feedback shaped the testing plan. These enhancements will increase the rigor, clarity, and effectiveness of the prototype testing.","The testing plan effectively addresses several key design requirements, including assembly time, size, weight, and insect trapping effectiveness, which were logically inferred from the testing content. This alignment demonstrates a solid understanding of the project goals. However, the plan could be strengthened by explicitly stating all major requirements and ensuring comprehensive coverage, including aspects like durability or safety.

Procedures are outlined with clear steps and tools, making them generally replicable. Yet, some details are missing, such as precise measurement methods for size and the number of trials for each test, which would improve clarity and repeatability. The quantity of testing is limited, with no explicit trial counts except for multiple locations in the effectiveness test. Including multiple trials per test and specifying repetition would enhance the robustness of the evaluation.

The logic behind the testing plan includes some measurable thresholds, but lacks clear pass/fail criteria and expected outcomes, especially for effectiveness. Incorporating explicit success criteria and measurable goals would improve the evaluation framework. The involvement of one field expert who provided actionable feedback and influenced the plan is a strength, though additional expert input could further refine the testing approach.

Recommendations include: 1) specifying the number of trials for each test to ensure statistical validity; 2) defining clear pass/fail criteria and measurable success thresholds for all requirements; 3) detailing measurement methods and controls to improve replicability; and 4) seeking feedback from additional experts to broaden the plan’s rigor and realism.",3.4,2.8
Case057_53523.docx,,Placeholder text for scoring.,5,3,5,2,3,4,4,4,3,3,,,,,,,,,,"No testing plan or test procedures are described; no requirements are addressed or tested. | No testing procedures or methods are provided; no details for replication. | No tests or trials are planned or described. | No explanation, logic, or evaluation framework for testing is provided. | No mention of field expert involvement or feedback.","The document does not present any prototype testing or data collection plan, resulting in no addressed design requirements. Without a testing plan, it is impossible to infer or evaluate how the project’s major requirements would be verified or validated. The absence of any described procedures means there is no clarity or detail to support replicability or effectiveness of testing. Additionally, no information about the quantity or scope of tests is provided, so the adequacy of testing coverage cannot be assessed. The document also lacks any logical framework, measurable outcomes, or pass/fail criteria that would guide evaluation of the design. Furthermore, there is no evidence of field expert involvement or feedback influencing the testing approach. To improve, the team should first clearly identify and state their key design requirements. Then, they should develop detailed, step-by-step testing procedures including setup, tools, variables, and measurements to ensure replicability. Planning multiple trials per test and defining measurable success criteria or thresholds will strengthen evaluation rigor. Finally, seeking and incorporating feedback from relevant field experts can enhance the testing plan’s validity and completeness.","This submission consists solely of a template and guidance text for developing a prototype testing and data collection plan, without any actual testing content. As a result, no design requirements could be identified or inferred from the document, and no testing procedures, trial counts, or evaluation criteria were provided. The absence of concrete tests means there is no evidence of how the project’s major requirements would be addressed or measured.

The document lacks any detailed or replicable testing procedures, including setup, tools, variables, or measurement methods. Without these, the plan cannot be replicated or evaluated for effectiveness. Additionally, no information about the quantity of tests or number of trials is included, so the adequacy of testing coverage cannot be assessed. The testing logic is also missing; there are no expected results, pass/fail criteria, or measurable outcomes described.

No field expert involvement or feedback is documented, so there is no evidence of expert review or incorporation of suggestions. To improve, the student should explicitly list and connect major design requirements to specific tests, provide detailed step-by-step procedures with measurement methods, define trial counts and testing frequency, and include clear pass/fail criteria or thresholds. Incorporating and documenting feedback from qualified field experts would further strengthen the testing plan’s rigor and credibility.",3.6,0
Case058_32423.docx,,Placeholder text for scoring.,3,2,4,2,3,0,0,0,0,0,,,,,,,,,,"No testing plan or procedures are described; no requirements are connected to any tests. | No testing procedures or methods are provided; no details for replication. | No tests or trials are planned or described. | No explanation, logic, or evaluation framework for testing is provided. | No mention of field expert involvement or feedback.","The document does not provide any testing plan or data collection strategy, making it impossible to infer or evaluate how the project’s design requirements would be addressed through testing. Without any described tests, no requirements can be identified or linked to test procedures, resulting in a complete lack of evidence for requirement coverage. The absence of any testing procedures means there is no information on how tests would be conducted, measured, or replicated, which is critical for validating design performance.

Furthermore, no quantity of tests or trial counts are mentioned, so the adequacy of testing to evaluate the design cannot be assessed. The document also lacks any logical framework, measurable outcomes, pass/fail criteria, or thresholds that would guide evaluation of the prototype’s success. Additionally, there is no indication that field experts reviewed or influenced the testing plan, which could have strengthened the approach.

To improve, the team should first clearly identify and state their major design requirements. Then, they should develop detailed, replicable testing procedures that directly address these requirements, including specific measurements and trial counts. Establishing measurable success criteria and expected outcomes will enhance evaluation rigor. Finally, seeking and incorporating feedback from relevant field experts can improve the testing plan’s quality and credibility.","This submission provides only a blank template and general guidance for developing a prototype testing and data collection plan, without any actual testing content. As a result, no design requirements could be identified or inferred from the document, and no testing procedures or plans are described. The absence of any test methods, trial counts, or measurable evaluation criteria means the testing plan does not address any project requirements. Furthermore, the document lacks any detailed or replicable procedures, making it impossible for others to reproduce or validate the tests. There is also no evidence of logical evaluation criteria such as pass/fail thresholds or expected results, which are essential for meaningful testing. Additionally, no field experts are mentioned or involved, and no feedback or revisions are documented. To improve, the student should explicitly list the major design requirements and develop corresponding, detailed test procedures that include setup, variables, measurements, and sequence of actions. They should plan multiple trials per test to ensure reliability and define clear pass/fail criteria with measurable outcomes. Incorporating feedback from qualified field experts and documenting how that feedback shapes the testing plan will also strengthen the submission. Including photos or diagrams to clarify test setups would further enhance replicability and clarity.",2.8,0
Case059_20000.pdf,,Placeholder text for scoring.,2,0,0,0,0,2,1,1,1,3,,,,,,,,,,"The testing plan addresses many major inferred requirements including load-bearing capacity, environmental stability, material and joint strength, and functional usability. However, some requirements like safety and ease of installation are mentioned but lack explicit test methods. | Testing procedures include load-bearing experiments and simulated wind resistance tests with some detail on incremental weights and environmental conditions. However, specifics on setup, tools, measurement methods, and exact sequences are lacking, limiting replicability. | The plan specifies at least five cycles of load and environmental testing, which is moderate but below the preferred seven or more trials. The quantity is sufficient to evaluate some but not all requirements comprehensively. | The plan mentions failure thresholds and incremental loading but lacks explicit measurable outcomes, pass/fail criteria, or thresholds. Expected results are implied but not clearly defined, limiting logical evaluation. | Field experts such as zookeepers and structural engineers are identified as sources of feedback, and their input is said to guide refinements. However, no specific feedback examples or clear evidence of revisions are provided.","The testing plan demonstrates a solid understanding of the project’s major design requirements, including load capacity, environmental durability, and functional usability. While many key requirements are addressed through physical and mathematical testing, some important aspects such as safety and ease of installation lack explicit test procedures, which limits comprehensive coverage. The procedures described provide a general approach to testing but fall short in detailed descriptions necessary for replication, such as specific tools, measurement techniques, and step-by-step sequences.

The planned quantity of tests, with at least five cycles, is moderate but could be expanded to better ensure reliability and robustness, especially given the critical safety and durability requirements. The logic behind the testing plan is partially developed; although failure thresholds and incremental loading are mentioned, measurable outcomes, pass/fail criteria, and clear evaluation metrics are missing, which weakens the ability to objectively assess success. Expert involvement is a positive aspect, with input from zookeepers and structural engineers acknowledged, but the lack of documented feedback or clear revisions based on their input limits the impact of this collaboration.

To improve, the team should provide detailed, replicable testing procedures including setup and measurement methods; define explicit pass/fail criteria and measurable thresholds; increase the number of test trials to enhance reliability; and document specific expert feedback with corresponding plan revisions. These steps will strengthen the rigor, clarity, and effectiveness of the testing plan.","The testing plan identifies removability and adjustability as key design requirements, with inferred additional focus on comfort and durability. However, the plan lacks clear, structured testing procedures directly linked to these requirements. While removability testing is mentioned, adjustability and other requirements are not clearly tested, limiting the comprehensiveness of the plan.

Testing procedures are described in very general terms without sufficient detail to allow replication. The absence of specific tools, measurements, or step-by-step actions weakens the clarity and effectiveness of the testing approach. Additionally, the quantity of tests is vaguely referenced as daily trials but lacks explicit counts or structured plans, making it difficult to assess adequacy.

The logic behind the testing plan is minimal, with no measurable outcomes, pass/fail criteria, or thresholds provided. This limits the ability to objectively evaluate design success. Expert feedback from Vanderbilt professors and Mr. Kiser is noted and appears to have influenced design modifications, which is a positive aspect.

To improve, the team should develop detailed, replicable test procedures with clear steps and measurement methods. Explicitly connect each test to specific requirements and define measurable success criteria. Document trial counts and ensure sufficient testing coverage. Finally, clearly describe how expert feedback shaped the testing plan and design revisions to strengthen credibility and rigor.",0.4,1.6
Case060_01520.docx,,Placeholder text for scoring.,0,1,5,2,0,3,2,2,2,0,,,,,,,,,,"The testing plan addresses many major requirements: functionality is tested by applying increasing weights and observing stability; sustainability is evaluated by material classification and cost; aesthetics are assessed via student ratings with a rubric. Each requirement is connected to specific test methods. However, the sustainability test lacks detailed procedures and measurable metrics beyond material classification, limiting completeness. | Testing procedures for functionality include setup and weight increments but lack detailed measurement tools or control of variables. Sustainability testing is vague, with no clear procedure for material evaluation. Aesthetics testing includes a rubric but lacks detailed instructions on how ratings are collected or standardized. Overall, procedures are adequate but partially unclear and incomplete for full replication. | The plan includes multiple trials for functionality (3 trials per weight case, total 9), and 7 student ratings for aesthetics, which is reasonable. However, sustainability testing lacks trial counts or repeated measures. Testing quantity is sufficient to evaluate some but not all requirements comprehensively. | The plan provides pass/fail criteria and goals for functionality and sustainability, and a rating rubric for aesthetics. Expected results and thresholds are stated but lack detailed measurable outcomes or tolerances. The logic is adequate but partially incomplete, especially for sustainability where budget and material reuse are stated but not quantified or measured precisely. | Two stakeholders (Mr. Eisenburg and a student) provided feedback that was incorporated by adding an aesthetics rating rubric and clarifying expected results. This shows one expert's feedback was used to revise the plan, meeting criteria for a score of 3.","The testing plan effectively addresses the project’s major design requirements of functionality, sustainability, and aesthetics, with clear connections between requirements and test methods. Functionality testing is well structured with weight increments and stability observations, while aesthetics testing benefits from a newly added rubric based on stakeholder feedback. Sustainability testing, however, is less developed, lacking detailed procedures and measurable evaluation metrics.

Testing procedures for functionality are described with some detail, including setup and trial counts, but lack specifics on measurement tools and control of variables, limiting replicability. Sustainability testing is vague, and aesthetics testing, though improved with a rubric, does not fully explain rating collection methods. The quantity of tests is adequate for functionality and aesthetics but insufficient for sustainability due to missing trial information.

The plan includes pass/fail criteria and goals, providing a logical framework, but measurable outcomes and thresholds are not fully detailed, especially for sustainability. Expert feedback from two stakeholders was incorporated, improving the aesthetics evaluation, demonstrating responsiveness to critique.

To improve, the team should: 1) provide detailed, replicable procedures for sustainability testing including measurement methods; 2) specify tools and controls for functionality tests to enhance repeatability; 3) quantify sustainability metrics beyond material classification; and 4) clarify how aesthetics ratings are collected and standardized to reduce subjectivity.","The testing plan addresses several key design requirements, including collapsibility, quick accessibility, and capacity to hold over 50 backpacks, with affordability acknowledged but not tested. While the requirements are mostly inferred from the testing content, the plan demonstrates an understanding of the need to evaluate hinge sturdiness and accessibility timing. However, the testing procedures lack sufficient detail to ensure replicability. For example, the timing tests for accessibility do not specify the exact setup, measurement tools, or number of trials, and hinge testing lacks a clear step-by-step method. The quantity of tests planned is limited and vague, with no explicit trial counts or repetition details, which weakens confidence in the robustness of the evaluation. The logic behind the testing plan shows some development, such as redesigning hinges based on test outcomes and timing accessibility to meet unspecified goals, but it lacks measurable thresholds, pass/fail criteria, or clear success metrics. Additionally, there is no evidence of field expert feedback or revisions based on such input. To improve, the team should provide detailed, replicable testing procedures including tools and variables, specify trial counts and repetition for statistical validity, define measurable success criteria with thresholds, and seek expert review to refine the testing plan. These steps will strengthen the rigor and clarity of the prototype evaluation.",1.6,1.8
Case061_00000.pdf,,Placeholder text for scoring.,0,0,0,0,0,0,0,0,0,0,,,,,,,,,,"The testing plan addresses many major requirements: functionality is tested by applying increasing weights and observing stability; sustainability is evaluated by material classification and cost; aesthetics are assessed via student ratings with a rubric. All three major inferred requirements have associated tests, though the sustainability test is more qualitative. | Testing procedures include setup and sequence (placing bookend on flat surface, adding books), and some measurement details (weights, number of trials). However, procedures lack detail on tools used, exact measurement methods, and control of variables. The aesthetics test relies on subjective student ratings without detailed instructions for consistency. | The plan includes multiple trials (3 per weight case, 9 total) for functionality, and 7 student ratings for aesthetics, which is adequate for some requirements. However, sustainability testing lacks trial counts or repeated measures, limiting overall test quantity sufficiency. | The plan provides pass/fail criteria and goals for functionality and sustainability, and a rating rubric for aesthetics, which supports measurable outcomes. However, some criteria are vague (e.g., sustainability budget is $0.00 but no tolerance or detailed thresholds), and expected ranges for aesthetics are subjective. The logic is adequate but could be more thorough. | Two stakeholders (Mr. Eisenburg and a student Aneira) provided feedback, specifically on adding an aesthetics rubric and clarifying expected results. The document shows incorporation of this feedback by including a detailed rating rubric and more detailed expected results for aesthetics, evidencing expert-informed revision.","The testing plan effectively addresses the project’s major design requirements: functionality, sustainability, and aesthetics. Functionality testing is well aligned with requirements by applying increasing weights and observing stability, while sustainability is assessed through material classification and cost considerations. Aesthetics evaluation is enhanced by a student rating rubric, reflecting stakeholder feedback. However, sustainability testing lacks repeated trials or quantitative measures, limiting its robustness.

Testing procedures provide a basic framework including setup and trial counts, but lack detailed descriptions of tools, measurement methods, and controls needed for full replicability. The aesthetics evaluation relies on subjective ratings without clear instructions to ensure consistency. The quantity of tests is adequate for functionality and aesthetics but insufficient for sustainability, which could benefit from more structured trials.

The plan includes pass/fail criteria and goals, supporting measurable outcomes, though some thresholds, especially for sustainability, are vague. The inclusion of a detailed rubric for aesthetics improves evaluation logic. Expert feedback from two stakeholders was incorporated, notably improving the aesthetics testing approach. To enhance the plan, the team should provide more detailed, replicable procedures including measurement tools and controls; increase trial counts for sustainability testing; clarify quantitative thresholds and tolerances; and standardize aesthetics evaluation instructions to reduce subjectivity.","The testing plan lacks any explicit or implicit description of how the project’s major design requirements will be tested. While several requirements such as plant selection, quantity, cost, spacing, and flood reduction are inferred from the text, there is no connection to actual test methods or procedures. This absence of testing detail means the plan does not address the requirements in a meaningful way.

Furthermore, the document provides no information on testing procedures, tools, measurements, or variables, making it impossible for others to replicate or evaluate the tests. There is also no indication of how many tests or trials will be conducted, nor any logic or measurable criteria to assess success or failure. The lack of expected results, thresholds, or pass/fail criteria further weakens the plan’s evaluative framework. Additionally, no field expert involvement or feedback is mentioned, so the plan does not benefit from external validation or improvement.

To improve, the team should clearly define test procedures that directly measure key requirements, including detailed steps, tools, and variables. They should plan multiple trials per test to ensure reliability and specify measurable outcomes with pass/fail criteria. Incorporating feedback from relevant field experts and documenting how this feedback shapes the testing plan would strengthen its rigor and credibility.",0,0
Case062_00000.pdf,,Placeholder text for scoring.,0,0,0,0,0,0,0,0,0,0,,,,,,,,,,"The testing plan clearly addresses multiple major requirements: stability on various flat surfaces, wall mounting strength, and load capacity with sockets. Each requirement is linked to specific test procedures. However, some minor requirements such as durability under repeated mounting or material wear are only partially addressed or implied. | Testing procedures are generally detailed and logical, including setup, sequence, and measurements (e.g., 30 seconds observation, 10 trials per surface, 3 trials for wall mounting). However, some procedural details such as exact measurement tools or environmental controls are missing, limiting full replicability. | The plan includes multiple trials per test (10 trials per surface type, 3 trials for wall mounting), which is sufficient to evaluate most requirements. The quantity of tests is adequate but could be expanded for socket size variation tests, which are only performed once per size. | The plan provides pass/fail criteria and goals with measurable thresholds (e.g., max 0.15 inch shift). However, some expected result ranges and tolerances are vague or missing, and the logic connecting outcomes to requirements is only partially developed. | Two field experts are mentioned with specific feedback on design improvements. However, evidence of revisions to the testing plan based on their feedback is not clearly documented, limiting the score to 3.","The testing plan effectively addresses key design requirements such as prototype stability on various surfaces, wall mounting strength, and load capacity with sockets. These requirements, while not always explicitly stated, are logically inferred from the detailed test procedures. The plan demonstrates a solid understanding of the critical performance aspects of the prototype.

Testing procedures are generally clear and detailed, including specific steps, trial counts, and measurement criteria, which supports replicability. However, some procedural details, such as the exact measurement tools or environmental conditions, are not specified, which could hinder precise replication. The quantity of tests is adequate, with multiple trials for surface stability and wall mounting, though testing across different socket sizes could be expanded.

The plan includes measurable pass/fail criteria and goals, such as limiting prototype shift to 0.15 inches, but some evaluation logic and expected result ranges lack full development. Field expert feedback is incorporated in design considerations, but explicit evidence of testing plan revisions based on this feedback is limited. To improve, the student should specify measurement instruments and environmental controls, expand trials for socket size variations, clarify expected result ranges and tolerances, and document how expert feedback influenced testing adjustments.","The testing plan lacks any explicit or implicit description of how the project’s major design requirements will be tested. While the document references important elements such as plant selection, quantities, costs, and flood reduction goals, it does not connect these requirements to any actual testing procedures or data collection methods. This absence makes it impossible to evaluate how well the plan addresses the project’s needs.

Furthermore, the document provides no detail on testing procedures, making replication or assessment of effectiveness unfeasible. There is no mention of tools, measurements, variables, or step-by-step actions. The plan also lacks any indication of the number or type of tests to be conducted, which means there is no basis to assess whether the testing quantity is sufficient. Additionally, the logic behind the testing plan is missing; no measurable outcomes, success criteria, or evaluation frameworks are described.

Finally, there is no evidence of field expert involvement or feedback influencing the plan. To improve, the team should explicitly define test procedures aligned with each major requirement, include detailed steps and measurement methods, plan multiple trials to ensure reliability, and establish clear pass/fail criteria or thresholds. Incorporating feedback from relevant experts and documenting how it shapes the testing plan would also strengthen the approach.",0,0
Case063_53540.pdf,,Placeholder text for scoring.,5,3,5,4,0,4,3,3,3,0,,,,,,,,,,"The testing plan clearly addresses two major inferred requirements: stability on flat surfaces and load-bearing capacity on a wall. Each requirement is linked to specific test procedures. However, only two major requirements are tested, so the score is 4 rather than 5. | Testing procedures are generally detailed and logical, including setup, sequence, and measurements (e.g., 30 seconds observation, 10 trials per surface, 3 trials for wall mounting). Some minor details such as exact measurement tools or environmental controls are missing, limiting replicability slightly. | The plan includes multiple trials per test (10 trials per surface type for sliding test, 3 trials for wall holding test), which is sufficient to evaluate the two main requirements. However, the total number of distinct tests is limited to two major areas. | The plan provides pass/fail criteria and goals with measurable thresholds (e.g., max 0.15 inch shift, prototype must not fall or break). However, expected result ranges and tolerances are only partially developed, and some evaluation logic is implicit rather than fully explained. | Two field experts are mentioned with relevant feedback incorporated (e.g., securing metal pegs with epoxy, material quality). However, the feedback relates more to design than directly to the testing plan, limiting the score to 3.","The testing plan effectively targets two key design requirements: ensuring the prototype remains stable on various flat surfaces without sliding, and confirming it can hold 10 sockets on a wall without failure. These requirements were inferred from the testing content and are well connected to specific test procedures, demonstrating a focused approach to validating critical functions. However, the plan could be strengthened by expanding coverage to additional requirements or failure modes.

Testing procedures are generally clear and detailed, with logical sequences and explicit trial counts that support replicability. The inclusion of multiple trials per surface type and for wall mounting tests shows good planning for reliability. Yet, some procedural details, such as measurement tools or environmental conditions, are not fully specified, which may affect repeatability.

The plan includes measurable pass/fail criteria and goals, such as limiting prototype shift to 0.15 inches and preventing detachment or breakage. While these criteria provide a solid evaluation framework, the expected result ranges and tolerances could be more thoroughly articulated to enhance clarity. Field expert feedback is documented and incorporated, particularly regarding design improvements, though its direct impact on the testing plan is limited.

To improve, the team should: 1) specify measurement instruments and environmental controls to enhance test replicability; 2) expand testing to cover more design requirements or potential failure modes; 3) clarify expected result ranges and tolerances for all tests; and 4) explicitly document how expert feedback influenced testing procedures to strengthen expert-informed revisions.","The testing plan demonstrates a solid effort to address multiple key design requirements, including fire detection and suppression, model realism, timing constraints, measurement accuracy, budget, and furniture mobility. These requirements were mostly inferred from the testing content, showing a reasonable understanding of project goals. However, some requirements, such as budget control and furniture movement, have minimal testing detail and trial counts.

Testing procedures are outlined with basic steps and sequences, but they lack sufficient detail to ensure replicability. Important elements like specific tools, controlled variables, and precise measurement methods are often missing or vague. While the plan includes some trial counts, these are inconsistent across tests, with some having adequate repetitions and others only a single trial, limiting confidence in the results.

The logic of the testing plan includes pass/fail criteria and goals, which is a strength, but measurable thresholds and tolerances are often absent or unclear. This reduces the ability to rigorously evaluate success. Additionally, there is no indication of expert feedback or revisions based on such input, which could have strengthened the plan.

To improve, the team should provide more detailed, step-by-step procedures including tools and variables to enhance replicability; increase and clearly document trial counts for all tests; define explicit measurable thresholds and tolerances for evaluation; and seek and incorporate feedback from field experts to refine the testing plan.",3.4,2.6
Case064_54540.pdf,,Placeholder text for scoring.,5,4,5,4,0,4,3,3,3,0,,,,,,,,,,"The testing plan addresses two major inferred requirements: floating/sinking capability and microplastic collection. However, the floating/sinking requirement is tested multiple times, while the collection system is tested only once. The connection between requirements and tests is present but limited in scope. | Testing procedures are described in very general terms without detailed steps, tools, variables, or controls. Locations and number of tests are mentioned, but the setup, measurement methods, and sequence of actions lack clarity and detail needed for replication. | The quantity of tests is limited: three tests at one location, one in the ocean, and one in a bin for floating/sinking; only one test for microplastic collection. Trial counts are low and insufficient to robustly evaluate requirements. | Some pass/fail criteria and goals are stated (e.g., floats and sinks on command, collects plastics), but expected result ranges, measurable thresholds, tolerances, or detailed evaluation logic are missing, limiting the plan's evaluative rigor. | No evidence of field expert involvement or feedback is provided in the document.","The testing plan identifies two key design requirements: the ROV’s ability to float and sink on command, and its capacity to collect microplastics. These requirements are inferred from the testing descriptions rather than explicitly stated, which somewhat limits clarity. The plan includes multiple tests for floating and sinking but only a single test for the collection system, indicating uneven coverage of requirements.

Testing procedures lack sufficient detail to ensure replicability. While locations and trial counts are mentioned, the absence of detailed setup instructions, measurement methods, and control of variables makes it difficult for others to reproduce the tests reliably. The number of trials is limited, with fewer than the recommended seven trials per test, reducing confidence in the robustness of the results.

The plan includes basic pass/fail criteria and goals but lacks measurable thresholds, expected result ranges, or tolerances, which weakens the logic and evaluative framework. Additionally, there is no indication that field experts reviewed or influenced the testing plan, missing an opportunity to strengthen the approach.

To improve, the team should explicitly state all high-priority requirements, provide detailed, step-by-step testing procedures including tools and variables, increase the number of trials to ensure statistical validity, and define measurable success criteria with thresholds. Incorporating feedback from relevant field experts and documenting resulting revisions would also enhance the plan’s rigor and credibility.","The testing plan demonstrates a solid effort to address multiple key design requirements, including fire detection and suppression, model realism, timing constraints, measurement accuracy, budget, and furniture mobility. These requirements were mostly inferred from the testing content, showing a reasonable understanding of project goals. However, some requirements, such as budget and furniture mobility, have minimal testing detail or trial counts.

Testing procedures are described with basic step sequences and some setup details, but they lack comprehensive clarity and replicability. Important elements like specific tools, measurement methods, and controlled variables are often missing or vague. The quantity of tests is moderate, with some tests having multiple trials, but others are limited or unspecified, reducing confidence in thorough evaluation.

The plan includes pass/fail criteria and goals, such as fire suppression within five minutes and measurement accuracy, which provide a logical evaluation framework. Yet, thresholds and tolerances are inconsistently applied, and some expected results remain qualitative rather than quantitatively measurable. No evidence of expert feedback or revisions based on such input was found.

To improve, the team should: 1) provide more detailed, replicable procedures including tools and measurement methods; 2) increase and clearly document trial counts for all tests; 3) define explicit thresholds and tolerances for all pass/fail criteria; and 4) seek and incorporate feedback from field experts to strengthen the testing plan's rigor and relevance.",3.6,2.6
Case065_32220.pdf,,Placeholder text for scoring.,3,2,2,2,0,3,2,3,2,0,,,,,,,,,,"The testing plan addresses many major inferred requirements such as dimensional fit, strength under weight, connector functionality, stability, and portability. Each requirement is linked to a specific test procedure. However, some requirements like efficiency for carrying and storage are less thoroughly tested. | Testing procedures include basic steps and sequences, such as placing the cable trough, having people of different sizes walk on it, and shaking connectors. However, details on setup, tools, measurement methods, and controls are limited or vague, reducing replicability. | The plan mentions multiple tests per requirement but lacks explicit trial counts (except a vague aim for 7+ trials). Some tests have only one or a few trials described, limiting confidence in robustness and repeatability. | Pass/fail criteria and goals are stated in general terms (e.g., parts fit perfectly, no breakage), but measurable thresholds, tolerances, or quantitative expected ranges are mostly absent. This weakens the logical evaluation framework. | No evidence of field expert involvement or feedback incorporation is present in the document.","The testing plan demonstrates a clear effort to address several key design requirements, including dimensional fit, structural strength, connector functionality, stability, and portability. These requirements were inferred from the testing content, as explicit statements were limited. The plan links each requirement to a corresponding test, which is a strength. However, some requirements, particularly related to efficiency in carrying and storage, are less comprehensively tested.

Testing procedures provide a basic outline of actions, such as placing the cable trough and having individuals of varying sizes walk on it. Yet, the lack of detailed setup descriptions, measurement tools, and controlled variables limits the replicability of these tests. The quantity of testing is minimal, with few explicit trial counts and limited repetition, which reduces confidence in the reliability of results.

The evaluation framework includes pass/fail criteria and goals but lacks measurable thresholds or quantitative expected results, weakening the logic behind test success. Additionally, there is no evidence of field expert feedback or revisions based on such input, which could have strengthened the plan.

To improve, the team should provide detailed, replicable procedures including tools and measurement methods; specify explicit trial counts and multiple repetitions; define measurable pass/fail criteria with tolerances; and seek and document expert feedback to refine the testing plan.","The testing plan demonstrates an attempt to address several inferred major design requirements, including the structural integrity of prototype parts, motor functionality, and weight support capacity. However, key requirements such as programmability and accommodation of seedling trays are mentioned without corresponding tests, limiting comprehensive coverage. The plan would benefit from explicitly linking each requirement to a specific test.

Testing procedures lack sufficient detail and clarity to ensure replicability. Descriptions of setup and methods are minimal, and critical information such as tools used, measurement techniques, and controlled variables is missing. Trial counts are roughly estimated rather than precisely documented, and some requirements receive little to no testing, reducing confidence in the evaluation.

While some pass/fail criteria and goals are stated, they are often vague and lack measurable thresholds or quantitative evaluation metrics. The logic connecting test outcomes to requirement satisfaction is weak, limiting the plan’s effectiveness in guiding design decisions. Additionally, there is no indication of expert review or feedback, which could enhance the plan’s rigor and relevance.

To improve, the team should: 1) explicitly connect each major requirement to a detailed, replicable test procedure; 2) document precise trial counts and measurement methods; 3) define clear, quantitative pass/fail criteria and success thresholds; and 4) seek and incorporate feedback from relevant field experts to strengthen the testing plan’s validity and applicability.",1.8,1.8
Case066_00002.pdf,,Placeholder text for scoring.,0,0,0,0,2,2,1,1,1,2,,,,,,,,,,"The testing plan addresses many major inferred requirements with specific tests for fit, strength under weight, connector grip, stability, and portability. However, some requirements like durability over time or environmental factors are not tested. | Testing procedures include basic setup and sequence of actions but lack detailed descriptions of tools, measurement methods, controls, and variables. Replicability is partial due to vague instructions and missing specifics. | The plan includes some multiple trials (e.g., testing with different sized people), but trial counts are low and inconsistent. The number of trials per test is often unclear or minimal, limiting robustness. | Pass/fail criteria and goals are stated but often lack measurable thresholds or tolerances. Expected results are described qualitatively without quantitative ranges or error margins, reducing evaluation rigor. | No evidence of field expert involvement or feedback incorporation is provided in the document.","The testing plan demonstrates a clear effort to address several key design requirements, such as ensuring the cable covering fits within specified dimensions, supports various user weights, snaps together securely, remains stable, and is portable. These requirements were inferred from the testing content, as explicit statements were limited. While the plan covers many important aspects, it lacks comprehensive testing for durability or environmental conditions.

Testing procedures provide a general outline of actions but fall short in detail necessary for full replication. Important elements like specific measurement tools, controlled variables, and detailed setup instructions are missing, which could hinder consistent reproduction of results. The quantity of testing is limited, with few trials per test and inconsistent documentation of trial counts, reducing confidence in the robustness of findings.

The logic behind the testing plan includes pass/fail criteria and goals; however, these are mostly qualitative without measurable thresholds or error margins. This limits the ability to objectively evaluate success. Additionally, there is no evidence of field expert feedback or revisions based on such input, which could have strengthened the plan.

To improve, the team should: 1) provide detailed, step-by-step procedures including tools and measurement methods; 2) increase the number of trials per test to at least seven for statistical reliability; 3) define quantitative pass/fail criteria with tolerances; and 4) seek and document feedback from relevant field experts to refine testing rigor and relevance.","The testing plan attempts to address a few inferred design requirements such as prototype stability when inverted, structural integrity, and rotation time. However, the coverage is limited and lacks comprehensive testing of all major requirements. The procedures described are minimal and vague, lacking sufficient detail to allow replication or clear understanding of the testing setup and methods. There is no explicit mention of tools, variables, or step-by-step actions, which weakens the clarity and effectiveness of the testing approach.

The quantity of testing is insufficient, with no clear trial counts or repetitions, and some tests are noted as 'No tests,' indicating incomplete planning. While some expected results and goals are mentioned, such as rotation time and shape retention, measurable evaluation criteria, pass/fail thresholds, or tolerances are absent, limiting the logical rigor of the plan. The involvement of a field expert group is noted, but the feedback appears to have had minimal impact on the testing plan, as no revisions or incorporation of suggestions are evident.

To improve, the student should explicitly define all major design requirements and ensure each is linked to specific, detailed test procedures. Including clear, replicable steps with tools and variables will enhance clarity. Planning multiple trials with documented counts will strengthen test quantity. Establishing measurable pass/fail criteria and thresholds will improve evaluation logic. Finally, actively incorporating expert feedback and documenting resulting changes will demonstrate responsiveness and improve the plan's quality.",0.4,1.6
Case067_00002.pdf,,Placeholder text for scoring.,0,0,0,0,2,2,1,1,1,2,,,,,,,,,,"The testing plan clearly addresses multiple major requirements: locking, unlocking, ease of use, and affordability. The requirement about not interfering with other desk functions is mentioned and tested briefly. However, the affordability test is somewhat vague and not fully connected to measurable outcomes. | The procedures include a logical sequence of steps with some detail, such as control measurements and repeated trials. However, some aspects lack clarity and detail, for example, how exactly the 'number out of ten' is assigned, or how ease of use is quantified beyond subjective ratings. Setup and tools are partially described but not fully detailed for replication. | The plan includes multiple trials (7 times for locking/unlocking tests and 5 students for ease of use), which is adequate for some requirements. However, the quantity of tests for affordability and interference with other desk functions is limited or not clearly quantified. | The plan provides some measurable outcomes (e.g., movement rating 0-1 for locked desk, ease of use rating 1-10) and expected results. Pass/fail criteria are partially defined but lack strict thresholds or tolerances. The affordability test lacks clear evaluation criteria, and some success criteria are vague or subjective. | One expert, Ms. Megan, provided feedback that influenced the testing plan by encouraging testing multiple solutions in tandem. This feedback was incorporated, as shown by testing both a rubber band and a metal pin lock. No other experts are mentioned.","The testing plan effectively targets several key design requirements, including the ability to lock and unlock the desk, ease of use, affordability, and minimal interference with other desk functions. These requirements were mostly inferred from the testing content, and the plan demonstrates a clear connection between tests and these priorities. However, the affordability and interference requirements could be tested with more measurable and detailed methods.

Testing procedures are generally logical and include a control and repeated trials, which supports replicability. Yet, some procedural details are vague, such as how movement is rated on a scale of 1 to 10 and how ease of use ratings are standardized. The quantity of tests is adequate for locking and unlocking but limited for other requirements. The plan includes some measurable outcomes and expected results, but pass/fail criteria and thresholds are not consistently defined, especially for affordability.

Expert feedback from Ms. Megan was incorporated, improving the plan by encouraging parallel testing of multiple prototypes. To enhance the testing plan, the team should: 1) define clear, objective measurement criteria for movement and ease of use; 2) increase the number and detail of affordability tests with quantifiable metrics; 3) specify pass/fail thresholds for all tests; and 4) document more detailed procedures to ensure replicability. These improvements will strengthen the rigor and clarity of the testing plan.","The testing plan attempts to address some inferred design requirements such as prototype stability when inverted and shape retention. However, it only minimally tests these few requirements and does not comprehensively cover other critical aspects like fire suppression effectiveness. The connection between requirements and tests is weak and incomplete.

Testing procedures lack sufficient detail and clarity. Descriptions are vague and do not include necessary information such as setup, tools, variables, or step-by-step instructions, making replication unlikely. Additionally, the plan does not specify the number of trials or include multiple repetitions, limiting the robustness of the testing quantity.

The logic behind the testing plan is underdeveloped. While some goals and pass/fail criteria are mentioned, they are not supported by measurable thresholds or clear evaluation metrics. The involvement of a field expert group (firefighters) is a positive aspect, but there is no evidence that their feedback influenced revisions to the testing plan.

To improve, the student should clearly define and connect all major design requirements to specific tests, provide detailed and replicable procedures including tools and variables, plan multiple trials per test, and establish measurable success criteria. Incorporating and documenting expert feedback into test revisions would also strengthen the plan’s credibility and effectiveness.",0.4,1.4
Case068_03210.pdf,,Placeholder text for scoring.,0,3,2,1,0,3,3,2,2,0,,,,,,,,,,"The testing plan clearly addresses multiple major requirements: locking, unlocking, ease of use, and affordability. The requirement about not interfering with other desk functions is mentioned and tested (test 6). However, the affordability test is somewhat vague and observational rather than quantitative, limiting full credit. | The procedures include a logical sequence of steps with some detail (e.g., control test, applying the solution, rating ease of use). However, some aspects lack clarity or replicability, such as how the 'number out of ten' for desk movement is determined, and the subjective ease-of-use rating lacks standardized measurement instructions. | The plan includes multiple trials (7 repetitions for locking/unlocking tests, 5 students for ease-of-use ratings), which is adequate for some requirements. However, the quantity of tests for affordability and interference with other desk functions is limited or not clearly quantified. | The plan provides some measurable outcomes (e.g., desk movement rating, ease-of-use scale) and expected results (e.g., desk movement should be 0-1 with solution). However, pass/fail criteria and thresholds are loosely defined, and affordability evaluation lacks measurable criteria, limiting the logic's completeness. | One expert, Ms. Megan, is identified and her feedback is incorporated by testing multiple prototypes in tandem, which influenced the testing plan. No additional experts or multiple feedback cycles are documented.","The testing plan effectively targets several key design requirements, including the ability to lock and unlock, ease of use, affordability, and ensuring the device does not interfere with other desk functions. These requirements were mostly inferred from the testing content but are well connected to specific tests. The plan’s strength lies in its focus on functional testing and stakeholder involvement for ease-of-use evaluation.

Testing procedures are generally logical and sequenced, but some lack sufficient detail for replication. For example, the method for scoring desk movement on a scale of 1 to 10 is not clearly defined, and the ease-of-use ratings rely on subjective stakeholder impressions without standardized criteria. The quantity of tests is adequate for locking and unlocking, with multiple trials planned, but other requirements like affordability and interference are tested less rigorously.

The evaluation framework includes expected outcomes and some measurable criteria, but pass/fail thresholds and success criteria are loosely specified, especially for affordability. Expert feedback from Ms. Megan was incorporated, improving the plan by encouraging testing multiple prototypes simultaneously. To enhance the testing plan, the team should define clear measurement methods and pass/fail criteria, increase quantitative testing for affordability, standardize ease-of-use assessments, and document additional expert reviews to strengthen validation and iteration.","The testing plan demonstrates a reasonable effort to address several key design requirements, including prototype integrity, mass, movement, and buoyancy. These requirements were inferred from the testing content rather than explicitly stated, which is acceptable but could be improved by clearer requirement articulation. The plan includes distinct tests aligned to these requirements, supporting a moderate level of coverage.

Testing procedures provide some useful detail, such as stepwise instructions and trial counts for certain tests. However, many procedures lack sufficient clarity and completeness to ensure replicability by others. For example, the movement tests have vague trial counts and lack detailed measurement methods. The quantity of testing is generally limited, with some tests having fewer than the recommended number of trials, reducing confidence in the results.

The logic of the testing plan includes some pass/fail criteria and goals, but expected result ranges and measurable thresholds are inconsistently defined or missing. This weakens the ability to objectively evaluate success. Additionally, there is no evidence of field expert feedback or revisions based on such input, which is a missed opportunity to strengthen the plan.

To improve, explicitly state all major design requirements upfront, increase the number of trials to at least seven per test, and provide detailed, replicable procedures including measurement tools and variables. Define clear, measurable pass/fail criteria with tolerances and expected result ranges. Finally, seek and document feedback from relevant field experts and incorporate their suggestions to enhance testing rigor and validity.",1.2,2.2
Case069_34340.pdf,,Placeholder text for scoring.,3,4,3,4,0,3,3,2,2,0,,,,,,,,,,"The testing plan addresses many major inferred requirements with specific tests linked to each, such as maintenance timing and cleanliness, water volume measurement, robustness via repetitions, and coverage area via wetness of papers. However, some requirements like robustness and wide area watering have minimal test repetitions or incomplete detail. | Testing procedures include basic steps and some measurements (e.g., timing maintenance, measuring water in bucket), but lack detailed setup descriptions, tools, controls, and clear variable definitions. Some procedures are partially unclear or incomplete, limiting replicability. | Test quantities are limited, often only one or two repetitions per test, and trial counts are minimal or missing. This limited quantity restricts the ability to fully evaluate all requirements reliably. | The plan provides some pass/fail criteria and goals with expected result ranges (e.g., 1-2 inches of water), but lacks thorough measurable thresholds, tolerances, or detailed evaluation logic connecting outcomes to requirements. This weakens the overall logic. | One field expert, Xu Song, is named with relevant expertise. Feedback to add more test cases was given and partially incorporated, demonstrating some expert influence on the plan.","The testing plan effectively identifies and addresses several key design requirements, including ease of maintenance, watering effectiveness, robustness, and coverage area. These requirements were inferred from the testing content, showing a reasonable understanding of project goals. However, some requirements, such as robustness and wide area watering, are tested with minimal repetitions, limiting confidence in the results.

Testing procedures provide a basic framework with steps and some measurements, but lack sufficient detail for full replicability. Important elements like setup specifics, tools used, and control of variables are missing or vague. The quantity of tests planned is limited, often with only one or two trials, which is insufficient for robust evaluation. While pass/fail criteria and goals are stated, the logic behind thresholds and measurable outcomes is only partially developed, reducing clarity in evaluation.

Field expert involvement is a strength, with Xu Song providing feedback that led to some test plan improvements. To enhance the testing plan, the student should increase the number of trials per test, provide more detailed and replicable procedures, define clear measurable thresholds and tolerances, and document how expert feedback was fully integrated. These improvements will strengthen the rigor and reliability of the testing process.","The testing plan demonstrates an effort to address several key design requirements, including prototype integrity, mass, movement, and buoyancy. However, these requirements are mostly inferred from the testing content rather than explicitly stated, and some are only partially tested. The plan would benefit from clearer alignment between each requirement and its corresponding test.

Testing procedures provide some useful detail, such as step sequences and trial counts, but lack sufficient clarity and completeness to ensure replicability by others. References to photos and diagrams are made but not included, which diminishes the ability to fully understand and reproduce the tests. Additionally, the number of trials is inconsistent and often below recommended levels, limiting confidence in the robustness of the data collection.

The logic behind the testing plan includes some pass/fail criteria and goals, but measurable thresholds and tolerances are often missing or vague. This weakens the ability to objectively evaluate success or failure. Furthermore, there is no documented involvement of field experts or evidence that expert feedback influenced the testing plan, which is a missed opportunity for improvement.

To enhance the testing plan, explicitly state all major design requirements and ensure each has a distinct, well-documented test. Increase the number of trials to meet or exceed recommended counts and include detailed, replicable procedures with all necessary setup, tools, and measurement details. Incorporate clear, measurable pass/fail criteria with defined thresholds and tolerances. Finally, seek and document feedback from relevant field experts and revise the plan accordingly to strengthen its validity and rigor.",2.8,2
Case070_13152.pdf,,Placeholder text for scoring.,1,3,1,5,2,4,4,3,3,3,,,,,,,,,,"The testing plan addresses many major inferred requirements: safety (edges and impact), durability (stress test), and ease of comprehension (instruction methods). Each requirement is linked to a specific test procedure. However, not all possible requirements are covered, and some tests (e.g., safety) are somewhat limited in scope. | Testing procedures are described with some detail, such as who performs the tests and what is done (e.g., teachers running fingers along edges, individuals slamming the prototype, stacking weights, control groups for instructions). However, key details are missing: exact measurement methods, tools, controls, variables, and step-by-step sequences are not fully specified, limiting replicability. | The plan mentions three individuals for the throw test and three control groups with three trials each for instruction testing, but trial counts for other tests are not specified. Overall, the quantity of tests is limited and may not be sufficient to robustly evaluate all requirements. | The plan includes some logical connections between tests and requirements and mentions documenting results, but lacks measurable outcomes, pass/fail criteria, thresholds, or clear evaluation metrics. Expected results are implied but not explicitly defined, limiting the strength of the evaluation framework. | Two experts provided feedback on the instructions, but there is no evidence that their feedback influenced or revised the testing plan. The toy manufacturer was contacted but did not respond.","The testing plan effectively identifies and addresses several key design requirements, including safety, durability, and ease of comprehension for young children. These requirements are logically inferred from the testing content and linked to specific tests, demonstrating a good understanding of project priorities. However, the coverage is not comprehensive, and some important aspects of safety and durability could be further explored.

While the testing procedures provide a general overview of the methods and participants involved, they lack sufficient detail to ensure replicability. Critical information such as precise measurement techniques, control variables, and step-by-step protocols is missing. Additionally, the quantity of tests planned is limited, with only a few trials explicitly mentioned, which may not provide robust data to fully evaluate the design requirements.

The plan’s logic is partially developed but falls short of including measurable outcomes, pass/fail criteria, or thresholds that would strengthen the evaluation framework. Expert feedback from two teachers is noted, focusing on instruction clarity, but there is no clear evidence that this feedback led to revisions in the testing plan.

To improve, the team should specify detailed, replicable procedures including measurement methods and controls; increase the number of trials for each test to ensure statistical relevance; define clear pass/fail criteria and measurable success thresholds; and actively incorporate expert feedback into iterative test plan revisions. These steps will enhance the rigor, clarity, and effectiveness of the prototype testing.","The testing plan demonstrates a solid effort to address key design requirements inferred from the document, including ease of use, latching security, x-ray compatibility, operator motion, durability, and reliability. Most requirements are connected to specific test methods, showing thoughtful alignment. However, some requirements, particularly reliability, lack fully developed or distinct testing procedures.

Procedures are generally well detailed, with clear step sequences, tools, and measurements, especially for opening/closing time and latching force tests. Yet, some tests, such as reliability cycling, are incomplete, which may hinder replicability. The plan includes multiple test methods per requirement, but explicit trial counts and repetition details are sparse, limiting confidence in testing quantity sufficiency.

The logic behind the testing plan includes measurable outcomes and some pass/fail criteria, but explicit thresholds and success criteria are often missing or only implied. Expert involvement is evident, with two engineers providing feedback that influenced testing approaches, though documentation of revisions could be stronger.

To improve, the team should explicitly define pass/fail criteria and thresholds for all tests, fully detail incomplete procedures, specify trial counts and repetitions, and document how expert feedback concretely shaped the testing plan. Enhancing these areas will strengthen the rigor, repeatability, and evaluative power of the prototype testing.",2.4,3.4
Case071_00000.pdf,,Placeholder text for scoring.,0,0,0,0,0,1,1,1,0,0,,,,,,,,,,"The testing plan addresses many major requirements including prototype integrity under rotation, mass measurement, device evaluation logic, input handling, and time categorization. Each requirement is linked to specific test procedures. However, some requirements such as the mass test and program input tests have fewer trials or less detailed testing, limiting full coverage. | Testing procedures are generally detailed and logical, including step-by-step instructions, tools (digital scale), and trial counts. The rotation test is well described with axes and trial numbers. Some program tests lack detailed procedural steps, such as exact input methods or how outputs are verified, which reduces replicability. | The plan includes multiple trials for some tests (e.g., 10 trials for rotation, 10 devices for program evaluation), but other tests have fewer trials (3-4) and some lack explicit trial counts. The quantity is adequate to evaluate some requirements but not all comprehensively. | The plan provides pass/fail criteria and goals for several tests, such as prototype integrity and mass thresholds. Expected results and measurable outcomes are stated, but some program tests lack explicit thresholds or detailed success criteria, limiting the thoroughness of evaluation logic. | One field expert, Catherine C, provided feedback that was incorporated into the plan, including suggestions for future testing of edge cases and integration of dynamic pricing. This shows expert involvement and some revision based on feedback.","The testing plan effectively addresses several key design requirements, including prototype durability under rotation, mass constraints, and program functionality related to device evaluation and time-based recommendations. These requirements were mostly inferred from the testing content, demonstrating a good understanding of the project goals. The plan links each requirement to specific tests, though some areas, such as program input handling, could benefit from more explicit connection to requirements.

Testing procedures are generally clear and replicable, especially for the physical prototype tests, which include detailed steps, tools, and trial counts. However, software-related tests lack some procedural detail, such as how inputs are entered and outputs verified, which may hinder replication. The quantity of tests is sufficient for some requirements, with multiple trials and device variations, but other tests have limited trials or lack explicit counts, reducing overall coverage.

The logic behind the testing plan includes measurable outcomes, pass/fail criteria, and goals for many tests, but some program tests miss explicit thresholds or success criteria, weakening evaluation rigor. Field expert feedback was incorporated thoughtfully, suggesting future improvements and demonstrating responsiveness to expert advice.

To improve, the student should increase trial counts for software tests, provide more detailed procedures for input and output verification, explicitly connect all tests to requirements, and define clear success criteria for all tests. Additionally, involving more experts or documenting further feedback could strengthen the plan’s validity.","The testing plan provides minimal insight into how the prototype’s major design requirements—specifically, managing arm weight and ensuring handle integrity—are addressed. These requirements are inferred from the brief observations but lack any structured testing approach. The document does not include detailed or replicable procedures; it only notes that the arm was too heavy and the handle warped, without describing how these issues were measured or tested. This absence of procedural detail makes it impossible for others to replicate or validate the findings.

Additionally, the plan lacks any indication of testing quantity or trial counts, which limits confidence in the reliability of the observations. There is no logical framework connecting the testing to measurable outcomes, pass/fail criteria, or thresholds, which are essential for evaluating success against requirements. Furthermore, no evidence of field expert involvement or feedback is provided, missing an opportunity to strengthen the testing plan through expert guidance.

To improve, the team should develop detailed, step-by-step testing procedures including tools, measurements, and variables; define clear, measurable criteria for success; plan multiple trials to ensure reliability; and seek and document expert feedback to refine the testing approach. These steps will enhance the rigor, repeatability, and evaluative power of the testing plan.",0,0.8
Case072_34330.pdf,,Placeholder text for scoring.,3,4,3,3,0,1,1,1,1,0,,,,,,,,,,"The testing plan addresses many major requirements such as mobility, programmability, size, power supply, and weight capacity with specific tests linked to each. However, some requirements like sunlight monitoring and plant growth are mentioned but not clearly connected to detailed tests. | Testing procedures include some steps and trial counts but lack detailed descriptions of setup, tools, measurement methods, and sequence. For example, 'Turn on' and 'Put batteries in pack' are minimal procedural details, limiting replicability. | Trial counts are provided (mostly 7 or 10 trials), which is adequate for some requirements. However, the quantity of tests is limited to a few per requirement, and some requirements lack explicit trial plans. | The plan includes some pass/fail criteria and goals but lacks clear measurable thresholds or tolerances for many tests. Expected results are stated but often without quantifiable metrics or detailed evaluation logic. | No evidence of field expert involvement or feedback is documented.","The testing plan demonstrates a solid effort to address several key design requirements such as mobility, programmability, size, power supply, and weight capacity. These requirements are inferred from the test cases and are linked to specific tests, which is a strength. However, some important aspects like monitoring sunlight and plant growth are mentioned but lack clear, structured testing procedures, reducing completeness.

Procedural details are generally minimal and lack sufficient clarity for replication. Steps like 'Turn on' or 'Put batteries in pack' are too brief and omit critical information such as tools used, measurement methods, or environmental controls. While trial counts are provided and generally adequate, the overall quantity of tests is limited, and some requirements have no explicit trial plans.

The logic behind the testing plan includes some pass/fail criteria and goals but often lacks measurable thresholds or detailed evaluation frameworks. This limits the ability to objectively assess success or failure. Additionally, there is no evidence of expert feedback or revisions based on such input, which could enhance the plan's rigor.

To improve, the student should: 1) provide detailed, step-by-step testing procedures including tools and measurement methods; 2) define clear, quantifiable success criteria and thresholds for each test; 3) expand the number and variety of trials to better cover all requirements; and 4) seek and document expert feedback to refine the testing plan and ensure alignment with engineering best practices.","The testing plan attempts to address important design requirements such as improving workout time availability and increasing equipment access by collecting user feedback through surveys. However, these requirements are only loosely connected to the testing approach, which relies solely on opinion questions rather than measurable tests. The plan lacks structured, detailed procedures; it does not specify how the surveys will be administered, what tools or controls will be used, or how data will be systematically collected and analyzed. This limits replicability and clarity. Additionally, the quantity of testing is vague, with no explicit participant numbers or trial counts, making it difficult to assess whether the data collected will be sufficient to evaluate the design effectively. The plan also lacks logical evaluation criteria such as pass/fail thresholds or measurable outcomes, which are essential for determining success. Finally, there is no indication that field experts reviewed or influenced the plan, missing an opportunity to strengthen the testing approach. To improve, the team should define clear, measurable tests aligned with each requirement, detail step-by-step procedures for data collection, specify participant numbers and trial repetitions, and establish evaluation criteria with thresholds. Incorporating feedback from relevant experts and documenting resulting plan revisions would also enhance the plan’s rigor and credibility.",2.6,0.8
Case073_53424.pdf,,Placeholder text for scoring.,5,3,4,2,4,3,2,2,2,3,,,,,,,,,,"The testing plan addresses many major inferred requirements such as mobility, programmability, size, power supply, and weight capacity with corresponding tests. However, some requirements like sunlight monitoring and plant growth are mentioned but not clearly connected to test procedures. | Testing procedures include some steps and trial counts but lack detailed descriptions of setup, tools, measurement methods, and sequence. For example, 'Turn on' and 'Measure' are vague, and sensor operation is not fully explained, limiting replicability. | Trial counts are provided for several tests (7 or 10 trials), which is adequate for some requirements. However, the overall quantity of tests is limited and does not cover all inferred requirements comprehensively. | Some expected results and pass/fail criteria are stated, but thresholds and measurable evaluation criteria are inconsistently defined. For example, 'Moves with delay or has gaps' is vague, and no clear success criteria are given for size or sunlight monitoring. | No evidence of field expert involvement or feedback is provided.","The testing plan demonstrates a reasonable effort to address several key design requirements such as mobility, programmability, size, power supply, and weight capacity. These requirements were mostly inferred from the testing content rather than explicitly stated, which is acceptable but could be improved by clearer requirement articulation. The plan includes trial counts and some pass/fail criteria, which supports evaluation of the design's performance. However, the testing procedures lack sufficient detail to ensure replicability. Descriptions such as 'Turn on' or 'Measure' are too vague, and critical information about tools, measurement methods, and test setup is missing.

While multiple trials are planned for some tests, the overall quantity and coverage of tests are limited, especially for requirements related to sunlight monitoring and plant growth. The logic behind the testing plan is partially developed, with some expected results and criteria mentioned, but thresholds and measurable outcomes are inconsistently defined or absent. Additionally, there is no indication of field expert involvement or feedback, which could enhance the plan's rigor and relevance.

To improve, the student should explicitly link all requirements to specific tests, provide detailed, step-by-step procedures including measurement methods and tools, define clear pass/fail criteria with measurable thresholds, and increase the number and variety of tests to cover all major requirements. Seeking and incorporating feedback from field experts would also strengthen the testing plan.","The testing plan identifies and attempts to address several key design requirements such as safety, engagement, cause and effect learning, accessibility, and fine motor skills development. However, the connection between these requirements and the testing methods is primarily observational and lacks distinct, structured tests for each requirement. This limits the thoroughness of requirement coverage. The testing procedures are described in broad terms without detailed steps, tools, or measurement protocols, making replication difficult. The plan also lacks explicit trial counts or repeated measures, with only a vague two-week observation period mentioned for fine motor skills, resulting in limited testing quantity. The logic behind the testing plan is partially developed; while the importance of each requirement is explained, there are no measurable outcomes, pass/fail criteria, or thresholds to objectively evaluate success or failure. Field expert feedback from two professors was clearly incorporated, improving the plan by encouraging quantifiable metrics and highlighting safety concerns, which strengthens the plan’s foundation. To improve, the team should develop detailed, replicable procedures with clear measurement methods; define explicit trial counts and repeated tests; establish measurable success criteria and thresholds; and expand safety testing to include material durability and specific hazards. These steps will enhance the rigor, clarity, and effectiveness of the testing plan.",3.6,2.6
Case074_53524.pdf,,Placeholder text for scoring.,5,3,5,2,4,3,2,2,2,4,,,,,,,,,,"The testing plan addresses many major inferred requirements including plant coverage, material durability, plant health under the design, and ease of assembly. Each requirement is linked to specific test procedures, though some requirements could be tested more comprehensively. | Testing procedures include some details such as trial counts and general actions (e.g., putting project outside, holding it, giving to users), but lack specifics on setup, tools, measurement methods, and controlled variables, limiting replicability. | Trial counts are provided for most tests (ranging from 5 to 10), which supports moderate testing quantity. However, the number of trials per test is limited and some tests lack clarity on repetition or breadth, capping the score. | Pass/fail criteria and goals are stated but are often qualitative and lack measurable thresholds or quantitative success criteria. Expected results are described but without clear evaluation metrics or tolerances. | No evidence of field expert involvement or feedback is present in the document.","The testing plan demonstrates a solid attempt to address several key design requirements, including plant coverage, material durability, plant health preservation, and ease of assembly. These requirements were inferred from the testing content, as explicit statements were limited. The plan links each requirement to specific tests, which is a strength, but some requirements could benefit from more comprehensive testing.

Testing procedures include trial counts and general descriptions of actions, which provide a basic framework for replication. However, the lack of detailed setup instructions, measurement tools, and controlled variables reduces clarity and replicability. The quantity of tests is moderate, with 5 to 10 trials per test, but broader coverage and more repetitions would strengthen the evaluation.

The logic of the plan includes pass/fail criteria and goals, but these are mostly qualitative without measurable thresholds or quantitative success criteria, limiting objective evaluation. No field expert feedback or revisions based on such input are evident, which is a missed opportunity for improving the plan.

To improve, the team should: 1) provide detailed, step-by-step testing procedures including tools and measurement methods; 2) define clear, quantitative pass/fail criteria and thresholds; 3) increase the number of trials and ensure tests cover all major requirements comprehensively; and 4) seek and incorporate feedback from relevant field experts to enhance testing rigor and relevance.","The testing plan identifies and attempts to address several key design requirements such as safety, engagement, cause and effect learning, accessibility, and fine motor skills development. These requirements are mostly inferred from the testing content rather than explicitly stated, which is acceptable but requires clearer linkage to test methods. The plan relies heavily on observational testing without distinct, structured procedures for each requirement, limiting clarity and replicability. Details such as specific tools, controlled variables, or step-by-step protocols are missing, making it difficult for others to reproduce the tests reliably.

Test quantity is limited and vaguely described, with only one requirement mentioning a two-week observation period. There is no clear indication of multiple trials or systematic data collection, which weakens the robustness of the evaluation. The logic behind the testing plan is underdeveloped; measurable outcomes, pass/fail criteria, and thresholds are absent, reducing the ability to interpret results or guide design revisions effectively. Expert feedback from two field professionals was incorporated, improving awareness of safety concerns and the need for quantifiable metrics, but the plan still lacks sufficient detail and measurement rigor.

To improve, the team should develop detailed, replicable testing procedures including setup, tools, and measurement methods; define clear pass/fail criteria and thresholds for each requirement; increase the number and clarity of trials to ensure robust data; and explicitly link each test to a specific requirement. Further expert consultation could help refine these aspects and ensure the testing plan supports meaningful design iteration.",3.8,2.4
Case075_44331.pdf,,Placeholder text for scoring.,4,4,3,3,1,4,3,3,3,4,,,,,,,,,,"The testing plan addresses many major inferred requirements with distinct tests: plant coverage, material strength, plant health under the design, and assembly ease. Each requirement is linked to specific test procedures. | Procedures include some details such as trial counts and general actions (e.g., putting plants under the project, exposing to storm conditions), but lack specifics on setup, tools, measurement methods, and controlled variables, limiting replicability. | Trial counts are provided for most tests (ranging from 5 to 10), which supports some evaluation of requirements. However, the number of trials per test is moderate and may not fully ensure statistical reliability or cover all requirements comprehensively. | The plan includes pass/fail criteria and goals for each test, but lacks measurable thresholds, quantitative expected results, or detailed evaluation metrics. This weakens the logic and clarity of outcome evaluation. | No evidence of field expert involvement or feedback influencing the testing plan is present.","The testing plan demonstrates a solid effort to address several key design requirements, including plant coverage, material durability, plant health preservation, and ease of assembly. These requirements were inferred from the testing content and are linked to distinct test cases, which is a strength. However, the procedures lack sufficient detail to ensure replicability; specifics on tools, environmental conditions, and measurement methods are missing, which could hinder consistent execution by others.

The quantity of tests planned is moderate, with explicit trial counts mostly between five and ten, providing some reliability but potentially insufficient for robust statistical analysis. The plan includes pass/fail criteria and goals, but measurable thresholds or quantitative evaluation metrics are absent, limiting the clarity and rigor of the testing logic. Additionally, there is no indication that field experts reviewed or influenced the testing plan, which could have strengthened its validity.

To improve, the team should provide detailed, step-by-step procedures including measurement methods and controlled variables to enhance replicability. Incorporating quantitative success criteria and thresholds would clarify evaluation logic. Increasing the number of trials per test would improve reliability. Finally, seeking and documenting expert feedback with corresponding plan revisions would enhance the plan’s credibility and rigor.","The testing plan effectively identifies and addresses most of the project's high-priority design requirements, including durability, accuracy, simplicity, affordability, and portability. While affordability is acknowledged as important, the lack of a concrete testing procedure limits the plan's completeness in this area. The plan demonstrates a clear connection between requirements and testing, though some tests could benefit from more explicit linkage.

Testing procedures are generally described with some detail, such as setups and expected results, but several lack sufficient information for full replication. For example, the affordability test has no defined procedure, and the portability test is vague regarding how ease of handling will be measured. The planned number of trials is moderate, with at least three trials and two measurements each, but this falls short of the ideal quantity for robust statistical reliability.

The logic behind the testing plan is sound, with measurable outcomes, thresholds, and goals provided for most tests. However, inconsistencies in accuracy thresholds and the absence of measurable criteria for affordability weaken the evaluation framework. The involvement of two field experts is a strength, though the document does not clearly demonstrate how their feedback has influenced the plan. To improve, the team should develop a concrete affordability test, increase trial counts, provide more detailed and replicable procedures, and document expert feedback integration explicitly.",3,3.4
Case076_54554.pdf,,Placeholder text for scoring.,5,4,5,5,4,4,3,3,3,4,,,,,,,,,,"The testing plan addresses some major requirements: container size, notification display, and internal mechanics fitting. However, testing is limited and not all requirements are clearly or fully tested. | Testing procedures are vague and lack sufficient detail for replication. Steps like 'checking lines of code' and 'running the display' are mentioned without specifics on setup, tools, or measurements. | The plan lacks explicit test quantities or trial counts. Only a few tests are described, with no indication of multiple trials or comprehensive coverage. | The plan includes some logical connections between tests and requirements but lacks measurable outcomes, pass/fail criteria, thresholds, or detailed evaluation logic. | No evidence of field expert involvement or feedback is provided.","The testing plan identifies and attempts to address key design requirements such as ensuring the pill box fits all medication, provides user notifications, and accommodates internal mechanics. However, the connection between these requirements and the testing procedures is only partially developed, limiting the plan’s comprehensiveness. The procedures described are brief and lack the necessary detail to allow replication, with no clear description of tools, variables, or measurement methods. This vagueness reduces the clarity and effectiveness of the testing approach.

Additionally, the plan does not specify the number of trials or the extent of testing, which raises concerns about the adequacy of data collection to support design decisions. The logic behind the testing is somewhat present but lacks measurable criteria such as pass/fail thresholds or expected result ranges, which are essential for objective evaluation. Furthermore, there is no indication that field experts reviewed or influenced the testing plan, missing an opportunity to strengthen the approach through expert feedback.

To improve, the team should develop detailed, step-by-step testing procedures including setup and measurement methods, define clear pass/fail criteria with measurable outcomes, plan multiple trials for each test to ensure reliability, and seek expert review to refine the testing strategy. These steps will enhance the rigor, repeatability, and validity of the testing plan.","The testing plan effectively identifies and targets the project’s major design requirements, including durability, accuracy, simplicity, affordability, and portability. Most requirements are linked to specific tests, demonstrating a strong alignment between design goals and evaluation methods. However, the affordability test lacks a concrete testing procedure, which weakens the overall coverage.

Testing procedures provide useful details such as setup and expected results, but some lack sufficient clarity and replicability. For instance, the affordability test is not testable as described, and the portability test emphasizes packaging rather than direct performance measures. The planned number of trials is moderate, with three or more trials per test, but increasing trial counts and including more detailed measurement protocols would improve reliability.

The logic behind the testing plan is generally sound, with measurable outcomes, thresholds, and goals for most tests. Some inconsistencies in accuracy thresholds and the absence of measurable criteria for affordability reduce the plan’s rigor. The involvement of two field experts is a strong point, though explicit evidence of feedback incorporation is not yet provided. To improve, the team should develop measurable affordability tests, clarify procedures for portability, increase trial counts, and document expert feedback integration to enhance testing rigor and replicability.",4.6,3.4
Case077_33431.pdf,,Placeholder text for scoring.,3,3,4,3,1,4,3,4,3,5,,,,,,,,,,"The testing plan addresses some major requirements: medication capacity, notification display, and mechanical fit. However, testing is limited and not all requirements are clearly or fully tested. | Testing procedures are vague and lack sufficient detail for replication. Steps like 'checking lines of code' and 'running the display' are not elaborated with tools, measurements, or sequence. | The plan mentions tests but provides no information on trial counts or repeated testing, indicating minimal testing quantity. | The plan includes some logic connecting tests to requirements but lacks measurable outcomes, pass/fail criteria, thresholds, or detailed evaluation metrics. | No evidence of field expert involvement or feedback is provided.","The testing plan identifies and attempts to address key design requirements such as medication capacity, notification functionality, and mechanical fit. However, the connection between these requirements and the testing procedures is only partially developed, limiting the plan’s comprehensiveness. The procedures described are brief and lack the necessary detail to allow replication, with no clear description of tools, measurements, or step-by-step actions. This vagueness reduces the clarity and effectiveness of the testing approach.

Additionally, the plan does not specify the number of trials or repetitions, which is critical for assessing reliability and robustness. Without this information, the quantity of testing is minimal and insufficient to thoroughly evaluate the design. The logic behind the testing is somewhat present but lacks measurable criteria such as thresholds or pass/fail conditions, making it difficult to objectively assess success. Furthermore, there is no indication that field experts reviewed or influenced the testing plan, which could have strengthened its rigor.

To improve, the team should develop detailed, replicable procedures including specific tools and measurement methods; define clear pass/fail criteria and thresholds for each requirement; plan multiple trials to ensure reliability; and seek expert feedback to refine the testing approach. Including quantitative data and explicit evaluation metrics will enhance the plan’s effectiveness and credibility.","The testing plan effectively addresses many key design requirements, including workspace adequacy, aesthetics, stability, and durability, inferred from the testing content. This alignment demonstrates thoughtful consideration of the stakeholder's needs. However, some requirements like material affordability are mentioned but lack clear testing procedures, which limits completeness.

Testing procedures provide a general framework with setups and expected outcomes, but they lack sufficient detail for full replicability. For example, the durability test setup is incomplete, and measurement methods are not fully described. The plan includes a good quantity of tests with at least 10 trials each and mentions varying conditions, which supports robust data collection. Yet, more explicit detail on trial variations and measurement techniques would strengthen the plan.

The logic behind the testing plan includes some measurable goals and expected results, but pass/fail criteria and thresholds are inconsistently applied. The involvement of three field experts is a strong point; their feedback influenced design and testing improvements, enhancing the plan's credibility. To improve, the team should fully detail test procedures, explicitly define measurable success criteria, clarify how material affordability will be tested, and document how expert feedback led to specific testing plan revisions. These steps will enhance rigor, repeatability, and alignment with requirements.",2.8,3.8
Case078_32321.pdf,,Placeholder text for scoring.,3,2,3,2,1,4,3,4,3,5,,,,,,,,,,"The testing plan addresses some major requirements by linking tests to container size, notification display, and mechanical fit. However, the coverage is limited to three inferred requirements, and some tests are only partially connected to requirements. | Testing procedures are described in very general terms (e.g., checking code lines, running display, measuring container space) without detailed steps, tools, variables, or clear sequences, limiting replicability. | The plan lacks explicit trial counts or repeated testing details. Testing quantity is minimal and insufficient to evaluate requirements thoroughly. | The plan includes some logical connections between tests and requirements but lacks measurable outcomes, pass/fail criteria, thresholds, or detailed evaluation logic. | No evidence of field expert involvement or feedback influencing the testing plan is provided.","The testing plan identifies and attempts to address three key design requirements: ensuring the pill box fits all user medication, providing user notifications via a display, and fitting mechanical components within the box. These requirements are inferred from the testing content rather than explicitly stated, which is acceptable but limits clarity. While the plan connects tests to these requirements, the coverage is somewhat narrow and lacks depth.

Testing procedures are described in broad, vague terms without sufficient detail to allow replication. Important elements such as specific tools, measurement methods, variables, and step-by-step actions are missing. Additionally, the plan does not specify the number of trials or repetitions, resulting in minimal testing quantity that is unlikely to provide robust evaluation of the design.

The logic behind the testing plan is only partially developed. Although there is some reasoning linking tests to requirements, measurable outcomes, pass/fail criteria, and thresholds are absent, reducing the ability to objectively assess success. Furthermore, there is no indication that field experts reviewed or influenced the testing plan.

To improve, the team should explicitly state all major requirements and develop detailed, replicable testing procedures including tools and measurement methods. They should plan multiple trials per test to ensure reliability and define clear evaluation criteria with measurable outcomes and thresholds. Finally, seeking and incorporating feedback from relevant field experts would strengthen the testing plan’s rigor and credibility.","The testing plan effectively addresses many key design requirements, including workspace adequacy, aesthetics, stability, and durability, inferred from the testing content. The linkage between requirements and tests is generally clear, though some requirements like material affordability lack explicit testing methods. This limits the completeness of requirement coverage.

Testing procedures provide a reasonable foundation with setups and expected outcomes, but they lack sufficient detail for full replicability. For example, the durability test setup is incomplete, and measurement tools and exact procedures are not fully described. The plan’s commitment to at least 10 trials per test type is a strength, supporting reliable data collection across multiple requirements. However, the description of varied testing conditions is vague, reducing confidence in comprehensive evaluation.

The logic behind the testing plan includes some measurable outcomes and goals, such as limits on aesthetic concerns and damage thresholds, but pass/fail criteria and thresholds are inconsistently defined or missing. This weakens the evaluation framework. The involvement of three field experts is a notable strength; their feedback influenced both the prototype and testing methods, enhancing the plan’s quality.

To improve, the team should: 1) fully detail testing procedures including tools, variables, and step-by-step actions to ensure replicability; 2) explicitly define pass/fail criteria and measurable thresholds for all tests; 3) clarify how material affordability will be tested or evaluated; and 4) document how varied testing conditions will be implemented and controlled. These steps will strengthen the rigor, clarity, and effectiveness of the testing plan.",2.2,3.8
Case079_03335.pdf,,Placeholder text for scoring.,0,3,3,3,5,5,4,5,4,5,,,,,,,,,,"The testing plan addresses several key inferred requirements such as prototype integrity, mass, collection/filtering ability, movement, function retention, and control intuitiveness. However, some requirements are only partially tested or lack clear connection to distinct test methods, limiting completeness. | Testing procedures include some detail on setup, actions, and trial counts, but many steps lack clarity or completeness. For example, the water collection test is vague on exact measurement methods and controls. Some procedures lack sufficient detail for full replication. | Trial counts are specified for some tests (e.g., 10 trials for rotation tests, 3-5 attempts for others), but overall testing quantity is limited and inconsistent. Some tests have minimal trials and others lack clear trial counts, restricting comprehensive evaluation. | Pass/fail criteria and goals are stated for several tests, but thresholds and measurable outcomes are often vague or incomplete. Expected result ranges are sometimes missing or unclear, and some tests lack explicit success criteria, limiting logical rigor. | One field expert (Mary) is mentioned with some feedback discussed, but no clear evidence of revisions based on this feedback is provided. No additional experts or incorporated feedback are documented.","The testing plan demonstrates an effort to address multiple important design requirements, including prototype integrity, mass, water collection, movement, function retention, and control intuitiveness. However, many requirements are only partially tested or lack distinct, well-defined test methods, which limits the plan’s completeness and clarity. Procedures include some useful details such as trial counts and basic steps, but often lack sufficient specificity and control descriptions to ensure replicability by others. For example, the water collection test does not clearly define measurement methods or controls, and some tests have minimal or inconsistent trial numbers.

The logic of the testing plan includes pass/fail criteria and goals, but these are frequently vague or incomplete, with missing thresholds or measurable outcome ranges. This reduces the ability to objectively evaluate success. Field expert involvement is limited to one expert whose feedback was discussed but not clearly incorporated into revisions, indicating a missed opportunity to strengthen the plan. 

To improve, the team should: 1) clearly define and connect all major requirements to distinct, measurable tests; 2) provide detailed, step-by-step procedures including tools, variables, and controls to ensure replicability; 3) increase and standardize trial counts to robustly evaluate performance; and 4) explicitly incorporate expert feedback with documented revisions to enhance testing rigor and relevance.","The testing plan effectively addresses the key design requirements of durability, sturdiness, and stability, as inferred from the detailed test cases. Each requirement is connected to specific, relevant tests, ensuring comprehensive coverage. The inclusion of multiple book types, angle adjustments, and repeated trials reflects a strong understanding of real-world usage scenarios.

Procedures are generally clear and replicable, outlining step-by-step actions and observations. However, the plan could benefit from more explicit details on measurement tools and environmental conditions to enhance replicability. The quantity of tests is robust, with multiple trials per condition, supporting reliable evaluation of the design.

The logic behind the testing plan is sound, with pass/fail criteria and goals that relate directly to the requirements. While some evaluation criteria are qualitative, the plan still provides measurable outcomes and expected result ranges. The involvement of three field experts and the documented incorporation of their feedback significantly strengthen the plan’s relevance and rigor.

To improve, the team should specify measurement instruments and environmental controls, quantify qualitative criteria where possible, clarify how observations will be recorded, and consider adding control tests to isolate variables. These enhancements would increase the precision, repeatability, and robustness of the testing plan.",2.8,4.6
Case080_34345.pdf,,Placeholder text for scoring.,3,4,3,4,5,5,4,5,4,5,,,,,,,,,,"The testing plan addresses many major inferred requirements such as prototype integrity, mass, collection/filtering capability, movement, durability, and control intuitiveness. Each requirement is linked to a specific test procedure. However, some requirements like control testing are less fully developed. | Testing procedures include some detail on setup, actions, and trial counts, but lack full clarity and replicability. For example, the water collection test is vague on exact measurement methods and controls. Some steps are incomplete or ambiguous, limiting full replication. | Trial counts are specified for some tests (e.g., 10 trials for rotation tests, 3-5 attempts for others), indicating moderate testing quantity. However, not all tests have clear or sufficient trial numbers, and some tests lack multiple trials, limiting comprehensive evaluation. | Pass/fail criteria and goals are stated for most tests, but measurable thresholds and tolerances are inconsistently defined. Expected result ranges are often vague or missing units. The logic connecting outcomes to requirements is partial, and some criteria lack quantitative rigor. | One field expert (Mary) is mentioned with some feedback discussed. However, the feedback led only to a minor prioritization change without clear revisions to the testing plan, indicating limited expert influence.","The testing plan demonstrates a solid effort to address several key design requirements, including prototype integrity, mass, water collection capability, movement, durability, and control intuitiveness. These requirements were inferred from the testing content, showing thoughtful alignment between design goals and evaluation methods. However, some requirements, such as control testing, are less fully developed and lack detailed procedures.

Testing procedures provide a general framework but often lack sufficient detail for full replication. For example, the water collection test does not specify precise measurement methods or controls, and some steps are ambiguous. Trial counts are provided for several tests, supporting moderate coverage, but not all tests include enough repetitions to ensure robust evaluation.

The plan includes pass/fail criteria and goals, yet measurable thresholds and expected result ranges are inconsistently defined or missing units, limiting the clarity of evaluation logic. Field expert involvement is minimal, with only one expert providing feedback that resulted in a minor prioritization change rather than substantive revisions.

To improve, the team should: 1) enhance procedural detail to ensure replicability, including precise measurement methods; 2) increase and clearly document trial counts for all tests; 3) define explicit, quantitative pass/fail criteria with units and tolerances; and 4) actively incorporate and document expert feedback to refine testing rigor and relevance.","The testing plan effectively addresses the key design requirements of durability, sturdiness, and stability, as inferred from the detailed test cases. Each requirement is connected to specific, relevant tests that simulate real-world classroom and library use, demonstrating a comprehensive approach to evaluating the prototype’s performance.

Procedures are generally well described, including step-by-step actions, test conditions, and variables such as book weight and angle adjustments. This clarity supports replicability, though the plan would benefit from more explicit details on measurement tools and environmental controls to enhance precision. The quantity of testing is robust, with multiple trials per condition ensuring reliable data collection and thorough evaluation across all major requirements.

The logic of the plan is strong, featuring pass/fail criteria and goals that link outcomes to requirements. However, some evaluation terms like ""slight shifting"" or ""light surface wear"" could be better quantified to reduce subjectivity. The involvement of three field experts is a notable strength; their feedback led to meaningful revisions that improved the testing scope and realism. To further improve, the plan should specify measurement instruments, define objective thresholds for subjective criteria, include environmental controls, and document how data will be recorded and analyzed for consistency.",3.8,4.6
Case081_42221.pdf,,Placeholder text for scoring.,4,2,2,2,1,4,3,2,2,3,,,,,,,,,,"The testing plan explicitly addresses nearly all major inferred requirements with corresponding test methods, data collection, and validation steps. | Testing procedures are described with some detail, including test types, variables, and data to be collected, but lack full procedural detail such as exact setups, tools, measurement methods, and step-by-step sequences needed for full replicability. | Some trial counts are specified (e.g., 10 users for removability), but most tests lack explicit trial numbers or repetition plans, limiting confidence in testing quantity sufficiency. | The plan includes measurable outcomes and some target criteria (e.g., ≥80% success rate, dimensional limits), but pass/fail thresholds and tolerances are inconsistently stated, and expected results or evaluation logic are only partially developed. | Multiple field experts are mentioned (materials, electrical, mechanical engineers, physiotherapists), and their involvement is linked to validation, but explicit evidence of feedback incorporation or revisions based on expert input is limited.","The testing plan demonstrates strong alignment with the project’s major design requirements, covering durability, removability, battery performance, compactness, push-only functionality, clamp reliability, and motorization feasibility. This comprehensive scope reflects thoughtful consideration of key design priorities, with each requirement connected to specific tests and data collection strategies. However, while the procedures describe test types and variables, they lack detailed step-by-step instructions, specific tools, and measurement methods necessary for full replicability by others.

Regarding test quantity, only the removability test specifies a trial count, leaving other tests without clear repetition plans, which may limit the robustness of data collected. The plan includes some measurable outcomes and target criteria, such as success rates and dimensional limits, but pass/fail thresholds and tolerances are inconsistently defined, reducing clarity in evaluation logic. Field expert involvement is evident through multiple disciplines, yet the document provides limited evidence of how expert feedback influenced revisions to the testing plan.

To improve, the plan should include detailed, replicable procedures with explicit setups and measurement methods; specify trial counts and repetition for all tests; define clear pass/fail criteria and tolerances for each requirement; and document how expert feedback was incorporated to refine testing. These enhancements will strengthen the rigor, repeatability, and evaluative clarity of the testing plan.","The testing plan effectively identifies and addresses several key design requirements, including weight load capacity, storage space, outlet accessibility, concealed storage, and coffee station dimensions. These requirements were mostly inferred from the testing content rather than explicitly stated, but the plan connects them to specific measurement and comparison activities. However, the plan falls short in fully detailing the testing procedures. While steps such as measuring distances and comparing designs are described, the lack of detailed setup, tools, variables, and clear sequences limits replicability and clarity.

The quantity of testing is limited, with no explicit mention of multiple trials or repetitions, which reduces confidence in the robustness of the evaluation. Additionally, the plan lacks measurable evaluation criteria such as pass/fail thresholds or tolerances, making it difficult to assess success objectively. The involvement of a field expert, Ms. Z, who provided feedback that was incorporated, strengthens the plan and shows responsiveness to expert guidance.

To improve, the team should specify detailed procedures including tools and measurement methods, define clear pass/fail criteria or thresholds for each requirement, plan multiple trials to ensure reliability, and explicitly document how expert feedback shaped revisions. These steps will enhance the rigor, repeatability, and evaluative power of the testing plan.",2.2,2.8
Case082_43212.pdf,,Placeholder text for scoring.,4,3,2,1,2,4,3,2,2,3,,,,,,,,,,"The testing plan addresses many major inferred requirements including door operation, friction, box connection strength, and adjustability. The door and box connection system are tested with specific procedures linked to these requirements. However, long-term durability is acknowledged but not fully tested, and some requirements like friction are only qualitatively assessed. | Testing procedures are described with some detail, such as sliding the door and applying force to box connections, including a classmate test and weight loading. However, many procedural details are vague or incomplete (e.g., exact tools, measurement instruments, trial protocols, and sequence of actions). Replicability is limited by lack of precise steps and measurement methods. | The plan mentions a series of trials and some quantitative testing (e.g., weight testing of box connection), but explicit trial counts and systematic repetition are missing. The testing quantity is limited and does not clearly cover all requirements with multiple trials, capping the score. | The plan includes some logical evaluation elements such as shear stress calculations and an angle of displacement threshold, but pass/fail criteria and measurable thresholds are mostly absent or arbitrarily chosen. Expected results are mentioned but lack clear, consistent success criteria, limiting the logic score. | No evidence of field expert involvement or feedback incorporation is present. Mention of Mr. Kiser’s suggestion is noted but does not clearly document feedback incorporation or expert status.","The testing plan effectively identifies and addresses several key design requirements, such as the guillotine door’s smooth operation, friction levels, and the box connection system’s strength and adjustability. These requirements are mostly inferred from the testing content rather than explicitly stated, which is acceptable given the clear connection between tests and functional goals. However, long-term durability is acknowledged as a limitation without concrete testing plans.

Testing procedures provide a general overview of methods, including manual door sliding and force application on box connections, supported by mathematical modeling. Yet, the lack of detailed, step-by-step protocols, specific measurement tools, and controlled variables limits replicability. The quantity of testing is insufficiently detailed, with no explicit trial counts or systematic repetition, reducing confidence in the robustness of results.

The logic behind the testing plan includes some quantitative modeling and threshold setting, but pass/fail criteria and measurable success thresholds are mostly missing or arbitrary. This weakens the evaluation framework. Additionally, no clear evidence of field expert feedback or its incorporation is present, which could have strengthened the plan.

To improve, the team should explicitly state all major requirements and link each to specific, measurable tests. Detailed, replicable procedures with defined tools, variables, and trial counts should be developed. Establishing clear pass/fail criteria and measurable thresholds for all tests will enhance evaluation rigor. Finally, engaging and documenting feedback from qualified field experts would provide valuable insights and improve testing validity.","The testing plan effectively identifies and addresses several key design requirements, including storage space, outlet accessibility, concealed storage, and coffee station dimensions. While weight load capacity is mentioned, it relies on supplier estimates rather than direct testing, which weakens the coverage. The plan demonstrates a reasonable connection between requirements and testing activities, though some requirements are inferred rather than explicitly stated.

Procedures are outlined with basic steps such as measuring distances and comparing designs, but they lack sufficient detail to ensure replicability. Important elements like specific measurement tools, controlled variables, and detailed sequences are missing. Additionally, the plan does not specify the number of trials or repetitions, limiting the ability to assess testing adequacy. The logic behind the plan is partially developed; while it connects measurements to design adjustments, it lacks clear pass/fail criteria, thresholds, or measurable outcomes, which are essential for rigorous evaluation.

Expert feedback from Ms. Z contributed positively by adding tests and improving clarity, demonstrating valuable external input. To improve, the team should provide detailed, replicable procedures including tools and controls, specify trial counts to ensure sufficient data, define measurable success criteria with thresholds, and expand direct testing of weight load capacity. Incorporating these enhancements will strengthen the testing plan’s rigor and reliability.",2.4,2.8
Case083_31200.pdf,,Placeholder text for scoring.,3,1,2,0,0,4,2,3,3,0,,,,,,,,,,"The testing plan addresses many major inferred requirements including detection, notification, suppression system, and structural assembly. Each requirement is linked to specific test procedures, such as Arduino sensor tests, balloon suppression tests, and frame assembly. However, some requirements like the notification system rely on somewhat indirect testing (e.g., balloon popping as notification), and not all requirements have fully distinct or comprehensive tests. | Testing procedures include setup descriptions, tools (Arduino, lighter, balloons, sticks), and sequences of actions. However, some procedural details are vague or incomplete, such as exact sensor positioning, measurement methods, and environmental controls. The description is partially replicable but lacks full clarity and control to ensure consistent replication. | The plan includes multiple trials (typically 7) for key tests, which is positive. However, the total number of tests is moderate and some tests lack explicit trial counts or breadth. The quantity is sufficient to evaluate some but not all requirements comprehensively. | The plan provides pass/fail criteria and goals for tests, such as LED brightness and balloon bursting. Expected results are described, but thresholds and measurable quantitative criteria are often missing or vague. The logic is adequate but could be strengthened with clearer evaluation metrics and tolerances. | Two named field experts (engineering teachers) provided feedback that was incorporated, particularly regarding realism and suppression system design. The document clearly describes their input and how the testing plan was revised accordingly.","The testing plan demonstrates a solid effort to address several key design requirements, including the functionality of the detection and notification systems, the suppression system using water balloons, and the structural assembly of the prototype. While these requirements are mostly inferred from the testing content, the plan connects them to specific test procedures, supporting a good level of requirement coverage. However, some tests, especially those related to notification, rely on indirect indicators, which could be strengthened for clarity.

Testing procedures are described with reasonable detail, including tools and sequences, but some aspects lack precision and control details necessary for full replicability. The quantity of tests is moderate, with multiple trials per test, but the overall breadth could be expanded to cover all requirements more comprehensively. The logic behind the testing plan includes pass/fail criteria and goals, yet measurable thresholds and quantitative evaluation metrics are often missing, limiting the rigor of outcome assessment.

Field expert involvement is a strong point, with two experts providing feedback that led to meaningful revisions in the testing plan, particularly enhancing realism. To improve, the team should provide more precise procedural details to ensure replicability, define clear quantitative success criteria, expand testing coverage to all major requirements, and document measurement methods explicitly. Incorporating more direct and measurable notification system tests would also strengthen the plan.","The testing plan demonstrates a solid effort to address key design requirements such as thruster response time, buoyancy force at different depths, controller input delay, and tether drag force. These requirements were logically inferred from the tests described, showing a clear focus on performance metrics critical to the project. However, some important aspects like float-release retention and float-to-surface tracking are only planned for future testing, limiting the current comprehensiveness.

While the plan specifies trial counts and target values, it lacks detailed procedural descriptions necessary for replication. Essential details such as test setup, measurement tools, controlled variables, and stepwise actions are missing, which could hinder consistent execution by others. The quantity of tests is moderate, with five trials per test, but falls short of the preferred number for robust statistical confidence. The testing logic includes measurable targets and some thresholds but would benefit from explicit pass/fail criteria and clearer connections between results and requirements.

No involvement of field experts is evident, which could have strengthened the plan through informed feedback. To improve, the team should provide detailed, replicable procedures; increase trial counts; define explicit success criteria; and seek expert review to refine and validate the testing approach.",1.2,2.4
Case084_22100.pdf,,Placeholder text for scoring.,2,2,1,0,0,4,2,3,3,0,,,,,,,,,,"The testing plan addresses many major inferred requirements including detection, notification, suppression, and structural assembly. Each requirement is linked to specific test procedures, such as Arduino sensor tests, balloon suppression tests, and frame assembly checks. However, some requirements like the structural frame fit are less directly connected to detailed testing procedures. | Testing procedures include setup descriptions, tools (Arduino, lighter, balloons, sticks), and sequences of actions. However, some procedural details are vague or incomplete, such as exact measurement methods, control of variables, and precise timing. Replicability is partially supported but could be improved with clearer stepwise instructions and measurement protocols. | The plan includes multiple trials (typically 7) for key tests, which supports moderate test quantity. Testing covers several requirements but some tests lack explicit trial counts or detailed repetition plans. Overall, the quantity is adequate to evaluate some but not all requirements comprehensively. | The plan provides pass/fail criteria and goals for most tests, such as LED light emission and balloon bursting. Expected results are described, but thresholds and measurable quantitative criteria are often missing or implicit. The logic is adequate but could be strengthened by clearer success metrics and tolerances. | Two named field experts (engineering teachers) provided feedback that was incorporated into the revised testing plan, notably improving realism and suppression system design. The document clearly documents their expertise, feedback, and resulting plan changes.","The testing plan demonstrates a solid effort to address key design requirements, including the detection and notification systems, suppression mechanism, and structural assembly. While the requirements are mostly inferred from the testing content, the plan connects them to specific tests, supporting a good level of coverage. However, some requirements, especially related to structural assembly, could benefit from clearer linkage to testing procedures.

Testing procedures are described with reasonable detail, including tools and general steps, but lack some precision needed for full replicability. For example, measurement methods and control of variables are not always explicit. The quantity of tests is adequate, with multiple trials planned for major tests, though some tests lack explicit trial counts or repetition details.

The logic of the plan includes pass/fail criteria and goals, but measurable thresholds and quantitative success criteria are often implicit rather than explicit. The involvement of two field experts is a strong point, with clear evidence that their feedback led to meaningful revisions, enhancing the plan's realism and effectiveness.

To improve, the team should: 1) provide more detailed, stepwise testing procedures with explicit measurement methods; 2) define clear, quantitative success thresholds and tolerances; 3) ensure all major requirements have directly linked, distinct tests; and 4) document trial counts and repetition plans for all tests to strengthen evaluation rigor and replicability.","The testing plan effectively targets several key design requirements, including thruster response time, buoyancy force at different depths, controller input delay, and tether drag force. These requirements were inferred from the tests described, demonstrating a focused approach to validating critical system functions. However, some important aspects such as float-release retention and float-to-surface tracking are only mentioned as future work, limiting the current comprehensiveness.

While the plan specifies the tests performed and trial counts, it lacks detailed procedural descriptions necessary for replication. Essential details such as test setup, measurement tools, controlled variables, and step-by-step methods are missing, which reduces clarity and repeatability. The quantity of tests is moderate, with five trials per test, but increasing trial counts and expanding coverage would strengthen the evaluation.

The plan includes measurable targets and some thresholds, but it does not fully articulate pass/fail criteria or detailed evaluation logic, which are important for objective assessment. No involvement of field experts is documented, missing an opportunity for valuable feedback and plan refinement.

To improve, the team should provide detailed, replicable test procedures including setup and measurement methods; increase trial counts to at least seven per test; define clear pass/fail criteria and tolerances for each requirement; and seek and incorporate feedback from relevant field experts to enhance testing rigor and relevance.",1,2.4
Case085_20000.pdf,,Placeholder text for scoring.,2,0,0,0,0,0,0,0,0,0,,,,,,,,,,"The testing plan clearly addresses many major design requirements such as strength, ergonomics, and adjustability with specific test descriptions and objective data. Durability and aesthetics are mentioned as critical but lack explicit test procedures, so not all major requirements are fully tested. | Testing procedures are described with some detail, including test types, participants, and data collection methods. However, key procedural details such as exact setup, tools, measurement instruments, number of trials, and step-by-step sequences are missing or vague, limiting replicability. | The plan mentions multiple types of tests and participant involvement but does not specify trial counts or repetitions. Without explicit trial numbers or frequency, the quantity of tests is limited and insufficiently detailed to fully evaluate all requirements. | The plan includes some measurable outcomes like comfort ratings and load tolerance but lacks explicit pass/fail criteria, thresholds, or tolerances. Expected results are implied but not clearly defined, limiting the logical rigor of the evaluation framework. | The document references expert reviews generally but does not identify any field experts by name or describe specific feedback or revisions based on expert input.","The testing plan demonstrates a solid effort to address key design requirements such as strength, ergonomics, and adjustability, which were inferred from the testing content. The inclusion of both physical testing and human factors assessments is a strength, showing awareness of multiple performance dimensions. However, some important requirements like durability and aesthetics are mentioned but lack explicit testing procedures, reducing completeness.

While the testing procedures provide a general overview of methods and objectives, they lack sufficient detail to ensure replicability. Critical information such as exact test setups, tools, measurement instruments, and trial counts are missing. The absence of explicit trial numbers and repetitions limits confidence in the adequacy of the testing quantity. Additionally, the evaluation framework would benefit from clearly defined pass/fail criteria, thresholds, or tolerances to strengthen the logic and measurability of the plan.

No clear evidence of field expert involvement or feedback incorporation was found, which is a missed opportunity to enhance the plan’s rigor. To improve, the team should specify detailed, step-by-step procedures with tools and measurement methods, define explicit trial counts and repetitions, establish measurable success criteria with thresholds, and document expert feedback with resulting plan revisions. These steps will increase the testing plan’s clarity, repeatability, and alignment with design requirements.","The document clearly identifies several important design requirements such as safety, user-friendliness, precision, repeatability, inexpensiveness, and accuracy. However, it lacks any concrete testing plan or procedures that would demonstrate how these requirements will be evaluated. Without explicit test methods linked to these priorities, it is impossible to assess how well the design will be validated.

Additionally, the document does not provide any detailed or replicable testing procedures. There is no description of tools, setup, variables, or measurement techniques, which are essential for others to reproduce the tests. The absence of planned test quantities or trial counts further limits the ability to evaluate the thoroughness of the testing effort.

The testing plan also lacks logical evaluation criteria such as expected results, thresholds, or pass/fail criteria, which are critical for objective assessment. Finally, there is no evidence of field expert involvement or feedback influencing the testing approach.

To improve, the student should develop detailed, step-by-step testing procedures aligned explicitly with each major requirement. Including measurable outcomes and pass/fail criteria will strengthen the evaluation logic. Planning multiple trials per test will enhance reliability. Lastly, seeking and incorporating feedback from relevant field experts will improve the testing plan's rigor and credibility.",0.4,0
Case086_10100.docx,,Placeholder text for scoring.,1,0,1,0,0,4,3,3,3,3,,,,,,,,,,"The testing plan addresses many major inferred requirements with specific tests for prototype integrity under rotation, weight measurement, game launch, question content, and rewards. However, some requirements like game functionality are less clearly connected to detailed testing procedures. | Testing procedures for prototype rotation and weight measurement are fairly detailed and replicable, including setup, sequence, and trial counts. However, game testing procedures lack clarity and detail, with vague descriptions and missing specifics on how tests are conducted. | The plan includes multiple trials (e.g., 10 trials per axis for rotation, 10 weight trials), which is adequate for some requirements. However, game testing trials are fewer and less clearly defined, limiting overall test quantity sufficiency. | The plan provides pass/fail criteria and goals for prototype integrity and weight tests, with measurable outcomes. However, some expected results and thresholds are incomplete or missing, especially for game-related tests, limiting the logic and evaluation framework. | One field expert is mentioned with brief feedback. There is evidence of some revision based on feedback (noted bug fixes), but the expert's role is minimal and feedback incorporation is limited.","The testing plan demonstrates a solid effort to address several key design requirements, particularly for the prototype's physical integrity and weight constraints. These requirements are inferred from the testing content and are supported by structured tests involving multiple trials and clear pass/fail criteria. However, the game-related requirements, while mentioned, lack detailed and replicable testing procedures, which weakens the overall coverage.

Testing procedures for physical prototype evaluation are relatively clear and replicable, including detailed steps and trial counts. In contrast, the game testing lacks sufficient procedural detail, making replication and evaluation difficult. The quantity of tests is adequate for physical requirements but limited for software functionality, with fewer trials and less clarity. The logic of the testing plan is partially developed, with measurable outcomes and thresholds for some tests but missing or vague criteria for others.

Field expert involvement is minimal, with only one expert providing brief feedback and limited evidence of substantial revisions. To improve, the team should enhance the clarity and detail of game testing procedures, explicitly define measurable success criteria for all requirements, increase trial counts for software tests, and seek more comprehensive expert feedback with documented incorporation. Including diagrams or photos as planned would also strengthen replicability and clarity.","The submitted document is a blank template with instructions for completing a testing plan but contains no actual testing content. As a result, no design requirements could be identified or inferred from the text. Without any described tests, the plan does not address any project requirements, nor does it provide any procedures, trial counts, or evaluation criteria. The absence of detailed testing procedures means the plan is not replicable or measurable. Additionally, there is no indication of how many tests or trials will be conducted, which limits the ability to assess the design comprehensively. The document also lacks any logical framework for evaluating test outcomes, such as pass/fail criteria or expected result ranges. Finally, there is no evidence that field experts reviewed or influenced the testing plan, which is a missed opportunity to improve rigor and relevance. To improve, the student should explicitly list major design requirements and develop detailed, replicable test procedures for each. Including measurable evaluation criteria, specifying trial counts, and defining pass/fail thresholds will strengthen the plan. Incorporating and documenting feedback from at least two field experts will further enhance the testing plan's quality and credibility.",0.4,0
Case087_31112.pdf,,Placeholder text for scoring.,3,1,1,1,2,4,3,3,2,2,,,,,,,,,,"The testing plan addresses many major requirements including fire detection, suppression, structural integrity, and furniture stability. Each requirement is linked to specific test procedures, though some requirements like suppression system effectiveness are only partially tested. | Testing procedures are described with some detail, including steps and trial counts, but lack full clarity and replicability. For example, the fire detection test uses a lighter near the alarm but lacks precise distances or timing. The suppression system test includes filling bags with water but does not specify measurement tools or controlled variables. | The plan includes multiple trials for some tests (e.g., 4-6 water bag fills, 9-10 reattachments), but trial counts are inconsistent and limited for others. Overall, the quantity of tests could feasibly evaluate some but not all requirements comprehensively. | The plan provides some pass/fail criteria and goals, but lacks explicit measurable thresholds or tolerances. Expected results are described qualitatively (e.g., alarm beeps, water balloons pop), but no quantitative success criteria or detailed evaluation metrics are given. | One field expert, Dr. Jim Milke, provided feedback after project completion. The feedback was acknowledged but not incorporated into the testing plan, limiting the score to 2.","The testing plan effectively addresses several key design requirements, including fire detection, suppression, structural integrity, and furniture stability. These requirements were inferred from the testing content and are linked to specific test procedures, demonstrating a solid understanding of project priorities. However, some requirements, particularly the suppression system's effectiveness, are only partially tested, limiting comprehensive coverage.

Testing procedures are described with moderate detail, outlining steps and some trial counts. Yet, the lack of precise measurements, controlled variables, and detailed setup instructions reduces replicability. The quantity of tests is somewhat adequate, with multiple trials for certain components, but inconsistent trial counts and limited coverage for some requirements suggest room for improvement.

The logic behind the testing plan includes qualitative pass/fail criteria and goals but lacks explicit measurable thresholds or tolerances, which weakens the evaluation framework. Field expert feedback was obtained but only after project completion and was not incorporated into the testing plan, missing an opportunity to enhance testing rigor.

To improve, the team should define clear, quantitative success criteria and thresholds for each test, provide detailed, replicable procedures including measurement methods and controlled variables, increase and standardize trial counts across all tests, and actively incorporate expert feedback during the planning phase to refine testing approaches.","The testing plan demonstrates a solid effort to address several key design requirements such as durability, mold resistance, repairability, and ease of use. These requirements were inferred from the testing content and are generally connected to specific test procedures. However, some tests lack sufficient detail or measurable criteria, which weakens the overall rigor of the plan.

Testing procedures include step-by-step instructions and trial counts, but many are vague or lack control measures needed for replication. For example, the durability test’s instruction to 'hit everything' is imprecise and does not specify tools or measurement methods. While multiple trials are planned for some tests, the quantity and coverage are moderate and could be expanded to better evaluate all requirements.

The logic of the plan includes pass/fail criteria and goals, but these are often qualitative and lack explicit thresholds or measurable outcomes, limiting objective evaluation. Field expert feedback was sought from two individuals, but revisions based on their input are minimal and not clearly documented.

To improve, the student should: 1) provide more precise and controlled testing procedures with clear measurement methods; 2) increase the number of trials and ensure coverage of all major requirements; 3) define explicit, measurable pass/fail criteria and thresholds; and 4) clearly document how expert feedback influenced revisions to the testing plan. These steps will enhance the plan’s clarity, replicability, and evaluative power.",1.6,2.8
Case088_11112.pdf,,Placeholder text for scoring.,1,1,1,1,2,3,2,2,2,2,,,,,,,,,,"The testing plan addresses many major requirements including fire detection, suppression, structural integrity, and furniture stability. Each requirement is linked to specific test procedures, though some tests lack full clarity or completeness. | Testing procedures are described with some detail, including steps and trial counts, but lack full clarity and replicability. For example, the fire detection test uses a lighter near the alarm but does not specify distances or timing precisely. The suppression system test is described but lacks detailed setup and measurement methods. | The plan includes multiple trials for some tests (e.g., 4-6 times for suppression system, 9-10 times for reattaching parts), but trial counts are inconsistent and limited for other tests. Overall, the quantity is adequate to test some but not all requirements comprehensively. | The plan provides some expected results and pass/fail criteria, but lacks explicit thresholds, measurable outcomes, or detailed evaluation logic. Goals are stated but often vague, and success criteria are not quantitatively defined, limiting the logical rigor. | One field expert (Dr. Jim Milke) provided feedback after project completion. The feedback is documented but was not incorporated into the testing plan, limiting the score to 2.","The testing plan effectively addresses several key design requirements, including fire detection and suppression, structural integrity, and furniture stability. These requirements were inferred from the testing content, as explicit statements were limited. The plan links each requirement to specific tests, demonstrating a reasonable understanding of the project goals. However, some tests lack full clarity or completeness, which affects the overall rigor.

Testing procedures include step-by-step actions and some trial counts, but they are not sufficiently detailed to ensure replicability. Important details such as exact distances, timing, and measurement methods are missing, which could hinder consistent reproduction of results. The quantity of tests is moderate, with multiple trials for some components but limited coverage for others, suggesting that not all requirements will be thoroughly evaluated.

The logic behind the testing plan includes pass/fail criteria and goals, but these are often vague and lack measurable thresholds or quantitative evaluation metrics. This reduces the ability to objectively assess success. Field expert feedback was obtained but only after project completion and was not incorporated into the testing plan, limiting its impact.

To improve, the team should: 1) provide more detailed and replicable testing procedures including precise measurements and conditions; 2) increase the number of trials to ensure statistical reliability; 3) define clear, quantitative pass/fail criteria and thresholds for each test; and 4) seek and incorporate expert feedback earlier to refine the testing plan and prototype design.","The testing plan demonstrates a solid effort to address several key design requirements such as durability, mold resistance, repairability, and ease of use. These requirements were inferred from the testing content and are generally connected to specific test procedures. However, some tests lack detailed linkage to measurable outcomes, which weakens the overall alignment.

Testing procedures include step-by-step instructions and trial counts for some tests, but many lack sufficient detail to ensure replicability. For example, the durability test’s vague instructions and absence of controlled conditions reduce clarity. The quantity of tests is moderate, with multiple trials planned for mold resistance and ease of use, but fewer or unspecified trials for other requirements.

The logic of the plan is limited by qualitative expected results and pass/fail criteria without clear thresholds or measurable metrics. This reduces the ability to objectively evaluate success. Field expert involvement is documented, but feedback incorporation is minimal, and some expert concerns were not fully addressed.

To improve, the student should: 1) provide more detailed, controlled, and replicable test procedures; 2) define quantitative thresholds and measurable outcomes for all tests; 3) increase trial counts especially for durability and repairability; and 4) actively incorporate expert feedback to refine and justify the testing plan. These steps will enhance the rigor and clarity of the prototype evaluation.",1.2,2.8
Case089_01210.pdf,,Placeholder text for scoring.,0,1,2,1,0,3,2,2,2,0,,,,,,,,,,"The testing plan addresses some major requirements such as accurate soil moisture reading, real-time feedback, and sustainable power supply through described tests. However, the ease of use requirement is only mentioned without a clear test procedure. The connection between requirements and tests is partial and not fully comprehensive. | The procedures include basic steps but lack sufficient detail for replication. Key elements such as specific measurement methods, tools beyond the sensor and laptop, variables controlled, and exact sequence details are missing. The description is vague and would be difficult for another person to replicate precisely. | The document mentions testing multiple times on different soils but does not specify the number of trials or how many different soil types were tested. The quantity of tests is limited and not clearly planned to cover all requirements comprehensively. | Expected results are described (e.g., green light for wet soil, red for dry), but no measurable thresholds, pass/fail criteria, or tolerances are provided. The evaluation logic is weak and lacks quantitative metrics or clear success criteria, limiting the ability to objectively assess outcomes. | There is no mention of field expert involvement or feedback influencing the testing plan.","The testing plan identifies and partially addresses several key design requirements, including accurate soil moisture readings, real-time feedback, and sustainable power supply. However, the ease of use requirement is mentioned without a corresponding test, indicating incomplete coverage of all major requirements. The plan would benefit from explicitly linking each requirement to a distinct, measurable test.

Testing procedures are outlined in a basic stepwise manner but lack sufficient detail to ensure replicability. Important details such as specific measurement techniques, controlled variables, and tools used are absent, making it difficult for others to reproduce the tests reliably. Additionally, while multiple tests on different soils are mentioned, the absence of explicit trial counts or systematic testing plans limits confidence in the adequacy of test quantity.

The logic behind the testing plan includes expected outcomes like color-coded soil moisture indicators but lacks quantitative thresholds, pass/fail criteria, or tolerances. This weakens the ability to objectively evaluate success. No evidence of expert feedback or revisions based on such input is present. To improve, the plan should include detailed, replicable procedures; clearly defined measurable criteria; explicit trial counts; and seek expert review to refine testing rigor and alignment with requirements.","The testing plan demonstrates a clear focus on important inferred design requirements such as structural strength, stability under uneven loads, and material efficiency. The use of physical mock-ups with popsicle sticks and load tests with marbles and a hammer provides a practical approach to exploring these requirements. However, the connection between tests and specific requirements is sometimes implicit rather than explicit, which weakens the overall alignment.

Testing procedures are described in broad strokes but lack the detail necessary for replication. Key elements such as exact measurement methods, variables controlled, and step-by-step sequences are missing or vague. Additionally, the plan does not specify the number of trials conducted, limiting confidence in the robustness of the results. The logic behind the testing includes some qualitative evaluation but lacks measurable thresholds, pass/fail criteria, or clear success metrics, which are essential for rigorous assessment.

No involvement of field experts is documented, and no revisions based on expert feedback are evident. To improve, the team should explicitly link each test to a specific requirement, provide detailed, replicable procedures including measurement techniques, define quantitative success criteria, and plan multiple trials per test. Incorporating expert review and documenting resulting changes would further strengthen the testing plan’s credibility and effectiveness.",0.8,1.8
Case090_12120.pdf,,Placeholder text for scoring.,1,2,1,2,0,3,2,2,2,0,,,,,,,,,,"The testing plan addresses multiple major inferred requirements: mold prevention, water distribution and pressure stability, and energy efficiency. Each requirement is linked to specific tests such as observing mold formation, monitoring water pressure and flow, and measuring energy use. However, some requirements like energy efficiency are less directly connected to detailed test methods. | Testing procedures include setup details (three pipe types, locations, adjustable flow), sequence (adding water every two days, observing), and some measurement variables (pressure, energy use). However, procedures lack full detail on tools, exact measurement methods, and replication steps. Terms like 'observe' and 'track' are vague, limiting replicability. | The plan includes multiple pipes tested in different locations and conditions, with some variation in watering levels and timing. Trial counts are roughly indicated (2-3 pipes, multiple locations), but explicit trial numbers per test and multiple repetitions per condition are not clearly stated, limiting confidence in test quantity sufficiency. | The plan provides pass/fail criteria and goals for mold presence, water distribution, and energy use, which supports measurable evaluation. Expected results and some thresholds are described, but quantitative thresholds and detailed success criteria are missing, reducing the thoroughness of the evaluation framework. | Two named field experts (a biochemist and an engineer) provided specific feedback that was clearly incorporated into the revised testing plan, including adding sensors, extending testing duration, and varying test conditions. This shows meaningful expert involvement and plan improvement.","The testing plan effectively addresses several key design requirements, including mold prevention, even water distribution, and energy efficiency, inferred from the testing content. The linkage between requirements and test methods is generally clear, though some connections, especially regarding energy efficiency, could be more explicitly detailed. The procedures outline the use of different pipe materials, locations, and adjustable flow settings, but lack sufficient detail on measurement tools, exact data collection methods, and step-by-step replication instructions, which may hinder reproducibility.

Test quantity planning shows promise with multiple pipes and varied conditions, yet explicit trial counts and repetition details are insufficient to ensure robust evaluation. The inclusion of pass/fail criteria and goals for each requirement adds valuable structure, but the absence of quantitative thresholds and detailed success metrics limits the plan’s evaluative rigor. Notably, two field experts contributed substantive feedback that was incorporated, enhancing the plan’s depth and scope.

To improve, the student should specify exact measurement instruments and data recording methods, define clear quantitative thresholds for pass/fail criteria, increase the number of trials with explicit counts, and provide a detailed, stepwise testing procedure to ensure replicability. Additionally, further clarifying how energy efficiency will be measured and linked to test outcomes would strengthen requirement alignment. Continued expert consultation with documented iterative revisions is encouraged to refine the testing plan further.","The testing plan demonstrates a reasonable effort to address important design requirements such as structural strength, frame stability, and material efficiency, inferred from the described tests with popsicle stick frames and load simulations. However, the connection between these requirements and the testing procedures is only partially clear, limiting the comprehensiveness of the evaluation. The procedures are described narratively but lack sufficient detail to allow replication, with missing specifics on setup, measurement methods, and controlled variables.

Test quantity is limited and not well documented; no explicit trial counts or repeated tests are mentioned, which restricts confidence in the robustness of the data. The logic behind the testing plan includes some qualitative observations and expected outcomes, such as frame tilt and marble capacity, but lacks measurable thresholds, pass/fail criteria, or quantitative evaluation metrics necessary for objective assessment. Additionally, there is no evidence of field expert feedback or revisions based on such input.

To improve, the team should provide detailed, step-by-step testing procedures including tools, variables, and measurement methods to enhance replicability. Explicit trial counts and repeated tests should be planned and documented to strengthen data reliability. Defining measurable success criteria and thresholds will improve evaluation clarity. Finally, involving field experts and documenting their feedback with corresponding plan revisions would enhance the testing plan’s rigor and credibility.",1.2,1.8
Case091_20000.pdf,,Placeholder text for scoring.,2,0,0,0,0,3,2,1,2,0,,,,,,,,,,"The testing plan addresses multiple major inferred requirements: mold prevention, water distribution and pressure stability, and energy efficiency. Each requirement is linked to specific test procedures such as observing mold formation, monitoring water pressure and flow, and measuring energy use. However, some requirements like energy efficiency are less directly connected to detailed testing methods. | Testing procedures include setup descriptions (three pipe types, locations, adjustable flow), measurement variables (mold observation, pressure, energy use), and sequence (adding water every two days). However, details on exact measurement tools, sensor types, data collection methods, and replication steps are incomplete or vague, limiting replicability. | The plan includes multiple pipes tested in different locations and conditions with varied watering levels and timing. Trial counts are roughly indicated (2-3 pipes, multiple locations), but explicit trial numbers per test and repetition counts are not clearly stated, limiting confidence in test quantity sufficiency. | The plan provides pass/fail criteria and goals for mold presence, water distribution, and energy use, with expected results described. However, thresholds and measurable quantitative criteria (e.g., exact pressure ranges, energy limits) are not fully specified, reducing the strength of the evaluation logic. | Two field experts (a biochemist and an engineer) provided feedback that was clearly incorporated into the revised testing plan, including adding sensors, extending testing duration, and expanding test variables and conditions. This shows meaningful expert involvement and plan improvement.","The testing plan effectively addresses several key design requirements, including mold prevention, even water distribution, and energy efficiency, which were logically inferred from the testing content. The plan links these requirements to specific tests, such as observing mold growth and monitoring water pressure, demonstrating a solid foundation for evaluating the design. However, some connections, particularly regarding energy efficiency, could be more explicitly detailed.

Testing procedures are described with reasonable clarity, including the use of different pipe materials, locations, and adjustable flow settings. Yet, the plan lacks detailed descriptions of measurement tools, sensor specifications, and exact data collection methods, which limits replicability. The quantity of tests is moderate, with multiple pipes and varied conditions, but explicit trial counts and repetition details are insufficient to fully ensure robust evaluation.

The plan includes pass/fail criteria and goals, which strengthen the evaluation framework, but measurable thresholds and quantitative success criteria are not fully developed. The involvement of two field experts is a strong point; their feedback led to meaningful revisions such as adding sensors and expanding test variables, enhancing the plan's rigor.

To improve, the student should specify exact measurement instruments and data collection protocols, define quantitative thresholds for pass/fail criteria, increase and clearly state trial counts and repetitions, and further detail how each test outcome directly maps to specific requirements. Including more precise, replicable procedures and measurable evaluation metrics will strengthen the testing plan's effectiveness and reliability.","The testing plan demonstrates an attempt to address several inferred design requirements, including motor lifting capacity, roof weight compatibility, power supply adequacy, and tray size compliance. However, the plan only partially connects these requirements to specific tests, limiting the overall coverage and depth of evaluation. The procedures described are general and lack sufficient detail such as specific measurement methods, tools used, or step-by-step instructions, which hinders replicability and clarity.

Additionally, the testing quantity is minimal with no explicit mention of multiple trials or systematic testing, reducing confidence in the reliability of the results. The logic behind the testing plan is somewhat present through expected outcomes, but it lacks measurable thresholds, pass/fail criteria, or clear evaluation metrics that would strengthen the assessment of design success. There is no indication of field expert involvement or feedback, which could have enhanced the testing plan’s rigor and relevance.

To improve, the team should provide detailed, replicable testing procedures including tools, variables, and measurement techniques. They should plan and document multiple trials per test to ensure reliability. Establishing clear pass/fail criteria or measurable thresholds tied to requirements would improve evaluation logic. Finally, seeking and incorporating feedback from relevant field experts would strengthen the testing plan’s validity and completeness.",0.4,1.6
Case092_33333.pdf,,Placeholder text for scoring.,3,3,3,3,3,4,3,3,3,3,,,,,,,,,,"The testing plan addresses many major inferred requirements with specific tests for noise, size, durability, ease of movement, and edge finish. Each requirement is linked to a test procedure, though some requirements like ease of movement and edge finish have less detailed measurement criteria. | Testing procedures are generally detailed and logical, including tools (mobile app, ruler, timer), setup, and step sequences. However, some procedures lack full clarity on measurement methods (e.g., how interruptions are counted) and do not fully specify controls or environmental conditions. | The plan includes multiple trials (mostly 4 per test case) across different conditions (one hand, two hands), covering most requirements. Trial counts are explicit and reasonable, though some tests have fewer trials (e.g., size measurement with 3 trials) and no mention of repeated measures for edge finish. | The plan provides pass/fail criteria, expected ranges, and goals for most tests, but some criteria are vague or inconsistent (e.g., noise increase ranges, interruptions count). Thresholds and measurable outcomes are present but not always clearly connected or justified, limiting full logical rigor. | Two named field experts provided feedback that was incorporated, notably adjusting size requirements and confirming test relevance. The document shows clear revisions based on expert input, demonstrating meaningful expert involvement.","The testing plan effectively addresses several key design requirements inferred from the content, including noise level, size, durability, ease of movement, and edge finish. Each requirement is linked to specific tests, demonstrating a strong alignment between design goals and evaluation methods. However, some requirements, such as ease of movement and edge finish, could benefit from more precise measurement criteria to strengthen requirement coverage.

Testing procedures are generally well-detailed, specifying tools, setup, and step-by-step actions that support replicability. The inclusion of multiple trials across different conditions enhances the robustness of the testing quantity. Nonetheless, some procedures lack clarity on measurement specifics, such as how interruptions are counted or environmental controls during noise testing, which could affect repeatability.

The plan includes pass/fail criteria and expected result ranges, but some thresholds are inconsistently defined or lack clear justification, limiting the logical rigor of evaluation. The involvement of two field experts is a notable strength, with documented feedback leading to meaningful revisions, particularly in refining size requirements. To improve, the plan should clarify measurement methods, expand trial counts for less tested requirements, better justify pass/fail thresholds, and further detail environmental controls to enhance replicability and rigor.","The testing plan demonstrates a solid effort to address several key design requirements, including water flow consistency, system durability, and ease of assembly. While some requirements were explicitly tested, others were inferred from the testing content, showing a reasonable understanding of project goals. The inclusion of a revised plan incorporating expert feedback strengthens the overall approach.

Testing procedures provide a basic sequence of actions and some setup details, but they lack sufficient clarity and detail for full replication. For example, the manual holding of the frame and vague pressure adjustments reduce procedural rigor. Trial counts vary, with some tests having adequate repetitions, but others are limited, which may affect the reliability of conclusions.

The logic behind the testing plan includes pass/fail criteria and goals, but measurable thresholds and quantitative success criteria are often missing or vague. The involvement of a field expert improved the plan, particularly by adding tests for pressure variability and timing, though only one expert contributed. To improve, the team should develop more detailed, replicable procedures; define explicit quantitative success criteria; increase trial counts for all tests; and seek additional expert reviews to further refine the plan.",3,3.2
Case093_54433.pdf,,Placeholder text for scoring.,5,4,4,3,3,4,3,3,3,3,,,,,,,,,,"No testing plan content present to identify or connect to any design requirements. | No testing procedures described; no details on setup, tools, measurements, or sequence. | No tests or trial counts planned or described. | No explanation or logic for testing plan provided. | No mention or evidence of field expert involvement.","The submitted document contains no content related to prototype testing or data collection planning, resulting in an inability to infer any design requirements or evaluate the testing approach. Without any described tests, it is impossible to assess how well the plan addresses the project’s major requirements or to determine the clarity and replicability of testing procedures. The absence of trial counts or test quantity planning further limits evaluation of the testing scope and sufficiency.

Additionally, there is no logical framework, measurable outcomes, or pass/fail criteria presented, which are essential for a rigorous and meaningful testing plan. The document also lacks any indication of field expert feedback or revisions based on such input, which could have strengthened the testing strategy.

To improve, the student should explicitly state the key design requirements and develop detailed, replicable test procedures that directly address these requirements. Including measurable evaluation criteria, such as thresholds or pass/fail conditions, will enhance the logic and usefulness of the testing plan. Planning multiple trials per test and documenting trial counts will demonstrate sufficient testing quantity. Finally, seeking and incorporating feedback from qualified field experts will improve the plan’s quality and credibility.","The testing plan demonstrates a solid effort to address several key design requirements, including consistent water flow, system durability, ease of assembly, and water supply stability. While some requirements were explicitly tested, others were inferred from the testing content, which is acceptable given the logical connections made. The inclusion of tests for efficiency, simulated rain, and long-term plant health further strengthens the plan's scope.

Testing procedures provide a reasonable sequence of actions and some setup details, but they lack full clarity and replicability. For example, holding the system by hand during tests and vague descriptions of durability assessments reduce the ability for others to replicate the tests precisely. Trial counts vary, with some tests having sufficient repetitions and others lacking explicit numbers, limiting comprehensive evaluation.

The plan includes pass/fail criteria and goals, but measurable thresholds and tolerances are often missing or qualitative, which weakens the evaluation logic. The involvement of a field expert who provided actionable feedback and whose suggestions were incorporated is a notable strength. To improve, the team should develop more detailed, replicable procedures; increase and standardize trial counts; define clear, quantitative success criteria; and expand expert consultation to further refine the testing plan.",3.8,3.2
Case094_55553.pdf,,Placeholder text for scoring.,5,5,5,5,3,4,4,3,3,3,,,,,,,,,,"Only one requirement (move based on sunlight) has a minimal test described, but no actual testing was conducted. Other requirements are mentioned with planned tests but no evidence of execution. | Testing procedures are minimally described with vague statements such as 'put it out in the sun' and 'we will program it,' lacking detail on setup, tools, measurements, or sequence. | No explicit number of trials or repeated tests are planned or described. Testing quantity is minimal and insufficient to evaluate requirements. | Expected results and pass/fail criteria are mentioned but not clearly defined or measurable. No thresholds, tolerances, or detailed evaluation logic are provided. | No evidence of field expert involvement or feedback is present.","The testing plan attempts to address three inferred major design requirements: movement based on sunlight, programmability for time of day and sun, and battery usage. However, the plan falls short in providing meaningful testing evidence for these requirements. Only one requirement has a minimal test described, and even that was not conducted. The other requirements are only mentioned with intentions to test, but no actual testing or results are presented.

Testing procedures lack clarity and detail, making replication impossible. Descriptions such as 'put it out in the sun' or 'we will program it' are vague and omit critical information like tools, measurements, or step-by-step actions. Additionally, the plan does not specify the number of trials or repeated tests, limiting the ability to evaluate the design thoroughly. Expected results and pass/fail criteria are mentioned but lack measurable thresholds or clear evaluation logic, reducing the plan's effectiveness.

No involvement of field experts is documented, and no revisions based on expert feedback are evident. To improve, the student should develop detailed, replicable procedures including setup and measurement methods, define clear pass/fail criteria with measurable thresholds, plan multiple trials for each requirement, and seek expert feedback to refine the testing plan. These steps will enhance the rigor, clarity, and reliability of the testing process.","The testing plan demonstrates a solid effort to address key design requirements such as ease of use, latching security, x-ray compatibility, operator motion, durability, and reliability. Many requirements were inferred from the detailed test methods, showing thoughtful alignment between design goals and evaluation. However, some areas, particularly reliability testing, lack full procedural detail, which weakens the overall coverage.

Procedures are generally well described with clear steps, tools, and measurements, supporting replicability. Yet, some tests, especially those related to reliability and durability, would benefit from more explicit trial counts and repetition to ensure statistical validity. The plan includes measurable data collection like timing, force measurements, and user ratings, but often lacks explicit pass/fail criteria or thresholds, which limits the clarity of evaluation outcomes.

Expert involvement is a strength, with a named engineer providing feedback, though the impact of this input on refining the plan is not fully documented. To improve, the team should explicitly define success criteria and thresholds for each test, increase the number of trials with clear repetition counts, fully detail all test procedures including reliability tests, and document how expert feedback has shaped the testing plan. These steps will enhance the rigor, repeatability, and evaluative power of the prototype testing.",4.6,3.4
Case095_33430.pdf,,Placeholder text for scoring.,3,3,4,3,0,4,4,3,3,2,,,,,,,,,,"The testing plan addresses many major requirements including cancer detection accuracy, cancer stage identification, diagnosis speed, and user satisfaction. Each requirement is linked to specific tests and passing criteria, though some requirements like cancer form/stage detection are less fully developed. | Testing procedures are described at a high level but lack detailed steps, setup, tools, variables, and measurement methods. For example, the method of feeding images to the AI and how polls are conducted is not detailed, limiting replicability. | Trial counts are partially specified (e.g., 10 images per test), but the number of trials or repetitions is unclear. The plan includes two main tests covering multiple requirements but lacks explicit multiple trials or broader test quantity. | The plan includes measurable pass/fail criteria (e.g., 8/10 correct identifications, diagnosis within a week, 80% satisfaction), but lacks detailed thresholds, tolerances, or expected result ranges. The logic is adequate but could be more thoroughly developed. | No evidence of field expert involvement or feedback is provided in the document.","The testing plan effectively targets several key design requirements, including the AI's ability to detect cancer presence and stage, the speed of diagnosis, and user satisfaction among medical staff. These requirements, while not explicitly stated, are clearly inferred from the testing content and linked to specific tests with measurable passing criteria. This alignment demonstrates a solid understanding of the project's priorities.

However, the testing procedures lack sufficient detail to ensure replicability. Important aspects such as the exact process for feeding images to the AI, the tools used, and the method for conducting satisfaction polls are not described. Additionally, the quantity of testing is limited; while some trial counts are mentioned, the plan does not specify multiple trials or broader coverage to robustly evaluate the design. The logic behind the testing is adequate, with clear pass/fail criteria, but could be strengthened by including thresholds, tolerances, and expected result ranges.

No involvement of field experts is evident, which is a missed opportunity for improving the testing plan. To enhance the rigor and clarity of the testing plan, it is recommended to: 1) provide detailed, step-by-step testing procedures including setup and measurement methods; 2) increase the number of trials and explicitly state trial counts; 3) define thresholds and tolerances for evaluation criteria; and 4) seek and incorporate feedback from relevant medical or AI experts to validate and refine the testing approach.","The testing plan effectively identifies and addresses several key design requirements, including weight capacity, durability, stability, safety, and usability, inferred from the described tests. This comprehensive coverage demonstrates a solid understanding of the product’s critical performance aspects. However, some requirements, such as material flexibility and real-world usability, are tested more qualitatively than quantitatively, limiting the rigor of evaluation.

Procedures are generally outlined with clear purposes and methods, but lack sufficient detail for full replication. Important specifics like measurement tools, environmental controls, and exact testing sequences are missing or vague. Additionally, while the durability test specifies 500 cycles, other tests do not provide explicit trial counts or repetition plans, resulting in limited testing quantity and coverage.

The logic behind the testing plan is partially developed, with some expected observations noted, but it lacks measurable thresholds, pass/fail criteria, or quantitative success metrics. This absence reduces clarity on how results will be evaluated against requirements. Expert involvement is mentioned only as a future plan without evidence of feedback or revisions, limiting the benefit of field expertise.

To improve, the team should: 1) specify detailed, replicable procedures including tools and environmental conditions; 2) define explicit trial counts and repetitions for all tests; 3) establish measurable success criteria and thresholds for each requirement; and 4) actively incorporate documented expert feedback to refine testing and design.",2.6,2.4
Case096_33330.pdf,,Placeholder text for scoring.,3,3,3,3,0,4,3,2,2,1,,,,,,,,,,"The testing plan addresses multiple major requirements including cancer detection accuracy, cancer stage identification, diagnosis speed, and user satisfaction. Each requirement is linked to specific tests with passing criteria, though some requirements like user satisfaction are less directly connected to test procedures. | Testing procedures are described at a high level but lack detailed steps, setup descriptions, tools, variables, and measurement methods. For example, the method of feeding images to the AI and how polls are conducted is not detailed, limiting replicability. | Trial counts are partially specified (e.g., 10 images per test), but the number of trials or repetitions is unclear. The plan includes two main tests covering several requirements but lacks multiple trials or detailed quantity planning. | The plan includes measurable pass/fail criteria (e.g., 8/10 correct identifications, diagnosis within a week, 80% satisfaction), which supports logical evaluation. However, expected result ranges and thresholds beyond minimum passing criteria are not provided, limiting thoroughness. | No evidence of field expert involvement or feedback influencing the testing plan is provided.","The testing plan effectively targets key design requirements such as cancer detection accuracy, cancer stage identification, diagnosis speed, and user satisfaction, demonstrating a clear focus on critical project goals. However, these requirements are inferred from the testing content rather than explicitly stated, which could be improved for clarity. While the plan includes measurable pass/fail criteria, the testing procedures lack sufficient detail to ensure replicability. Important aspects such as the setup, tools, variables, and exact measurement methods are not described, making it difficult for others to reproduce the tests reliably.

The quantity of testing is limited, with only two main tests and minimal information on trial counts or repetitions. This restricts the ability to thoroughly evaluate the design under varied conditions. The logic of the plan is partially developed, with clear thresholds for passing but no discussion of expected result ranges or goals beyond minimum criteria. Additionally, there is no indication that field experts reviewed or influenced the testing plan, which could enhance its rigor and relevance.

To improve, the plan should explicitly state all major requirements, provide detailed, step-by-step testing procedures including tools and variables, and specify multiple trials with clear counts. Incorporating expected result ranges and success criteria beyond minimum thresholds would strengthen evaluation logic. Finally, seeking and documenting feedback from relevant field experts would improve the plan’s credibility and effectiveness.","The testing plan effectively targets several key design requirements such as weight capacity, durability, stability, safety, and usability, which were logically inferred from the testing content. This comprehensive approach demonstrates a solid understanding of the product’s critical performance aspects. However, some requirements, particularly material flexibility and real-world usability, could benefit from more explicit and measurable testing criteria.

While the procedures are generally described, they lack sufficient detail to ensure replicability. Important specifics such as exact tools, measurement instruments, and stepwise protocols are missing, which could hinder consistent reproduction of the tests. The quantity of testing is limited; only the durability test specifies a trial count, while other tests lack information on repetitions or sample sizes, reducing confidence in the robustness of the evaluation.

The logic behind the testing plan is partially developed, with some measurable outcomes noted, but it lacks clear pass/fail criteria, thresholds, or tolerances that would strengthen the evaluation framework. Expert involvement is mentioned but not substantiated with evidence of feedback or plan revisions, limiting the benefit of field expertise.

To improve, the team should define explicit pass/fail criteria and measurable thresholds for each test, provide detailed step-by-step procedures including tools and measurement methods, increase the number of trials or repetitions for all tests, and document expert feedback with corresponding plan adjustments. These enhancements will increase the rigor, clarity, and reliability of the testing plan.",2.4,2.4
Case097_12130.pdf,,Placeholder text for scoring.,1,2,1,3,0,3,2,2,2,0,,,,,,,,,,"The testing plan addresses many major inferred requirements with specific testing approaches linked to each, such as safety via measuring light reach, durability via lifespan, and usability via task timing. However, some requirements like entertainment and adaptability rely on subjective observations or stakeholder feedback without clear test methods, limiting completeness. | Testing procedures include some details such as scoring scales, surveys, and timing tasks, but lack comprehensive step-by-step instructions, specific tools, or controlled variables. Replicability is partial; for example, the survey and observation methods are described generally without detailed protocols. | The plan mentions repeating some tests (e.g., timing tasks repeated 5 times), but most tests lack explicit trial counts or detailed quantity planning. Coverage is broad but testing quantity is limited and not clearly sufficient to evaluate all requirements robustly. | The plan provides measurable outcomes and thresholds for some criteria (e.g., safety percentages, durability years, affordability cost ranges), but other areas rely on subjective ratings or vague observations without clear pass/fail criteria or thresholds, resulting in only partial logical evaluation. | Two named field experts reviewed the plan and provided feedback that was incorporated, such as focusing on teacher usability and addressing bias in feedback collection. The document clearly describes how expert input influenced testing focus and methodology.","The testing plan demonstrates a solid effort to address many of the project’s high-priority design requirements, including safety, durability, and affordability, with clear connections between requirements and testing approaches. However, some requirements, such as entertainment and adaptability, rely heavily on subjective observations or stakeholder feedback without detailed, structured testing methods, which weakens the overall completeness of the plan.

Procedures include some useful details like scoring scales and repeated trials for timing tasks, but lack comprehensive, replicable protocols with clear setup, tools, and controlled variables. The quantity of testing is limited, with few explicit trial counts and minimal coverage for some requirements, reducing confidence in the robustness of the evaluation. The logic of the plan is partially developed, with measurable thresholds and pass/fail criteria for some requirements, but other areas depend on subjective ratings without clear evaluation standards.

The involvement of two field experts is a strong point; their feedback was thoughtfully incorporated to improve focus and address potential biases, enhancing the plan’s credibility. To improve, the team should develop more detailed, step-by-step testing procedures; increase the number of trials and explicitly document them; establish clear, measurable success criteria for all requirements; and further refine testing methods to reduce subjectivity and improve replicability.","The testing plan demonstrates an initial effort to address important design requirements, primarily focusing on achieving neutral buoyancy and ensuring the prototype parts remain connected. However, the plan only covers a limited scope of requirements, and many potentially critical aspects are not addressed. This limits the comprehensiveness of the testing approach.

The testing procedures are described in a basic sequence but lack sufficient detail to ensure replicability by others. Important elements such as specific measurement techniques, tools, controls, and variable definitions are missing, which reduces clarity and effectiveness. Additionally, the plan includes only two trials, which is insufficient to reliably assess performance and variability, falling short of recommended testing quantities.

While pass/fail criteria and a goal are mentioned, the plan lacks measurable thresholds, expected result ranges with units, and a thorough evaluation framework. This weakens the logic and rigor of the testing plan. Furthermore, there is no indication that field experts reviewed or influenced the plan, missing an opportunity to strengthen the approach through expert feedback.

To improve, the team should expand testing to cover all major requirements explicitly, increase the number of trials to at least seven per test, and provide detailed, replicable procedures including measurement methods and controls. Incorporating measurable success criteria with clear thresholds and expected ranges will enhance evaluation rigor. Finally, seeking and documenting expert feedback with corresponding plan revisions will improve the plan’s quality and credibility.",1.4,1.8
Case098_00000.pdf,,Placeholder text for scoring.,0,0,0,0,0,2,1,1,1,0,,,,,,,,,,"The document lists multiple design requirements and ideal/minimum criteria but does not describe any actual testing procedures or methods to verify these requirements. | No testing procedures, setups, tools, measurements, or sequences are described. Only general criteria and goals are stated without any procedural detail. | No test quantities, trial counts, or plans for repeated testing are provided. The document lacks any feasible testing plan. | The document provides measurable expected results and thresholds (e.g., removability under 30 seconds, pushing 500 lbs, no cart marks), but lacks any explanation of how these will be measured or evaluated in testing. | No mention or evidence of field expert involvement or feedback is present.","This testing plan clearly identifies and infers important design requirements such as user comfort, ease of use, removability, strength, and impact on the cart. However, it falls short in connecting these requirements to actual test methods or procedures, limiting its ability to demonstrate how the design will be validated. The plan outlines ideal and minimum criteria with measurable targets, which is a strength, but it lacks any description of how tests will be conducted, what tools or measurements will be used, or how many trials will be performed.

The absence of detailed, replicable testing procedures and trial counts means the plan cannot be reliably executed or evaluated. While measurable outcomes and thresholds are stated, the lack of a logical framework explaining how these will be assessed reduces the plan’s rigor. Additionally, there is no evidence of expert review or feedback influencing the testing approach, which could have strengthened the plan’s validity.

To improve, the team should develop detailed, step-by-step testing procedures including setup, tools, and measurement methods; specify the number of trials per test to ensure reliability; explicitly link each test to a requirement; and incorporate expert feedback to refine the plan. Including pass/fail criteria and documenting how results will be recorded and analyzed will also enhance clarity and replicability.","The testing plan attempts to address multiple design requirements by ensuring that each function of the prototype makes sense and solves the intended problems. However, the plan lacks specificity and clear linkage between requirements and test methods, making it difficult to assess how comprehensively the requirements are covered. Testing procedures are not described in sufficient detail to allow replication, as there is no mention of setup, tools, variables, or measurement techniques. Additionally, the plan does not specify the quantity of tests or trials, which limits confidence in the adequacy of testing coverage. The logic behind the testing plan is weak, with no measurable outcomes, pass/fail criteria, or thresholds provided to evaluate success. This absence of evaluation criteria hinders objective assessment of the prototype's performance. Furthermore, no field experts have reviewed or influenced the testing plan, and no revisions based on expert feedback are evident. To improve, the team should explicitly define and connect major design requirements to specific test procedures, provide detailed and replicable testing steps including measurement methods, plan sufficient trials to cover all key requirements, and establish clear pass/fail criteria or thresholds. Engaging field experts early and incorporating their feedback will also strengthen the testing plan's validity and rigor.",0,1
Case099_00000.pdf,,Placeholder text for scoring.,0,0,0,0,0,2,1,1,1,0,,,,,,,,,,"The testing plan addresses many major inferred requirements such as handle strength and comfort, plastic floor and wall durability, box weight and stacking, cleaning ease, and locking security. The cardboard prototype testing partially addresses simplicity and durability. However, some requirements like durability for the Komodo dragon force are only partially tested or planned, and some tests (e.g., dog in cardboard box) are informal and not fully representative. | Testing procedures vary in detail. The metal handles test is relatively detailed with setup, sequence, and measurement steps. Plastic and box tests describe actions but lack full procedural clarity (e.g., exact measurement methods, number of trials). Some tests rely on subjective ratings without clear protocols. The cardboard prototype test is vague and informal. | The plan mentions multiple tests but rarely specifies trial counts or repetition. The handle test implies incremental loading but does not specify number of trials. Other tests lack explicit trial numbers or repetition plans, limiting confidence in testing quantity sufficiency. | Some measurable outcomes and thresholds are stated, such as 120 lbs load for handles and observation of cracks or damage on plastic. However, pass/fail criteria and success thresholds are often vague or missing (e.g., what constitutes acceptable damage, cleaning rating scales lack pass criteria). Expected results are implied but not consistently quantified. | No evidence of field expert involvement or feedback influencing the testing plan is provided. Zoo experts are mentioned but only in general terms without documented feedback or revisions.","The testing plan demonstrates a solid attempt to address many key design requirements, including handle strength, plastic durability, box weight, stacking ability, cleaning ease, and locking security. While the cardboard prototype testing touches on simplicity and durability, it is informal and lacks rigor. Many requirements were inferred from the testing content rather than explicitly stated, which is acceptable but requires clearer alignment.

Testing procedures vary in clarity and detail. The handle strength test is the most detailed and replicable, including setup and measurement steps. Other tests, such as plastic impact and cleaning, lack detailed protocols and trial counts, reducing replicability. The plan generally lacks explicit trial numbers and repetition, limiting confidence in the sufficiency of testing quantity. Measurable outcomes and pass/fail criteria are inconsistently defined; some thresholds are given, but many tests rely on subjective observations without clear success criteria.

No evidence of field expert feedback or its incorporation into the testing plan is present, which is a missed opportunity for validation. To improve, the team should explicitly state all major requirements and ensure each is linked to specific, measurable tests. Detailed, step-by-step procedures with defined trial counts and objective pass/fail criteria would enhance replicability and rigor. Incorporating expert review and documenting resulting plan revisions would strengthen credibility and design validation.","The testing plan attempts to address multiple design requirements, primarily focusing on ensuring the prototype functions correctly and solves the intended problems. However, these requirements are only broadly implied and not explicitly linked to specific test procedures, limiting the plan's clarity and completeness. The lack of detailed testing procedures means that the plan is not replicable; essential elements such as setup, tools, variables, and measurement methods are missing. This absence of detail undermines the ability to verify or reproduce the tests.

Furthermore, the plan does not specify the quantity or frequency of tests, nor does it provide any measurable criteria or thresholds to evaluate success. Without defined pass/fail criteria or expected results, the logic behind the testing plan is weak and insufficient for rigorous evaluation. Additionally, no field experts have reviewed or influenced the plan, which could have strengthened its validity and thoroughness.

To improve, the team should explicitly connect each major requirement to distinct, detailed test procedures including setup and measurement methods. They should plan multiple trials per test to ensure reliability and define clear pass/fail criteria or thresholds. Incorporating feedback from relevant field experts and documenting how this feedback shapes the testing plan will also enhance its rigor and credibility.",0,1
Case100_21110.pdf,,Placeholder text for scoring.,2,1,1,1,0,3,3,2,2,0,,,,,,,,,,"The testing plan addresses many major inferred requirements such as durability, handle strength, plastic floor and wall strength, box weight, stacking, cleaning, and locking mechanism security. However, some requirements like simplicity and lightweight are only partially tested or mentioned without direct testing procedures. | Testing procedures are described with some detail, including steps, tools, and measurements (e.g., adding weights, hammering, rating comfort). However, some procedures lack full clarity or replicability details, such as exact number of trials, measurement methods for damage, or detailed setup for cleaning tests. | The plan includes multiple types of tests but lacks explicit trial counts or repetition details. The absence of clear multiple trials or quantitative repetition limits confidence in testing quantity adequacy. | Some measurable outcomes and thresholds are mentioned (e.g., 120 lbs weight limit for handles, observation of cracks), but pass/fail criteria and success thresholds are often vague or missing. Expected results and evaluation logic are partially developed but not consistently defined. | No clear evidence of field expert involvement or feedback influencing the testing plan is provided.","The testing plan demonstrates a solid effort to address many key design requirements, including durability, handle strength, plastic component resilience, box weight, stacking ability, cleaning ease, and locking security. While these requirements are mostly inferred from the testing content rather than explicitly stated, the plan shows a reasonable alignment between tests and design goals. However, some important requirements such as simplicity and lightweight construction are only partially tested or lack direct testing procedures.

Testing procedures are generally described with moderate detail, including specific actions like adding weights, hammering, and comfort rating. Yet, the plan falls short in providing fully replicable methods, missing explicit trial counts, detailed measurement techniques, and comprehensive setup descriptions. The quantity of testing is limited by the absence of multiple trials or clear repetition, which reduces confidence in the robustness of the evaluation.

The logic behind the testing plan includes some measurable outcomes and thresholds, such as weight limits and damage observations, but lacks consistent pass/fail criteria and clear success thresholds. This weakens the ability to objectively evaluate prototype performance. Additionally, there is no evidence of field expert feedback or revisions based on expert input, which could have strengthened the plan.

To improve, the team should explicitly state all major requirements and ensure each is directly tested. They should provide detailed, step-by-step procedures with clear measurement methods and specify the number of trials for each test. Defining explicit pass/fail criteria and success thresholds will enhance evaluation clarity. Finally, involving field experts and documenting their feedback with corresponding plan revisions would increase the plan’s credibility and rigor.","The testing plan demonstrates a reasonable start in addressing some high-priority design requirements, particularly prototype integrity under inversion and mass limits, which are supported by clear, replicable tests. However, many important requirements such as battery life, environmental safety, shade provision, and platform stability are mentioned but lack explicit, connected testing procedures. This limits the plan’s comprehensiveness in fully validating the design.

Procedural details for the rotation and mass tests are adequate, including stepwise instructions and trial counts, enabling replication. Yet, other tests, especially those involving plant health monitoring and solar panel function, are vague and lack sufficient detail on setup, measurement methods, and controls. The quantity of tests is limited, with explicit trial counts only for rotation tests, and many requirements remain untested or under-tested.

Evaluation logic is partially developed with some pass/fail criteria and goals, but measurable outcomes and thresholds are missing for several tests, reducing clarity on success criteria. No evidence of expert feedback or revisions based on such input is present.

To improve, the team should: 1) explicitly link all major requirements to specific, detailed tests; 2) provide clear, measurable evaluation criteria with thresholds and tolerances; 3) increase the number and variety of trials to cover all requirements; and 4) seek and document expert feedback to refine the testing plan. Enhancing procedural clarity and measurement rigor will strengthen the plan’s replicability and validity.",1,2
Case101_43433.pdf,,Placeholder text for scoring.,4,3,4,3,3,3,2,2,2,1,,,,,,,,,,"The testing plan addresses many major inferred requirements including force to move the cart, force to cause handle slip, user comfort, aesthetics, assembly ease, stability, mass, packaging size, and cost. However, some requirements such as stability are only partially addressed and some tests (e.g., aesthetics and comfort) rely on subjective participant rankings without clear quantitative linkage. | The procedures are generally detailed and logical, including step-by-step instructions for apparatus setup, participant testing, and measurements. The use of a force plate, video recording, and scales is described. However, some procedural details such as exact measurement methods for angles or how friction is controlled are not fully specified, limiting full replicability. | The plan includes 5 participants for qualitative and assembly testing, which is moderate but below the preferred 7+ trials per major test. Quantitative tests like force measurements appear to be single measurements without explicit multiple trials. Testing quantity is adequate for some requirements but limited overall. | The plan includes logical evaluation steps and measurable outcomes such as maximum force and assembly time. Pass/fail criteria or thresholds are not explicitly stated, and expected result ranges are not defined. The connection between test outcomes and requirements is partially explained but lacks formal success criteria. | One field expert, Mr. Kiser, provided feedback that led to a significant revision of the testing plan (adding steps 5 and 6). Another expert's observations are mentioned but without clear evidence of incorporated feedback. Thus, one expert's feedback was incorporated, supporting a score of 3.","The testing plan effectively addresses many key design requirements inferred from the testing content, such as measuring forces related to cart movement and handle slip, assessing user comfort and aesthetics, and evaluating assembly ease and product metrics like mass and packaging size. While the plan covers a broad range of requirements, some tests rely heavily on subjective participant feedback without clear quantitative linkage, and stability testing is only partially developed.

Procedures are generally well-detailed and logical, with clear step sequences and use of appropriate tools like force plates and video recordings. However, some procedural details, such as precise measurement techniques and control of variables like friction, could be more explicitly described to enhance replicability. The testing quantity includes five participants, which provides moderate coverage but falls short of the preferred number of trials for robust evaluation. Quantitative tests lack explicit multiple trials, limiting statistical reliability.

The testing logic includes measurable outcomes and some evaluation rationale, but lacks explicit pass/fail criteria, thresholds, or expected result ranges, which would strengthen the evaluation framework. Field expert involvement is evident, with one expert’s feedback clearly incorporated to improve the testing plan, demonstrating responsiveness to expert guidance.

To improve, the team should explicitly define pass/fail criteria and thresholds for quantitative tests, increase the number of trials per test to improve statistical validity, provide more detailed procedural descriptions to ensure replicability, and better integrate qualitative feedback with quantitative measures to strengthen requirement alignment.","The testing plan demonstrates an effort to address several key design requirements such as sun protection, platform size, support stability, durability, waterproofing, and programming. However, some requirements are only minimally tested or lack clear connection to specific test methods, limiting comprehensive coverage. The procedures described are often vague and lack sufficient detail to allow replication, with missing specifics on tools, measurements, and controlled variables. Trial counts are generally low or unspecified, reducing confidence in the robustness of the testing. While some pass/fail criteria and expected outcomes are mentioned, these are mostly qualitative and lack measurable thresholds, which weakens the logical evaluation of test results. Field expert feedback is acknowledged but does not appear to have influenced the testing plan meaningfully. To improve, the team should develop more detailed, step-by-step testing procedures including precise measurement methods and controlled variables. Increasing the number of trials per test and clearly documenting trial counts would strengthen reliability. Defining explicit, quantitative pass/fail criteria and success thresholds would enhance evaluation logic. Finally, incorporating and documenting revisions based on expert feedback would improve the plan’s rigor and credibility.",3.4,2
