filename,source_type,text,H1_expert,H2_expert,H3_expert,H4_expert,H5_expert,H1,H2,H3,H4,H5,H1_flag,H2_flag,H3_flag,H4_flag,H5_flag,H1_rationale,H2_rationale,H3_rationale,H4_rationale,H5_rationale,narrative_feedback,expert_score,element_score_raw
Case001_52222.pdf,,Placeholder text for scoring.,5,2,2,2,2,3,2,2,2,2,,,,,,,,,,"The testing plan addresses several key inferred requirements such as protection of the lens, attachment security, removability, durability, color, and weight. However, some requirements are only partially tested or lack clear connection to test methods, and some tests overlap in purpose. | Testing procedures are described in general terms (e.g., shaking the camera, moving it around), but lack detailed, controlled, and replicable steps. There is no clear description of setup, tools, measurement methods, or sequence, limiting replicability. | Trial counts are inconsistently reported (some tests mention 3 trials, others 5 or 6), but overall the quantity of tests is limited and does not clearly cover all requirements with multiple trials. Missing explicit trial counts for some tests reduces confidence in adequacy. | The plan includes some expected results and pass/fail criteria, but these are often vague or qualitative (e.g., 'cover falls off' or 'cover is moderately dark'). There is a lack of measurable thresholds or tolerances, and no clear connection of outcomes back to requirements. | One field expert provided positive feedback that the cover stays on and protects the lens, and this feedback is mentioned as approval. However, there is no clear evidence that the testing plan was revised based on this feedback.","The testing plan demonstrates an effort to address several important design requirements, including lens protection, attachment security, removability, durability, color, and weight. These requirements were inferred from the testing content, as they were not explicitly stated. While multiple relevant tests are proposed, some overlap and lack clear distinction between requirements, limiting comprehensive coverage.

Testing procedures are described in broad terms without detailed steps, measurement methods, or controlled conditions, which hinders replicability. Trial counts are inconsistently reported and generally low, reducing confidence that the tests will robustly evaluate the design. The plan includes some pass/fail criteria and expected results, but these are often qualitative and lack measurable thresholds or tolerances, weakening the logic and evaluation framework.

Field expert involvement is noted, with positive feedback on the design’s effectiveness, but there is no clear evidence that this feedback influenced revisions to the testing plan. To improve, the team should provide detailed, replicable procedures including tools and measurement methods; increase the number of trials per test; define clear, measurable pass/fail criteria with thresholds; and explicitly document how expert feedback shaped testing revisions. Clarifying and separating tests to align distinctly with each requirement would also strengthen the plan’s rigor and clarity.",2.6,2.2
Case002_55552.pdf,,Placeholder text for scoring.,5,5,5,5,2,3,2,2,2,2,,,,,,,,,,"The testing plan addresses several key inferred requirements such as protection of the lens, attachment security, removability, durability, color darkness, and weight. However, some requirements are only partially tested or lack clear connection to test methods, and some tests are vague or incomplete. | Testing procedures are described in general terms but lack sufficient detail, control, and replicability. For example, shaking the camera or moving it 'a lot' is vague, and no specific tools, measurement methods, or controlled variables are described. | Trial counts are inconsistently reported (some tests mention 3 trials, others 5 or 6), but overall the quantity of tests is limited and does not clearly cover all requirements with multiple trials. The plan lacks clarity on the number of repetitions and does not meet the preferred standard of seven or more trials per major test. | The plan includes some expected results and pass/fail criteria, but these are often vague or qualitative rather than measurable. Thresholds and tolerances are inconsistently defined, and goals beyond minimum passing are unclear, limiting the logical rigor of the evaluation framework. | One field expert was consulted and gave positive feedback, but the evidence of revisions based on this feedback is minimal and not clearly documented. The expert's input is mentioned but lacks detailed incorporation into the testing plan.","The testing plan demonstrates an effort to address several important design requirements, including lens protection, attachment security, removability, durability, color darkness, and weight. However, many requirements are only partially tested or lack clear, measurable connections to the tests. The procedures described are generally vague and lack sufficient detail to ensure replicability, such as specific methods for shaking or moving the camera and how damage is assessed. Trial counts are inconsistent and often low, limiting the robustness of the testing quantity and coverage.

The logic behind the testing plan includes some pass/fail criteria and expected results, but these are mostly qualitative and lack precise thresholds or measurable outcomes. This reduces the clarity and rigor of the evaluation framework. While a field expert was consulted and expressed approval, the documentation does not clearly show how this feedback influenced revisions to the testing plan, limiting the impact of expert involvement.

To improve, the team should provide detailed, step-by-step testing procedures with clear measurement methods and controlled variables to enhance replicability. Increasing the number of trials per test and explicitly linking each test to a specific requirement would strengthen coverage. Defining quantitative pass/fail criteria and thresholds would improve logical rigor. Finally, documenting how expert feedback led to specific changes would better demonstrate expert-informed refinement.",4.4,2.2
Case003_00000.pdf,,Placeholder text for scoring.,0,0,0,0,0,2,1,1,1,0,,,,,,,,,,"The plan addresses only a few inferred requirements, mainly producing higher voltage and generating wind energy, but lacks clear testing of all major design requirements or distinct tests for each. | Testing procedures are minimally described with vague statements about collaboration and using a fan to test wind power; no detailed, replicable steps or measurement methods are provided. | No information on the number of tests or trials is provided, limiting the ability to assess if testing quantity is sufficient to evaluate requirements. | The plan lacks measurable evaluation criteria, pass/fail thresholds, or detailed logic connecting test outcomes to requirements; expected results are described only qualitatively. | No evidence of field expert involvement or feedback influencing the testing plan is present.","The testing plan attempts to address key design requirements such as producing higher voltage and generating usable wind energy, but these requirements are only loosely inferred rather than explicitly stated. The plan lacks comprehensive coverage of all major requirements and does not describe distinct tests for each, limiting its effectiveness in fully validating the design.

Testing procedures are minimally described, with vague references to collaboration and using a fan to simulate wind. There is no detailed, step-by-step methodology or measurement approach, which hinders replicability and clarity. Additionally, the plan does not specify the number of tests or trials, making it difficult to assess whether the testing quantity is adequate to evaluate the design thoroughly.

The logic behind the testing plan is weak, as it lacks measurable outcomes, pass/fail criteria, or thresholds to determine success. Expected results are described qualitatively without quantitative targets. Furthermore, there is no indication that field experts reviewed or influenced the testing plan.

To improve, the team should clearly define and explicitly state all high-priority requirements and develop distinct, detailed testing procedures with replicable steps and measurement methods. Including multiple trials with specified counts and establishing measurable success criteria or thresholds would strengthen the evaluation. Finally, seeking and incorporating feedback from relevant field experts would enhance the plan's rigor and credibility.",0,1
Case004_00000.pdf,,Placeholder text for scoring.,0,0,0,0,0,2,2,1,1,0,,,,,,,,,,"The testing plan addresses only a few inferred requirements, mainly focusing on producing higher voltage and generating wind energy. However, it lacks clear connection to multiple distinct requirements or comprehensive coverage. | Testing procedures are vaguely described with minimal detail. The plan mentions collaboration and use of a fan to simulate wind but lacks specifics on setup, measurement tools, variables, or step-by-step instructions, limiting replicability. | No information on the number of tests or trials is provided. The plan does not specify multiple trials or testing quantity, which is insufficient to evaluate design requirements effectively. | The plan provides minimal logic or evaluation framework. Expected results are broadly stated without measurable criteria, pass/fail thresholds, or detailed success criteria, limiting the ability to assess outcomes objectively. | No evidence of field expert involvement or feedback influencing the testing plan is present.","The testing plan attempts to address key design requirements such as producing higher voltage and generating usable wind energy, inferred from the content. However, it only minimally covers these requirements without clearly testing multiple distinct aspects of the design. The procedures described are vague and lack sufficient detail to allow replication by others. Important elements such as specific measurement methods, tools, variables, and step-by-step instructions are missing, which weakens the clarity and effectiveness of the testing approach.

Additionally, the plan does not specify the number of tests or trials, which is critical for evaluating the design's performance reliably. Without multiple trials or clear testing quantity, the plan falls short of adequately assessing the prototype. The logic behind the testing is also underdeveloped; expected results are broadly stated without measurable criteria, pass/fail thresholds, or defined success criteria, making it difficult to objectively evaluate outcomes.

No involvement of field experts is documented, and no revisions based on expert feedback are evident. To improve, the team should develop detailed, replicable procedures including measurement tools and variables, define clear pass/fail criteria with measurable thresholds, plan multiple trials per test, and seek expert feedback to refine the testing plan. These steps will enhance the rigor, clarity, and reliability of the prototype evaluation.",0,1.2
Case005_10110.pdf,,Placeholder text for scoring.,1,0,1,1,0,2,1,1,1,0,,,,,,,,,,"The testing plan mentions testing material durability and capacity to carry 10+ lacrosse balls, which relate to inferred requirements. However, only a few requirements are addressed, and button and handle testing are not clearly connected to specific tests. | Testing procedures are minimally described with vague statements such as 'taking our dispenser outside through extreme weather conditions' and 'measuring how many lacrosse balls our dispenser can carry.' There is no detailed, replicable procedure or measurement method. | No specific number of trials or test repetitions are mentioned. The plan implies testing capacity once and exposure to weather conditions without quantification, indicating minimal testing quantity. | The plan lacks measurable evaluation criteria, pass/fail thresholds, or expected results beyond vague goals. There is no clear logic connecting tests to success criteria or tolerances. | No evidence of field expert involvement or feedback is provided.","The testing plan attempts to address some high-priority design requirements such as material durability and capacity to carry more than 10 lacrosse balls. However, the plan does not clearly test all major requirements, particularly the handle and button, which are mentioned but not linked to specific tests. The procedures described are vague and lack sufficient detail to allow replication. For example, the plan to test durability by exposing the dispenser to 'extreme weather conditions' is not elaborated with specific conditions, durations, or measurement methods. Additionally, the plan does not specify the number of trials or repetitions, limiting confidence in the reliability of the testing outcomes. The absence of measurable evaluation criteria, pass/fail thresholds, or expected result ranges weakens the logical framework of the testing plan. Without these, it is difficult to determine how success will be judged or how results will inform design decisions. Furthermore, there is no indication that field experts reviewed or influenced the testing plan, missing an opportunity to strengthen the approach. To improve, the team should clearly define and link tests to all key requirements, develop detailed, replicable procedures including tools and measurement methods, specify multiple trials for each test, and establish measurable success criteria. Incorporating expert feedback and documenting resulting revisions would also enhance the plan’s rigor and credibility.",0.6,1
Case006_21120.pdf,,Placeholder text for scoring.,2,1,1,2,0,2,1,1,1,0,,,,,,,,,,"The testing plan mentions testing material durability and capacity to carry 10+ lacrosse balls, which relate to inferred requirements. However, only a few requirements are addressed, and button functionality and handle durability are not clearly tested. | Testing procedures are minimally described with vague statements such as 'taking our dispenser outside through extreme weather conditions' and 'measuring how many lacrosse balls our dispenser can carry.' There is no detailed, replicable procedure or measurement method. | No specific number of trials or test repetitions are mentioned. The plan implies testing capacity once or generally, which is minimal testing quantity. | There is no clear logic or evaluation framework. No expected results, pass/fail criteria, thresholds, or measurable outcomes are provided, limiting the ability to evaluate success. | No mention or evidence of field expert involvement or feedback is present.","The testing plan attempts to address some high-priority design requirements, such as material durability and capacity to carry more than 10 lacrosse balls. However, other important requirements like handle durability and button functionality are not clearly tested, limiting the comprehensiveness of the plan. The requirements were inferred from the testing content rather than explicitly stated, which weakens clarity.

Testing procedures lack detail and replicability. Descriptions are vague, with no clear steps, tools, or measurement methods provided. This makes it difficult for others to replicate or verify the tests. Additionally, the plan does not specify the number of trials or repetitions, resulting in minimal testing quantity that is unlikely to provide reliable data.

The logic behind the testing plan is underdeveloped. There are no measurable outcomes, pass/fail criteria, or thresholds to evaluate success, which reduces the plan’s effectiveness in assessing design performance. Furthermore, there is no evidence of field expert feedback or revisions based on such input.

To improve, the team should explicitly state all key requirements and develop detailed, replicable procedures including tools and measurement methods. They should plan multiple trials per test to ensure reliability and define clear pass/fail criteria or thresholds. Finally, seeking and incorporating feedback from field experts would strengthen the testing plan’s validity and rigor.",1.2,1
Case007_25250.pdf,,Placeholder text for scoring.,2,5,2,5,0,4,4,3,3,0,,,,,,,,,,"The testing plan addresses two major inferred requirements: frisbee launch distance and sound level output. Both have distinct tests with pass/fail criteria. The requirement that the prototype must not malfunction is also tested implicitly. However, other potential requirements related to durability or user safety are not addressed. | Testing procedures are generally detailed and logical, including setup, sequence of actions, and measurement methods. The steps for launching the frisbee and measuring sound are clear and replicable. Some minor ambiguities exist, such as how to handle variables like air resistance or motor burnout, but overall the procedures are effective. | Each test includes five trials, which is a reasonable quantity but below the preferred seven or more trials for strong evaluation. The tests cover some but not all possible requirements. The quantity is adequate but could be expanded for more robust data. | The plan includes pass/fail criteria, expected ranges, and goals for each test, which supports logical evaluation. However, thresholds and tolerances are somewhat loosely defined (e.g., 'must land at 30 feet' without tolerance range). The explanation is adequate but could be more thorough with clearer measurable success criteria. | There is no mention or evidence of field expert involvement or feedback influencing the testing plan.","The testing plan effectively targets two key inferred design requirements: the frisbee launch distance of at least 30 feet and maintaining sound levels below 70 dBA. These requirements are clearly connected to specific tests with measurable outcomes and pass/fail criteria, demonstrating a solid focus on important performance aspects. However, other potential requirements such as prototype durability or user safety are not explicitly tested.

Testing procedures are generally clear and replicable, detailing setup, measurement tools, and step-by-step actions. The inclusion of multiple trials (five per test) supports data reliability, though increasing trial counts would strengthen statistical confidence. The plan logically links expected results and pass/fail criteria to requirements, but tolerances and thresholds could be more precisely defined to improve evaluation rigor.

No evidence of field expert feedback or revisions based on such input is present, which limits the plan’s refinement potential. To improve, the team should consider expanding trial numbers, explicitly defining tolerance ranges, incorporating additional relevant requirements, and seeking expert review to enhance testing validity and design alignment.",2.8,2.8
Case008_22100.pdf,,Placeholder text for scoring.,2,2,1,0,0,4,4,3,3,0,,,,,,,,,,"The testing plan clearly addresses two major inferred requirements: frisbee launch distance and sound output level. Both have distinct tests with measurable criteria. However, only these two requirements are tested, so not all possible major requirements are covered. | Testing procedures are generally detailed and logical, including setup, sequence of actions, and measurement methods. The steps are clear enough to be replicable, though some details like exact measurement tools or calibration methods could be more explicit. | Each test includes 5 trials, which is a reasonable but minimal number. The quantity of tests covers some but not all possible requirements. The plan lacks multiple distinct tests per requirement or additional trials to ensure robustness. | The plan includes pass/fail criteria, expected result ranges, and goals for each test, showing adequate logic. However, thresholds and tolerances are somewhat basic, and the explanation of potential failure modes is limited. The connection between outcomes and requirements is present but could be more thorough. | No evidence of field expert involvement or feedback influencing the testing plan is provided.","The testing plan effectively targets two key design requirements: achieving a frisbee launch distance of at least 30 feet and maintaining prototype sound output below 70 dBA. These requirements were inferred from the detailed test descriptions, pass/fail criteria, and goals. While the plan addresses these requirements well, it does not cover other potential high-priority requirements, limiting its comprehensiveness.

Testing procedures are generally clear and logical, with step-by-step instructions that would allow replication. The inclusion of specific actions, measurement methods, and trial counts strengthens the plan’s clarity. However, some procedural details, such as calibration of measurement tools or environmental controls, could be expanded to improve replicability.

The quantity of tests is moderate, with five trials per test, which is acceptable but could be increased for greater reliability. The logic behind the testing plan includes measurable outcomes and pass/fail criteria, but thresholds and tolerances are basic and could be more rigorously defined. Notably, there is no evidence of field expert feedback or revisions based on such input, which could enhance the plan’s validity.

To improve, consider expanding testing to cover additional requirements, increasing trial counts for statistical confidence, detailing measurement calibration and environmental controls, and seeking expert review to refine the plan.",1,2.8
Case009_00000.pdf,,Placeholder text for scoring.,0,0,0,0,0,2,1,1,1,0,,,,,,,,,,"The testing plan mentions testing the prototype on the problem and fixing flaws, and stakeholder feedback indicates the design met requirements including looks and functionality. However, specific high-priority requirements are not clearly identified or explicitly tested with distinct methods. | Testing procedures are described in vague, narrative form without detailed steps, measurements, tools, variables, or replicable protocols. Statements like 'we tested our prototype on the problem' lack clarity and detail. | No specific number of tests or trials is mentioned. The plan references multiple feedback sessions but does not describe repeated or systematic testing to evaluate requirements. | There is minimal explanation of logic behind the testing plan. No measurable outcomes, pass/fail criteria, thresholds, or expected results are provided. The connection between tests and requirements is implied but not clearly developed. | While a stakeholder and Mr. Blanchard are mentioned, there is no clear evidence that their feedback influenced the testing plan itself. Feedback appears post-testing and does not show revisions to the plan.","The testing plan attempts to address several inferred design requirements such as prototype functionality, material effectiveness, durability, aesthetics, and stakeholder satisfaction. However, these requirements are not explicitly stated or systematically tested. The plan relies heavily on informal feedback and vague descriptions rather than structured testing aligned with specific requirements.

Testing procedures lack clarity and detail, making replication difficult. There are no defined steps, tools, or measurement methods, and the narrative does not specify how tests were conducted or controlled. Additionally, the quantity of testing is insufficiently described, with no mention of trial counts or repeated evaluations to ensure reliability.

The logic behind the testing plan is weak, as it does not include measurable outcomes, pass/fail criteria, or thresholds to evaluate success. Although stakeholder feedback is noted, it does not appear to have informed revisions to the testing plan, limiting the role of expert input.

To improve, the team should explicitly list high-priority requirements and design distinct tests for each. Detailed, replicable procedures with clear measurement methods and multiple trials should be developed. Defining pass/fail criteria and expected results will strengthen evaluation logic. Finally, incorporating and documenting expert feedback to refine the testing plan will enhance its rigor and credibility.",0,1
Case010_00002.pdf,,Placeholder text for scoring.,0,0,0,0,2,2,1,1,1,0,,,,,,,,,,"The testing plan mentions testing the prototype on the problem and fixing flaws, and stakeholder feedback indicates the design met requirements including looks and functionality. However, specific requirements are not clearly identified or linked to distinct tests, and only a few requirements appear to be tested. | Testing procedures are described in vague, narrative form without detailed steps, measurements, tools, variables, or replicable methods. Statements like 'we tested our prototype on the problem' lack clarity and detail needed for replication. | No explicit test quantities, trial counts, or repeated testing are described. The plan references testing and improvements but does not specify multiple trials or sufficient testing to evaluate requirements. | There is minimal explanation of the logic behind the testing plan. No measurable outcomes, pass/fail criteria, thresholds, or expected results are provided, limiting the ability to evaluate success or failure. | Although a stakeholder and Mr. Blanchard provided feedback, there is no clear evidence that these individuals are field experts or that their feedback influenced the testing plan itself.","The testing plan attempts to address some inferred high-priority requirements such as prototype functionality, material effectiveness, durability, and stakeholder satisfaction. However, these requirements are not explicitly stated or clearly connected to specific tests, resulting in limited coverage and unclear evaluation of the design’s success. The procedures described are narrative and lack the detail necessary for replication, including missing information on tools, measurements, variables, and step-by-step actions. This vagueness hinders the ability of others to reproduce or verify the testing outcomes.

Additionally, the plan does not specify the number of tests or trials conducted, which raises concerns about the adequacy of testing quantity to thoroughly evaluate the design. The absence of measurable criteria, pass/fail thresholds, or expected results further weakens the logic and rigor of the testing plan. While stakeholder feedback is mentioned, there is no evidence that field experts reviewed or influenced the testing plan, nor that feedback led to revisions in testing methods.

To improve, the team should explicitly list and link design requirements to distinct tests, develop detailed, replicable procedures including measurement methods, and plan multiple trials per test. Incorporating measurable success criteria and documenting how expert feedback shapes testing would strengthen the plan’s validity and reliability.",0.4,1
Case011_11120.pdf,,Placeholder text for scoring.,1,1,1,2,0,2,2,1,1,0,,,,,,,,,,"The testing plan addresses only a few inferred requirements related to humidity control and paper drying. Temperature control is mentioned but not tested. The plan lacks comprehensive coverage of all major design requirements. | Testing procedures are vaguely described with minimal detail. There is no clear sequence, setup, or measurement protocol provided, limiting replicability. | Only six materials were tested once each; no mention of multiple trials or repeated tests. The quantity of tests is minimal and insufficient to evaluate requirements robustly. | The plan includes some expected results (e.g., paper drying properly, low humidity) but lacks measurable criteria, pass/fail thresholds, or detailed evaluation logic. | No evidence of field expert involvement or feedback influencing the testing plan.","The testing plan attempts to address key design requirements such as maintaining low humidity inside the container and ensuring painted paper dries properly without getting wet. However, these requirements are only partially tested, and other important factors like temperature control are mentioned but not evaluated. The plan lacks comprehensive coverage of all major requirements, limiting its effectiveness.

Testing procedures are described in very general terms without sufficient detail to allow replication. There is no clear description of the setup, tools, measurement methods, or sequence of actions. Additionally, the testing quantity is minimal, with only six different materials tested and no indication of multiple trials or repeated measurements, which reduces confidence in the results.

The logic behind the testing plan is weak, as it lacks measurable outcomes, pass/fail criteria, or thresholds to evaluate success. Expected results are stated but not quantified, making it difficult to assess performance objectively. Furthermore, there is no evidence that field experts reviewed or influenced the testing plan.

To improve, the team should develop detailed, replicable testing procedures including setup and measurement protocols; increase the number of trials per test to ensure reliability; define clear, measurable success criteria and thresholds; and seek feedback from relevant field experts to refine the testing approach.",1,1.2
Case012_04130.pdf,,Placeholder text for scoring.,0,4,1,3,0,2,2,1,1,0,,,,,,,,,,"The testing plan addresses only a few inferred requirements: humidity control and paper drying. Temperature is mentioned as a goal but not clearly tested. The plan tests different container materials for humidity control but does not comprehensively test all major requirements. | Testing procedures are vaguely described with limited detail. The document mentions using humidity sensors inside and outside containers and painted paper but lacks clear setup, measurement methods, variables, or step-by-step instructions, limiting replicability. | Only six container materials were tested, but no trial counts or repeated tests are described. The quantity of tests is minimal and insufficient to evaluate requirements thoroughly. | The plan includes some expected results (e.g., paper drying properly, low humidity) but lacks measurable criteria, thresholds, pass/fail criteria, or detailed evaluation logic, limiting the ability to assess success objectively. | No evidence of field expert involvement or feedback influencing the testing plan is provided.","The testing plan attempts to address key design requirements such as maintaining low humidity inside the container and ensuring painted paper dries properly. However, these requirements are only partially tested, and the plan lacks comprehensive coverage of all inferred priorities, including temperature control. The procedures described are vague and lack sufficient detail to allow replication by others. Important elements such as specific measurement methods, setup details, and control of variables are missing, which weakens the clarity and effectiveness of the testing approach.

The quantity of testing is minimal, with only six container types tested and no indication of multiple trials or repeated measurements. This limited testing scope reduces confidence in the results and their applicability to the design requirements. Additionally, the plan lacks clear logic for evaluating outcomes; measurable criteria, pass/fail thresholds, and success criteria are absent, making it difficult to determine whether the prototype meets its goals.

No involvement of field experts is documented, and no revisions based on expert feedback are evident. To improve, the team should develop detailed, replicable procedures including setup and measurement protocols, increase the number of trials per test, define clear pass/fail criteria with measurable thresholds, and seek expert review to refine the testing plan. These steps will enhance the rigor, repeatability, and relevance of the testing process.",1.6,1.2
Case013_55554.pdf,,Placeholder text for scoring.,5,5,5,5,4,3,3,2,2,3,,,,,,,,,,"The testing plan addresses several key requirements such as water flow, portability, student functionality, safety, cleanliness, storage, and customizability. However, some requirements like standard sink appearance and cleanliness rely heavily on subjective feedback or indirect measures rather than direct testing. Some requirements are only partially tested or lack clear connection to test methods. | Testing procedures are described with some detail, such as measuring flow rate by timing water fill, weighing the sink for portability, and observing student use within a time limit. However, many procedures lack full clarity or replicability, for example, the portability test is limited to weight without shape considerations, and some tests rely on subjective feedback without detailed protocols. | Trial counts are mostly absent or vague. Only the water flow test explicitly mentions repeating 10 times. Other tests mention sampling groups or repeated feedback but lack clear trial numbers or multiple trials per test. This limits confidence in the quantity of testing planned to evaluate requirements. | Some pass/fail criteria and thresholds are provided, such as portability weight limit (51 lbs), 80% student success rate, and injury report thresholds. However, many tests lack measurable outcomes or clear success criteria, and some rely on subjective feedback without defined evaluation metrics. The logic is partially developed but incomplete. | Feedback from two experts (James Muscarella and Drexel professors) is documented and incorporated, especially regarding portability and student functionality testing. The team acknowledges limitations and plans to improve tests based on expert input, though some suggestions remain unimplemented due to time constraints.","The testing plan demonstrates a solid effort to address multiple high-priority design requirements, including water flow, portability, student functionality, safety, cleanliness, storage, and customizability. While some requirements are tested with clear methods, others rely on subjective feedback or indirect measures, limiting the completeness of requirement coverage. The plan would benefit from more explicit and measurable tests for appearance and cleanliness.

Testing procedures are generally described with some detail, such as timing water flow and weighing the sink, but many lack full clarity or replicability. The absence of detailed protocols and reliance on subjective feedback reduce the ability for others to replicate the tests. Trial counts are mostly missing except for the water flow test, which limits confidence in the adequacy of testing quantity.

The logic behind the testing plan includes some pass/fail criteria and thresholds, but many tests lack measurable outcomes or clear success criteria. Expert feedback is well documented and has influenced revisions, particularly for portability and student functionality, though some improvements remain unrealized due to time constraints.

To improve, the team should: 1) define clear, measurable success criteria and thresholds for all tests; 2) provide detailed, replicable procedures including setup and measurement methods; 3) increase the number of trials and explicitly state trial counts; and 4) incorporate expert feedback more fully by implementing suggested test expansions. These steps will enhance the rigor, repeatability, and alignment of the testing plan with design requirements.",4.8,2.6
Case014_45400.docx,,Placeholder text for scoring.,4,5,4,0,0,4,3,2,3,0,,,,,,,,,,"The testing plan addresses many major inferred requirements including effectiveness, durability, safety, ease of use, cost, and head movement angle. Each requirement has associated tests and pass/fail criteria, though some requirements like cost and safety are less thoroughly tested. | Testing procedures are described with some detail, including setup, actions, and measurements. However, some steps lack clarity or completeness (e.g., exact measurement methods, control of variables), and replicability by others is only partially supported. | The plan includes multiple tests (at least three per requirement), but trial counts per test are low or unclear. The number of trials is insufficient to robustly evaluate all requirements, and some tests lack explicit trial counts. | The plan provides pass/fail criteria and expected results for most tests, linking outcomes to requirements. However, thresholds and tolerances are sometimes vague or incomplete, and some success criteria are qualitative rather than strictly measurable. | No evidence of field expert involvement or feedback influencing the testing plan is present.","The testing plan demonstrates a solid effort to address key design requirements such as effectiveness in retrieving objects, durability, safety, ease of use, cost, and mechanical function. These requirements were inferred from the testing content and are generally well aligned with the tests and pass/fail criteria provided. However, some requirements, particularly cost and safety, could benefit from more rigorous and detailed testing approaches.

Testing procedures include useful details on setup and measurement, but they lack full clarity and replicability. For example, the exact method for measuring angles and controlling variables is not fully described, which may hinder consistent reproduction of results. The quantity of tests is limited, with only a few trials per test and some ambiguity in trial counts, reducing confidence in the robustness of the evaluation.

The logic of the plan is adequate, with pass/fail criteria and expected results linked to requirements, but thresholds and measurable outcomes could be more precisely defined. No evidence of expert feedback or revisions based on such input was found, which is a missed opportunity to strengthen the plan.

To improve, the student should increase the number of trials per test to at least seven, clarify and detail all testing procedures for replicability, define precise measurable thresholds and tolerances for pass/fail criteria, and seek and incorporate feedback from relevant field experts to enhance the testing plan's rigor and credibility.",2.6,2.4
Case015_34320.docx,,Placeholder text for scoring.,3,4,3,2,0,4,3,2,3,0,,,,,,,,,,"The testing plan addresses many major inferred requirements including effectiveness, durability, safety, ease of use, cost, and head movement angle. Each requirement has associated tests with pass/fail criteria. However, some requirements like cost and safety are less thoroughly tested or rely on limited evidence. | Testing procedures are described with some detail, including setup, actions, and measurements. However, some steps lack clarity or completeness (e.g., exact measurement methods, control of variables). Replicability is partial but not fully ensured. | The plan includes three tests per requirement but trial counts are low and inconsistent. Some tests mention 10 or more objects but do not specify multiple repeated trials. Overall, testing quantity is limited and may not fully evaluate all requirements. | The plan includes pass/fail criteria and expected results for most tests, linking outcomes to requirements. However, thresholds and tolerances are sometimes vague or incomplete, and measurable goals beyond minimum passing are limited. | No evidence of field expert involvement or feedback influencing the testing plan is present.","The testing plan demonstrates a solid effort to address several key design requirements, including effectiveness in retrieving objects, durability, safety, ease of use, cost, and mechanical movement. These requirements were inferred from the testing content and pass/fail criteria, showing thoughtful alignment between design goals and evaluation methods. However, some requirements, such as cost and safety, are less rigorously tested, and the plan would benefit from clearer, more comprehensive coverage.

Testing procedures provide a reasonable outline of setup and actions but lack sufficient detail to ensure full replicability. Important details like exact measurement techniques and control of variables are missing or unclear. The quantity of tests is limited, with only a few trials per test and inconsistent trial counts, which may not provide robust data to confidently assess performance across all requirements.

The logic of the plan includes pass/fail criteria and expected results, but thresholds and tolerances are sometimes vague or incomplete. Measurable goals beyond minimum passing criteria are minimal, reducing the ability to evaluate design improvements. No evidence of expert feedback or revisions based on such input was found, which could enhance the plan’s rigor and relevance.

To improve, the student should increase the number of trials per test to ensure statistical reliability, provide more detailed and replicable procedures including measurement methods, clarify and quantify pass/fail thresholds and tolerances, and seek and incorporate feedback from field experts to strengthen the testing plan’s validity and applicability.",2.4,2.4
Case016_52320.docx,,Placeholder text for scoring.,5,2,3,2,0,4,3,2,3,0,,,,,,,,,,"The testing plan addresses many major inferred requirements including effectiveness, durability, safety, ease of use, cost, and head movement angle. Each requirement is linked to specific tests with pass/fail criteria. However, some requirements like cost and safety are less thoroughly tested or lack detailed procedures. | Testing procedures are described with some detail, such as setup, timing, and measurement methods. However, some procedures lack clarity or completeness (e.g., exact measurement tools, control of variables, or detailed steps for safety and cost tests), limiting replicability. | The plan includes three trials per test, which is minimal and below the preferred number of trials for robust evaluation. Trial counts are inconsistent or unclear for some tests, and overall test quantity is limited relative to the number of requirements. | The plan includes pass/fail criteria and expected result ranges for some tests, such as object retrieval counts and angle measurements. However, thresholds and success criteria are missing or vague for others (e.g., safety and cost), and measurable outcomes are not consistently defined. | There is no evidence of field expert involvement or feedback influencing the testing plan.","The testing plan demonstrates a solid effort to address several key design requirements, including effectiveness in retrieving objects, durability, safety, ease of use, cost, and mechanical function. These requirements were inferred from the testing content and are generally linked to specific tests with pass/fail criteria, which strengthens the plan's relevance. However, some requirements, particularly cost and safety, are less thoroughly tested with limited procedural detail.

Testing procedures provide a basic framework with some clear steps and measurement methods, but they lack sufficient detail to ensure replicability by others. The number of trials per test is minimal, limiting the robustness of the data collected. Additionally, while some tests include measurable outcomes and thresholds, others lack clear success criteria, reducing the overall logic and evaluative strength of the plan.

No evidence of expert feedback or revisions based on such input was found, which could have enhanced the plan's rigor and reliability. To improve, the student should increase the number of trials to at least seven per test, provide more detailed and controlled procedures, clearly define measurable success criteria for all requirements, and seek expert review to refine the testing approach. These steps will strengthen the testing plan’s validity and replicability.",2.4,2.4
Case017_32212.docx,,Placeholder text for scoring.,3,2,2,1,2,3,2,2,2,2,,,,,,,,,,"The testing plan addresses some key inferred requirements such as durability, visual appeal, size, and ease of use. However, the coverage is incomplete and some requirements are only loosely connected to testing methods. | Testing procedures are described in a vague and informal manner, lacking sufficient detail for replication. Setup, tools, and measurement methods are not clearly defined. | Trial counts are inconsistently stated and often vague (e.g., 'maybe 5?'). The number of trials is below the preferred seven or more, limiting the robustness of the testing. | Some pass/fail criteria and goals are mentioned, but expected result ranges and measurable thresholds are weak or missing. The logic connecting tests to requirements is only partially developed. | One field expert provided feedback encouraging consideration beyond visual appearance, but no clear evidence shows that this feedback was incorporated into a revised testing plan.","The testing plan attempts to address several important design requirements, including durability, visual appeal, size, and ease of use, which were inferred from the testing content. However, the plan lacks comprehensive coverage and clear alignment between requirements and test methods. Some requirements are only loosely connected to the tests, limiting the plan's completeness.

Testing procedures are described in a general and informal way, without sufficient detail to ensure replicability. Key elements such as specific setup instructions, measurement tools, and controlled variables are missing or unclear. The number of trials planned is low and inconsistently specified, reducing confidence in the reliability of the results. Pass/fail criteria and measurable thresholds are mentioned but not well defined, weakening the logical framework of the evaluation.

Field expert involvement is minimal, with only one expert providing feedback that was not clearly integrated into the testing plan. To improve, the student should provide detailed, step-by-step procedures with clear measurement methods, increase the number of trials to at least seven per test, define explicit pass/fail criteria with measurable thresholds, and incorporate expert feedback by revising the testing plan accordingly. Additionally, explicitly linking each test to a specific requirement would strengthen the overall coherence and rigor of the plan.",2,2.2
Case018_11110.docx,,Placeholder text for scoring.,1,1,1,1,0,3,2,2,2,2,,,,,,,,,,"The testing plan addresses some key inferred requirements such as durability, visual appeal, size, and ease of use. However, the coverage is partial and lacks clarity on how all major requirements are tested comprehensively. | Testing procedures are described in a vague and incomplete manner. Details on setup, tools, variables, and exact steps are missing or unclear, limiting replicability. | Trial counts are inconsistently stated and often vague (e.g., 'maybe 5?'). The number of trials is below the preferred seven or more, and test quantity is limited, reducing robustness. | Some pass/fail criteria and goals are mentioned, but expected result ranges and measurable thresholds are weak or missing. The logic connecting tests to requirements is only partially developed. | One field expert provided feedback encouraging consideration beyond visual appearance, but no clear evidence shows incorporation of this feedback into the revised testing plan.","The testing plan attempts to address several important design requirements, including durability, visual appeal, size, and ease of use, though these requirements are mostly inferred rather than explicitly stated. While the plan touches on relevant aspects, it lacks comprehensive coverage and clear alignment between tests and all major requirements.

Testing procedures are described in general terms but lack sufficient detail to ensure replicability. Key elements such as specific setup instructions, measurement tools, and controlled variables are missing or vague. Trial counts are inconsistently reported and generally below recommended levels, limiting the ability to confidently evaluate design performance.

The logic behind the testing plan includes some pass/fail criteria and goals, but measurable outcomes, expected result ranges, and tolerances are weak or absent. This reduces the clarity of how success will be determined. Although one field expert provided feedback encouraging broader evaluation criteria, there is no clear evidence that this feedback was incorporated into the testing plan.

To improve, the student should explicitly state all high-priority requirements and ensure each is directly tested. Detailed, step-by-step procedures with clear variables and controls should be developed to enable replication. Increasing the number of trials to at least seven per test would strengthen data reliability. Finally, measurable evaluation criteria with defined thresholds and documented incorporation of expert feedback would enhance the plan’s rigor and credibility.",0.8,2.2
Case019_52323.pdf,,Placeholder text for scoring.,5,2,3,2,3,4,2,1,2,4,,,,,,,,,,"The testing plan addresses many major inferred requirements: accessibility, educational value, safety, and sustainability. The plan explicitly links tests to these requirements, though scale and size are excluded with justification. However, the educational value test is somewhat indirect and may not fully capture the requirement. | Testing procedures are described in general terms but lack detailed, replicable steps. For example, accessibility and safety rely on self-reporting without clear protocols, measurement tools, or controlled conditions. The educational value test compares grades but lacks detail on data collection or controls. Sustainability is measured by weekly costs but without procedural clarity. | No specific number of trials or frequency of data collection is provided beyond vague weekly references. The plan mentions weekly visits but does not specify multiple trials per test or how many data points will be collected, limiting confidence in test quantity. | The plan includes some logic, such as aiming for zero accessibility issues and comparing grades for educational value. However, it lacks measurable thresholds, pass/fail criteria, or detailed expected results. The absence of clear evaluation criteria limits the logical rigor. | Two field experts reviewed the plan and provided feedback that was incorporated, such as adding a QR code for feedback and suggestions on sustainability improvements. This shows meaningful expert involvement and plan revision.","The testing plan effectively identifies and addresses several key design requirements, including accessibility, educational value, safety, and sustainability. While the plan justifies excluding scale and size testing, it would benefit from explicitly stating all inferred requirements. The linkage between tests and requirements is generally clear, though the educational value assessment relies on indirect grade comparisons without detailed methodology.

Testing procedures lack sufficient detail to ensure replicability. Reliance on self-reporting for accessibility and safety introduces potential variability, and the absence of defined measurement tools or controlled conditions weakens procedural clarity. Additionally, the plan does not specify the number of trials or data collection frequency, limiting confidence in the adequacy of test quantity.

The logic behind the testing plan shows some development, such as aiming to reduce accessibility issues to zero and comparing student grades, but it lacks measurable thresholds, pass/fail criteria, and detailed expected outcomes. Expert feedback from two field professionals was incorporated, improving the plan notably by adding a QR code for feedback and sustainability suggestions.

To improve, the team should: 1) define clear, measurable pass/fail criteria and thresholds for each test; 2) provide detailed, step-by-step testing procedures to ensure replicability; 3) specify the number of trials and data collection frequency to strengthen test quantity; and 4) explicitly connect all tests to inferred requirements with measurable outcomes. These enhancements will increase the rigor and effectiveness of the testing plan.",3,2.6
Case020_53532.pdf,,Placeholder text for scoring.,5,3,5,3,2,3,2,2,2,3,,,,,,,,,,"The testing plan addresses some key inferred requirements such as cleaning effectiveness, efficiency, durability, and cost. However, the coverage is partial and some requirements like durability and cost are less clearly tested or lack detailed connection to test methods. | Testing procedures are described in very general terms with minimal detail. Setup, tools, variables, and exact measurement methods are mostly missing, making replication difficult. The description 'run dirty water with tablet' and 'run water for 5 mins' is vague and lacks control details. | Test quantities are limited, with only three trials mentioned for cleaning and efficiency tests. Durability testing mentions running for months but lacks trial counts or structured repetition. Cost testing is described conceptually without clear trial structure. | Some pass/fail criteria and goals are stated, such as 'clean water output' and 'takes strong force to break,' but thresholds and measurable outcomes are vague or missing. Expected result ranges are minimal and evaluation logic is weak or incomplete. | One expert from Duke provided feedback that influenced design thinking, such as considering a stationary shower head and targeting specific contaminants. The document shows incorporation of this feedback into design considerations, though direct impact on testing plan details is limited.","The testing plan addresses several important inferred design requirements, including cleaning effectiveness, operational efficiency, durability, and cost. However, the connection between requirements and testing is only partial, with some requirements like durability and cost lacking detailed, structured testing methods. Procedures are described in broad, general terms without sufficient detail to ensure replicability. Key elements such as specific setup, measurement tools, controlled variables, and step-by-step actions are missing, which limits the clarity and effectiveness of the testing approach.

The quantity of tests planned is limited, with only a few trials explicitly mentioned and no clear structure for durability or cost testing. While some pass/fail criteria and goals are stated, they lack measurable thresholds and detailed expected result ranges, weakening the logical framework of the evaluation. The involvement of a field expert from Duke is a positive aspect, as their feedback influenced design considerations, but the direct impact on refining the testing plan is minimal.

To improve, the team should develop more detailed, replicable procedures including specific tools and measurement methods; increase the number of trials to ensure statistical reliability; define clear, measurable pass/fail criteria and thresholds; and explicitly document how expert feedback has shaped the testing plan. These steps will strengthen the rigor, clarity, and effectiveness of the prototype testing and data collection.",3.6,2.4
Case021_22122.pdf,,Placeholder text for scoring.,2,2,1,2,2,3,2,2,2,2,,,,,,,,,,"The testing plan addresses some key inferred requirements such as cleaning effectiveness, efficiency, durability, and cost. However, the coverage is partial and some requirements like durability and cost are less clearly tested or lack detailed connection to test methods. | Testing procedures are described in very general terms with minimal detail. Setup, tools, variables, and exact measurement methods are mostly missing, making replication difficult. The description 'run dirty water with tablet' and 'run water for 5 mins' is vague and lacks control details. | Trial counts are low and inconsistent, typically three trials per test, which is limited. Some tests mention 'run for a couple months' but without clear trial structure. Overall, the quantity of tests is limited and unlikely to fully evaluate all requirements. | Some pass/fail criteria and goals are mentioned, such as 'clean water output' and 'takes strong force to break,' but thresholds and measurable outcomes are vague or missing. Expected result ranges are not clearly defined, limiting logical evaluation. | Field expert feedback is mentioned with some ideas and suggestions, but there is no clear evidence that this feedback was incorporated into the testing plan or led to revisions.","The testing plan attempts to address important design requirements such as cleaning effectiveness, efficiency, durability, and cost, which were inferred from the testing content. However, the plan only partially covers these requirements with limited depth and clarity. The procedures lack sufficient detail and specificity, making it difficult for others to replicate the tests or understand the exact methods used. Trial counts are low and inconsistent, with only a few repetitions per test, which limits the robustness of the evaluation.

The logic behind the testing plan includes some pass/fail criteria and goals, but these are often vague and lack measurable thresholds or clear expected result ranges. This reduces the ability to objectively assess success or failure. While field expert feedback is mentioned, there is no clear indication that this input influenced the testing plan or led to improvements.

To improve, the team should provide detailed, step-by-step testing procedures including setup, tools, and variables to ensure replicability. Increasing the number of trials and clearly defining measurable success criteria with thresholds would strengthen evaluation rigor. Explicitly linking each test to a specific requirement and documenting how expert feedback shaped the plan would also enhance the overall quality and credibility of the testing approach.",1.8,2.2
Case022_22221.pdf,,Placeholder text for scoring.,2,2,2,2,1,3,2,2,2,2,,,,,,,,,,"The testing plan addresses some key inferred requirements such as cleaning effectiveness, efficiency, durability, and cost. However, the coverage is partial and some requirements like durability and cost are less clearly tested or lack detailed connection to test methods. | Testing procedures are described but lack sufficient detail and clarity. Setup and sequence are vague, with minimal information on tools, controls, or measurement methods. Replicability is limited due to incomplete procedural descriptions. | Test quantities are limited, with only three trials mentioned for some tests and unclear trial counts for others. The number of trials is insufficient to robustly evaluate all major requirements, and some tests lack trial information entirely. | The plan includes some pass/fail criteria and goals, but these are inconsistently defined and lack measurable thresholds or detailed expected result ranges. The logic connecting outcomes to requirements is weak and incomplete. | Field expert feedback is mentioned, including suggestions on design simplification and contaminant targeting. However, there is no clear evidence that this feedback was incorporated into the testing plan or led to revisions.","The testing plan demonstrates an attempt to address important design requirements such as cleaning effectiveness, efficiency, durability, and cost. These requirements were inferred from the testing content rather than explicitly stated, which is acceptable but requires clearer alignment. While some tests target these areas, the coverage is partial and lacks comprehensive connection to all major requirements.

Testing procedures are described but remain vague and incomplete, limiting replicability. Details on setup, tools, and measurement methods are insufficient, making it difficult for others to reproduce the tests reliably. The quantity of tests is limited, with only a few trials per test and some tests missing trial counts, which reduces confidence in the robustness of the evaluation.

The logic behind the testing plan includes some pass/fail criteria and goals, but these are inconsistently defined and lack measurable thresholds or detailed expected result ranges. This weakens the ability to objectively assess success. Field expert feedback is acknowledged, offering valuable insights, but there is no clear evidence that this feedback influenced revisions to the testing plan.

To improve, the team should explicitly state and align requirements with tests, provide detailed, replicable procedures including tools and measurement methods, increase the number of trials to strengthen data reliability, and define clear, measurable pass/fail criteria with thresholds. Additionally, documenting how expert feedback shaped the testing plan would enhance credibility and rigor.",1.8,2.2
Case023_54322.pdf,,Placeholder text for scoring.,5,4,3,2,2,4,3,3,2,3,,,,,,,,,,"The testing plan addresses many major inferred requirements including waterproofing, sturdiness, elevation, size, and capacity. However, the plan states it covers 60% of design requirements and at least 3 high priority ones, indicating some requirements may be untested or less emphasized. | Testing procedures are generally described with steps and some repetition, but lack detailed setup descriptions, measurement tools, and clear controlled variables. Some steps are vague (e.g., 'record if prototype collects water within pores') and lack precise measurement methods, limiting replicability. | Each test is repeated five times, which is a reasonable trial count. The quantity of tests covers several key requirements but does not fully cover all design requirements, as acknowledged by the plan itself. | The plan includes some logic by linking tests to requirements and repeating trials, but lacks explicit pass/fail criteria, thresholds, or measurable evaluation criteria. Expected results are implied but not quantitatively defined, limiting the strength of the evaluation framework. | One expert, Ms. Z, reviewed the plan and provided feedback that was incorporated, specifically recommending multiple repetitions. This shows expert involvement with documented influence on the plan.","The testing plan effectively targets several key design requirements such as waterproofing, sturdiness, elevation, size, and capacity, demonstrating a solid understanding of the prototype’s functional needs. However, the plan acknowledges it covers only about 60% of the design requirements, suggesting some important aspects may be untested. The procedures are generally clear and include repeated trials, which strengthens reliability, but they lack detailed descriptions of measurement tools, environmental controls, and precise data collection methods, which could hinder replicability.

While the plan includes multiple trials for each test, the absence of explicit pass/fail criteria, thresholds, or quantitative success metrics weakens the logical framework for evaluating prototype performance. The involvement of a field expert who provided actionable feedback and whose suggestions were incorporated is a notable strength, enhancing the plan’s credibility and rigor.

To improve, the team should define clear, measurable pass/fail criteria and thresholds for each test, specify measurement tools and environmental conditions, expand testing to cover all high-priority requirements, and document detailed procedures to ensure replicability. Additionally, involving more experts or stakeholders could further refine the testing plan and ensure comprehensive evaluation.",3.2,3
Case024_45343.pdf,,Placeholder text for scoring.,4,5,3,4,3,4,3,3,2,3,,,,,,,,,,"The testing plan addresses many major inferred requirements including waterproofing, sturdiness, elevation, size, and capacity. However, the plan states it covers 60% of design requirements and at least 3 high priority ones, indicating some requirements may be untested or less emphasized. | Procedures are generally clear and logical with stepwise instructions and repeated trials. However, some steps lack detail (e.g., how to measure waterproofing or sturdiness precisely), and some procedures are incomplete or vague (e.g., no detailed setup or measurement tools described). | Multiple trials (five repetitions) are planned for each test, which is good. However, the total number of tests is moderate and may not fully cover all requirements. Trial counts are consistent but no indication of seven or more trials per test, limiting the score. | The plan includes some logic connecting tests to requirements and mentions recording results, but lacks explicit pass/fail criteria, thresholds, or measurable evaluation criteria. Expected results and tolerances are not clearly defined, limiting the logical rigor. | One expert, Ms. Z, reviewed the plan and provided feedback that was incorporated, specifically recommending multiple repetitions. This shows evidence of expert-informed revision.","The testing plan effectively targets several key design requirements such as waterproofing, sturdiness, elevation, size constraints, and capacity, which are well inferred from the testing content. This alignment demonstrates a solid understanding of the project’s priorities, though the plan acknowledges it covers only about 60% of requirements, suggesting some gaps remain.

Testing procedures are generally clear and logically sequenced, with multiple repetitions enhancing reliability. However, some procedures lack sufficient detail to ensure full replicability, such as precise measurement methods and controls for sturdiness and waterproof tests. The quantity of tests and trial counts are adequate but could be expanded to better cover all requirements and improve statistical confidence.

The plan’s logic is somewhat underdeveloped; it lacks explicit pass/fail criteria, measurable thresholds, or defined success criteria, which are essential for objective evaluation. The involvement of one field expert who provided actionable feedback and influenced the plan is a strength, showing responsiveness to expert guidance.

To improve, the team should define clear pass/fail criteria and measurable thresholds for each test, provide more detailed and replicable procedures including measurement tools and setup, increase the number of trials per test to at least seven, and expand testing to cover all high-priority requirements. Additionally, documenting more expert feedback or involving multiple experts could further strengthen the plan’s rigor and credibility.",3.8,3
Case025_55554.docx,,Placeholder text for scoring.,5,5,5,5,4,4,3,2,3,3,,,,,,,,,,"The testing plan addresses many major requirements including stimulating reward, educational value, adjustability, safety, mouth safety, mobility, and durability. Each requirement is linked to specific tests with measurable criteria. However, some requirements like aesthetics and fine motor skill testing are only observational or less clearly tested. | Testing procedures are described with some detail, including tools, measurements, and pass/fail criteria. However, many procedures lack full clarity or replicability details such as exact trial counts, step-by-step sequences, or control conditions. Some tests are observational without detailed protocols. | The plan includes multiple distinct tests but does not specify trial counts or multiple repetitions per test. Absence of explicit trial numbers and limited detail on repeated measures limits confidence in testing quantity adequacy. | The plan includes measurable outcomes, thresholds, and pass/fail criteria for many tests, showing partial logic. However, some tests lack clear expected results or success criteria, and the connection between outcomes and requirements is sometimes implicit rather than explicit. | Two Drexel professors with relevant expertise reviewed the plan and provided feedback. While no major revisions are documented, their approval and caution about overtesting indicate some expert influence on the plan.","The testing plan effectively addresses a broad set of important design requirements, including stimulating reward, educational value, adjustability, safety, mouth safety, mobility, and durability. These requirements were inferred from detailed testing descriptions and measurable criteria, demonstrating thoughtful alignment between design goals and evaluation methods. However, some requirements such as aesthetics and fine motor skill engagement are only superficially tested or observationally assessed.

Testing procedures are generally described with useful details like measurement goals and pass/fail criteria, but they lack full replicability due to missing stepwise protocols and explicit trial counts. The absence of multiple trial repetitions and detailed procedural steps limits confidence in the robustness of the testing quantity and repeatability. The logic of the plan is partially developed, with measurable outcomes and thresholds present for many tests, but some lack explicit expected results or clear success criteria.

Expert feedback from two field professors was incorporated, providing valuable validation and cautionary advice, though evidence of plan revisions based on this feedback is limited. To improve, the team should specify trial counts and replicate tests, provide detailed step-by-step procedures for all tests, explicitly state expected results and pass/fail criteria for every requirement, and document how expert feedback shaped testing adjustments. Enhancing these areas will strengthen the rigor, clarity, and reliability of the testing plan.",4.8,3
Case026_44440.pdf,,Placeholder text for scoring.,4,4,4,4,0,4,3,2,2,0,,,,,,,,,,"The testing plan addresses many major inferred requirements including load time, safety, weight-bearing capacity, and durability. Each requirement has a corresponding test procedure, though some criteria like safety balance are less quantitatively defined. | Procedures are generally described step-by-step but lack some detail such as exact measurement tools, environmental controls, and clear variable definitions. Some steps are ambiguous (e.g., 'push the tarp back and forth') and may limit replicability. | The plan mentions incremental weight addition and timed holds but does not specify the number of trials or repetitions per test. Absence of explicit trial counts and replication limits confidence in testing quantity. | Some pass/fail criteria and thresholds are stated (e.g., load time 5-10 minutes, weight range 50-1100 lbs), but expected results, tolerances, and measurable outcomes are inconsistently defined. Logical connections between tests and requirements are partial. | No evidence of field expert involvement or feedback incorporation is present in the document.","The testing plan effectively targets several key design requirements such as load time, animal safety, weight-bearing capacity, and durability under different weight distributions. These requirements were inferred from the detailed test descriptions, demonstrating a functional alignment between design goals and evaluation methods. However, some criteria, particularly related to safety and balance, lack quantitative measures, which weakens the rigor of requirement verification.

Testing procedures are outlined with stepwise instructions, which aids understanding, but they lack sufficient detail to ensure replicability. Important elements like measurement tools, environmental conditions, and precise variable controls are missing. Additionally, vague actions such as ""push the tarp back and forth"" reduce clarity. The plan does not specify the number of trials or repetitions, limiting the ability to assess testing robustness and reliability.

While some pass/fail criteria and thresholds are mentioned, the logic behind expected results and evaluation metrics is only partially developed. The absence of clearly defined success criteria and tolerances restricts objective assessment. Furthermore, there is no indication that field experts reviewed or influenced the testing plan, which could have strengthened its validity.

To improve, the team should: 1) define explicit, measurable success criteria and tolerances for each test; 2) specify the number of trials and replicate tests to ensure reliability; 3) enhance procedural detail to enable replication by others; and 4) seek and document expert feedback to refine the testing approach and criteria.",3.2,2.2
Case027_32220.pdf,,Placeholder text for scoring.,3,2,2,2,0,4,3,2,2,0,,,,,,,,,,"The testing plan addresses many major inferred requirements including load time, safety, weight-bearing capacity, and durability. Each requirement has a corresponding test procedure, though some criteria like safety balance are less quantitatively defined. | Procedures are generally described step-by-step but lack some detail such as exact measurement tools, environmental controls, and clear variable definitions. Some steps are ambiguous (e.g., 'push the tarp back and forth') and may limit replicability. | The plan implies multiple weight increments for weight-bearing but does not specify trial counts or repetitions for any test. Absence of explicit trial numbers and repetition limits confidence in testing quantity adequacy. | Some pass/fail criteria and thresholds are mentioned (e.g., load time 5-10 minutes, weight range 50-1100 lbs), but expected results, tolerances, and measurable outcomes are inconsistently defined. Logical connections between tests and requirements are partial. | No evidence of field expert involvement or feedback incorporation is present in the document.","The testing plan effectively targets several key design requirements such as load time, animal safety, weight-bearing capacity, and durability, which were inferred from the testing descriptions. This alignment demonstrates thoughtful consideration of the project’s priorities. However, some requirements, particularly safety and balance, lack precise quantitative criteria, which weakens the ability to conclusively evaluate success.

Testing procedures are outlined in a generally logical sequence, but they lack sufficient detail to ensure replicability. Important elements like measurement tools, environmental conditions, and exact trial protocols are missing or vague. Additionally, the plan does not specify the number of trials or repetitions, limiting confidence in the robustness of the testing quantity. The logic behind the plan includes some pass/fail criteria and thresholds, but these are inconsistently applied and lack comprehensive measurable outcomes.

No evidence of expert feedback or revisions based on such input is provided, which could have strengthened the plan’s rigor. To improve, the team should specify exact trial counts and repetitions, define measurable success criteria with tolerances, detail testing procedures to enhance replicability, and seek expert review to refine the plan. Including clear measurement methods and environmental controls would also enhance testing reliability and validity.",1.8,2.2
Case028_33335.pdf,,Placeholder text for scoring.,3,3,3,3,5,4,3,2,3,4,,,,,,,,,,"The testing plan addresses many major requirements: height, stability, and mobility/transportation. Each requirement is linked to a test, with pass/fail criteria and goals. However, the plan does not explicitly test all possible high-priority requirements, and some tests are minimal. | Testing procedures are described with some detail, including steps and tools (e.g., tape measure, disassembly). However, procedures lack full clarity and replicability, such as how to measure bend angles or how to time transportation. Some steps are vague or incomplete. | Only one trial per test is mentioned explicitly, which is insufficient for robust evaluation. The plan lacks multiple trials or repetitions, and trial counts are minimal or unclear, limiting the ability to evaluate requirements thoroughly. | The plan includes pass/fail criteria, expected ranges, and goals for each test, showing some logical evaluation framework. However, thresholds and measurable outcomes are not fully developed or quantified (e.g., no specific bend angle thresholds), limiting the thoroughness of the logic. | Two field experts (a mechanical engineer and a civil engineer) provided feedback that was incorporated into the revised testing plan, such as timing transportation and focusing on weak points at segment connections.","The testing plan effectively addresses several key design requirements inferred from the content, including height, stability, and transportation. Each requirement is linked to a corresponding test with pass/fail criteria and goals, demonstrating a solid foundation for evaluating the prototype. However, the plan could be strengthened by explicitly stating all high-priority requirements and ensuring comprehensive coverage.

Testing procedures are generally described with some useful detail, such as using a tape measure and disassembling the prototype. Yet, the instructions lack full clarity and replicability, particularly regarding how to measure bend angles or how to conduct timing for transportation. The plan also falls short in specifying multiple trials, which limits the robustness of the data collection and the reliability of conclusions.

The logic behind the testing plan includes expected results and pass/fail criteria, but measurable thresholds and tolerances are not fully developed, reducing the precision of evaluation. The involvement of two field experts who provided actionable feedback and whose suggestions were incorporated is a strong point, showing responsiveness to expert guidance.

To improve, the team should increase the number of trials per test to ensure statistical reliability, clarify and detail measurement procedures for replicability, define precise thresholds or tolerances for stability and bend angles, and explicitly link all high-priority requirements to distinct tests. Additionally, documenting how expert feedback changed the plan in detail would further strengthen the testing approach.",3.4,3.2
Case029_44444.pdf,,Placeholder text for scoring.,4,4,4,4,4,4,3,2,3,4,,,,,,,,,,"The testing plan addresses many major requirements: height, stability, and transportation/reassembly. Each requirement is linked to a test procedure and pass/fail criteria. However, the plan tests only three requirements, which may be the main ones but not necessarily all high-priority requirements. | Testing procedures are described with some detail, including tools and steps, but lack full clarity and replicability. For example, stability testing lacks precise measurement methods for bend angles, and transportation testing does not specify timing methods or exact procedures for disassembly and reassembly. | Only one trial is explicitly mentioned per test, which is insufficient for reliable evaluation. The plan lacks multiple trials or repetition counts, limiting the ability to assess consistency or variability. | The plan includes pass/fail criteria and goals with expected result ranges, which supports logical evaluation. However, thresholds and measurable outcomes are somewhat vague, especially for stability (no quantitative bend angle thresholds) and transportation timing (no exact timing method). This limits the thoroughness of the logic. | Two field experts (a mechanical engineer and a civil engineer) provided feedback that was incorporated into the testing plan, such as timing transportation and focusing on weak points at segment connections. This shows meaningful expert involvement and revision.","The testing plan effectively addresses several key design requirements inferred from the content: height, structural stability, and transportation/reassembly. Each requirement is linked to a corresponding test with pass/fail criteria, demonstrating a clear connection between design goals and evaluation. However, the plan may not cover all high-priority requirements if others exist beyond those tested.

Testing procedures provide a reasonable outline of steps and tools but lack sufficient detail for full replicability. For example, the stability test does not specify how bend angles are measured, and the transportation test omits details on timing methods. Additionally, only one trial per test is planned, which is inadequate for assessing reliability or variability.

The logic of the plan includes expected result ranges and pass/fail criteria, supporting evaluation, but measurable thresholds and quantitative criteria are limited. The incorporation of feedback from two field experts strengthens the plan, showing responsiveness to professional advice. To improve, the team should increase trial counts, specify measurement methods (e.g., tools for angle measurement and timing), clarify procedures for disassembly and reassembly, and define quantitative thresholds for stability. These steps will enhance the rigor, repeatability, and clarity of the testing plan.",4,3.2
Case030_22221.pdf,,Placeholder text for scoring.,2,2,2,2,1,4,3,2,2,2,,,,,,,,,,"The testing plan addresses many major inferred requirements such as lid attachment, opening time, durability, and ease of use. However, some requirements like precise pass/fail criteria or thresholds are missing, and not all requirements are tested with clear measurable outcomes. | Testing procedures are generally described with logical steps and phases, but lack detailed specifics such as exact measurement tools, controlled variables, or step-by-step replication instructions. Some procedures are vague, e.g., 'simulate bear-like forces' without detailed setup. | The plan mentions repeating tests multiple times but does not specify trial counts or how many repetitions per test. This lack of quantitative detail limits confidence in the adequacy of test quantity to evaluate requirements fully. | The plan includes some logical explanation and data analysis intentions but lacks measurable evaluation criteria such as pass/fail thresholds, expected result ranges, or tolerances. This weakens the ability to objectively assess success. | One expert, Doctor Bill Rodriquez, is mentioned as having given feedback, but there is no clear evidence that this feedback was incorporated or led to revisions in the testing plan.","The testing plan effectively addresses several key design requirements inferred from the testing content, including lid attachment security, opening time, durability under simulated bear forces, and ease of use for diverse users. This comprehensive coverage demonstrates a solid understanding of the product’s critical performance aspects. However, the plan would benefit from explicitly stating measurable pass/fail criteria and thresholds to strengthen requirement alignment.

Procedures are logically organized into phases and cover relevant testing activities, but they lack sufficient detail to ensure replicability. For example, the description of simulating bear-like forces is vague, and specific measurement tools or controlled variables are not clearly defined. Additionally, while the plan mentions multiple test repetitions, it does not specify trial counts, limiting confidence in the adequacy of test quantity.

The logic behind the testing plan is partially developed, with intentions to analyze data and assess effectiveness, but it lacks concrete evaluation metrics such as expected result ranges or tolerances. Expert involvement is noted but not clearly integrated into the plan, reducing the impact of professional feedback.

To improve, the team should define explicit pass/fail criteria and measurable thresholds, specify exact trial counts and testing conditions, detail procedures to enhance replicability, and document how expert feedback influenced revisions. These steps will increase the rigor, clarity, and effectiveness of the testing plan.",1.8,2.6
Case031_34331.pdf,,Placeholder text for scoring.,3,4,3,3,1,4,3,2,2,2,,,,,,,,,,"The testing plan addresses many major inferred requirements such as lid attachment, opening time, durability, and ease of use. However, some requirements like precise pass/fail criteria or thresholds are missing, and not all requirements are tested with clear measurable outcomes. | Testing procedures are generally described with logical steps and phases, but lack detailed specifics such as exact measurement tools, controlled variables, or step-by-step protocols that would ensure full replicability. | The plan mentions repeating tests multiple times but does not specify the number of trials or how many repetitions per test. This lack of trial count limits confidence in the quantity of testing planned. | The plan provides a logical framework and rationale for testing but lacks explicit measurable evaluation criteria, pass/fail thresholds, or expected result ranges, which limits the ability to objectively assess success. | One expert, Doctor Bill Rodriquez, is mentioned as having given feedback, but there is no clear evidence that this feedback was incorporated into the testing plan.","The testing plan effectively addresses several key design requirements inferred from the testing content, including lid attachment security, opening time, durability under simulated bear forces, and ease of use for diverse users. This comprehensive coverage demonstrates thoughtful consideration of the product’s functional and ergonomic needs. However, the plan would benefit from explicitly stating measurable pass/fail criteria and thresholds to strengthen requirement alignment.

Procedures are logically organized into phases and describe relevant activities, but they lack sufficient detail to ensure replicability. Specifics such as exact measurement tools, controlled variables, and step-by-step instructions are needed. While the plan mentions multiple test repetitions, it does not specify trial counts, limiting confidence in the adequacy of testing quantity. The evaluation framework is logical but incomplete without clear success criteria or expected result ranges.

Expert involvement is noted with a single professional consulted, yet the document does not demonstrate how this feedback influenced the plan. To improve, the team should define explicit pass/fail criteria, specify trial numbers, detail procedures for replicability, and document expert feedback incorporation. Including quantitative thresholds and clearer measurement methods will enhance the rigor and objectivity of the testing plan.",2.8,2.6
Case032_00000.pdf,,Placeholder text for scoring.,0,0,0,0,0,2,2,1,1,0,,,,,,,,,,"The testing plan addresses a few key inferred high-priority requirements such as stability, durability, lightweight, and payload. However, it does not clearly cover all major design requirements like reinforced compartments, weather resistance, adjustable straps, LED lights, or storage organization. | Testing procedures are described in very vague terms (e.g., 'throwing it down hills', 'weighing the scooter bag') without detailed, controlled, or replicable steps. There is no mention of tools, measurement methods, variables, or sequence of actions. | No information is provided about the number of trials or repetitions for any test. The quantity of tests is minimal and insufficient to evaluate the design requirements comprehensively. | The testing plan lacks measurable evaluation criteria, pass/fail thresholds, expected results, or logical evaluation frameworks. Outcomes are not clearly connected back to requirements, and no success criteria are defined. | Although field expert feedback is documented elsewhere in the portfolio, there is no clear evidence in this section that expert feedback was incorporated into revisions of the testing plan.","The testing plan attempts to address several important inferred design requirements such as scooter stability on various terrains, durability under rough handling, lightweight characteristics, and payload capacity. However, it falls short of comprehensively covering all major high-priority requirements identified in the design, such as reinforced compartments, weather resistance, and safety features. The procedures described are vague and lack sufficient detail to be replicable or controlled. For example, phrases like ""throwing it down hills"" and ""weighing the scooter bag"" do not specify how tests will be conducted, what tools or measurements will be used, or how variables will be controlled. Additionally, the plan does not specify the number of trials or repetitions, which limits confidence in the reliability of the testing outcomes. The absence of measurable evaluation criteria, pass/fail thresholds, or expected results further weakens the logic and rigor of the testing plan. While field expert feedback is documented elsewhere, there is no clear evidence that this feedback influenced the testing plan revisions, which is a missed opportunity to strengthen the approach. To improve, the team should develop detailed, step-by-step testing procedures with clear measurement methods and controls; define pass/fail criteria or thresholds for each requirement; plan multiple trials to ensure reliability; and explicitly incorporate expert feedback to refine the testing strategy. These improvements will enhance the clarity, repeatability, and effectiveness of the prototype testing and data collection plan.",0,1.2
Case033_31210.pdf,,Placeholder text for scoring.,3,1,2,1,0,2,2,1,1,0,,,,,,,,,,"The testing plan addresses a few key inferred high-priority requirements such as stability, durability, lightweightness, and payload capacity. However, it does not comprehensively cover all major design requirements like weather resistance, adjustable straps, LED lights, or organizational features. The connection between tests and requirements is partial and limited. | Testing procedures are described in very general terms (e.g., 'riding on different terrains', 'throwing down hills', 'weighing the scooter'), lacking detailed, controlled, or replicable steps. There is no mention of tools, measurement methods, variables, or sequence, making replication difficult. | The plan mentions testing activities but does not specify the number of trials or repetitions. Without trial counts or detailed test quantity, the testing plan is minimal and insufficient to evaluate requirements robustly. | The testing plan lacks measurable evaluation criteria, pass/fail thresholds, expected results, or success criteria. The logic behind how tests will evaluate requirements is minimal and not well developed. | Although the document includes expert feedback in other sections, there is no clear evidence that field experts reviewed or influenced the prototype testing and data collection plan specifically. No revisions to the testing plan based on expert feedback are documented.","The testing plan attempts to address several important inferred design requirements such as stability on different terrains, durability under impact, lightweightness, and payload capacity. However, it falls short of comprehensively covering all major high-priority requirements identified in the design, such as weather resistance, adjustable straps, and visibility features. This limits the plan's ability to fully validate the prototype's performance.

Testing procedures are described in broad, informal terms without sufficient detail to ensure replicability or control. The absence of specific measurement methods, tools, or step-by-step instructions makes it difficult for others to reproduce the tests or verify results. Additionally, the plan does not specify the number of trials or repetitions, which is critical for assessing reliability and consistency.

The logic of the testing plan is weak, lacking measurable outcomes, pass/fail criteria, or thresholds that would clarify how success is determined. Furthermore, while expert feedback is documented elsewhere in the portfolio, there is no evidence that experts reviewed or influenced the testing plan itself, missing an opportunity to strengthen the approach.

To improve, the team should: 1) explicitly link each test to specific design requirements; 2) develop detailed, replicable procedures including tools, measurements, and controlled variables; 3) plan multiple trials with clear trial counts; and 4) define measurable success criteria or thresholds for each test. Incorporating expert feedback directly into the testing plan would also enhance its rigor and credibility.",1.4,1.2
Case034_00000.docx,,Placeholder text for scoring.,0,0,0,0,0,1,1,1,1,0,,,,,,,,,,"The document mentions testing aspects such as height, length, width, sturdiness, and ability to hold weight, but no clear or distinct tests are described that directly address these requirements. | Testing procedures are described only in very vague terms, such as 'test the prototype in its aspects' without details on setup, tools, measurements, or sequence, making replication impossible. | There is no mention of the number of tests or trials planned; testing is described generally without quantification, indicating minimal testing quantity. | No measurable outcomes, pass/fail criteria, thresholds, or expected results are provided; the logic behind the testing plan is minimal and lacks development. | No evidence of field expert involvement or feedback is present in the document.","The testing plan provides only minimal evidence of addressing important design requirements. While the document implies that the prototype's sturdiness, ability to hold weight, and dimensions are important, it lacks clear, distinct tests that directly evaluate these aspects. This limits the ability to confirm whether the design meets its key goals.

Testing procedures are described in very general and vague terms, without sufficient detail to allow replication. There is no information on tools, measurements, or specific steps, which undermines the clarity and effectiveness of the testing approach. Additionally, the plan does not specify the number of tests or trials, making it impossible to assess whether the testing quantity is adequate to evaluate the design requirements.

The logic of the testing plan is weak, with no measurable outcomes, pass/fail criteria, or thresholds provided. This absence of evaluation criteria prevents objective assessment of prototype performance. Furthermore, there is no indication that field experts reviewed or influenced the testing plan, missing an opportunity to strengthen the approach through expert feedback.

To improve, the team should clearly define and document specific tests aligned with each key requirement, including detailed procedures and measurement methods. They should plan multiple trials per test to ensure reliability and include measurable success criteria such as weight thresholds or dimensional tolerances. Incorporating feedback from relevant field experts and documenting resulting revisions would also enhance the plan's rigor and credibility.",0,0.8
Case035_00000.docx,,Placeholder text for scoring.,0,0,0,0,0,1,1,1,1,0,,,,,,,,,,"The document mentions testing aspects such as height, length, width, sturdiness, and ability to hold weight, but does not clearly connect these to distinct, measurable tests. Testing is described vaguely without clear linkage to specific requirements. | Testing procedures are minimally described with vague statements like 'test the prototype in its aspects' and no detailed, replicable steps, tools, or measurements provided. | There is no mention of the number of tests or trials planned. Testing quantity is minimal and not clearly defined. | The plan lacks measurable outcomes, pass/fail criteria, thresholds, or expected results. The explanation of testing logic is minimal and does not clearly connect outcomes to requirements. | No evidence of field expert involvement or feedback influencing the testing plan is present.","The testing plan attempts to address important design requirements such as prototype sturdiness, weight-holding capacity, and dimensional aspects like height and width. However, these requirements are only implied and not explicitly stated or clearly linked to specific tests, resulting in a weak alignment between requirements and testing. The procedures described are vague and lack sufficient detail to allow replication; there are no clear steps, tools, or measurement methods outlined. Additionally, the plan does not specify the number of tests or trials, which limits the ability to evaluate the design thoroughly. The logic behind the testing is minimal, with no measurable outcomes, pass/fail criteria, or thresholds provided to assess success or failure. This absence of evaluation criteria weakens the overall rigor of the testing plan. Furthermore, there is no indication that field experts reviewed or influenced the testing approach, which could have strengthened the plan. To improve, the team should explicitly state and connect design requirements to distinct tests, develop detailed and replicable procedures including measurement methods, plan multiple trials per test, and define clear pass/fail criteria or thresholds. Incorporating feedback from relevant field experts and documenting resulting revisions would also enhance the plan's credibility and effectiveness.",0,0.8
Case036_00000.pdf,,Placeholder text for scoring.,0,0,0,0,0,0,0,0,0,0,,,,,,,,,,"No testing plan or test methods are described that address any design requirements. | No testing procedures or steps are described; only vague statements unrelated to testing are present. | No tests or trials are planned or described. | No logical explanation, expected results, pass/fail criteria, or measurable outcomes are provided. | No mention or evidence of field expert involvement or feedback.","The submitted document does not provide any meaningful testing plan or data collection strategy. There are no explicit or implicit design requirements connected to testing activities, making it impossible to evaluate how well the plan addresses project needs. The content primarily consists of brainstorming notes and interview prompts unrelated to prototype testing.

Testing procedures are absent, lacking any detail, sequence, or measurement methods that would allow replication or evaluation. Without descriptions of trials, tools, or variables, the plan cannot be considered effective or clear. Additionally, no information about the quantity of tests or trial counts is provided, so the adequacy of testing coverage cannot be assessed.

The document also lacks any logical framework for evaluating test outcomes, such as expected results, pass/fail criteria, or thresholds. There is no evidence of expert review or feedback influencing the testing approach. To improve, the student should clearly define high-priority design requirements, develop detailed and replicable test procedures, specify measurable outcomes with pass/fail criteria, and plan multiple trials per test. Incorporating feedback from relevant field experts and documenting how it shapes the testing plan would also strengthen the work.",0,0
Case037_00000.pdf,,Placeholder text for scoring.,0,0,0,0,0,0,0,0,0,0,,,,,,,,,,"No testing plan or test methods are described that address any design requirements. | No testing procedures or methods are described; only vague brainstorming and ideation notes are present. | No tests or trials are planned or described. | No logical explanation, expected results, pass/fail criteria, or measurable outcomes are provided. | No evidence of field expert involvement or feedback is present.","The submitted document does not provide a testing plan or any description of prototype testing aligned with design requirements. No explicit or implicit requirements could be inferred from the content, as the document primarily contains ideation notes and brainstorming steps without connection to testing. Consequently, there is no evidence of how the design requirements would be tested or evaluated.

Testing procedures are absent, lacking any detail, sequence, or replicable steps. Without procedures, the plan cannot be replicated or assessed for effectiveness. Additionally, no information about the quantity of tests or trial counts is provided, making it impossible to evaluate whether the testing would be sufficient to validate the design.

The document also lacks any logical framework for evaluation, such as expected results, pass/fail criteria, or measurable thresholds. There is no indication that field experts reviewed or influenced the testing plan. To improve, the student should clearly identify key design requirements and develop specific, detailed testing procedures that include measurable outcomes and multiple trials. Including pass/fail criteria and thresholds will strengthen the logic of the plan. Finally, seeking and documenting expert feedback with evidence of revisions will enhance the plan's rigor and credibility.",0,0
Case038_10210.docx,,Placeholder text for scoring.,1,0,2,1,0,1,1,1,1,0,,,,,,,,,,"The document mentions ammonia and nitrate levels affecting fish health and feeding, and plant thriving, implying these as requirements. However, there is no clear evidence of tests designed to measure or control these parameters systematically. | Testing procedures are minimally described with vague statements such as 'testing is going well' and no detailed, replicable methods or measurement protocols. | No information on the number of tests or trials is provided, limiting the ability to assess testing quantity or coverage. | There is no logical framework, measurable outcomes, pass/fail criteria, or thresholds described to evaluate test results or connect them to requirements. | No mention or evidence of field expert involvement or feedback is present.","The testing plan briefly touches on important design requirements such as maintaining safe ammonia and nitrate levels for tilapia and supporting plant growth. However, these requirements are only implied and not explicitly connected to structured testing methods. The plan lacks clear, detailed procedures, making it difficult for others to replicate or understand how testing is conducted. There is no information on the number of trials or tests planned, which raises concerns about the adequacy of data collection to evaluate the design effectively. Furthermore, the plan does not include measurable outcomes, pass/fail criteria, or thresholds to logically assess whether the design meets its goals. This absence of evaluation criteria limits the ability to draw meaningful conclusions from the tests. Additionally, there is no evidence that field experts reviewed or influenced the testing plan, which could have strengthened its rigor and relevance. To improve, the student should clearly define and link specific tests to each requirement, develop detailed and replicable procedures including measurement methods, specify the number of trials to ensure sufficient data, and establish clear success criteria or thresholds. Seeking and incorporating feedback from relevant experts would also enhance the testing plan's quality and credibility.",0.8,0.8
Case039_32210.docx,,Placeholder text for scoring.,3,2,2,1,0,1,1,1,1,0,,,,,,,,,,"The testing plan mentions ammonia and nitrate levels affecting fish health and feeding, and notes plant growth, but does not clearly connect these to specific tests or measurable outcomes. Only one requirement (ammonia level) is minimally addressed through vague observation. | Testing procedures are not described in any detail. There is no information on setup, tools, measurements, variables, or sequence of actions, making replication impossible. | No information on the number or type of tests or trials is provided. The mention of 'first trial' suggests minimal testing quantity. | There is no logical framework, pass/fail criteria, thresholds, or measurable evaluation criteria described. The narrative is anecdotal and lacks measurable expected results. | No evidence of field expert involvement or feedback is provided.","The testing plan attempts to address important design requirements related to ammonia and nitrate levels affecting tilapia health and plant growth. However, these requirements are only implied and not explicitly tested with measurable criteria. The plan lacks clear, detailed testing procedures, making it impossible for others to replicate or evaluate the tests effectively. There is no description of tools, measurements, or controlled variables, which limits the clarity and rigor of the testing approach. Additionally, the quantity of testing is minimal, with only a vague reference to a 'first trial' and no indication of multiple trials or comprehensive coverage of requirements. The plan also lacks a logical evaluation framework; there are no pass/fail criteria, thresholds, or expected measurable outcomes to assess success or failure. Furthermore, there is no evidence that field experts reviewed or influenced the testing plan, which could have strengthened its validity and rigor. To improve, the student should clearly define and connect specific tests to each requirement, develop detailed, replicable procedures including measurement methods, plan multiple trials to ensure reliability, and establish measurable success criteria. Seeking and incorporating feedback from relevant field experts would also enhance the testing plan's quality and credibility.",1.6,0.8
Case040_11100.pdf,,Placeholder text for scoring.,1,1,1,0,0,2,1,1,2,0,,,,,,,,,,"The plan mentions testing for user satisfaction, leak detection, growth rates, sustainability, and expert approval, but these are only broadly described without clear, distinct tests for each requirement. | Testing procedures are vague and lack detail. There is no clear description of setup, tools, measurements, or step-by-step actions, making replication impossible. | No specific number of tests or trials is mentioned. The plan refers to future testing and evaluations but does not outline a feasible quantity of tests. | Some goals and minimum success criteria are mentioned (e.g., two-year durability, constant growth rate), but measurable outcomes, pass/fail criteria, and thresholds are not clearly defined. | Experts are mentioned as evaluators, but there is no evidence of their feedback influencing the testing plan or revisions.","The testing plan attempts to address several important design requirements such as user satisfaction, leak detection, plant growth rates, sustainability, and expert approval. However, these requirements are only broadly implied and not clearly connected to specific, distinct tests. This limits the plan's ability to comprehensively evaluate the design's performance against its key goals.

The procedures described are vague and lack sufficient detail to be replicable. There is no clear methodology, measurement approach, or sequence of actions provided, which undermines the effectiveness of the testing plan. Additionally, the plan does not specify the number of tests or trials, making it difficult to assess whether the testing quantity is adequate to evaluate the design thoroughly.

While some goals and minimum success criteria are mentioned, such as a two-year durability target and constant growth rate, the plan lacks measurable evaluation criteria, pass/fail thresholds, and clear logic linking test outcomes to requirements. Expert involvement is noted but without documented feedback or revisions based on their input.

To improve, the team should develop detailed, replicable testing procedures with clear measurement methods and multiple trials. They should define measurable success criteria and thresholds for each requirement. Incorporating documented expert feedback to refine the testing plan would strengthen its validity. Finally, explicitly linking each test to a specific requirement will enhance clarity and focus.",0.6,1.2
Case041_32222.pdf,,Placeholder text for scoring.,3,2,2,2,2,2,1,1,1,0,,,,,,,,,,"The plan mentions testing for user satisfaction, leak detection, growth rates, sustainability, and expert approval, but these are only broadly described without clear, distinct tests for each requirement. | Testing procedures are vague and lack detail. There is no clear description of setup, tools, measurements, or step-by-step actions, making replication impossible. | No specific number of tests or trials is mentioned. The plan refers to future testing and evaluations but does not outline a feasible quantity of tests. | The plan includes some goals and minimum success criteria (e.g., two-year durability, constant growth rate), but lacks measurable thresholds, pass/fail criteria, or detailed evaluation logic. | Experts are mentioned as evaluators, but there is no evidence of expert feedback influencing the testing plan or revisions.","The testing plan attempts to address several important design requirements such as user satisfaction, leak detection, plant growth rates, sustainability, and expert approval. However, these requirements are only broadly implied and not clearly connected to specific, distinct tests. This limits the plan's ability to comprehensively evaluate the design's performance against its key goals.

Testing procedures lack clarity and detail, with no step-by-step methods, tools, or measurement techniques described. This vagueness makes it impossible for others to replicate the tests or verify results. Additionally, the plan does not specify the number of tests or trials, which is critical for assessing reliability and consistency. The absence of measurable thresholds, pass/fail criteria, or detailed evaluation logic further weakens the plan’s rigor.

While the involvement of field experts is mentioned, there is no documented evidence that their feedback influenced the testing plan or led to revisions. To improve, the team should develop detailed, replicable procedures with clear measurement methods, define specific pass/fail criteria and thresholds, plan multiple trials for each major requirement, and actively incorporate expert feedback to refine the testing approach. These steps will strengthen the testing plan’s ability to validate the design effectively and reliably.",2.2,1
Case042_54550.docx,,Placeholder text for scoring.,5,4,5,5,0,3,2,2,2,0,,,,,,,,,,"The testing plan addresses some key requirements such as antibacterial properties via agar tray tests, storage space for feminine products, and user satisfaction through surveys. However, the phone fitting test is mentioned but not clearly connected to a stated requirement, and the antibacterial test is limited in scope. Overall, only some major requirements are tested. | The procedures provide some detail about agar tray setup and control variables, but lack clarity on exact methods, measurements, and sequence. The product fitting test is described vaguely without clear steps or measurement criteria. The survey test is mentioned but lacks procedural detail. Replicability is limited. | Trial counts are low and inconsistent: 6 agar trays total with 2 controls, 2 before/after in two locations; 2 trials for product fitting; 1 trial for phone fitting; and an unspecified number of survey trials. This limited quantity restricts comprehensive evaluation of requirements. | Some pass/fail criteria and goals are stated (e.g., perfect fit, less or a little squeeze, phones fitting comfortably), but thresholds, measurable outcomes, and expected result ranges are vague or incomplete. The logic connecting tests to requirements is partial and lacks detailed evaluation framework. | No evidence of field expert involvement or feedback influencing the testing plan is provided.","The testing plan demonstrates an effort to address several important design requirements, including antibacterial properties, storage space for feminine products, and user satisfaction. However, some requirements are only partially tested or implied rather than explicitly connected to the tests. The inclusion of a phone fitting test is unclear in its relevance to the core design goals. Testing procedures provide some insight into the experimental setup, particularly for the antibacterial agar tray tests, but lack sufficient detail and clarity to ensure replicability. The product fitting and survey procedures are especially vague, with minimal description of methods or measurement techniques.

The quantity of tests and trials is limited, with only a few trials per test case and some tests lacking trial counts altogether. This restricts the robustness of the evaluation and the ability to generalize results. While some pass/fail criteria and goals are mentioned, the testing plan would benefit from clearer, measurable thresholds and a more thorough logic framework linking outcomes to requirements. No evidence of expert feedback or revisions based on such input is present.

To improve, the team should expand trial numbers and clearly document procedures with step-by-step instructions and measurement methods. Establishing explicit, quantifiable success criteria and thresholds for each test will strengthen evaluation rigor. Connecting all tests explicitly to inferred requirements and clarifying the relevance of each test, such as the phone fitting, will improve focus. Finally, seeking and incorporating feedback from field experts could enhance the testing plan’s validity and completeness.",3.8,1.8
Case043_50010.docx,,Placeholder text for scoring.,5,0,0,1,0,3,2,2,2,0,,,,,,,,,,"The testing plan addresses some key requirements such as antibacterial properties via agar tray testing and storage space usability with product fitting and user surveys. However, not all major requirements are clearly tested, and some tests lack clarity or direct connection to requirements. | Testing procedures are described but lack sufficient detail for replication. For example, the agar tray experiment setup is briefly mentioned without detailed methodology, and the user survey procedure is vague. The product fitting test is also minimally described. | The number of trials is limited and inconsistent. Agar tray testing uses 6 trays total, with only 2 trials per condition. Product fitting trials are minimal (1 or 2), and user survey trials are unspecified. This limited quantity restricts comprehensive evaluation. | Some pass/fail criteria and goals are mentioned (e.g., perfect fit, less or slight squeeze), but measurable thresholds, expected ranges, or detailed evaluation metrics are mostly absent. The logic connecting test outcomes to requirements is weak and incomplete. | No evidence of field expert involvement or feedback influencing the testing plan is provided.","The testing plan demonstrates an effort to address important design requirements such as antibacterial effectiveness and storage usability, inferred from the agar tray tests and product fitting trials. However, the plan only partially covers these requirements, with some tests lacking clear connection to specific design goals. The procedures described are generally vague and lack sufficient detail to allow replication by others, particularly in the agar tray experiment and user survey methods. Trial counts are low and inconsistent across tests, limiting the robustness of the evaluation. While some pass/fail criteria and goals are mentioned, the plan lacks measurable thresholds, expected result ranges, and clear evaluation frameworks that would strengthen the logic and rigor of the testing. Additionally, there is no indication that field experts reviewed or influenced the testing plan, which could have improved its quality and relevance. To improve, the team should provide detailed, step-by-step testing procedures including setup, tools, and measurement methods; increase the number of trials to ensure statistical reliability; define clear, measurable pass/fail criteria and expected outcome ranges; and seek expert feedback to refine and validate the testing approach. These steps will enhance the clarity, replicability, and effectiveness of the prototype testing plan.",1.2,1.8
Case044_12112.pdf,,Placeholder text for scoring.,1,2,1,1,2,2,2,1,1,3,,,,,,,,,,"The testing plan addresses only a few inferred requirements: mainly the effect of tire tread on pull time and traction. However, the connection between requirements and tests is weak and incomplete, with no clear coverage of all major requirements. | Procedures are vague and incomplete. While some steps are mentioned (consistent pullers and weight, timing from start to finish), critical details such as exact setup, measurement tools, variables controlled, and sequence are missing, limiting replicability. | Only two trials per tire type are reported, with one tire type missing data entirely. The low number of trials and incomplete data make the testing quantity minimal and insufficient to evaluate requirements reliably. | The plan lacks clear logic, measurable evaluation criteria, pass/fail thresholds, or expected result ranges. Statements about being 'faster' and 'better traction' are qualitative and unsupported by defined success criteria. | One expert, Mr. Beam, provided feedback that influenced the plan, such as emphasizing controlled variables and discussing wheel size options. However, the extent of revisions is limited and not fully detailed.","The testing plan attempts to address key design requirements such as reducing pull time and improving traction through tire tread size, inferred from the timing data and tread observations. However, the plan only partially tests these requirements, lacking comprehensive coverage and clear linkage between tests and all major requirements. The procedures described are minimal and lack sufficient detail to allow replication, with vague descriptions of setup and measurement methods. The quantity of testing is notably insufficient, with only two trials per tire type and missing data for one tire category, limiting the reliability of conclusions.

The logic behind the testing plan is weak, as it does not include measurable outcomes, pass/fail criteria, or thresholds to evaluate success objectively. While expert feedback from Mr. Beam is acknowledged and influenced some aspects of the plan, such as controlling variables, the documentation of these revisions is limited. To improve, the team should develop detailed, step-by-step procedures including tools and variables, increase the number of trials to at least seven per test, define clear measurable success criteria with thresholds, and document how expert feedback concretely shaped the testing plan. These steps will enhance the rigor, repeatability, and evaluative power of the testing process.",1.4,1.8
Case045_12222.pdf,,Placeholder text for scoring.,1,2,2,2,2,2,2,1,1,3,,,,,,,,,,"The testing plan addresses only a few inferred requirements, mainly comparing pull times and tread differences between old and new tires. However, the requirements are not comprehensively tested, and some are only loosely connected to the tests. | Procedures are vague and incomplete. The description of consistent pullers and timing is minimal and lacks detail on setup, measurement tools, variables, or sequence, limiting replicability. | Only two trials per tire type are reported, with no indication of multiple repetitions or sufficient quantity to robustly evaluate requirements. | The plan lacks clear logic, measurable evaluation criteria, pass/fail thresholds, or expected result ranges. The rationale is mostly descriptive without quantitative goals or success criteria. | One expert, Mr. Beam, provided feedback that influenced the plan, such as controlled variables and discussion of wheel size, indicating some expert-informed revision.","The testing plan attempts to address key design requirements such as reducing pull time and improving traction through tread size differences. However, these requirements are only partially tested, with limited connection between the tests and the inferred goals. The plan would benefit from explicitly stating all high-priority requirements and ensuring each is directly and comprehensively tested.

Testing procedures are described in a very basic manner, lacking sufficient detail to allow replication. Important elements such as measurement tools, control of variables, and step-by-step actions are missing or unclear. The small number of trials (two per tire type) is insufficient to draw reliable conclusions, and no information on trial repetition or variability is provided.

The logic behind the testing plan is weak, with no measurable success criteria, pass/fail thresholds, or expected result ranges. While expert feedback from Mr. Beam is noted and influenced some aspects of the plan, the overall testing framework remains underdeveloped. To improve, the team should develop detailed, replicable procedures; increase trial counts; define clear, measurable evaluation criteria; and document how expert feedback shapes testing revisions. These steps will strengthen the rigor and reliability of the testing plan.",1.8,1.8
Case046_14010.pdf,,Placeholder text for scoring.,1,4,0,1,0,3,2,2,2,0,,,,,,,,,,"The testing plan addresses some key inferred requirements: fit on wheelchairs, adjustability, and dribbling functionality. However, it does not cover all possible major requirements comprehensively, and some tests are minimal. | Testing procedures are described but lack sufficient detail for replication. Setup steps are brief and lack specifics on tools, measurements, or controlled variables. | Only three tests are planned with very few trials (mostly 1 or 3). The low number of trials and limited test variety restrict the ability to fully evaluate requirements. | Pass/fail criteria are stated but lack measurable thresholds or quantitative expected results. The logic connecting outcomes to requirements is weak and lacks detailed evaluation metrics. | No evidence of field expert involvement or feedback is provided.","The testing plan identifies and attempts to address several important design requirements, including device fit on wheelchairs, adjustability, and dribbling functionality. However, these requirements are inferred from the testing content rather than explicitly stated, which limits clarity. While the plan includes basic pass/fail criteria, it lacks detailed, measurable evaluation metrics that would strengthen the connection between tests and requirements.

Testing procedures are outlined but are brief and lack sufficient detail to ensure replicability. Important elements such as specific tools, measurement methods, and controlled variables are missing. The quantity of tests and trials is limited, with some tests having only a single trial, which reduces confidence in the reliability of results. The logic behind the testing plan is minimal, with pass/fail criteria present but no thresholds or tolerances to guide evaluation.

No evidence of expert feedback or revisions based on such input is provided, which could have improved the plan’s rigor. To enhance the testing plan, it is recommended to explicitly state all high-priority requirements, increase the number of trials per test, provide detailed, step-by-step procedures including measurement methods, and define clear, quantitative success criteria. Additionally, seeking and incorporating feedback from field experts would strengthen the plan’s validity and reliability.",1.2,1.8
Case047_33340.pdf,,Placeholder text for scoring.,3,3,3,4,0,3,2,2,2,0,,,,,,,,,,"The testing plan addresses some key inferred requirements: fit on wheelchairs, adjustability, and dribbling functionality. However, the coverage is limited to only these three tests, and some requirements are only minimally tested with single trials. | Testing procedures are described but lack sufficient detail for replication. For example, the dribble test lacks specifics on measurement methods, environment, or tools. The adjustable and fit tests have minimal procedural steps and no control or measurement details. | The plan includes only three tests with very few trials: three trials for dribble, and one trial each for adjustability and fit. This limited quantity is insufficient to robustly evaluate the design requirements. | Pass/fail criteria are stated but are simplistic and lack measurable thresholds or quantitative goals. Expected results are vague (e.g., 'easy dribbling'), and no tolerances or detailed evaluation metrics are provided. | No evidence of field expert involvement or feedback is present in the document.","The testing plan identifies and attempts to address several important design requirements, including device fit on wheelchairs, adjustability, and dribbling functionality. However, the coverage is limited to only three tests, and some requirements are tested with minimal trials, which restricts the robustness of the evaluation. The procedures described are basic and lack sufficient detail to ensure replicability. For example, the dribble test does not specify how dribbling performance is measured or controlled, and the adjustability and fit tests have minimal procedural steps without clear measurement tools or environmental controls.

The quantity of testing is low, with only one or three trials per test, which is insufficient to confidently assess performance or variability. While pass/fail criteria are provided, they are simplistic and lack measurable thresholds or quantitative goals, limiting the logical rigor of the evaluation. Additionally, there is no indication that field experts reviewed or influenced the testing plan, which could have strengthened its validity.

To improve, the team should increase the number of trials per test to better capture performance consistency, provide detailed, step-by-step procedures including measurement methods and controls, define clear, quantitative pass/fail criteria with thresholds or tolerances, and seek feedback from relevant field experts to refine the testing plan. These steps will enhance the rigor, repeatability, and credibility of the prototype testing.",2.6,1.8
Case048_41220.pdf,,Placeholder text for scoring.,4,1,2,2,0,3,2,2,2,0,,,,,,,,,,"The testing plan addresses some key inferred requirements: fit on wheelchairs, adjustability, and dribbling functionality. However, it does not cover all possible major requirements comprehensively, and some tests are minimal. | Testing procedures are described but lack sufficient detail for replication. Setup steps are brief and lack specifics on tools, measurements, or controlled variables. The sequence is simple but not fully clear. | The plan includes only three tests with very few trials (mostly 1 or 3 trials). This limited quantity is insufficient to robustly evaluate the design requirements or ensure reliability. | Pass/fail criteria are stated but are simplistic and lack measurable thresholds or quantitative expected results. The logic connecting outcomes to requirements is weak and lacks detailed evaluation metrics. | No evidence of field expert involvement or feedback is provided in the document.","The testing plan demonstrates an attempt to address important design requirements such as device fit on wheelchairs, adjustability, and dribbling functionality. These requirements were inferred from the testing content since they were not explicitly stated. While the plan covers some key aspects, it lacks comprehensive coverage of all major requirements, limiting its overall effectiveness.

Testing procedures are outlined but are brief and lack sufficient detail to ensure replicability. Important elements such as specific tools, measurement methods, and controlled variables are missing, which reduces clarity and repeatability. The quantity of tests and trials is minimal, with only one to three trials per test, which is insufficient to reliably evaluate the design under varied conditions.

The logic of the testing plan includes basic pass/fail criteria but lacks measurable thresholds, quantitative expected results, or detailed evaluation frameworks. This limits the ability to objectively assess success or failure. Additionally, there is no evidence of field expert feedback or revisions based on such input, which could have strengthened the plan.

To improve, the student should increase the number of trials per test to enhance reliability, provide detailed and replicable procedures including measurement methods, define clear quantitative success criteria, and seek expert feedback to refine the testing plan. Explicitly stating design requirements would also improve alignment and clarity.",1.8,1.8
Case049_00000.pdf,,Placeholder text for scoring.,0,0,0,0,0,2,1,1,1,0,,,,,,,,,,"The testing plan addresses a few key requirements: water flow through the pipe, water flow into the barrel, and chicken interaction with the nipple. However, the tests are minimal and do not cover all major or multiple requirements comprehensively. | Testing procedures are minimally described with no detail on setup, tools, measurements, variables, or sequence. The descriptions are vague and lack replicability. | Only a few tests are mentioned with no indication of multiple trials or test quantity. The plan lacks sufficient testing quantity to evaluate requirements robustly. | There is minimal explanation of logic, no measurable outcomes, pass/fail criteria, thresholds, or expected results. The plan lacks a clear evaluation framework. | No evidence of field expert involvement or feedback is provided.","The testing plan addresses a few inferred high-priority requirements such as ensuring water flows through the PVC pipe, into the barrel, and that chickens can access water from the nipples. However, these requirements are only minimally tested, and the plan lacks comprehensive coverage of all major design needs. The procedures described are vague and lack sufficient detail to allow replication by others. There is no information on test setup, tools, measurements, or variables, which limits the clarity and effectiveness of the testing approach.

The quantity of testing is very limited, with no mention of multiple trials or systematic evaluation, reducing confidence in the reliability of the results. Additionally, the plan does not include measurable outcomes, pass/fail criteria, or thresholds, which are essential for logical evaluation and decision-making. No involvement of field experts or incorporation of their feedback is evident, missing an opportunity to strengthen the testing plan.

To improve, the team should clearly document detailed, replicable procedures including tools and measurement methods. They should plan multiple trials per test to ensure reliability and define measurable success criteria with thresholds. Explicitly linking tests to all major requirements and involving field experts for feedback and revisions would enhance the rigor and credibility of the testing plan.",0,1
Case050_22220.pdf,,Placeholder text for scoring.,2,2,2,2,0,2,1,1,1,0,,,,,,,,,,"The testing plan addresses only a few inferred requirements: water flow through the pipe, water flow into the barrel, and chicken interaction with the nipple. However, the tests are minimal and lack clear connection to all major design requirements. | Testing procedures are minimally described with no detail on setup, tools, measurements, variables, or sequence. The descriptions are vague and not replicable. | Only a few tests are mentioned with no indication of multiple trials or test quantity. Trial counts are absent, limiting the ability to evaluate design requirements thoroughly. | There is minimal logic or explanation of expected results, measurable outcomes, pass/fail criteria, or thresholds. The plan lacks evaluation framework connecting tests to requirements. | No evidence of field expert involvement or feedback influencing the testing plan is provided.","The testing plan addresses a few key inferred requirements such as ensuring water flows through the PVC pipe and into the barrel, and that chickens can access water from the nipples. However, these requirements are only minimally tested with very brief descriptions and no clear connection to all major design goals. The procedures lack detail and clarity, making it difficult for others to replicate the tests. There is no information on test setup, tools, measurements, or variables, which limits the effectiveness of the testing plan.

The quantity of tests is insufficient, with no mention of multiple trials or systematic evaluation, reducing confidence in the results. Additionally, the plan lacks logical evaluation criteria such as expected outcomes, pass/fail thresholds, or measurable goals, which are essential for assessing success. No involvement of field experts is documented, and no revisions based on expert feedback are evident.

To improve, the team should clearly define and document all major design requirements, develop detailed and replicable testing procedures including tools and measurements, plan multiple trials for each test, and establish measurable success criteria. Incorporating feedback from relevant field experts and documenting how it influenced the testing plan would also strengthen the approach.",1.6,1
Case051_55550.pdf,,Placeholder text for scoring.,5,5,5,5,0,4,3,3,3,0,,,,,,,,,,"The testing plan addresses many major inferred requirements: organization, capacity, and accessibility. Each requirement has associated tests with pass/fail criteria. However, some requirements like durability or stability under load are not explicitly tested. | Testing procedures are described with some detail, including steps and trial counts. However, some procedural details are incomplete or unclear (e.g., exact setup for stacking rolls, measurement methods). Replicability is partial but not fully ensured. | Each major test includes 5 trials, which is moderate but below the preferred 7+ trials. The quantity of tests covers several key requirements but is limited to three main tests, so coverage is partial. | The plan includes pass/fail criteria and goals, but expected result ranges are mostly absent or vague. Measurable outcomes are implied but not fully quantified. Thresholds and tolerances are minimal, limiting the logic's thoroughness. | No evidence of field expert feedback incorporated. The document states that expert feedback was sought but not received in time, so no revisions based on expert input are present.","This testing plan demonstrates a solid effort to address key design requirements such as supporting an organizational method, holding 200 spools, and allowing easy access to filament types. These requirements were inferred from the testing content and are linked to specific tests with pass/fail criteria, which strengthens the plan's relevance. However, some important aspects like durability or stability under load are not tested, limiting completeness.

The testing procedures provide a reasonable outline of steps and trial counts, but lack sufficient detail to ensure full replicability. For example, the stacking method and measurement techniques could be more explicitly described. The quantity of tests is moderate, with five trials per test, which is acceptable but fewer than ideal for robust evaluation. The logic behind the plan includes pass/fail criteria and goals, yet expected result ranges and measurable thresholds are underdeveloped, reducing clarity on success metrics.

No field expert feedback was incorporated, which is a missed opportunity to refine the testing approach. To improve, the student should increase trial counts, provide more detailed and replicable procedures, define measurable expected results and thresholds clearly, and actively seek and integrate expert feedback. Including tests for additional requirements like durability would also enhance the plan's comprehensiveness.",4,2.6
Case052_24330.pdf,,Placeholder text for scoring.,2,4,3,3,0,4,3,3,3,0,,,,,,,,,,"The testing plan addresses many major inferred requirements: organization, capacity, and accessibility. Each requirement has associated tests with pass/fail criteria. However, some requirements like durability or stability under load are not explicitly tested. | Testing procedures are described with some detail, including steps and trial counts. However, some procedural details are incomplete or unclear (e.g., exact setup for stacking rolls, measurement methods for time). Replicability is partial but not fully ensured. | Each test includes 5 trials, which is moderate but below the preferred 7+ trials. The quantity of tests covers some but not all requirements comprehensively. Trial counts are stated but limited. | The plan includes pass/fail criteria and goals, but expected result ranges are often missing or vague. Measurable outcomes are partially defined (e.g., time to locate filaments, number of rolls held). Thresholds and tolerances are minimal. | No evidence of field expert feedback incorporated. The document states that expert feedback was sought but not received in time, so no revisions based on expert input are present.","The testing plan effectively targets several key design requirements, including supporting an organizational method, holding up to 200 filament spools, and allowing easy access to all filament types. These requirements were inferred from the testing content, as explicit statements were limited. The plan includes pass/fail criteria and goals that align with these requirements, demonstrating a functional approach to evaluation.

Testing procedures are described with moderate detail, outlining steps and trial counts. However, some procedural elements lack clarity, such as the exact setup for stacking rolls and measurement methods for timing. This limits replicability and could be improved by providing more precise instructions and specifying tools or measurement devices.

The quantity of tests is adequate but could be expanded; five trials per test are stated, which is reasonable but below the ideal number for robust evaluation. The logic of the plan includes some measurable outcomes and pass/fail criteria, but expected result ranges and thresholds are often vague or missing, reducing the rigor of evaluation.

No field expert feedback was incorporated, which is a missed opportunity to strengthen the testing plan. To improve, the student should clarify and detail procedures for replicability, increase trial counts to enhance statistical validity, define measurable expected results and thresholds more explicitly, and actively seek and integrate expert feedback to refine the testing approach.",2.4,2.6
Case053_00000.pdf,,Placeholder text for scoring.,0,0,0,0,0,0,0,0,0,0,,,,,,,,,,No testing plan content or requirements are provided in the document. | No testing procedures or descriptions are present to evaluate. | No tests or trial counts are planned or described. | No explanation or logic behind any testing plan is provided. | No evidence of field expert involvement or feedback is documented.,"The submitted document does not contain any substantive information regarding the prototype testing plan or data collection methods. Consequently, no high-priority design requirements could be inferred or identified from the content. Without explicit or implicit testing details, it is impossible to assess how well the plan addresses the project’s critical requirements.

Additionally, the document lacks any description of testing procedures, making it impossible to evaluate their clarity, detail, or replicability. There is no indication of the number or nature of tests planned, nor any trial counts, which are essential for assessing the adequacy of testing quantity. The absence of measurable outcomes, pass/fail criteria, or thresholds means the logic and evaluation framework behind the testing plan cannot be judged.

Furthermore, there is no mention or evidence of field expert involvement or feedback influencing the testing plan. To improve, the team should clearly define and document the key design requirements and develop detailed, replicable testing procedures that include measurable criteria and multiple trials. Including explicit pass/fail thresholds and expected results will strengthen the evaluation logic. Finally, seeking and incorporating feedback from qualified field experts will enhance the plan’s rigor and credibility.",0,0
Case054_00000.pdf,,Placeholder text for scoring.,0,0,0,0,0,0,0,0,0,0,,,,,,,,,,No testing plan content or requirements are provided in the document. | No testing procedures or descriptions are present to evaluate. | No tests or trial counts are planned or described. | No explanation or logic behind any testing plan is provided. | No evidence of field expert involvement or feedback is documented.,"The submitted document for Element H lacks any substantive content related to prototype testing or data collection planning. There are no explicit or implicit design requirements identified from the text, which prevents meaningful evaluation of how well the testing plan addresses project priorities. Without any described tests, it is impossible to assess the alignment between requirements and testing.

Additionally, the document does not include any testing procedures, making it impossible to judge their clarity, detail, or replicability. The absence of trial counts or test quantities means there is no basis to evaluate whether the testing plan is sufficient to validate the design. Furthermore, no logical framework, expected results, pass/fail criteria, or measurable outcomes are presented, which are essential for a rigorous testing plan.

Finally, there is no indication that any field experts reviewed or influenced the testing plan. To improve, the team should clearly state and connect high-priority design requirements to specific tests, provide detailed, replicable procedures including tools and measurements, plan multiple trials per test, and define measurable success criteria. Incorporating and documenting expert feedback with visible revisions would also strengthen the plan's credibility and rigor.",0,0
Case055_52303.pdf,,Placeholder text for scoring.,5,2,3,0,3,4,4,3,2,3,,,,,,,,,,"The testing plan addresses many major requirements: odor, size, cost, fly removal effectiveness, and material strength. Each requirement has a corresponding test, though the fly removal test does not explicitly state the 80% removal goal. | Testing procedures are generally detailed and logical, including steps, measurements, and repetitions. However, some details are missing, such as exact measurement methods for fly counts and criteria for odor observations, limiting full replicability. | Multiple trials (five) are planned for fly removal and material strength tests, which is good. Other tests (odor, size, cost) have fewer repetitions or none. Overall, testing quantity could evaluate some but not all requirements thoroughly. | The plan lacks explicit pass/fail criteria, thresholds, or measurable success criteria (e.g., what constitutes acceptable odor or material strength). Expected results and evaluation logic are only implied, limiting the strength of the testing framework. | One expert, Ms. Z, reviewed the plan and provided feedback that improved clarity and testing thoroughness. Evidence of revisions based on this feedback is stated, supporting a score of 3.","The testing plan effectively targets several key design requirements inferred from the document, including odor control, size, cost, fly removal efficiency, and material durability. This comprehensive coverage demonstrates thoughtful alignment between requirements and tests, though the critical 80% fly removal target is not explicitly integrated into the evaluation criteria.

Procedures are generally clear and logical, with step-by-step instructions and multiple trials for some tests, enhancing replicability. However, some tests lack detailed measurement methods and objective criteria, such as how odor observations are quantified or how fly counts are precisely conducted. The quantity of tests is adequate for some requirements but limited for others, with only a few repetitions planned for odor, size, and cost assessments.

The testing plan’s logic is weakened by the absence of explicit pass/fail thresholds, measurable success criteria, or expected result ranges, which are essential for objective evaluation. The involvement of a field expert, Ms. Z, who provided feedback that improved clarity and testing thoroughness, is a strong point and shows responsiveness to expert input.

To improve, the team should define clear pass/fail criteria and measurable thresholds for each test, especially for odor and fly removal efficiency. Increasing the number of trials for all tests would strengthen statistical reliability. Detailed measurement methods and data recording protocols should be added to enhance replicability. Finally, explicitly linking test outcomes back to the 80% removal goal and other requirements will clarify evaluation logic.",2.6,3.2
Case056_54431.pdf,,Placeholder text for scoring.,5,4,4,3,1,4,3,3,2,3,,,,,,,,,,"The testing plan addresses many major requirements: odor, size, cost, fly removal effectiveness, and material strength. Each requirement has a corresponding test, though the fly removal test does not explicitly state the 80% removal goal as a pass/fail criterion. | Testing procedures are generally clear and logical with step-by-step instructions. However, some details are missing or vague, such as how to measure odor beyond 'record observations' and no specifics on counting flies or controlling variables. Replicability is moderate but could be improved. | Multiple trials are planned for fly removal and material strength tests (five total each), and odor testing involves five people. Other tests (size, cost) are single measurements. The quantity is adequate to evaluate some but not all requirements thoroughly. | The plan lacks explicit pass/fail criteria, thresholds, or measurable goals for most tests. For example, odor testing relies on subjective observations without defined success criteria, and fly removal does not specify the 80% removal threshold. This weakens the logic and evaluation framework. | One expert, Ms. Z, reviewed the plan and provided feedback that improved clarity and testing thoroughness. The document states that the plan was updated based on this feedback, showing incorporation of expert input.","The testing plan effectively targets several key design requirements inferred from the document, including odor, size, cost, fly removal efficiency, and material strength. This comprehensive coverage demonstrates thoughtful alignment between requirements and tests. However, the plan would benefit from explicitly stating measurable success criteria, such as the 80% fly removal goal, to strengthen requirement validation.

Procedures are generally clear and logically sequenced, allowing for some replicability. The inclusion of multiple trials for fly removal, material strength, and odor testing with multiple participants adds robustness. Yet, some procedures lack detail, such as how odor observations are quantified or how flies are counted, which could hinder consistent replication.

The testing quantity is adequate for some requirements but limited for others, with single measurements for size and cost. The logic behind the plan is weakened by the absence of explicit pass/fail criteria, thresholds, or expected result ranges, making it difficult to objectively evaluate success. The involvement of one field expert who provided actionable feedback and prompted plan revisions is a strength, showing responsiveness to expert guidance.

To improve, the team should define clear, measurable success criteria for each test, enhance procedural detail to ensure replicability, increase trial counts for all tests where feasible, and document how expert feedback specifically shaped the testing plan. These steps will enhance the rigor and clarity of the testing approach.",3.4,3
Case057_23122.pdf,,Placeholder text for scoring.,2,3,1,2,2,3,3,3,2,2,,,,,,,,,,"The testing plan addresses some key inferred requirements such as gate closing power, cost, and weight. However, the connection between tests and specific requirements is only partially clear, and not all major requirements appear to be tested comprehensively. | Testing procedures are outlined with some detail, including steps and repetition counts. However, descriptions lack clarity on measurement methods for gate closing power and do not specify how data will be recorded or analyzed, limiting replicability. | Multiple trials (five repetitions) are planned for each test, which is adequate for some evaluation. However, the total number of distinct tests is limited, and trial counts per test are minimal compared to preferred standards. | The plan lacks explicit pass/fail criteria, thresholds, or measurable goals for success. Expected results and evaluation logic are vague, reducing the ability to assess prototype performance against requirements. | Feedback from one field expert (Ms. Z, the science and engineering teacher) is mentioned, but only general comments are provided without clear evidence of revisions based on that feedback.","The testing plan demonstrates an effort to address important design requirements such as the gate’s automatic closing ability, spring closing power, affordability, and weight. These requirements were inferred from the testing content rather than explicitly stated, which somewhat limits clarity. While the plan includes multiple tests aligned with these inferred requirements, the connection between tests and specific requirements could be strengthened to ensure comprehensive coverage.

Testing procedures are described with some detail, including repeated trials and basic measurement steps. However, the procedures lack sufficient detail to guarantee replicability, especially regarding how gate closing power is measured and how data will be recorded and analyzed. The quantity of tests and trials is moderate but could be expanded to better evaluate all major requirements. The plan also lacks clear pass/fail criteria, thresholds, or measurable goals, which weakens the logic and evaluation framework.

Feedback from a qualified field expert is acknowledged, but the document does not clearly show how this feedback influenced revisions to the testing plan. To improve, the team should explicitly define measurable success criteria, enhance procedural detail for replicability, increase the number and variety of tests to cover all requirements, and document how expert feedback has been incorporated. These steps will strengthen the rigor and clarity of the testing plan.",2,2.6
Case058_53543.pdf,,Placeholder text for scoring.,5,3,5,4,3,3,3,3,2,3,,,,,,,,,,"The testing plan addresses some key inferred requirements such as gate closing power, cost, and weight. However, it does not clearly test all major requirements related to gate functionality or safety, and the connection between tests and requirements is only partially explicit. | Testing procedures are outlined with some detail including steps and repetition counts, but lack clarity on measurement methods for gate closing power and do not specify tools or exact data to be recorded. Procedures are somewhat replicable but incomplete. | Multiple trials (five repetitions) are planned for each test, which is adequate for some requirements. However, the overall number of distinct tests is limited, and coverage of all important requirements is partial. | The plan lacks clear pass/fail criteria, thresholds, or measurable goals for success. Expected results and evaluation logic are vague, limiting the ability to assess prototype performance against requirements. | Feedback from one field expert (science and engineering teacher) is documented and appears to have influenced revisions to design requirements and testing procedures, meeting criteria for partial credit.","The testing plan demonstrates an effort to address important design requirements such as the gate’s automatic closing ability, spring closing power, affordability, and weight. However, the connection between these requirements and the tests is only partially clear, and some key functional or safety requirements are not explicitly tested. The procedures include multiple trials and some detail, but lack comprehensive descriptions of measurement tools, data collection methods, and specific variables, which limits replicability. While the quantity of tests and trials is adequate for some requirements, the overall scope is limited and does not fully cover all inferred priorities.

The logic behind the testing plan is weak due to the absence of measurable success criteria, pass/fail thresholds, or expected result ranges. This makes it difficult to evaluate prototype performance objectively. The involvement of a qualified field expert is a strength, and evidence suggests that feedback led to some improvements in clarity and testing coverage. To improve, the team should define clear, measurable evaluation criteria for each test, provide detailed and replicable procedures including tools and data recording methods, expand testing to cover all major requirements comprehensively, and document how expert feedback directly shaped revisions. These steps will enhance the rigor, clarity, and effectiveness of the testing plan.",4,2.8
Case059_55502.pdf,,Placeholder text for scoring.,5,5,5,0,2,4,3,3,3,3,,,,,,,,,,"The testing plan addresses many major requirements including image fading, logo size, durability, replaceability, fit on mic holders, corner sharpness, and mass. Most high-priority requirements are tested with distinct tests, though some moderate and low priority requirements have less detailed testing. | Testing procedures are described with some detail, including setup and steps, but some lack clarity or completeness (e.g., the logo size test uses a multimeter which is unusual, and some procedures lack precise measurement methods). Replicability is partial but not fully ensured. | Multiple tests are planned, with some trials specified (e.g., 3 trials for logo size, 3 drops for durability, 3 prints for replaceability). However, trial counts are low and inconsistent, and some tests lack clear trial numbers, limiting confidence in statistical robustness. | The plan includes pass/fail criteria and goals for most tests, with measurable outcomes and expected result ranges. However, some criteria are subjective (e.g., asking people if images look different) and thresholds are not always clearly quantified, limiting logical rigor. | One field expert (Jack S., TV Production Student) provided feedback that was incorporated, as shown by alignment of priorities and some test focus. However, only one expert is involved and the feedback is general rather than detailed revisions.","The testing plan demonstrates a solid effort to address many important design requirements, including image durability, logo size, physical durability, replaceability, fit, corner safety, and weight. These requirements were inferred from the detailed testing content, showing thoughtful alignment between design goals and evaluation. However, some moderate and low priority requirements have less comprehensive testing, and some tests could benefit from clearer connection to requirements.

Procedures are generally described with reasonable detail, but some lack clarity or use unconventional tools (e.g., measuring logo size with a multimeter). Replicability is partial; more precise measurement methods and clearer step sequences would improve this. The quantity of tests is moderate, with multiple trials for some tests, but trial counts are low and inconsistent, limiting statistical confidence.

The logic of the plan includes pass/fail criteria and goals, but some evaluation criteria rely on subjective assessments rather than fully objective measures. The involvement of one field expert who provided feedback that influenced priorities is a strength, though broader expert input and more explicit incorporation of feedback would enhance the plan.

To improve, the student should increase trial counts to at least seven per test, clarify and standardize measurement tools and procedures, define more objective and quantifiable pass/fail criteria, and seek additional expert reviews with documented revisions. These steps will strengthen the rigor, repeatability, and credibility of the testing plan.",3.4,3.2
Case060_45553.pdf,,Placeholder text for scoring.,4,5,5,5,3,4,3,3,3,2,,,,,,,,,,"The testing plan addresses many major requirements including image fading, logo size, durability, replaceability, fit on mic holders, corner sharpness, and mass. Most high-priority requirements have corresponding tests with procedures and criteria. However, some moderate and low priority requirements have less detailed testing or are only partially addressed. | Testing procedures are described with some detail, including setup and steps, but several lack clarity or completeness. For example, the logo size test mentions using a digital multimeter for dimensions, which is unusual and unclear. Some procedures lack precise measurement methods or controls, and the description of variables and sequence is sometimes incomplete, limiting replicability. | Multiple tests are planned, and some specify trial counts (e.g., 3 trials for logo size, 3 drops for durability). However, trial counts are generally low and inconsistent across tests. The quantity of tests could feasibly evaluate some but not all requirements thoroughly, and the number of trials per test is below the preferred seven or more. | The plan includes pass/fail criteria and goals for most tests, with measurable outcomes such as number of people perceiving fading or dimensions relative to requirements. However, some expected result ranges and thresholds are vague or incomplete, and the logic connecting outcomes back to requirements is only partially developed. | One field expert, Jack S., provided feedback that is documented. However, there is no clear evidence that the testing plan was revised based on this feedback, limiting the score to 2.","The testing plan demonstrates a solid effort to address many important design requirements, including image durability, logo size, physical durability, replaceability, fit, corner safety, and weight. These requirements were inferred from the detailed testing content and pass/fail criteria, showing thoughtful alignment. However, some moderate and low priority requirements are less thoroughly tested or lack detailed procedures.

Testing procedures are generally described but often lack sufficient detail for full replicability. For example, the use of a digital multimeter to measure logo dimensions is unclear, and some tests do not specify controls or measurement tools precisely. Trial counts are low and inconsistent, limiting the robustness of the evaluation. The logic behind pass/fail criteria and expected results is present but sometimes vague or incomplete, reducing clarity on how outcomes will be evaluated against requirements.

Field expert feedback from a single individual is documented, but there is no clear indication that this feedback influenced revisions to the testing plan. To improve, the student should increase trial counts to at least seven per test, clarify and standardize measurement methods, explicitly connect expected results and thresholds to requirements, and document how expert feedback has shaped the plan. Enhancing procedural detail and replicability will strengthen the overall testing rigor and reliability.",4.4,3
Case061_00000.pdf,,Placeholder text for scoring.,0,0,0,0,0,1,1,1,1,0,,,,,,,,,,"The testing plan minimally addresses one inferred requirement by collecting opinions and reactions to the mural, but it lacks clear connection to multiple distinct requirements or measurable testing of those requirements. | The procedures are minimally described with vague statements about communication and feedback collection; no detailed, replicable steps or measurement methods are provided. | No specific number of tests or trials is mentioned; the plan relies on general feedback without structured or repeated testing, indicating minimal testing quantity. | There is minimal explanation of logic, no measurable outcomes, pass/fail criteria, thresholds, or expected results; the plan lacks a clear evaluation framework. | No evidence of field expert involvement or feedback influencing the testing plan is provided.","The testing plan attempts to address the mural’s impact on stakeholders and students, inferring requirements related to stakeholder satisfaction and student mood improvement. However, it only minimally tests these requirements through general feedback collection without clear, measurable criteria or distinct tests for each requirement. The procedures lack detail and replicability, offering only vague descriptions of communication and opinion gathering without specifying tools, methods, or steps to ensure consistent data collection.

The plan does not specify the number of tests or trials, relying instead on informal feedback, which is insufficient to evaluate the design rigorously. Additionally, the testing logic is weak, with no defined pass/fail criteria, expected outcomes, or thresholds to assess success. There is no indication that field experts reviewed or influenced the plan, limiting its credibility and potential for improvement.

To enhance the testing plan, the team should define clear, measurable requirements and develop detailed, replicable procedures including specific data collection methods. They should plan multiple trials to ensure reliable results and establish explicit evaluation criteria such as mood rating scales or satisfaction thresholds. Incorporating feedback from relevant field experts and documenting revisions based on their input would further strengthen the plan’s validity and effectiveness.",0,0.8
Case062_11020.pdf,,Placeholder text for scoring.,1,1,0,2,0,1,1,1,1,0,,,,,,,,,,"The testing plan minimally addresses one inferred requirement by collecting opinions and reactions to the mural, but it lacks clear connection to multiple major requirements or distinct tests. | The procedures are minimally described with vague statements about communication and feedback collection; no detailed, replicable steps or measurement methods are provided. | No specific number of tests or trials is mentioned; the plan relies on general feedback without structured or repeated testing. | There is minimal explanation of logic, no measurable outcomes, pass/fail criteria, thresholds, or expected results described. | No evidence of field expert involvement or feedback influencing the testing plan is provided.","The testing plan attempts to address the mural’s impact on stakeholders and students, inferring requirements related to stakeholder satisfaction and student mood improvement. However, it only minimally tests these requirements through informal feedback collection, lacking distinct or comprehensive tests for multiple design goals. The procedures described are vague and lack sufficient detail to allow replication; there is no mention of specific tools, measurement methods, or controlled testing environments. Additionally, the plan does not specify the number of tests or trials, which limits the ability to evaluate the design thoroughly or ensure reliability of results. The logic behind the testing is weak, with no measurable outcomes, pass/fail criteria, or thresholds to determine success or failure. Furthermore, there is no indication that field experts reviewed or influenced the testing plan, which could have strengthened its rigor and relevance. To improve, the team should clearly define measurable requirements and develop detailed, replicable procedures including specific metrics and multiple trials. Establishing pass/fail criteria or thresholds would enhance evaluation clarity. Incorporating expert feedback and documenting revisions would also improve the plan’s credibility and effectiveness.",0.8,0.8
Case063_00000.pdf,,Placeholder text for scoring.,0,0,0,0,0,2,2,1,1,0,,,,,,,,,,"The testing plan addresses only a few inferred requirements, mainly the chemical removal from water and layer arrangement. However, it lacks explicit connection to multiple major requirements and distinct tests. | The procedure is described in a basic sequence but lacks sufficient detail such as quantities, timing, measurement methods, and controls, making it only partially effective and not fully replicable. | No information on the number of trials or repeated tests is provided, indicating minimal testing quantity. | The plan lacks measurable evaluation criteria, pass/fail thresholds, or expected results, and the logic behind the testing is minimal. | Although a recommendation to rearrange layers is mentioned, there is no clear evidence that this feedback came from field experts or that it influenced the testing plan.","The testing plan attempts to address important design requirements such as the effectiveness of water filtration and chemical removal, inferred from the testing content. However, it only covers a few requirements and lacks comprehensive testing of all major design goals. The procedures described are basic and lack critical details like specific quantities, timing, and measurement methods, which limits replicability and clarity. Without these details, it is difficult for others to reproduce the tests or verify results.

The plan does not specify the number of trials or repeated tests, which is essential for evaluating reliability and consistency. Additionally, there are no measurable outcomes, pass/fail criteria, or thresholds provided, making the logic behind the testing plan weak and incomplete. While a recommendation to rearrange the filter layers is mentioned, there is no clear evidence that this feedback came from qualified field experts or that it was incorporated into the plan.

To improve, the student should clearly define measurable evaluation criteria and pass/fail thresholds, provide detailed, step-by-step testing procedures including quantities and timing, plan multiple trials to ensure reliability, and document expert feedback with evidence of revisions. These steps will strengthen the testing plan’s rigor, replicability, and alignment with design requirements.",0,1.2
Case064_11110.pdf,,Placeholder text for scoring.,1,1,1,1,0,2,2,1,1,0,,,,,,,,,,"The testing plan addresses only a few inferred requirements, primarily the effectiveness of the filter in removing chemicals from water. However, it lacks clear testing of all major design requirements such as flow rate, durability, or other water quality parameters. | The procedure is described in a basic manner but lacks sufficient detail to be fully replicable. Key elements such as quantities, timing, measurement methods, and controls are missing, making the procedure only partially effective. | No information on the number of trials or repeated tests is provided, indicating minimal testing quantity. This limits the ability to evaluate the design requirements thoroughly. | The plan lacks measurable outcomes, pass/fail criteria, thresholds, or expected results. There is no clear logic connecting test results back to requirements, and no evaluation framework is provided. | Although a recommendation to rearrange the layers is mentioned, there is no clear evidence that this feedback came from field experts or that it was incorporated into a revised plan.","The testing plan attempts to address the effectiveness of the water filtration system, particularly focusing on chemical removal and the impact of layer arrangement. However, the plan only covers a few inferred requirements and does not comprehensively test all major design goals. The procedures described are basic and lack critical details such as specific quantities, timing, and measurement methods, which limits replicability and clarity. Without these details, it is difficult for others to reproduce the tests or verify results.

The plan does not specify the number of trials or repeated tests, which is essential for reliable evaluation. Additionally, there are no measurable outcomes, pass/fail criteria, or thresholds provided, making it unclear how success will be determined. While a recommendation to rearrange the filter layers is mentioned, there is no evidence that this feedback came from qualified field experts or that it influenced the testing plan.

To improve, the student should clearly define measurable requirements and connect them to specific tests. Detailed, step-by-step procedures including quantities, timing, and measurement tools should be provided to ensure replicability. Planning multiple trials with documented results will strengthen the evaluation. Finally, seeking and documenting expert feedback with clear incorporation into the plan will enhance the testing rigor and credibility.",0.8,1.2
Case065_55550.pdf,,Placeholder text for scoring.,5,5,5,5,0,5,4,4,4,0,,,,,,,,,,"The testing plan explicitly addresses nearly all major high-priority requirements with clear tests for safety, petals falling, reliability, power, and structure. | Testing procedures are generally detailed and logical, describing setup, controls, variables, and sequence of actions. Some minor clarity and wording issues exist but overall replicable. | Each major test includes multiple trials (mostly seven or ten), which is sufficient to evaluate most requirements, though some trial details could be more explicit. | The plan includes measurable outcomes, pass/fail criteria, expected ranges, and goals for each test. However, some thresholds and tolerances could be more precisely defined. | No evidence of field expert involvement or feedback influencing the testing plan is provided.","The testing plan demonstrates strong alignment with the project's high-priority design requirements, including safety, petal release, reliability, power, and structural stability. Each requirement is supported by a corresponding test with clear goals and measurable outcomes, reflecting thoughtful consideration of what must be validated. This comprehensive coverage ensures that the most critical aspects of the design will be evaluated.

Testing procedures are generally well described, including setup steps, controls, independent and dependent variables, and trial repetition. This level of detail supports replicability, although some procedural descriptions could be clarified to avoid ambiguity. The quantity of tests planned is adequate, with multiple trials per test, which strengthens the reliability of the results. The logic behind the testing plan is sound, featuring pass/fail criteria and expected result ranges, though some thresholds and tolerances could be more explicitly stated to enhance evaluation rigor.

No evidence of expert review or feedback incorporation was found, which is an area for improvement. To enhance the testing plan, the team should clarify ambiguous procedural steps, explicitly define all thresholds and tolerances, document trial counts consistently, and seek expert input to refine and validate the testing approach. These steps will improve the robustness, repeatability, and credibility of the testing process.",4,3.4
Case066_55540.pdf,,Placeholder text for scoring.,5,5,5,4,0,5,4,4,4,0,,,,,,,,,,"The testing plan explicitly addresses nearly all major high-priority requirements with clear tests for safety, petals falling, reliability, power, and structure. | Testing procedures are generally detailed and logical, describing setup, controls, variables, and sequence of actions. Some minor clarity issues and wording errors reduce replicability slightly. | Each major test includes multiple trials (mostly seven or ten), which is sufficient to evaluate most requirements, though some trial details could be more explicit. | The plan includes measurable outcomes, pass/fail criteria, expected ranges, and goals for each test. However, thresholds and tolerances are sometimes implicit rather than explicitly defined. | No evidence of field expert involvement or feedback influencing the testing plan is provided.","The testing plan demonstrates strong alignment with the project's high-priority design requirements, including safety, petal release, reliability, power, and structural stability. Each requirement is supported by a corresponding test with measurable outcomes, which reflects thoughtful engineering design evaluation. However, some lower priority requirements are mentioned but not tested, which is acceptable given their lower priority status.

Testing procedures are generally well described, including setup steps, controls, variables, and trial repetition. This level of detail supports replicability, though occasional minor ambiguities and wording inconsistencies could be clarified to improve precision. The quantity of tests planned is adequate, with multiple trials per test, enabling meaningful evaluation of performance and reliability.

The logic behind the testing plan is sound, with clear pass/fail criteria and expected result ranges. Explicit thresholds and tolerances could be more clearly stated to strengthen evaluation rigor. No evidence of expert feedback or revisions based on such input was found, which represents an opportunity for improvement.

To enhance the testing plan, the team should explicitly define all thresholds and tolerances, improve clarity and precision in procedural descriptions, include testing for additional lower priority requirements if feasible, and seek and document expert feedback to refine the plan further.",3.8,3.4
Case067_20240.pdf,,Placeholder text for scoring.,2,0,2,4,0,3,3,2,2,0,,,,,,,,,,"The testing plan addresses some key inferred requirements such as organization speed, ease of use, modularity, and ease of access. However, not all major requirements are clearly tested, and some tests lack clarity or completeness. | Testing procedures include some details like setup steps and timing, but several procedures are incomplete or unclear (e.g., incomplete steps in modular test). Some tests lack full replicability due to missing details such as exact test conditions or controls. | Trial counts are inconsistently reported; some tests mention 5 trials, others list specific trial outcomes but do not clearly state total trials or replicate counts. The quantity of tests is limited and may not fully evaluate all requirements. | Pass/fail criteria and expected ranges are provided for some tests, but thresholds and measurable goals are inconsistently defined. The logic connecting outcomes to requirements is partial and lacks thorough evaluation frameworks. | No evidence of field expert involvement or feedback incorporation is present in the document.","The testing plan demonstrates an effort to address several important design requirements, including organization speed, ease of use, modularity, and accessibility. These requirements were inferred from the testing content, as explicit statements were limited. While the plan includes some measurable outcomes and pass/fail criteria, the coverage of requirements is partial, and some tests lack clarity or completeness.

Testing procedures provide basic steps and timing measures, but several are incomplete or vague, limiting replicability. Trial counts are inconsistently reported, with some tests listing five trials and others showing partial results without clear totals. This limited quantity of testing reduces confidence in the evaluation of design requirements.

The logic behind the testing plan includes some expected ranges and pass/fail criteria but lacks detailed thresholds, tolerances, or goals beyond minimal passing. There is no evidence of field expert feedback or revisions based on such input, which could strengthen the plan's rigor and relevance.

To improve, the team should fully detail all testing procedures to ensure replicability, consistently report trial counts with multiple repetitions, define clear pass/fail criteria with tolerances, and explicitly connect test outcomes to requirements. Additionally, seeking and incorporating feedback from relevant field experts would enhance the plan's credibility and effectiveness.",1.6,2
Case068_45450.pdf,,Placeholder text for scoring.,4,5,4,5,0,4,3,3,3,0,,,,,,,,,,"The testing plan addresses many major requirements including gate extension, opening speed, durability, and user operability. However, the clear indicator requirement is mentioned as a priority but lacks explicit testing. | Procedures are generally described with steps and trial counts, but some details are incomplete or unclear (e.g., measurement methods for extension, exact timing method for speed). The sequence is logical but lacks full replicability details. | Multiple trials are planned for most tests (4 to 20 trials), which is adequate for some requirements. However, trial counts are low for some tests (e.g., only 4 trials for extension) and no trial count is given for the indicator test, limiting coverage. | The plan includes pass/fail criteria and goals for most tests, with expected result ranges. However, some criteria are vague or inconsistent (e.g., opening time goal vs. fail threshold). No thresholds or criteria are provided for the indicator requirement. | No evidence of field expert involvement or feedback is documented in the testing plan.","The testing plan effectively targets several key design requirements such as gate extension, opening speed, durability, and user operability, demonstrating a solid understanding of project priorities. However, the requirement for a clear indicator of gate status is not explicitly tested, which leaves a gap in coverage. Procedures are generally outlined with logical steps and trial counts, but some lack sufficient detail to ensure replicability, such as precise measurement methods and timing techniques.

The quantity of tests planned is moderate, with multiple trials for durability and speed, but fewer trials for extension and user testing. Pass/fail criteria and goals are provided for most tests, supporting measurable evaluation, though some criteria could be more precise and consistent. The absence of any documented expert feedback or revisions based on such input limits the plan’s refinement potential.

To improve, the student should explicitly test the indicator requirement with clear procedures and measurable criteria, increase trial counts for more robust data, and provide detailed measurement and timing methods to enhance replicability. Additionally, incorporating feedback from field experts and documenting resulting plan changes would strengthen the testing approach and overall design validation.",3.6,2.6
Case069_33350.pdf,,Placeholder text for scoring.,3,3,3,5,0,4,3,3,3,0,,,,,,,,,,"The testing plan addresses many major requirements including gate extension, opening speed, durability, and user operability. However, the requirement for a clear indicator of gate status is mentioned as a priority but lacks any corresponding test. | Testing procedures are described with basic steps and trial counts, but lack detailed setup descriptions, measurement tools, and controlled variables. Some procedures are partially unclear or incomplete, limiting replicability. | Multiple trials are planned for each test (ranging from 4 to 20), which is adequate for some requirements. However, trial counts are low for some tests (e.g., only 4 trials for gate extension), and coverage is incomplete due to missing tests for the indicator requirement. | The plan includes pass/fail criteria and goals for most tests, with expected result ranges. However, some criteria are vague or inconsistent (e.g., opening time goal vs. pass/fail thresholds), and no thresholds or measurable criteria are provided for the indicator requirement. This limits the overall logic and evaluation framework. | No evidence of field expert involvement or feedback is documented in the testing plan.","The testing plan effectively targets several key design requirements such as gate extension, opening speed, durability, and user operability, demonstrating a solid understanding of the project priorities. However, the important requirement for a clear indicator of gate status is not tested, which weakens the comprehensiveness of the plan. Procedures are outlined with basic steps and trial counts, but they lack sufficient detail to ensure replicability. For example, measurement methods and environmental controls are not described, which could lead to inconsistent results.

The quantity of tests is generally adequate, with multiple trials planned for most requirements, though some tests have relatively few trials that may not fully capture variability. The logic behind the testing plan includes pass/fail criteria and goals, but some thresholds are inconsistent or vague, and measurable criteria are missing for certain requirements. Additionally, there is no evidence that field experts reviewed or influenced the testing plan, which could have strengthened its rigor and relevance.

To improve, the student should provide more detailed, replicable procedures including measurement tools and environmental controls; increase trial counts especially for critical tests; develop clear, consistent pass/fail criteria with measurable thresholds for all requirements; include testing for the gate indicator; and seek and document expert feedback to refine the plan.",2.8,2.6
Case070_10500.pdf,,Placeholder text for scoring.,1,0,5,0,0,2,1,1,1,0,,,,,,,,,,"The testing plan provides airspeed measurements for three prototype locations, implying requirements related to achieving certain airspeeds. However, no explicit connection to high-priority design requirements or pass/fail criteria is given, and only a few requirements are addressed. | The document lacks any detailed description of testing procedures, setup, tools, variables, or sequence of actions. The statements are minimal and do not enable replication. | No information on the number of trials or testing quantity is provided, making it impossible to assess adequacy. The minimal testing quantity is evident. | There is no explanation of expected results, pass/fail criteria, thresholds, or measurable evaluation criteria. The logic behind the testing plan is minimal. | No evidence of field expert involvement or feedback is present.","The testing plan attempts to address key design requirements related to achieving specific airspeeds at various points in the prototypes, which is a reasonable inference from the data presented. However, the plan falls short in clearly linking these measurements to explicit, high-priority requirements or defining success criteria, limiting its effectiveness in fully addressing the design goals.

Testing procedures are minimally described, lacking detail on how measurements were taken, what tools or controls were used, or how tests could be replicated. This absence of procedural clarity undermines the reliability and repeatability of the testing. Additionally, the plan does not specify the number of trials or testing frequency, which is critical for assessing the robustness of the results and ensuring statistical validity.

The logic of the testing plan is weak due to missing expected outcomes, pass/fail thresholds, or tolerances, making it difficult to evaluate prototype performance objectively. Furthermore, there is no indication that field experts reviewed or influenced the testing approach, which could have strengthened the plan.

To improve, the student should explicitly state design requirements and link each test to these requirements with clear pass/fail criteria. Detailed, step-by-step testing procedures including tools, variables, and controls should be documented to enable replication. Planning multiple trials per test and reporting trial counts will enhance data reliability. Finally, seeking and incorporating feedback from relevant field experts will improve the testing plan's rigor and credibility.",1.2,1
Case071_10000.pdf,,Placeholder text for scoring.,1,0,0,0,0,2,1,1,1,0,,,,,,,,,,"The testing plan provides airspeed measurements for three prototype locations, indicating some testing of airspeed requirements. However, the requirements are not explicitly stated, and it is unclear if these are all the major requirements or if other important requirements exist. The plan tests only a few inferred requirements. | The document lacks any detailed description of testing procedures, setup, tools, variables, or sequence of actions. The brief statements of airspeed results do not provide replicable or controlled procedures. | No information on the number of trials or testing quantity is provided. The minimal quantity of tests is evident from only three data points without trial counts. | There is no explanation of expected results, pass/fail criteria, thresholds, or measurable evaluation criteria. The logic behind the testing plan is minimal and unclear. | No evidence of field expert involvement or feedback is provided.","The testing plan attempts to address airspeed-related design requirements by reporting measured airspeeds at different prototype locations. However, these requirements are only inferred from the data rather than explicitly stated, and the plan appears to cover only a few key requirements without comprehensive coverage. This limits the ability to fully evaluate the design against all major goals.

Testing procedures are insufficiently described, lacking detail on how measurements were taken, what tools or instruments were used, or how tests were controlled and repeated. Without this information, replicability and reliability of the results are questionable. Additionally, the plan does not specify the number of trials or testing frequency, which is critical for assessing consistency and robustness.

The logic of the testing plan is weak due to the absence of expected outcomes, pass/fail criteria, or thresholds that define success. This makes it difficult to interpret the significance of the reported airspeeds. Furthermore, there is no indication that field experts reviewed or influenced the testing approach, missing an opportunity to strengthen the plan.

To improve, explicitly state all high-priority requirements and link each to specific tests. Provide detailed, step-by-step testing procedures including equipment and measurement methods to ensure replicability. Include multiple trials with clear counts and define pass/fail criteria or thresholds for success. Finally, seek and document feedback from relevant field experts to refine and validate the testing plan.",0.2,1
Case072_54555.pdf,,Placeholder text for scoring.,5,4,5,5,5,4,3,2,3,3,,,,,,,,,,"The testing plan addresses many major inferred requirements: fit into the car console, item protection, and driver distraction. Each requirement has a corresponding test procedure and pass/fail criteria. However, the third requirement about driver focus is less directly tested and relies on subjective driver self-reporting. | Testing procedures are described with some detail, including materials and steps. However, some procedures lack clarity and completeness, such as the vague number of trials and incomplete description of measurement methods (e.g., physics equation for damage is mentioned but not fully explained). Replicability is limited by missing specifics on trial counts and test environment control. | Only one trial per test case is explicitly mentioned, with vague suggestions to repeat tests 'any amount of times' but no concrete trial counts. This limited quantity is insufficient to robustly evaluate the design requirements. | The plan includes pass/fail criteria and expected result ranges for each test, which supports logical evaluation. However, thresholds and measurable outcomes are sometimes qualitative or subjective (e.g., driver distraction self-report). The physics-based damage calculation is introduced but not fully integrated or explained, limiting the thoroughness of the logic. | Two field experts are named with feedback incorporated into the testing plan. Ryan Butchko's feedback influenced scaling and fit testing, and Ana Maria's psychological expertise informed the driver distraction test design. However, the exact changes made based on feedback are only partially detailed.","The testing plan effectively targets key design requirements inferred from the document: ensuring the prototype fits the car console, protects items from damage, and allows the driver to focus on the road. Each requirement is linked to specific tests with pass/fail criteria, demonstrating a solid foundation for evaluation. However, the third requirement's testing relies heavily on subjective driver self-assessment, which may reduce objectivity.

Procedures are generally described with materials and steps, but lack sufficient detail for full replicability. The number of trials is minimal and unspecified, limiting confidence in the robustness of results. The inclusion of a physics-based damage calculation is promising but underdeveloped, and the driver distraction measurement could benefit from more objective metrics.

The logic of the plan is partially sound, with clear pass/fail criteria and expected outcomes, but measurable thresholds and quantitative evaluation are inconsistent. Field expert involvement is a strength, with two experts providing feedback that influenced the plan, though documentation of specific revisions could be clearer.

To improve, the team should specify and conduct multiple trials per test to ensure reliability, fully develop and explain quantitative measurement methods (especially for damage assessment), incorporate more objective metrics for driver distraction, and clearly document how expert feedback shaped test revisions. Enhancing procedural detail will also improve replicability and testing rigor.",4.8,3
Case073_44440.pdf,,Placeholder text for scoring.,4,4,4,4,0,4,3,2,3,3,,,,,,,,,,"The testing plan addresses many major inferred requirements: fit into the car console, item protection, and driver distraction. Each requirement has a corresponding test procedure and pass/fail criteria, though some tests lack multiple trials or full detail. | Testing procedures are described with some detail including materials and steps, but lack full clarity and replicability. For example, trial counts are vague, and some steps (like measuring damage using a physics equation) are not fully explained or operationalized. | Only one trial per test case is explicitly planned, with vague mention of repeating tests 'any amount of times' but no concrete trial counts. This limited quantity is insufficient to robustly evaluate the requirements. | The plan includes pass/fail criteria and expected result ranges, but measurable thresholds and success criteria are inconsistently applied. Some logic is present, such as damage assessment and driver distraction scales, but lacks full development and quantification. | Two field experts are named with feedback incorporated into the testing plan, such as scaling the prototype for fit and addressing driver distraction. However, the feedback incorporation is partial and not fully detailed.","The testing plan effectively targets key design requirements inferred from the content: ensuring the prototype fits the car console, protects items from damage, and minimizes driver distraction. Each requirement is linked to specific tests with pass/fail criteria, demonstrating thoughtful alignment. However, the plan would benefit from clearer articulation of multiple trials and more detailed procedures to enhance replicability. While materials and steps are outlined, some procedures—such as the physics-based damage calculation—lack sufficient explanation for others to replicate accurately.

The quantity of planned tests is limited, with only one trial explicitly stated per test. Although the plan suggests repeating tests, no concrete trial counts or schedules are provided, limiting confidence in the robustness of the evaluation. The logic behind the testing includes expected results and pass/fail criteria, but measurable thresholds and success criteria are inconsistently applied, reducing clarity in evaluation standards.

Field expert involvement is a strength, with two experts providing feedback that influenced revisions, particularly regarding prototype fit and driver distraction considerations. To improve, the team should specify trial numbers and repetition protocols, clarify measurement methods especially for damage assessment, define precise success thresholds, and document how expert feedback concretely shaped test modifications. Enhancing these areas will strengthen the rigor, repeatability, and evaluative power of the testing plan.",3.2,3
Case074_11100.pdf,,Placeholder text for scoring.,1,1,1,0,0,3,2,1,2,0,,,,,,,,,,"The testing plan addresses the high-priority requirement of durability by testing the shelf's sturdiness under added weight, with a specific goal of supporting up to 10 pounds. However, only this single major requirement is tested, and other potential requirements are not addressed. | The procedure is described in general terms (adding 2.5-pound textbooks one by one and recording effects), but lacks detailed steps, measurement methods, controls, or clear instructions for replication. | The document mentions adding textbooks incrementally but does not specify the number of trials or repetitions, limiting confidence in the quantity of testing planned. | The plan includes a pass/fail criterion (withholding 10 pounds) and a measurable outcome (sturdiness), but lacks detailed expected results, thresholds, tolerances, or a clear evaluation framework. | No evidence of field expert involvement or feedback is provided.","The testing plan focuses primarily on the durability requirement, specifically evaluating the shelf's ability to support weight up to 10 pounds. This focus on a key design requirement is a strength, but the plan does not address other possible important requirements, limiting its comprehensiveness. The testing procedure is described in broad terms, mentioning the incremental addition of 2.5-pound textbooks and recording effects, but it lacks sufficient detail to ensure replicability. Important procedural elements such as measurement methods, controls, and step-by-step instructions are missing.

The quantity of testing is unclear, as the number of trials or repetitions is not specified, which weakens confidence in the robustness of the evaluation. The plan does include a measurable pass/fail criterion related to load capacity, but it does not provide detailed expected results, tolerances, or a thorough evaluation framework. Additionally, there is no indication that field experts reviewed or influenced the testing plan.

To improve, the team should provide detailed, replicable testing procedures including setup and measurement methods; specify the number of trials to ensure statistical validity; expand testing to cover additional design requirements; and define clear evaluation criteria with thresholds and tolerances. Seeking and incorporating feedback from field experts would also strengthen the plan's rigor and credibility.",0.6,1.6
Case075_13110.pdf,,Placeholder text for scoring.,1,3,1,1,0,3,2,1,2,0,,,,,,,,,,"The testing plan addresses durability and load capacity by testing the shelf's sturdiness under added weight, but only this single major requirement is tested. | The procedure is described in general terms (adding textbooks one by one and recording effects) but lacks detailed steps, measurement methods, tools, or controls to ensure replicability. | No specific number of trials or repetitions is provided, and the test appears limited to a single approach without multiple trials. | The plan includes a pass/fail criterion (withholding 10 pounds) and a measurable outcome (sturdiness under weight), but lacks detailed thresholds, expected ranges, or clear evaluation metrics. | No evidence of field expert involvement or feedback is provided.","The testing plan focuses primarily on the inferred high-priority requirement of durability, specifically the shelf's ability to support weight up to 10 pounds. This focus is appropriate given the design goals, but the plan does not address other potential requirements such as stability, ease of assembly, or material performance. The testing procedure is described in broad terms, mentioning the addition of textbooks and recording effects, but it lacks sufficient detail to allow replication by others. Important procedural elements such as measurement tools, exact steps, and control variables are missing, which limits clarity and effectiveness.

The quantity of testing is minimal, with no indication of multiple trials or repeated measurements, which reduces confidence in the reliability of results. While a pass/fail criterion is stated, the plan does not provide detailed evaluation metrics or thresholds beyond the 10-pound goal, limiting the logical rigor of the testing framework. Additionally, there is no evidence that field experts reviewed or influenced the testing plan, which could have strengthened its validity.

To improve, the team should specify detailed, replicable procedures including measurement methods and tools; plan multiple trials to ensure reliability; define clear evaluation criteria with thresholds and expected outcomes; and seek feedback from relevant field experts to refine the testing approach. Expanding testing to cover additional inferred requirements would also enhance the comprehensiveness of the evaluation.",1.2,1.6
Case076_00000.pdf,,Placeholder text for scoring.,0,0,0,0,0,2,1,1,1,0,,,,,,,,,,"The testing plan addresses only a few inferred requirements related to water circulation and plant watering, but lacks clarity on how thoroughly these are tested. | Testing procedures are minimally described with vague statements and no detailed steps, tools, measurements, or controls to enable replication. | No information on the number of tests or trials is provided, indicating minimal testing quantity. | No measurable outcomes, pass/fail criteria, thresholds, or expected results are described, resulting in minimal logical explanation. | No evidence of field expert involvement or feedback is present.","The testing plan attempts to address key design requirements such as the water pump's ability to circulate water through the tower and recycle it back into the base, as well as watering plants at a sufficient rate. However, these requirements are only minimally tested and lack detailed connection to specific test methods or measurable criteria. The procedures described are very brief and vague, providing no clear steps, tools, or measurements that would allow another person to replicate the tests effectively. Additionally, the plan does not specify the number of tests or trials, which limits confidence in the reliability and robustness of the evaluation.

The logic behind the testing plan is weak, as it does not include expected results, pass/fail criteria, or thresholds to determine success. Without these elements, it is difficult to assess whether the design meets its requirements. Furthermore, there is no indication that field experts reviewed or influenced the testing plan, which could have strengthened its rigor and relevance.

To improve, the student should clearly define measurable outcomes and pass/fail criteria for each requirement, provide detailed, step-by-step testing procedures including tools and variables, plan multiple trials to ensure reliability, and seek feedback from knowledgeable experts to refine the testing approach. These steps will enhance the clarity, replicability, and effectiveness of the testing plan.",0,1
Case077_11011.pdf,,Placeholder text for scoring.,1,1,0,1,1,2,1,1,1,0,,,,,,,,,,"The testing plan addresses a few key requirements related to water circulation and plant watering, but it lacks coverage of other possible major requirements and does not clearly distinguish multiple distinct tests. | The procedures are minimally described with vague statements such as 'we tested by seeing if' without details on setup, tools, measurements, or steps, making replication unlikely. | No information on the number of tests or trials is provided, and the testing quantity appears minimal and insufficient to evaluate requirements thoroughly. | There is no explanation of expected results, measurable outcomes, pass/fail criteria, or thresholds; the logic behind the testing plan is minimal and unclear. | No evidence of field expert involvement or feedback is mentioned.","The testing plan attempts to address important design requirements such as ensuring the water pump circulates water through the tower, recycling water back into the base, and watering plants at a sufficient rate. However, these requirements are only implied and not explicitly stated, and the plan covers only a few aspects without clear distinction or comprehensive coverage of all major requirements.

Testing procedures are described very briefly and lack detail, making it difficult for others to replicate the tests. There is no mention of specific tools, measurement methods, or step-by-step actions. Additionally, the plan does not specify the number of tests or trials, which limits confidence in the reliability and robustness of the evaluation.

The logic behind the testing plan is weak, with no defined expected outcomes, pass/fail criteria, or measurable thresholds. This absence makes it challenging to assess success or failure objectively. Furthermore, there is no indication that field experts reviewed or influenced the testing plan.

To improve, the student should clearly define and explicitly state all high-priority requirements, develop detailed and replicable testing procedures including measurement methods, plan multiple trials for each test, and establish measurable success criteria. Seeking and incorporating feedback from relevant field experts would also strengthen the testing plan's rigor and credibility.",0.8,1
Case078_21210.docx,,Placeholder text for scoring.,2,1,2,1,0,3,2,2,2,0,,,,,,,,,,"The testing plan addresses three inferred major requirements: holding the drum, adjustability, and sound preservation. Each requirement has a corresponding test, but the tests are basic and lack depth or multiple test cases. | Testing procedures are described in very minimal steps (e.g., 'set up the stand', 'place the drum'), lacking detail on setup specifics, measurement methods, controls, or variables. The procedures are not sufficiently detailed for replication. | Each test plans for only 3 trials, which is below the preferred 7 or more trials. The quantity of tests is limited and may not adequately evaluate all requirements thoroughly. | Pass/fail criteria and goals are stated for each test, but expected result ranges, measurable outcomes, thresholds, or tolerances are vague or missing. The logic connecting outcomes to requirements is weak and lacks quantitative detail. | No evidence of field expert involvement or feedback incorporation is present in the document.","The testing plan identifies three key design requirements: the stand's ability to hold the drum, its adjustability, and ensuring the drum's sound remains unchanged. While these requirements are clearly inferred from the testing content, the plan only partially addresses them with basic tests that lack depth and variety.

Testing procedures are minimal and lack sufficient detail to allow replication by others. Important elements such as specific setup instructions, measurement tools, and control of variables are missing. Additionally, the plan includes only three trials per test, which is insufficient to robustly evaluate the design requirements or identify variability.

Although pass/fail criteria and goals are mentioned, the plan lacks measurable thresholds, expected result ranges, and detailed evaluation logic. This limits the ability to objectively assess success or failure. Furthermore, there is no evidence of field expert feedback or revisions based on such input, which could have strengthened the testing approach.

To improve, the student should provide detailed, step-by-step procedures including measurement methods and controls; increase the number of trials to at least seven per test; define clear, quantitative pass/fail criteria with tolerances; and seek and incorporate feedback from relevant field experts to refine the testing plan. These steps will enhance the rigor, repeatability, and validity of the prototype testing.",1.2,1.8
Case079_33230.docx,,Placeholder text for scoring.,3,3,2,3,0,3,2,2,2,0,,,,,,,,,,"The testing plan addresses three inferred major requirements: holding the drum, adjustability, and sound preservation. Each requirement has a corresponding test, but the coverage is basic and lacks depth or multiple distinct test cases per requirement. | Testing procedures are described in very brief steps without sufficient detail. Setup and actions are mentioned but lack clarity on controls, measurement methods, or how to replicate precisely. For example, 'play the drum and listen' is subjective and not replicable. | Each test plans for only 3 trials, which is below the preferred 7 or more trials. The quantity of tests is limited and may not adequately evaluate the requirements, especially given the lack of test case variety. | Pass/fail criteria and goals are stated for each requirement, but expected result ranges and measurable thresholds are vague or missing. There is no clear quantitative evaluation or tolerance, limiting the logic and rigor of the plan. | No evidence of field expert involvement or feedback incorporation is present. The document includes instructions about expert feedback but no actual expert input or revisions are shown.","The testing plan identifies three key design requirements: the stand's ability to hold the drum, its adjustability, and ensuring the drum's sound remains unchanged. While these requirements are clearly inferred from the testing content, the plan only partially addresses them with basic tests. The procedures lack sufficient detail and clarity, making replication difficult. For example, the sound test relies on subjective listening without defined measurement methods. The number of trials per test is limited to three, which is below the recommended seven or more to ensure reliable data. Pass/fail criteria are stated but lack measurable thresholds or tolerances, reducing the plan's evaluative rigor. Additionally, expected result ranges are vague, and no quantitative metrics are provided to assess success beyond simple binary outcomes. The document mentions field expert feedback in instructions but provides no evidence that such feedback was obtained or incorporated, missing an opportunity to strengthen the testing plan. To improve, the student should expand test procedures with detailed, replicable steps including measurement tools and controls; increase trial counts to enhance data reliability; define clear, quantitative success criteria with tolerances; and actively seek and document expert feedback to refine the plan. These improvements would enhance the testing plan’s completeness, clarity, and engineering rigor.",2.2,1.8
Case080_01110.pdf,,Placeholder text for scoring.,0,1,1,1,0,2,1,1,1,0,,,,,,,,,,"The testing addresses a few key requirements such as water clarity, pH balance, and presence of Ammonia and Nitrate. However, it does not comprehensively test all major requirements, and some requirements are only partially addressed. | The testing procedures are minimally described with vague details. There is no clear, replicable step-by-step method, no mention of tools or measurement techniques beyond basic pH and chemical presence testing. | The document mentions filtering the water twice but does not specify the number of trials or repetitions. The quantity of tests is minimal and insufficient to evaluate the design requirements thoroughly. | There is minimal logic or evaluation framework. No pass/fail criteria, thresholds, or measurable goals are provided. The explanation is descriptive but lacks clear criteria for success or failure. | No evidence of field expert involvement or feedback is present in the document.","The testing plan attempts to address some important design requirements such as filtering water to remove color, achieving a balanced pH, and detecting harmful chemicals like Ammonia and Nitrate. However, these requirements are inferred rather than explicitly stated, and the testing coverage is limited to only a few aspects. The plan lacks comprehensive testing of all major requirements, which weakens its overall effectiveness.

The testing procedures are described in a very general and vague manner, lacking sufficient detail to allow replication. There is no clear description of the setup, tools, or measurement methods used, and the number of trials is not specified, making it difficult to assess the reliability of the results. The logic behind the testing is minimal, with no defined pass/fail criteria, thresholds, or measurable goals, which limits the ability to evaluate the prototype's success objectively.

No involvement of field experts is documented, and no revisions based on expert feedback are evident. To improve, the student should clearly define and align testing procedures with specific requirements, include detailed, replicable steps and measurement methods, plan multiple trials to ensure reliability, and establish measurable success criteria. Additionally, seeking and incorporating feedback from relevant experts would strengthen the testing plan and its credibility.",0.6,1
Case081_21120.pdf,,Placeholder text for scoring.,2,1,1,2,0,2,1,1,1,0,,,,,,,,,,"The testing plan addresses only a few inferred requirements: filtering water to reduce color and measuring pH, Ammonia, and Nitrate levels. However, the tests do not comprehensively cover all major requirements such as clarity standards or chemical removal effectiveness with clear pass/fail criteria. | Testing procedures are minimally described with vague steps such as 'slowly poured dirty water' and 'left it sitting on a table.' There is no detailed, controlled, or replicable procedure including setup, tools, measurements, or variables. | The document mentions filtering the water twice but does not specify the number of trials or repetitions. The testing quantity is minimal and insufficient to evaluate the design requirements reliably. | The plan lacks clear logic, measurable evaluation criteria, pass/fail thresholds, or expected results. While some outcomes are described (e.g., pH of 7, presence of Ammonia and Nitrate), no criteria for success or failure are provided. | There is no mention or evidence of field expert involvement or feedback influencing the testing plan.","The testing plan attempts to address some important design requirements such as filtering water to reduce color and measuring chemical contaminants like Ammonia and Nitrate. However, these requirements are only partially tested, and the plan lacks comprehensive coverage of all major design goals. The procedures described are vague and lack sufficient detail to allow replication or controlled testing. Key elements such as setup, tools, measurement methods, and variables are missing, which limits the clarity and effectiveness of the testing.

The quantity of testing is minimal, with no clear indication of multiple trials or systematic evaluation. This undermines confidence in the reliability of the results. Additionally, the testing plan does not include measurable evaluation criteria, pass/fail thresholds, or expected outcome ranges, which are essential for logical assessment of prototype performance. There is also no evidence of expert feedback or revisions based on such input.

To improve, the student should clearly define and align testing procedures with all major requirements, including measurable success criteria. Detailed, step-by-step procedures with specified tools and variables would enhance replicability. Increasing the number of trials and documenting them would strengthen reliability. Finally, seeking and incorporating feedback from field experts would improve the testing plan's rigor and credibility.",1.2,1
Case082_52401.pdf,,Placeholder text for scoring.,5,2,4,0,1,3,2,2,1,1,,,,,,,,,,"The testing plan addresses several key inferred requirements such as stability, size, durability, capacity, portability, and elevation off the floor. However, some requirements like cost and water resistance are mentioned but not tested. The plan covers some but not all major requirements comprehensively. | Testing procedures are partially described but lack sufficient detail for full replicability. Steps are listed but often incomplete or vague (e.g., no specific measurement tools or conditions). The sequence is logical but missing critical details such as exact measurement methods, criteria for observations, or controlled variables. | The plan includes multiple tests with 2 additional repeats mentioned, implying three trials per test. However, the number of trials is low compared to the preferred seven or more. The quantity of tests is limited and may not fully evaluate all requirements. | The plan lacks clear logic regarding expected results, pass/fail criteria, thresholds, or measurable goals. Observations and data recording are mentioned but without defined evaluation metrics or success criteria, limiting the ability to assess outcomes objectively. | Ms. Z is mentioned as having reviewed the testing plan, but no evidence of feedback incorporation or revisions based on expert input is provided.","The testing plan demonstrates an effort to address several important design requirements such as stability, size, durability, capacity, portability, and elevation off the floor. These requirements were inferred from the testing content rather than explicitly stated, which is acceptable but would benefit from clearer articulation. While multiple tests are planned, the coverage is partial and some important aspects like cost and water resistance are not tested.

Testing procedures are outlined with basic steps, but they lack sufficient detail to ensure replicability. Critical information such as measurement tools, specific conditions, and controlled variables is missing. The number of trials per test is limited to three, which is below the recommended amount for robust evaluation. Additionally, the plan does not include measurable pass/fail criteria, thresholds, or expected outcomes, making it difficult to objectively assess success.

Expert involvement is minimal, with only a brief mention of a reviewer and no clear evidence of feedback integration. To improve, the team should explicitly state all high-priority requirements, develop detailed and replicable procedures including measurement methods, increase the number of trials, and define clear evaluation criteria. Incorporating and documenting expert feedback would also strengthen the testing plan’s rigor and credibility.",2.4,1.8
Case083_34340.docx,,Placeholder text for scoring.,3,4,3,4,0,2,2,1,2,0,,,,,,,,,,"The testing plan addresses only a few inferred requirements related to tradition preservation and administrative acceptance. However, the coverage is minimal and lacks distinct tests for multiple requirements. | The procedures are vague and incomplete. The description of setting up GPS and comparing uniforms is unclear and lacks detail on tools, measurements, variables, or step-by-step actions, limiting replicability. | The number of trials is unclear and minimal. The document mentions '2 ex' and 'number of trials' but does not specify trial counts or multiple repetitions, indicating minimal testing quantity. | Some pass/fail criteria and goals are stated, but measurable thresholds, expected ranges, or detailed evaluation logic are missing. The explanation is weak and only partially logical. | No evidence of field expert involvement or feedback influencing the testing plan is present.","The testing plan attempts to address important design requirements such as maintaining traditional uniform qualities and gaining administrative acceptance. However, these requirements are only minimally tested, with limited distinct tests and unclear connections between tests and requirements. The procedures lack sufficient detail and clarity, making it difficult for others to replicate the tests. Key elements such as setup, tools, measurements, and step-by-step actions are missing or vague.

The quantity of testing is insufficient, with no clear indication of multiple trials or comprehensive coverage of requirements. While some pass/fail criteria and goals are mentioned, the plan lacks measurable thresholds, expected result ranges, and a thorough evaluation framework, which weakens the logic and effectiveness of the testing plan. Additionally, there is no evidence that field experts reviewed or influenced the testing approach.

To improve, the team should clearly define and align tests with all major requirements, provide detailed, replicable procedures including tools and measurement methods, and plan multiple trials to ensure reliability. Establishing measurable success criteria and thresholds will strengthen evaluation logic. Finally, involving field experts and documenting their feedback can enhance the testing plan's rigor and relevance.",2.8,1.4
Case084_00000.docx,,Placeholder text for scoring.,0,0,0,0,0,2,2,1,2,0,,,,,,,,,,"The testing plan addresses only a few inferred requirements: maintaining tradition in the prototype uniform and gaining stakeholder approval. However, the coverage is minimal and lacks clarity on other possible major requirements. | Procedures are vague and incomplete. The description of setting traditional and prototype uniforms side-by-side and presenting ideas to administrators is minimal and lacks detail needed for replication. | Number of trials is mentioned but not quantified or detailed. The plan implies some repeated comparisons but does not specify trial counts or sufficient testing quantity. | Some pass/fail criteria and goals are stated, but measurable thresholds, expected ranges, or detailed evaluation logic are missing, limiting the plan's logical rigor. | No evidence of field expert involvement or feedback influencing the testing plan is present.","The testing plan attempts to address important design requirements such as maintaining traditional qualities in the prototype uniform and securing stakeholder approval. However, these requirements are only minimally tested, and other potential high-priority requirements are not addressed. The plan lacks comprehensive coverage and clear connection between tests and all major requirements.

Testing procedures are described in a very general manner, with insufficient detail to allow replication. Key elements such as specific setup steps, tools, measurement methods, and variables are missing. The quantity of testing is unclear, with no explicit trial counts or structured repetition, which undermines confidence in the robustness of the evaluation.

While some pass/fail criteria and goals are mentioned, the plan lacks measurable thresholds, expected result ranges, and a thorough logical framework linking outcomes to requirements. Additionally, there is no indication that field experts reviewed or influenced the testing plan.

To improve, the team should clearly define and test all major requirements, provide detailed, step-by-step procedures, specify trial counts and repetition, and establish measurable evaluation criteria with thresholds. Incorporating feedback from relevant field experts and documenting resulting revisions would also strengthen the plan’s credibility and rigor.",0,1.4
Case085_21110.pdf,,Placeholder text for scoring.,2,1,1,1,0,3,2,1,1,3,,,,,,,,,,"The testing plan addresses some key requirements: single petal detachment and full rose operation. However, it lacks explicit testing of petal retention strength or timing, and does not cover all major requirements comprehensively. | Testing procedures are described in general terms but lack sufficient detail for replication. There is no clear description of setup, measurement methods, variables controlled, or step-by-step actions. | The plan mentions two test types but does not specify trial counts or repetitions. Without multiple trials or quantitative data, the testing quantity is minimal and insufficient to evaluate requirements fully. | The plan lacks measurable outcomes, pass/fail criteria, thresholds, or expected results. There is no clear logic connecting test results back to requirements or criteria for success. | One engineering expert provided feedback that influenced the plan by suggesting adhesive use to improve petal retention, showing incorporation of expert advice.","The testing plan demonstrates an initial effort to address important design requirements such as petal detachment and full rose operation. However, the plan only partially covers these requirements and omits others like petal retention strength and timing control. The procedures are described in broad strokes without sufficient detail to allow replication or precise measurement, limiting their effectiveness. Additionally, the plan lacks clarity on the number of trials or repetitions, which is critical for reliable evaluation. Without multiple trials or quantitative data, the testing quantity is minimal and unlikely to provide robust insights.

The logic behind the testing plan is weak, as it does not include measurable outcomes, pass/fail criteria, or thresholds to evaluate success. This absence makes it difficult to assess whether the prototype meets the inferred requirements. On a positive note, the involvement of an engineering expert who provided actionable feedback and influenced the testing approach is a strength, indicating openness to expert guidance.

To improve, the team should define clear, measurable success criteria and thresholds for each requirement, detail step-by-step testing procedures including setup and measurement methods, plan multiple trials to ensure reliability, and document how expert feedback is systematically incorporated. These steps will enhance the rigor, repeatability, and evaluative power of the testing plan.",1,2
Case086_11120.pdf,,Placeholder text for scoring.,1,1,1,2,0,3,2,1,1,3,,,,,,,,,,"The testing plan addresses some key requirements: single petal detachment and full rose operation. However, it lacks explicit testing of petal retention strength or timing control, and does not clearly test all major requirements. | Testing procedures are described in general terms but lack detailed steps, measurement methods, controls, or replication instructions. The plan is only partially effective and not fully replicable. | No trial counts or repeated testing details are provided. The plan mentions two test types but does not specify multiple trials or sufficient quantity to evaluate requirements thoroughly. | The plan lacks measurable outcomes, pass/fail criteria, thresholds, or expected results. There is minimal explanation of how test results will be evaluated or connected back to requirements. | One engineering expert provided feedback that influenced the plan by suggesting adhesive use to improve petal retention, showing incorporation of expert input.","The testing plan demonstrates an initial effort to address important design requirements such as petal detachment and full rose operation. However, the requirements are mostly inferred rather than explicitly stated, and some key aspects like petal retention strength and timing control are not clearly tested. The procedures described are general and lack sufficient detail to ensure replicability or control, limiting their effectiveness. Additionally, the plan does not specify the number of trials or repetitions, which is critical for reliable evaluation of the design. Without clear trial counts or repeated tests, the quantity of testing is insufficient to fully assess the prototype’s performance. The logic behind the testing plan is minimal, with no measurable outcomes, pass/fail criteria, or thresholds provided to evaluate success. This weakens the ability to objectively assess whether the prototype meets its requirements. On a positive note, the involvement of an engineering expert who provided actionable feedback and influenced the testing approach is a strength. To improve, the team should explicitly state all high-priority requirements, develop detailed, step-by-step testing procedures with measurement methods, define clear pass/fail criteria and thresholds, and plan multiple trials for each test. Incorporating additional expert reviews and documenting how feedback shapes the plan would further strengthen the testing rigor and reliability.",1,2
Case087_44444.pdf,,Placeholder text for scoring.,4,4,4,4,4,4,3,3,3,3,,,,,,,,,,"The testing plan addresses many major inferred requirements such as grip strength, sturdiness, string retention, ease of putting on, and staying on after shaking. Each requirement has a corresponding test, though some tests cover only one aspect or have limited detail. | Testing procedures are described with some detail including steps and tools (e.g., timer, weights), but descriptions lack full clarity and replicability. For example, some steps are vague (e.g., 'wring the hoodie around') and lack precise measurement methods or controls. | Each test includes multiple trials (mostly 3), which is adequate but below the preferred 7+ trials. The quantity of tests covers several key requirements but is limited to one test case per requirement, restricting robustness. | The plan includes expected result ranges, pass/fail criteria, and goals, but some criteria are vague or qualitative (e.g., 'fall off < stay on < gets stuck'). Thresholds and measurable outcomes are partially defined but lack precision and consistency. | Two field experts provided feedback that was incorporated into a revised test (effortlessly stays on after shake test). The document shows evidence of responding to expert concerns about noise, heat, and durability.","The testing plan effectively addresses several important design requirements inferred from the document, including grip strength, sturdiness, string retention, ease of use, and secure attachment. While the requirements are not explicitly listed, the tests align well with these priorities, demonstrating thoughtful coverage. However, some tests focus narrowly on single aspects, and the overall breadth could be expanded to cover additional functional or durability concerns.

Testing procedures provide a reasonable outline of steps and tools but lack sufficient detail for full replicability. Descriptions such as ""wring the hoodie around"" or vague measurement methods reduce clarity. Trial counts are consistent at three per test, which is adequate but below the ideal number for statistical confidence. Pass/fail criteria and goals are present but sometimes qualitative or imprecise, limiting objective evaluation.

Field expert feedback is a notable strength, with two experts contributing suggestions that led to a revised test addressing prototype looseness after shaking. This shows responsiveness to expert input, enhancing the plan's validity. To improve, the student should increase trial numbers, clarify and standardize procedures with precise measurement methods, define quantitative pass/fail thresholds, and expand testing to cover additional inferred requirements such as noise and heat resistance. Including more detailed documentation of expert feedback incorporation would further strengthen the plan.",4,3.2
Case088_54432.pdf,,Placeholder text for scoring.,5,4,4,3,2,4,3,3,3,3,,,,,,,,,,"The testing plan addresses many major inferred requirements such as grip strength, sturdiness, string retention, ease of putting on, and staying on after shaking. Each requirement has a corresponding test, though some tests could be more distinct or comprehensive. | Testing procedures are described with some detail including steps and trial counts, but lack full clarity and replicability. For example, some steps are vague (e.g., 'wring the hoodie around'), and measurement methods (e.g., how to measure 'fall off' or 'gets stuck') are not fully defined. | Each test includes multiple trials (mostly 3), which is adequate but below the preferred 7+ trials. The quantity of tests covers several key requirements but not all possible aspects, limiting full coverage. | The plan includes pass/fail criteria, goals, and expected result ranges, but these are sometimes vague or incomplete. For example, some criteria like 'fall off < stay on < gets stuck' are not quantified, and thresholds or tolerances are not consistently defined. | Two field experts provided feedback, and at least one suggestion (testing for looseness after shaking) was incorporated into a revised test. However, the incorporation of other feedback is less clearly documented.","The testing plan effectively addresses several important design requirements inferred from the testing content, including grip strength, sturdiness, string retention, ease of use, and stability after shaking. This demonstrates a thoughtful approach to covering key functional aspects of the prototype. However, some requirements could be tested more distinctly or with additional test cases to ensure comprehensive coverage.

Testing procedures provide a reasonable level of detail, including step sequences and trial counts, but some descriptions are vague and lack precise measurement methods, which may hinder replicability. The number of trials per test is consistent but limited, and increasing trial counts would improve statistical reliability. The logic behind the testing plan includes pass/fail criteria and goals, but these are often qualitative or loosely defined without clear thresholds or tolerances, reducing the rigor of evaluation.

Field expert feedback is acknowledged and partially incorporated, notably in adding a test for looseness after shaking, which strengthens the plan. To improve, the student should clarify and quantify pass/fail criteria, increase trial numbers, provide more detailed and replicable procedures, and explicitly document how all expert feedback influences test revisions. Including precise measurement methods and defining success thresholds will enhance the plan’s effectiveness and reliability.",3.6,3.2
Case089_20000.pdf,,Placeholder text for scoring.,2,0,0,0,0,3,2,1,2,0,,,,,,,,,,"The testing plan addresses three distinct inferred high-priority requirements: activation while worn, belt closure with prototype, and durability after drop. However, the plan does not clearly test all major requirements that might be relevant, and some requirements are only partially addressed. | Testing procedures are described in brief steps but lack sufficient detail for replication. Key elements such as exact setup, measurement methods, number of trials, and control of variables are missing, making the procedures vague and only partially effective. | The plan lists three tests but does not specify the number of trials or repetitions. Without trial counts or evidence of multiple tests, the quantity of testing is minimal and insufficient to evaluate requirements robustly. | The plan includes pass/fail criteria and a goal statement, but lacks measurable thresholds, expected result ranges, or detailed evaluation logic. The explanation is weak and only partially logical, limiting the ability to assess success rigorously. | No evidence of field expert involvement or feedback influencing the testing plan is present.","The testing plan identifies three key design requirements inferred from the testing content: prototype activation when worn, belt closure with the prototype, and prototype durability after being dropped. This shows an understanding of important functional aspects, but the plan does not comprehensively cover all potential major requirements, nor does it provide strong alignment between tests and requirements.

Procedures are outlined in simple steps but lack sufficient detail to ensure replicability. Important information such as the number of trials, measurement methods, and control of variables is missing, which weakens the clarity and effectiveness of the testing approach. The quantity of testing is minimal, with no indication of multiple trials or repetitions, limiting confidence in the reliability of results.

While pass/fail criteria and a goal are stated, the plan lacks measurable thresholds, expected result ranges, or detailed evaluation logic, reducing the rigor of the testing framework. Additionally, there is no evidence that field experts reviewed or influenced the testing plan, which could have strengthened its quality.

To improve, the student should specify the number of trials per test to ensure statistical reliability, provide detailed, step-by-step procedures including measurement methods and controls, define measurable success criteria with thresholds or tolerances, and seek feedback from relevant field experts to refine the testing plan. These steps will enhance the rigor, repeatability, and credibility of the prototype testing.",0.4,1.6
Case090_21110.pdf,,Placeholder text for scoring.,2,1,1,1,0,3,2,1,2,0,,,,,,,,,,"The testing plan addresses three distinct inferred high-priority requirements: activation while worn, belt closure and function, and durability after drop. However, the plan does not clearly test all major requirements that might be relevant, and the scope appears limited. | Testing procedures are described in brief steps but lack sufficient detail such as exact setup, measurement methods, controls, or replication instructions. The procedures are somewhat vague and would be difficult to replicate precisely. | No trial counts or repeated testing are mentioned. The plan implies single attempts per test, which is minimal and insufficient to evaluate reliability or consistency. | The plan includes pass/fail criteria and a goal statement, but lacks measurable thresholds, expected result ranges, or detailed evaluation logic. The explanation is weak and only partially logical. | No evidence of field expert involvement or feedback is provided.","The testing plan identifies and attempts to address three key design requirements: prototype activation when worn, belt closure and function with the prototype, and prototype durability when dropped from waist height. These requirements were inferred from the testing content rather than explicitly stated, which is acceptable but limits clarity. While the plan covers multiple requirements, it does not comprehensively test all major aspects of the design, and the scope of testing is somewhat narrow.

Testing procedures are outlined in simple steps but lack sufficient detail to ensure replicability. Important elements such as specific measurement methods, controls, and detailed sequences are missing, making it difficult for others to reproduce the tests reliably. Additionally, the plan does not specify the number of trials or repetitions, which is critical for assessing consistency and reliability. The pass/fail criteria and goal provide some evaluation framework, but measurable thresholds, expected result ranges, and more thorough logic are absent.

No evidence of expert feedback or revisions based on such input is present, which could have strengthened the plan. To improve, the student should: 1) include detailed, step-by-step procedures with clear measurement methods; 2) specify multiple trials per test to ensure reliability; 3) define measurable success criteria and thresholds; and 4) seek and document expert feedback to refine the testing approach. These improvements will enhance the rigor, clarity, and effectiveness of the testing plan.",1,1.6
Case091_12100.pdf,,Placeholder text for scoring.,1,2,1,0,0,3,2,2,2,0,,,,,,,,,,"The testing plan addresses some key inferred requirements: time accuracy, motor operation, and launcher performance. However, the tests are not comprehensive for all major requirements, and some requirements are only partially tested or lack clear connection to specific criteria. | Testing procedures are described at a basic level but lack sufficient detail for replication. For example, motor testing steps are listed but lack specifics on measurement methods or controls. The time test includes a code snippet but no detailed procedure. The launcher test is vague and relies on collaboration without clear steps. | The plan mentions running 5 trials per test, which is limited and below the preferred 7 or more. The quantity of tests is minimal and does not clearly cover all requirements with multiple trials or varied conditions. | The plan includes some pass/fail criteria (e.g., 3 out of 5 trials must be optimal), but lacks measurable thresholds, expected result ranges, or detailed evaluation criteria. The logic connecting test outcomes to requirements is weak and incomplete. | No evidence of field expert involvement or feedback influencing the testing plan is provided.","The testing plan demonstrates an effort to address important design requirements such as accurate time reading, motor functionality, and launcher performance. However, these requirements are inferred rather than explicitly stated, and the testing coverage is partial. While the plan includes some testing of these areas, it does not comprehensively or clearly test all major requirements.

Procedures are outlined but lack sufficient detail to ensure replicability. For example, motor testing steps are basic and do not specify measurement tools or controlled variables. The time test includes a code snippet but no clear procedural steps, and the launcher test is vague and dependent on external collaboration without defined methods. The plan mentions five trials per test, which is a limited quantity and below the recommended number for robust evaluation.

The logic behind the testing plan is weak, with minimal pass/fail criteria and no measurable thresholds or expected result ranges. This limits the ability to objectively evaluate success. Additionally, there is no evidence of field expert feedback or revisions based on such input.

To improve, the team should explicitly state all high-priority requirements and develop detailed, replicable procedures including measurement methods and controls. Increasing the number of trials and defining clear pass/fail criteria with measurable thresholds would strengthen the evaluation. Finally, seeking and incorporating feedback from field experts would enhance the plan’s rigor and relevance.",0.8,1.8
Case092_43420.pdf,,Placeholder text for scoring.,4,3,4,2,0,3,2,2,2,0,,,,,,,,,,"The testing plan addresses some key inferred requirements: time accuracy, motor operation, and launcher performance. However, the plan lacks clarity on how all major requirements are tested comprehensively, and some requirements are only partially addressed. | Testing procedures are described in a basic stepwise manner but lack sufficient detail for replication. Important details such as measurement tools, exact variables, and controlled conditions are missing or vague. | The plan mentions running 5 trials per test, which is limited and below the preferred 7 or more trials. The quantity of tests is limited to a few types, which restricts comprehensive evaluation of all requirements. | The plan includes some pass/fail criteria (e.g., 3 out of 5 trials being optimal) but lacks measurable thresholds, expected result ranges, or detailed evaluation criteria. The logic connecting tests to requirements is weak and incomplete. | No evidence of field expert involvement or feedback influencing the testing plan is provided.","The testing plan demonstrates an effort to address important design requirements such as accurate time measurement, motor functionality, and launcher performance. However, these requirements are inferred rather than explicitly stated, and the plan only partially tests them. The procedures are outlined in a basic stepwise format but lack sufficient detail to ensure replicability, such as specifying measurement tools, controlled variables, or detailed setup instructions.

The quantity of testing is limited, with only five trials planned per test, which is below the recommended number for robust evaluation. While the plan includes a minimal pass/fail criterion—requiring at least three optimal trials—there is a lack of measurable thresholds, expected result ranges, or clear success criteria that would strengthen the logic and evaluation framework. Additionally, there is no indication that field experts reviewed or influenced the testing plan, which could have improved its rigor and relevance.

To improve, the team should explicitly state all high-priority requirements and ensure each is directly tested. Testing procedures should be expanded with detailed, replicable steps including measurement methods and controlled variables. Increasing the number of trials and defining clear, measurable success criteria would enhance evaluation quality. Finally, seeking and incorporating feedback from relevant field experts would strengthen the plan’s validity and effectiveness.",2.6,1.8
Case093_33330.pdf,,Placeholder text for scoring.,3,3,3,3,0,3,2,2,2,0,,,,,,,,,,"The testing plan addresses some key requirements: time accuracy, motor operation, and launcher performance. However, the requirements are only partially tested with limited detail and no clear connection to all major design criteria. | Testing procedures are described in a basic stepwise manner but lack sufficient detail for replication. Important elements such as measurement tools, setup specifics, and controlled variables are missing or vague. | The plan mentions running 5 trials per test, which is limited and below the preferred 7+ trials. The quantity of tests is minimal and may not fully evaluate all requirements. | The plan includes some pass/fail criteria (e.g., 3 out of 5 trials must be optimal) but lacks measurable thresholds, expected result ranges, or detailed evaluation logic connecting outcomes to requirements. | No evidence of field expert involvement or feedback influencing the testing plan is provided.","The testing plan demonstrates an effort to address important design requirements such as time accuracy, motor function, and launcher performance. However, these requirements are inferred rather than explicitly stated, and the testing coverage is somewhat limited. While the plan includes basic steps for each test, the procedures lack sufficient detail to ensure replicability, such as specific measurement methods, controlled variables, or environmental conditions.

The quantity of testing is minimal, with only five trials planned per experiment, which may not provide robust data to fully evaluate the design. The logic behind the testing plan includes a simple pass/fail criterion but lacks measurable thresholds or expected result ranges, reducing clarity on how success is determined. Additionally, there is no indication that field experts reviewed or influenced the testing approach, which could have strengthened the plan.

To improve, the team should explicitly state all high-priority requirements and ensure each is directly tested with clear, detailed procedures. Increasing the number of trials and defining measurable success criteria would enhance reliability. Including specific measurement tools and environmental controls would improve replicability. Finally, seeking and incorporating feedback from relevant field experts would provide valuable insights and strengthen the testing plan.",2.4,1.8
Case094_33320.pdf,,Placeholder text for scoring.,3,3,3,2,0,2,2,1,1,0,,,,,,,,,,"The testing plan mentions tests related to aesthetics, light transmission, durability, and safety, which align with some of the inferred requirements. However, key requirements such as magnetic attachment, size, and weight are only mentioned but not clearly tested. The connection between tests and requirements is partial and incomplete. | Testing procedures are described in very general terms (e.g., visual inspection, light test, poll), lacking detailed, step-by-step instructions, measurement methods, or controls. The plan does not provide enough detail for replication or clarity on how tests will be conducted. | No specific number of trials or repetitions is mentioned. The plan lists several types of tests but does not indicate the quantity or frequency of testing, limiting confidence in the adequacy of test coverage. | The plan lacks measurable evaluation criteria, pass/fail thresholds, or expected results. While some goals are mentioned (e.g., clear visibility), no quantitative or logical framework is provided to evaluate success or failure. | Although stakeholders Mr. Gleason and his students are mentioned as decision-makers, there is no evidence that field experts reviewed or influenced the testing plan.","The testing plan addresses several important design requirements such as aesthetic appeal, light transmission, durability, and safety, but it falls short in comprehensively covering all high-priority requirements like magnetic attachment, size, and weight. The connection between tests and requirements is often implied rather than explicitly demonstrated, which weakens the overall rigor.

Testing procedures are described in broad, qualitative terms without detailed steps, measurement methods, or controls, making replication difficult. The absence of specified trial counts or repeated testing further limits confidence in the robustness of the evaluation. Additionally, the plan lacks measurable criteria, pass/fail thresholds, or expected outcomes, which are essential for objective assessment.

No evidence of expert feedback or revisions based on such input is present, missing an opportunity to strengthen the testing approach. To improve, the team should develop detailed, replicable procedures with clear measurement methods, define quantitative success criteria and thresholds, specify multiple trials per test, and actively incorporate expert feedback to refine the plan. Explicitly linking each test to a specific requirement will also enhance clarity and completeness.",2.2,1.2
Case095_44320.pdf,,Placeholder text for scoring.,4,4,3,2,0,2,2,1,1,0,,,,,,,,,,"The testing plan addresses a few key requirements such as aesthetics, light transmission, durability, and safety through visual inspection, light tests, and safety checks. However, important requirements like magnetic attachment, size, and weight are mentioned but not clearly tested or connected to specific test methods. | Testing procedures are described in very general terms without detailed steps, measurement methods, or controls. The plan lacks specifics on how tests will be conducted, what tools or instruments will be used, or how variables will be controlled, limiting replicability. | No information is provided about the number of trials or repetitions for any test. The plan mentions multiple types of tests but does not specify quantities or how many times each test will be performed, indicating minimal testing quantity. | The plan lacks measurable evaluation criteria, pass/fail thresholds, or expected results. While some goals are mentioned (e.g., clear visibility for light test), no quantitative metrics or success criteria are defined, resulting in minimal logical framework. | Although stakeholders Mr. Gleason and his students are mentioned as decision-makers, there is no evidence that field experts reviewed or influenced the testing plan or that feedback was incorporated.","The testing plan attempts to address several important design requirements such as aesthetics, light transmission, durability, and safety, which are inferred from the testing content. However, critical requirements like magnetic attachment, size, and weight are not clearly linked to specific tests, limiting the comprehensiveness of the plan. The procedures described are quite vague and lack sufficient detail to allow replication by others. There is no mention of specific tools, measurement methods, or controlled variables, which reduces the clarity and effectiveness of the testing approach.

Additionally, the plan does not specify the number of trials or repetitions, which is essential for reliable evaluation. Without this information, the quantity of testing is minimal and unlikely to provide robust data. The logic behind the testing is weak due to the absence of measurable outcomes, pass/fail criteria, or thresholds, making it difficult to objectively assess success. Furthermore, while stakeholders are identified, there is no documented involvement of field experts or evidence that their feedback influenced the testing plan.

To improve, the team should develop detailed, replicable procedures including specific measurement methods and controlled variables. They should define quantitative success criteria and thresholds for each test to enable objective evaluation. Including multiple trials per test will strengthen data reliability. Finally, actively involving field experts and documenting their feedback with corresponding plan revisions will enhance the plan’s rigor and credibility.",2.6,1.2
Case096_00000.docx,,Placeholder text for scoring.,0,0,0,0,0,1,1,1,1,2,,,,,,,,,,"The document mentions the spinning base and flexibility as client requirements and references design iterations to improve usability and appearance. However, there is no clear testing plan or evidence of tests conducted to verify these requirements. | No detailed or replicable testing procedures are described. The document only vaguely mentions design iterations and feedback without specifying how tests were conducted, what tools or measurements were used, or the sequence of actions. | There is no mention of the number of tests, trials, or any structured testing quantity. The document only refers to 'many diverse types of designs' without quantification or systematic testing. | No logical evaluation framework, expected results, pass/fail criteria, or measurable outcomes are provided. The plan lacks thresholds or goals to assess success. | One expert provided feedback that is mentioned and summarized, but there is no clear evidence that this feedback influenced a formal revision of the testing plan.","The testing plan provides minimal evidence of addressing the inferred high-priority design requirements such as spinning base functionality, flexibility, and ease of access. While the document references client needs and design iterations, it lacks a clear, structured testing approach to verify these requirements. The absence of explicit tests or measurable criteria limits confidence in requirement coverage.

Testing procedures are vague and lack detail, making replication impossible. There is no description of tools, measurements, or step-by-step methods. Additionally, the quantity of testing is unclear, with no trial counts or systematic evaluation mentioned. The plan also lacks logical evaluation elements such as expected results, pass/fail criteria, or thresholds, which are essential for assessing design success.

Expert feedback is noted from one individual, but the document does not demonstrate how this input influenced the testing plan or design revisions. To improve, the team should develop detailed, replicable testing procedures with clear measurement methods, define pass/fail criteria linked to requirements, document multiple trials per test, and explicitly incorporate expert feedback into iterative design and testing updates.",0,1.2
Case097_20000.docx,,Placeholder text for scoring.,2,0,0,0,0,1,1,1,1,2,,,,,,,,,,"The document mentions requirements such as spinning base, size adjustment, flexibility, and storage design, but does not describe any actual testing of these requirements. | No detailed or replicable testing procedures are described; only vague references to iterations and design changes without clear methods. | There is mention of 'many diverse types of designs' and 'iterations' but no specific number of tests or trials, making it minimal in terms of planned testing quantity. | No logical evaluation framework, measurable outcomes, pass/fail criteria, or thresholds are provided; only general statements about design changes. | One expert is mentioned who gave feedback, but there is no clear evidence that this feedback influenced the testing plan or revisions.","The testing plan provides minimal evidence of addressing the project’s high-priority design requirements. While the document implies important requirements such as a spinning base, appropriate size, flexibility, and accessible storage, it lacks clear testing activities that directly evaluate these aspects. This limits confidence in how well the design meets client needs.

Testing procedures are vague and lack detail, making replication impossible. The mention of multiple design iterations suggests some exploration, but without documented methods, tools, or measurement strategies, the effectiveness of these tests cannot be assessed. Additionally, the quantity of planned tests is unclear, with no trial counts or structured testing schedule provided.

The plan does not include logical evaluation criteria such as expected results, pass/fail thresholds, or measurable outcomes, which are essential for objective assessment. Although one expert provided feedback, the document does not demonstrate how this input influenced the testing approach or design revisions. To improve, the team should develop detailed, replicable test procedures with clear metrics, define pass/fail criteria linked to requirements, document multiple trials per test, and explicitly incorporate expert feedback into the testing plan.",0.4,1.2
Case098_20011.pdf,,Placeholder text for scoring.,2,0,0,1,1,3,2,1,2,1,,,,,,,,,,"The testing plan addresses some key requirements such as hinge strength, folding functionality, screw length suitability, and gap distance for folding. However, it does not comprehensively cover all major design requirements, and some requirements are only partially tested. | The procedures are described in general terms but lack sufficient detail to be fully replicable. There is no clear sequence of steps, measurement methods, or control of variables. Phrases like 'we will test' and lack of detailed setup reduce clarity. | The plan mentions testing different gap distances but does not specify the number of trials or repetitions. There is no indication of multiple trials for other tests, limiting the quantity and robustness of testing. | The plan includes some logic about testing different gap sizes and concerns about screw length, but lacks measurable evaluation criteria, pass/fail thresholds, or expected results. The absence of clear success criteria limits the logical rigor. | One expert was contacted and named, but no feedback has been received or incorporated yet. Thus, expert involvement is minimal and has not influenced the plan.","The testing plan demonstrates an understanding of several important design requirements, including hinge strength, folding functionality, screw length appropriateness, and the effect of gap distance between wood pieces. However, these requirements are inferred rather than explicitly stated, and the plan only partially addresses them. The procedures lack sufficient detail and clarity to ensure replicability, with vague descriptions and no clear measurement methods or controlled variables. This limits the ability of others to reproduce the tests or verify results.

The quantity of testing is minimal, with no specified number of trials or repetitions, which undermines the robustness of the evaluation. The logic behind the testing plan is somewhat present, particularly in testing different gap distances, but lacks measurable outcomes, pass/fail criteria, or thresholds to determine success. While an expert was identified and contacted, no feedback has been incorporated, so the plan has not benefited from expert review.

To improve, the team should explicitly state all high-priority requirements and develop detailed, step-by-step testing procedures including tools, measurements, and controls. They should plan multiple trials per test to ensure reliability and define clear pass/fail criteria or thresholds for success. Incorporating expert feedback once received and documenting resulting revisions will strengthen the plan. Finally, including measurable expected results will enhance the logical rigor and evaluative power of the testing.",0.8,1.8
Case099_55554.pdf,,Placeholder text for scoring.,5,5,5,5,4,4,3,2,2,4,,,,,,,,,,"The testing plan addresses many major inferred requirements such as color change, calming effect, illumination, brightness adjustment, and integration. Each requirement has an associated test, though some tests (e.g., calming effect and integration) rely on subjective measures rather than objective metrics. | Testing procedures are described with some detail, including measurement tools like a luminosity sensor and LightMeter app, and methods such as timing light changes and observing user behavior. However, procedures lack full clarity and replicability details, such as exact setup, number of trials, or step-by-step instructions. | The plan mentions multiple tests but does not specify trial counts or repetition, limiting confidence in the quantity of testing. Without explicit trial numbers or repeated measures, the testing quantity is limited. | The plan includes some logical connections between tests and requirements and mentions measurement methods, but lacks explicit pass/fail criteria, thresholds, or expected result ranges. This weakens the evaluation framework and limits objective assessment. | Two field experts are named with specific feedback that was incorporated into the testing plan, demonstrating meaningful expert involvement and revision.","The testing plan effectively targets several key design requirements, including color change functionality, calming effects, illumination, brightness adjustment, and room integration. While these requirements were not explicitly listed, they were clearly inferred from the detailed testing descriptions. The plan’s strength lies in its alignment of tests to these requirements and the inclusion of expert feedback that improved measurement approaches.

However, the testing procedures lack sufficient detail to ensure replicability. Important elements such as exact test setups, measurement protocols, and trial counts are missing or vague. The absence of multiple trials and clear pass/fail criteria limits the robustness and objectivity of the evaluation. Additionally, some tests rely on subjective observations without standardized metrics, reducing measurement reliability.

To improve, the team should specify the number of trials per test and provide detailed step-by-step procedures to enable replication. Defining measurable success criteria, thresholds, or expected result ranges would strengthen the logic of the plan. Incorporating quantitative behavioral metrics for the calming effect and formalizing the integration assessment would enhance objectivity. Finally, documenting how expert feedback shaped specific test modifications would further demonstrate expert-informed refinement.",4.8,3
Case100_44520.pdf,,Placeholder text for scoring.,4,4,5,2,0,3,2,1,1,0,,,,,,,,,,"The testing plan addresses some key inferred requirements such as secure hanging, visual appeal, and light reflection. However, the coverage is partial and lacks clear testing of all major requirements with measurable criteria. | The procedures include basic steps for hanging the piece and gathering feedback, but lack sufficient detail, control, and clarity to be fully replicable. Important details like exact measurements, tools, and variables are missing. | The plan does not specify the number of trials or repetitions for any test, limiting confidence in the quantity of testing. The testing quantity is minimal and unlikely to adequately evaluate the design requirements. | The plan lacks measurable evaluation criteria, pass/fail thresholds, or expected results. There is minimal logic connecting test outcomes back to requirements, and no clear success criteria are provided. | No evidence of field expert involvement or feedback influencing the testing plan is present.","The testing plan demonstrates an attempt to address important design requirements such as the secure hanging of the art piece, its visual appeal, and the ability of mirrors to enhance natural light. These requirements were inferred from the testing activities described, though they are not explicitly stated. While the plan includes some procedural steps, it lacks sufficient detail and clarity to ensure replicability. Key elements such as specific measurements, tools, and controlled variables are missing, which weakens the overall effectiveness of the testing procedures.

Additionally, the plan does not specify the number of trials or repetitions, resulting in minimal testing quantity that is unlikely to provide robust evaluation of the design. The absence of measurable outcomes, pass/fail criteria, or thresholds further limits the logical rigor of the testing plan. There is also no indication that field experts reviewed or influenced the plan, which could have strengthened its validity.

To improve, the team should clearly define measurable success criteria and thresholds for each requirement, specify the number of trials to ensure statistical relevance, and provide detailed, step-by-step procedures that others can replicate. Incorporating feedback from relevant field experts and documenting how this feedback shapes the testing plan would also enhance its quality and credibility.",3,1.4
Case101_32220.pdf,,Placeholder text for scoring.,3,2,2,2,0,3,2,1,1,0,,,,,,,,,,"The testing plan addresses some key requirements such as secure hanging, aesthetic appeal, and light reflection, but it lacks comprehensive coverage of all major design requirements. The plan tests hanging security and visual appeal but does not clearly test all inferred requirements in depth. | The procedures include some steps for hanging the piece and gathering feedback, but they lack sufficient detail, control, and clarity to be fully replicable. Important details such as exact measurements, tools, and variables are missing, and the procedure for collecting feedback is vague. | The plan does not specify the number of trials or repetitions for any test. Without trial counts or repeated testing, the quantity of tests is minimal and insufficient to evaluate the design requirements robustly. | The plan lacks measurable evaluation criteria, pass/fail thresholds, or expected results. There is no clear logic connecting test outcomes to requirement satisfaction, and no success criteria are defined. | There is no evidence of field expert involvement or feedback influencing the testing plan.","The testing plan demonstrates an initial effort to address important design requirements such as the secure hanging of the art piece, its aesthetic appeal, and the ability of mirrors to increase natural light. However, these requirements are only partially tested, and some inferred requirements lack explicit testing methods. The procedures described are somewhat logical but lack sufficient detail and clarity to ensure replicability. Key procedural elements such as specific measurements, tools, and controlled variables are missing, and the feedback collection method is vague and unstructured.

The plan does not specify the number of trials or repetitions, which limits the robustness and reliability of the testing. Without multiple trials or clear test quantities, it is difficult to assess the design’s performance comprehensively. Additionally, the testing plan lacks measurable evaluation criteria, pass/fail thresholds, or expected outcomes, which weakens the logical framework needed to interpret test results effectively. There is also no indication that field experts reviewed or influenced the testing plan, which could have strengthened its rigor and relevance.

To improve, the team should define clear, measurable success criteria and thresholds for each requirement, specify the number of trials to ensure statistical reliability, and provide detailed, step-by-step procedures that include tools, measurements, and controlled variables. Incorporating structured feedback methods and seeking expert review with documented revisions would also enhance the plan’s quality and credibility.",1.8,1.4
Case102_55454.pdf,,Placeholder text for scoring.,5,5,4,5,4,4,3,3,3,4,,,,,,,,,,"The testing plan addresses many major high-priority requirements including fit, authenticity, sound quality, secure attachment, and durability. Each requirement is linked to specific tests with pass/fail criteria. However, some requirements like sound quality and authenticity rely on subjective measures, and the drop test is medium priority with less detailed criteria. | Testing procedures are generally described with step sequences and some detail, but lack full clarity and replicability. For example, the authenticity test relies on subjective feedback without standardized measurement, and sound quality evaluation is vague. Some procedures lack precise measurement tools or controlled variables. | The plan includes multiple tests with trial counts ranging from 3 to 10, which is adequate for some requirements. However, trial counts are inconsistent and sometimes low (e.g., 3 trials for transmitter fit), and some tests have only one trial (assembly). Overall, testing quantity could feasibly evaluate some but not all requirements robustly. | The plan includes pass/fail criteria and goals for each test, but expected results and measurable outcomes are often qualitative or subjective. Thresholds and tolerances are implied but not quantitatively defined, limiting the logic and rigor of evaluation. The connection between outcomes and requirements is present but could be more precise. | Two field experts are named and their approval of the testing plan is documented. However, feedback is minimal and no clear revisions or detailed incorporation of their suggestions are evident beyond a general statement of approval.","This testing plan effectively identifies and addresses several key high-priority design requirements, including the fit of the microphone transmitter, authenticity, sound quality, secure attachment of the mic head, and durability of the mic holder. The alignment between tests and requirements is clear, with pass/fail criteria and goals provided for each. However, some requirements rely on subjective assessments, such as authenticity ratings and sound quality evaluations, which could benefit from more objective measurement methods.

The testing procedures are generally outlined with step-by-step instructions, but they lack sufficient detail to ensure replicability. For example, the authenticity test depends on participant feedback without standardized criteria, and sound quality assessments are not clearly defined or measured with instruments. Trial counts vary across tests, with some having adequate repetitions while others have minimal trials, limiting the robustness of the data collected.

The logic of the testing plan includes pass/fail criteria and goals, but expected results are often qualitative rather than quantitatively defined, reducing the precision of evaluation. Field expert involvement is documented with two named experts approving the plan, though their feedback appears limited and no specific revisions based on their input are evident.

To improve, the student should: 1) incorporate objective measurement tools for sound quality and authenticity; 2) increase and standardize trial counts across all tests; 3) provide more detailed, replicable procedures including measurement methods and controlled variables; and 4) document specific revisions made in response to expert feedback to demonstrate iterative improvement.",4.6,3.4
Case103_55555.pdf,,Placeholder text for scoring.,5,5,5,5,5,4,3,3,3,2,,,,,,,,,,"The testing plan addresses many major high-priority requirements including fit of the mic transmitter, authenticity, sound quality, mic head retention, and drop durability. Each requirement is linked to specific tests with pass/fail criteria. However, some requirements like sound quality and authenticity rely on subjective measures, and the drop test is medium priority with less detailed criteria. | Testing procedures are generally described with step sequences and some detail, such as shaking the mic or dropping the holder. However, some procedures lack full clarity or replicability, e.g., the authenticity test relies on subjective feedback without standardized conditions, and sound quality evaluation is not fully objective or detailed. | The plan includes multiple trials for most tests (3 to 10 trials), which is adequate to evaluate some requirements. However, trial counts are inconsistent and sometimes low (e.g., 3 trials for transmitter fit), and the number of trials per test does not consistently meet the preferred 7+ trials standard for strong evaluation. | The plan includes pass/fail criteria and goals for each test, with expected results described. However, many criteria are qualitative or subjective, and measurable thresholds or tolerances are not clearly defined. The logic connecting outcomes to requirements is adequate but could be more rigorous and quantifiable. | Two field experts are named and their feedback is mentioned, but the feedback is minimal and vague. The document states the plan was approved without changes, so no clear evidence of revisions based on expert input is present.","The testing plan effectively targets several key design requirements, including the fit of the microphone transmitter, authenticity, sound quality, mic head retention, and drop durability. These requirements were inferred from the detailed testing content and pass/fail criteria, demonstrating a thoughtful approach to addressing high-priority aspects of the design. However, some tests rely heavily on subjective assessments, such as authenticity ratings and sound quality evaluations, which could benefit from more objective measurement methods.

Procedures are generally outlined with step-by-step instructions, but some lack sufficient detail to ensure replicability by others. For example, the authenticity test depends on informal feedback without standardized conditions, and sound quality assessments are not clearly quantified. While multiple trials are planned for most tests, the number of trials varies and often falls short of the ideal seven or more, limiting the robustness of the data collected.

The plan includes pass/fail criteria and goals, but these are often qualitative rather than measurable thresholds, reducing the precision of evaluation. Field expert involvement is acknowledged, yet feedback appears minimal and did not lead to documented revisions, limiting its impact. To improve, the team should increase trial counts, incorporate objective measurement tools for sound and authenticity, define clear quantitative success criteria, and actively integrate expert feedback to refine the testing plan.",5,3
