filename,source_type,text,J1_expert,J2_expert,J3_expert,J1,J2,J3,J1_flag,J2_flag,J3_flag,J1_rationale,J2_rationale,J3_rationale,inferred_requirements,narrative_feedback,expert_score,element_score_raw
Case001_454.pdf,,Placeholder text for scoring.,4,5,4,4,3,2,,,,"The document references evaluation performed by a team member (Andrew) and mentions Design-A-Thon feedback, but no clear external stakeholders or demonstrably qualified field experts are identified or documented.","The evaluation addresses some aspects of the design such as durability, attachment security, and color visibility, but the coverage is incomplete and lacks depth in analysis of multiple design or process aspects.","The summary of evaluation results is somewhat specific and includes some details about test outcomes, but it is incomplete and overly general without thorough synthesis or integration of feedback into clear conclusions or improvement plans.",aesthetics of the cart; handle comfort; assembly time under 10 seconds; maximum bending angle during assembly; force required to start cart moving; force required to break grip of product; weight and volume considerations for final product,"The project demonstrates a solid external evaluation process involving multiple stakeholders and field experts, including a graduate engineering student and sales personnel, as well as primary users of the device. This diversity of perspectives strengthens the relevance and applicability of the feedback. The student effectively documents specific feedback related to design challenges such as stability, sliding, and material selection, showing a clear connection between evaluation and design iteration.

The analysis of the feedback is thoughtful, addressing concrete design aspects and incorporating suggestions into prototype improvements. The synthesis successfully identifies key trends, such as the importance of multiple contact points and material choices to enhance stability and usability. However, the synthesis could be enhanced by deeper exploration of conflicting feedback or more detailed explanation of how each piece of feedback influenced design decisions.

To improve future evaluations, the student should aim to clarify the qualifications of all evaluators, provide more comprehensive coverage of design process aspects, and deepen the synthesis by explicitly discussing trade-offs or alternative solutions considered. Additionally, including quantitative or testing data alongside qualitative feedback could strengthen the evaluation. Overall, the documentation reflects meaningful engagement with external evaluation and thoughtful reflection on design improvements.",4.333333333,4
Case002_553.pdf,,Placeholder text for scoring.,5,5,3,3,1,0,,,,"The document references evaluation by a team member (Andrew) and mentions Design-A-Thon feedback, but no clear external stakeholders or demonstrably qualified field experts are identified or documented.","The evaluation addresses some aspects of the design such as durability, attachment security, and color visibility. However, the evaluation is limited mostly to prototype testing results without deeper analysis of the engineering design process or multiple aspects.","The summary of evaluation is somewhat specific and includes some details about test outcomes and design changes, but it lacks thorough synthesis or integration of feedback into clear conclusions or trends.",box durability under external and internal pressure; handle comfort and ergonomics; prevention of opening from inside; box portability by two people; ease of cleaning; handle folding ease and weight support,"The project’s external evaluation is strong in terms of involving multiple relevant stakeholders and qualified field experts, including zoo keepers and engineering education professionals. This diverse group provides a well-rounded perspective on the design challenges and practical considerations, enhancing the credibility and relevance of the evaluation.

The student effectively documents specific feedback related to design features such as the connection system, handles, and medical door, as well as broader concerns like weight capacity and mobility. This shows a good understanding of the design aspects under review. However, some feedback remains somewhat general, and the analysis could be deepened by explicitly linking comments to design decisions or engineering principles.

While the synthesis captures key evaluator suggestions, it largely lists individual comments without fully integrating them into overarching themes or actionable insights. To improve, the student should focus on combining feedback to identify patterns or trade-offs, such as balancing weight and mobility. Future evaluations would benefit from more detailed reflection on how feedback informs design iteration and prioritization. Additionally, clarifying the impact of each suggestion on project goals would strengthen the evaluation’s usefulness.",4.333333333,4
Case003_554.pdf,,Placeholder text for scoring.,5,5,4,3,1,0,,,,No stakeholders or field experts are identified or documented in the evaluation.,The evaluation addresses a single aspect of the design process—prototype performance and testing results—but is incomplete and overly general.,The summary is sparse with few specifics or details and lacks thorough synthesis of evaluation feedback.,box durability under external and internal pressure; handle comfort and ergonomics; prevention of opening from inside; box portability by two people; ease of cleaning the box; folding handle functionality and strength,"The project’s external evaluation is strong in terms of involving multiple relevant stakeholders and qualified field experts, including zoo keepers and engineering education professionals. This diverse group provides a well-rounded perspective on the design challenges and practical considerations, enhancing the credibility and relevance of the evaluation.

The student effectively documents and analyzes feedback that addresses several design aspects such as structural components, safety concerns, and usability improvements. The inclusion of specific suggestions like assessing weight limits and considering wheels demonstrates engagement with the evaluators’ input. However, the analysis tends to present feedback individually rather than synthesizing it into overarching themes or actionable insights.

While the synthesis captures key points from each evaluator, it stops short of integrating these into a cohesive evaluation narrative that identifies patterns or reconciles differing viewpoints. To improve, the student should focus on combining feedback to draw broader conclusions, explicitly discuss how suggestions interrelate, and prioritize recommendations for next steps. Additionally, providing more detailed reflection on how the feedback will influence design iterations would strengthen the evaluation documentation.",4.666666667,4
Case004_332.pdf,,Placeholder text for scoring.,3,3,2,4,2,0,,,,No stakeholders or field experts are identified or documented in the evaluation.,The evaluation addresses a single aspect of the design process—prototype performance and testing results—but is incomplete and overly general.,The summary is sparse with few specifics or details and lacks thorough synthesis of evaluation feedback.,"handle height fits users from 5' to 6'8""; components fit together properly; PVC strength sufficient to hold cart weight; steel reinforcement improves strength","The project’s external evaluation includes input from a primary stakeholder and two individuals with engineering-related backgrounds, providing a reasonable range of perspectives. However, only one evaluator is clearly a demonstrably qualified field expert, limiting the depth of professional expertise in the feedback. The inclusion of an engineering education student adds a useful viewpoint but does not fully meet the criteria for expert evaluation.

The student effectively documents specific feedback addressing key design aspects such as flexibility, material selection, ergonomics, and joint strength. This shows a solid understanding of the design challenges and reflects meaningful engagement with the evaluators’ input. However, the analysis remains largely descriptive, summarizing comments individually without fully integrating them into a cohesive evaluation.

The synthesis of the external evaluation is somewhat limited, primarily listing evaluator feedback rather than drawing broader conclusions or identifying patterns. To improve, the student should focus on combining evaluator insights to highlight trends or conflicts and explain how these influenced design decisions. Future evaluations would benefit from involving more demonstrably qualified experts and providing a more thorough, detailed synthesis that clearly connects feedback to project improvements.",2.666666667,3
Case005_554.pdf,,Placeholder text for scoring.,5,5,4,4,3,4,,,,No stakeholders or field experts are explicitly identified or documented as providing evaluation feedback.,"The document contains some discussion of design elements and testing experiences, but no clear external evaluation addressing specific aspects of the design or engineering process is documented.",There is no synthesis or summary of external evaluation feedback; the document mainly describes internal testing and observations without detailed or thorough external evaluation conclusions.,Safety; Aesthetic appeal and mood creation; Durability; Entertainment and effectiveness; Adaptability to classroom needs; Ease of use,"The project’s external evaluation is well-documented with input from multiple stakeholders and qualified field experts, including teachers, a mechanical engineer, and biomedical engineers. This diverse range of evaluators provides a strong foundation for comprehensive feedback relevant to the design’s context and technical aspects. The inclusion of direct interactions with the classroom and professionals demonstrates a thoughtful approach to gathering meaningful evaluation.

The student effectively analyzes and interprets the feedback by identifying key aspects such as safety, creativity, and user-specific customization. They clearly recognize the gap between the initial goals and the final product, showing an understanding of the design process and areas for improvement. The synthesis of evaluation comments is generally strong, combining multiple perspectives into coherent conclusions about the project’s limitations and future potential. However, the synthesis could be enhanced by deeper integration of all feedback points and more explicit connections between evaluator suggestions.

To improve future evaluations, the team should aim to provide more detailed synthesis that explicitly links all evaluator feedback, incorporate quantitative or testing data where possible, and develop specific, actionable plans based on the evaluation. Additionally, expanding stakeholder involvement to include more direct user testing or feedback could further strengthen the evaluation process.",4.666666667,4.666666667
Case006_130.pdf,,Placeholder text for scoring.,1,3,0,4,3,2,,,,No stakeholders or field experts are explicitly identified or documented as providing evaluation feedback.,"The document discusses some aspects of the design such as the handle, dispensing mechanism, and button, and mentions testing and observations about the dispenser's performance. However, the evaluation is incomplete and overly general, lacking detailed or comprehensive analysis.",The summary of evaluation is sparse and lacks specific details or thorough synthesis. The reflection on the dispenser's occasional blockage is noted but not deeply analyzed or connected to broader design implications.,Detect cancer tissue accurately; Detect cancer tissue faster than doctors; Detect multiple types of cancer tissue,"The project’s external evaluation includes input from multiple stakeholders and field experts, which is a strong foundation for comprehensive feedback. However, the qualifications of the field experts are not clearly demonstrated beyond their presence at the design-a-thon, which limits the strength of the evaluation sources. The documented feedback touches on various design elements such as solar integration, gravity use, and timers, indicating some engagement with the engineering aspects of the project.

Despite this, the analysis of the feedback is superficial. The comments are mostly brief and generic, lacking detailed critique or exploration of design decisions and engineering processes. The synthesis of the evaluation is limited to listing individual comments without drawing meaningful conclusions or identifying trends across the feedback. This reduces the usefulness of the evaluation for guiding future improvements.

To enhance the quality of evaluation, the student should seek clearer evidence of evaluator expertise and encourage more detailed, specific feedback focused on design and engineering processes. Additionally, synthesizing feedback by identifying common themes, agreements, or disagreements would provide deeper insights. Finally, articulating actionable recommendations based on the evaluation would strengthen reflection and future planning.",1.333333333,3.333333333
Case007_444.docx,,Placeholder text for scoring.,4,4,4,4,3,2,,,,"Only one stakeholder, Mr. Blanchard, is documented as providing feedback. No other stakeholders or demonstrably qualified field experts are mentioned.","The evaluation feedback is mostly general praise about the design's appearance and functionality, with some mention of improvements like adding more 3M tape. However, it lacks detailed discussion of multiple specific aspects of the design or engineering process.",The summary lists multiple feedback instances from the stakeholder but does not synthesize or analyze the feedback into clear conclusions or trends. The documentation is somewhat detailed but remains overly general and incomplete in integrating the feedback.,detect cancer tissue accurately; detect cancer tissue quickly; differentiate cancerous from healthy tissue,"The project demonstrates a strong and relevant external evaluation process, involving multiple stakeholders directly impacted by the design and two field experts with demonstrable qualifications. This breadth of evaluators provides a well-rounded perspective on the fidget toy’s effectiveness and usability in its intended context.

The student effectively analyzes and interprets the evaluation feedback by addressing several key design aspects such as noise, movement, size, and aesthetics. The feedback is clearly linked to the design’s functional goals and constraints, showing a thoughtful engagement with the evaluators’ insights.

The synthesis of the external evaluation is a notable strength, as it combines multiple comments into coherent trends and actionable conclusions. The student identifies the noise issue as a recurring theme and balances it against the design’s smooth movement, while also acknowledging the importance of color for user appeal. To improve, future evaluations could include more quantitative data or testing results, explicitly link feedback to design iterations, and propose more detailed plans for addressing identified issues. Additionally, clarifying the students’ feedback beyond the teacher’s report would strengthen stakeholder input.",4,5
Case008_555.docx,,Placeholder text for scoring.,5,5,5,2,2,1,,,,"Only one stakeholder, Mr. Blanchard, is documented as providing feedback. There is no mention of any other stakeholders or demonstrably qualified field experts.","The evaluation feedback is mostly general praise about the design's appearance and functionality, with some mention of adding more 3M tape and confirming the design met requirements. However, it lacks detailed discussion of multiple specific aspects of the design or engineering process.",The summary lists multiple feedback instances from the stakeholder but does not synthesize or analyze these comments into clear conclusions or trends. The summary is somewhat detailed but remains overly general and incomplete.,Device is programmable to move based on sunlight; Device uses a battery,"The project demonstrates a strong and relevant external evaluation process by involving multiple stakeholders directly impacted by the design, including the ESOL teacher and students, as well as two field experts with demonstrable qualifications related to education and fidget toy use. This breadth of evaluators provides a well-rounded perspective on the product’s effectiveness and usability.

The student effectively analyzes and interprets the evaluation feedback by addressing several key design aspects such as noise, size, movement, and aesthetics. The feedback is clearly linked to the design and engineering process, showing a comprehensive understanding of how the product meets user needs and where improvements are necessary.

The synthesis of the external evaluation is particularly strong, offering a detailed and specific summary that identifies meaningful trends and trade-offs, such as the balance between smooth movement and noise generation. The student also reflects on the importance of color for user appeal, demonstrating thoughtful consideration of user preferences. To further improve, the student could provide more explicit plans for addressing identified issues, such as noise reduction strategies or color integration. Additionally, including direct quotes or more detailed feedback from the students themselves could deepen the evaluation. Overall, the documentation reflects a mature and insightful evaluation process with clear connections between feedback and design decisions.",5,5
Case009_330.docx,,Placeholder text for scoring.,3,3,0,4,3,3,,,,No stakeholders or field experts are identified or documented as providing evaluation.,"The document contains minimal evaluation feedback, limited to a brief mention of testing humidity sensors on containers, without addressing specific aspects of the design or engineering process.",The summary is sparse and lacks specific details or thorough synthesis of any external evaluation.,"prototype noise level no louder than 10 decibels; prototype dimensions within specified size ranges; prototype durability with no parts coming apart; prototype movement interruptions no more than 7 in 32 seconds; prototype edges free of rough, sharp, or loose edges","The project’s external evaluation is strong in terms of diversity and relevance of evaluators, including multiple stakeholders and qualified field experts from architecture, biochemistry, and engineering. This breadth provides a solid foundation for comprehensive feedback on the design. However, some stakeholder roles are not fully justified, and a few evaluators lack clear qualification documentation.

The student documents feedback that touches on several design aspects such as chemical safety, water distribution, and structural stability, showing an understanding of key engineering concerns. Yet, the analysis remains somewhat surface-level, with some feedback being general or lacking detailed connection to the design process. The student could deepen their interpretation by linking feedback more explicitly to design decisions or testing outcomes.

The synthesis of the external evaluation is the weakest area. The summary is brief and does not integrate multiple comments into broader conclusions or identify meaningful trends. To improve, the student should focus on combining evaluator insights to highlight common themes, disagreements, or actionable recommendations. Future evaluations would benefit from more detailed reflection and clearer articulation of how feedback informs design iteration and improvement.",2,3.666666667
Case010_550.docx,,Placeholder text for scoring.,5,5,0,4,3,3,,,,No stakeholders or field experts are identified or documented as providing evaluation.,"The document contains minimal evaluation feedback, limited to a brief mention of testing humidity sensors on containers, but lacks comprehensive analysis or coverage of design aspects.","The summary is sparse and lacks specificity, detail, or thorough synthesis of any external evaluation.",prototype noise level no louder than 10 decibels; prototype dimensions within specified size ranges; prototype parts remain connected under use; prototype movement has limited interruptions; prototype edges are smooth and free of roughness,"The project’s external evaluation demonstrates strong engagement with a diverse group of evaluators, including multiple stakeholders and qualified field experts. This breadth of input provides a solid foundation for understanding various perspectives related to the design. The inclusion of professionals with relevant expertise, such as an architect, biochemist, and engineer, adds credibility and depth to the evaluation.

The student effectively documents specific feedback addressing key design aspects like chemical safety, water distribution, and structural stability, showing an awareness of important engineering considerations. However, the analysis remains somewhat surface-level, with some feedback being general or lacking detailed exploration of the design process. The synthesis of evaluation comments is notably weak; it does not integrate multiple perspectives into clear trends or actionable insights, limiting the usefulness of the reflection.

To improve, the student should focus on developing a more thorough synthesis that combines evaluator feedback into broader conclusions and identifies recurring themes. Providing specific, detailed takeaways and clearly articulating how the feedback informs design decisions would strengthen the evaluation. Additionally, ensuring all stakeholder roles and qualifications are clearly justified and expanding the scope of evaluation to cover more engineering design process aspects would enhance the overall quality and impact of the documentation.",3.333333333,3.666666667
Case011_112.docx,,Placeholder text for scoring.,1,1,2,5,5,5,,,,"The document identifies multiple stakeholders and field experts: Ms Brenan as a stakeholder, students as users, and experts from Drexel University. The Drexel experts are referenced as providing consensus on flow rate, implying demonstrable qualification. Thus, there are at least two stakeholders and two qualified field experts documented.","The evaluation feedback addresses multiple aspects of the design and engineering process, including prototype performance (water flow, weight, safety), usability (student functionality, appearance), testing results (quantitative flow rate, weight, safety edges), and design decisions (handle colors, mirror addition). The evaluation also discusses constraints and improvement needs, showing comprehensive coverage.","The synthesis summarizes evaluation results in a generally-specific, detailed, and thorough way. It integrates multiple evaluator comments into conclusions about strengths and weaknesses, such as flow rate adequacy, portability, safety concerns, and appearance. However, some synthesis is descriptive rather than deeply analytical, and some improvement suggestions are general rather than highly specific.",,"The project’s external evaluation is limited to a single stakeholder who is also a qualified field expert, which provides some credibility but restricts the breadth of perspectives. This narrow involvement limits the diversity of feedback and reduces the robustness of the evaluation process. Expanding the range of stakeholders and experts would enhance the evaluation’s relevance and depth.

The student identifies a specific piece of feedback regarding the need for a waterproof housing for the Arduino, which is relevant to the design. However, the analysis of this feedback is minimal and does not explore other aspects of the design or the engineering process. The reflection lacks depth and does not consider multiple facets or potential improvements beyond the single comment.

The synthesis of the evaluation is brief and lacks integration of multiple comments or identification of trends. To improve, the student should seek feedback from multiple stakeholders and experts, document diverse aspects of the design and process, and provide a more thorough synthesis that draws meaningful conclusions and actionable recommendations. Additionally, elaborating on how the feedback will inform future iterations would strengthen the evaluation and reflection.",1.333333333,1.333333333
Case012_231.pdf,,Placeholder text for scoring.,2,3,1,5,5,5,,,,"The document identifies five stakeholders who operated the paddle, but they are all from the same classroom and no field experts are documented. The roles of these stakeholders are somewhat clear as users, but no demonstrably qualified experts are involved.","The evaluation addresses some aspects of the design, such as usability (user operation success), durability (damage to tool), and safety (injury to users). However, the evaluation is incomplete and somewhat general, lacking depth in analysis or coverage of multiple design aspects.","The summary of external evaluation is somewhat specific with some details (e.g., one user broke the string), but it is incomplete and overly general. There is no thorough synthesis or integration of feedback into clear conclusions or recommendations.",,"The project’s external evaluation demonstrates a solid effort to involve relevant stakeholders and a qualified field expert. The inclusion of a homeowner and the fire department as stakeholders is appropriate, and the detailed qualifications of Dr. Jim Milke provide strong expert input. This diversity of perspectives strengthens the evaluation, though expanding the number of field experts would further enhance the feedback quality.

The student effectively documents specific feedback addressing multiple design aspects, such as furniture placement, fire detection, and suppression system functionality. This shows a good understanding of the engineering design process and the importance of practical considerations. However, some feedback, particularly from the fire department, is indirect and based on secondary sources rather than direct interaction.

The synthesis provides a reasonable summary of the evaluation, highlighting key takeaways and the need for future stakeholder and expert engagement. Yet, it lacks deeper integration of evaluator comments into broader trends or actionable insights. To improve, the student should aim to connect evaluator feedback more explicitly, identify recurring themes, and propose detailed, feasible design changes. Additionally, arranging direct meetings with all stakeholders and experts and documenting their input would strengthen future evaluations and reflections.",2,3.666666667
Case013_121.pdf,,Placeholder text for scoring.,1,2,1,4,3,3,,,,"The document identifies five people within the classroom as evaluators (stakeholders), but no field experts are mentioned or demonstrated as qualified.","The evaluation addresses some aspects of the design such as usability (operation success), durability (damage to tool), and safety (injury to users), but the coverage is somewhat incomplete and lacks depth in analysis.","The summary of external evaluation is somewhat specific with some details (e.g., one user broke the string), but it is incomplete and overly general without thorough synthesis or integration of feedback into clear conclusions.",accurate soil moisture readings; real-time feedback on soil moisture; sustainable power usage,"The project’s external evaluation demonstrates a solid effort to involve relevant stakeholders and a qualified field expert, which strengthens the credibility of the feedback. The inclusion of a homeowner and the fire department as stakeholders is appropriate, and the detailed qualifications of Dr. Jim Milke provide valuable expert insight. However, the evaluation could be enhanced by engaging additional field experts to broaden perspectives.

The student effectively documents specific feedback addressing multiple design aspects, such as furniture placement, fire detection, and suppression system functionality. This shows a good understanding of the design challenges and the engineering process. Nonetheless, some feedback, particularly from the fire department, is indirect and based on secondary data rather than direct consultation, which slightly limits its impact.

The synthesis of the evaluation feedback identifies important takeaways, including the need for redesign and increased stakeholder engagement. Yet, it remains somewhat general and does not fully integrate the various comments into a cohesive analysis of trends or patterns. To improve, the student should aim to provide a more detailed, specific synthesis that connects evaluator insights and outlines clear, actionable steps. Future evaluations would benefit from arranging direct meetings with all stakeholders and experts and documenting their feedback comprehensively.",1.333333333,3.666666667
Case014_350.docx,,Placeholder text for scoring.,3,5,0,4,4,4,,,,"The document identifies five stakeholders who operated the paddle, but they are all from the same classroom and no field experts are documented or demonstrably qualified.","The evaluation addresses some aspects of the design such as usability (operator success and damage to tool) and safety (injury potential), but the coverage is incomplete and lacks depth in analysis or other design process aspects.","The summary of external evaluation is somewhat specific with some details on trial results and possible bias, but it is incomplete, overly general, and lacks thorough synthesis or integration of evaluator feedback.",Verify layout dimensions match design plans; Assess material strength for construction; Evaluate structural stability of the build,"The project includes feedback from multiple stakeholders and field experts, which is a strong foundation for external evaluation. However, the roles of some evaluators overlap without clear distinction, and one field expert's qualifications are not strongly demonstrated. This limits the strength of the evaluation sources. The documented feedback tends to be general and focused on presentation aspects rather than specific design or engineering process elements. While some comments suggest usability and content improvements, the evaluation lacks depth and breadth in addressing multiple design aspects.

The student does not provide a synthesis of the external evaluation, missing an opportunity to analyze and integrate the feedback into meaningful conclusions or actionable insights. Without a thorough summary, it is difficult to understand the overall impact of the evaluation on the project or identify key trends and recommendations. To improve, the student should clearly separate stakeholder and expert roles, seek more detailed and design-focused feedback, and develop a comprehensive synthesis that highlights patterns and actionable takeaways. Additionally, documenting how feedback informs design iterations would strengthen the evaluation process and demonstrate reflective practice.",2.666666667,2.333333333
Case015_221.pdf,,Placeholder text for scoring.,2,2,1,4,4,4,,,,"The document references multiple people providing feedback on ease of use, appearance, and size, indicating involvement of multiple stakeholders. However, no field experts are identified or demonstrated as qualified.","The evaluation addresses several aspects of the design including usability (ease of use), aesthetics (appearance), size, and performance under load (weight affecting rotation). These are clearly tied to design requirements and testing results.","The summary provides some specific details about test results and implications, such as difficulty turning under weight and appearance improvements. However, it lacks thorough synthesis or integration of feedback into clear conclusions or trends across evaluators.",Verify layout dimensions match design plans; Assess material strength for construction; Evaluate structural stability of the build,"The project’s external evaluation is centered on a single primary stakeholder, Mr. Kiser, whose feedback is well documented and relevant to the design. While the involvement of only one stakeholder limits the diversity of perspectives, the detailed nature of his evaluation provides valuable insights into key design considerations such as ergonomics, durability, and manufacturing challenges. Expanding the evaluation to include multiple stakeholders or qualified field experts would strengthen the project’s external validation.

The student effectively analyzes and interprets the evaluation feedback by identifying multiple distinct aspects of the design and engineering process. The feedback is not generic; it addresses specific concerns and recommendations related to material selection, user comfort, manufacturing efficiency, and safety compliance. This demonstrates a strong understanding of the evaluation’s relevance to the project’s development.

The synthesis of the evaluation is detailed and integrates various points into coherent conclusions and actionable improvements. The student clearly articulates trends and priorities, such as durability testing and user-friendly adjustments, which are feasible and useful for guiding future iterations. To improve, the student should seek additional evaluators to broaden feedback, explicitly document expert qualifications if applicable, and deepen reflection on potential disagreements or trade-offs in the evaluation. Including more diverse perspectives and critical analysis will enhance the robustness and credibility of the project’s evaluation.",1.666666667,3.666666667
Case016_543.docx,,Placeholder text for scoring.,5,4,3,3,2,2,,,,"The document references multiple people providing feedback, but their roles as stakeholders or field experts are not clearly identified or demonstrated. There is no evidence of demonstrably qualified field experts.","The evaluation addresses multiple aspects of the design, including stability, appearance, size, and ease of use. The feedback is tied to specific tests and observations, though some are based on subjective opinions rather than quantitative data.","The summary provides some detail on test results and implications, but the synthesis is somewhat general and incomplete. It lists observations and next steps but lacks thorough integration of feedback into clear, detailed conclusions or trends.",test all high-priority requirements; collect raw data with multiple trials; analyze data with appropriate charts and graphs; summarize data implications for design improvements,"The project benefits from a strong and relevant external evaluation involving multiple stakeholders and qualified field experts, which provides a solid foundation for meaningful feedback. The evaluators bring diverse perspectives from fire protection engineering and education, contributing valuable insights into the design’s strengths and limitations, particularly regarding the Arduino system and suppression method.

While the feedback addresses specific design elements and raises important concerns about realism and water volume, the analysis remains somewhat surface-level. The student documents individual comments but does not deeply analyze or interpret these evaluations to identify broader implications or areas for improvement in the design process.

The synthesis of the external evaluation is notably weak, lacking a cohesive summary that integrates multiple evaluator perspectives into clear conclusions or actionable recommendations. To improve, the student should focus on developing a detailed synthesis that highlights common themes, agreements, or disagreements among evaluators. Additionally, expanding reflection on how feedback informs design iteration and proposing specific, feasible improvements would enhance the evaluation’s usefulness and demonstrate deeper engagement with the external review process.",4,3.666666667
Case017_554.docx,,Placeholder text for scoring.,5,5,4,5,5,5,,,,No stakeholders or field experts are identified or documented as providing evaluation.,The document discusses intended tests and their priorities but contains no actual evaluation data or feedback addressing design or engineering aspects.,"The summary is sparse and general, lacking specific details or thorough synthesis of any external evaluation.",material durability; ergonomic comfort and usability; user satisfaction and feedback incorporation; safety compliance and elimination of hazards,"The project’s external evaluation is strong in terms of the diversity and qualifications of evaluators. The student engaged multiple stakeholders with relevant fire protection backgrounds and two field experts with demonstrated engineering teaching experience, providing a solid foundation for meaningful feedback. This breadth of evaluators enhances the credibility and relevance of the evaluation.

The documented feedback addresses specific design elements, such as the Arduino-based detection system and the water balloon suppression method. Evaluators provided constructive criticism regarding the realism and effectiveness of the suppression system, indicating thoughtful engagement with the design. However, some feedback remains somewhat general and could benefit from deeper analysis or more detailed technical critique.

A notable weakness is the lack of a thorough synthesis of the external evaluation. The student did not integrate or analyze the feedback to identify overarching trends, patterns, or actionable insights. Future improvements should include a detailed summary that combines evaluator perspectives, highlights agreements or disagreements, and draws clear conclusions to guide design iteration. Additionally, expanding on how the feedback informs specific design changes or future work would strengthen the evaluation documentation and demonstrate reflective engineering practice.",4.666666667,3.666666667
Case018_255.pdf,,Placeholder text for scoring.,2,5,5,4,3,4,,,,No stakeholders or field experts are identified or documented as providing evaluation.,The document discusses intended tests and their priorities but contains no actual evaluation data or feedback addressing design or engineering aspects.,"The summary is sparse, lacking specific details or thorough synthesis of any external evaluation.",,"The project’s external evaluation is well-documented, involving multiple stakeholders, including zookeepers as end-users, and a qualified mechanical engineering expert. This diversity of evaluators provides a strong foundation for comprehensive feedback relevant to both practical use and technical feasibility. The inclusion of detailed feedback from these sources enhances the credibility and relevance of the evaluation.

The student effectively analyzes and interprets the evaluation feedback by addressing several key design aspects such as usability, safety, durability, and modularity. The feedback is clearly connected to specific design elements, demonstrating a deep understanding of the engineering design process. The student’s reflection goes beyond surface-level comments, showing thoughtful consideration of the evaluators’ concerns and suggestions.

The synthesis of the external evaluation is particularly strong, combining multiple evaluator perspectives into coherent themes and actionable recommendations. The proposed improvements, such as refining the sliding mechanism and using stronger, corrosion-resistant materials, are specific, feasible, and directly address identified issues. To further improve, the student could explicitly clarify the qualifications of all evaluators, include more than one field expert if possible, and provide evidence of iterative testing based on feedback. Additionally, expanding on how future evaluations will be integrated could strengthen the reflection and planning process.",4,5
Case019_000.pdf,,Placeholder text for scoring.,0,0,0,4,3,3,,,,No stakeholders or field experts are identified or documented as providing evaluation.,The document discusses intended tests and their priorities but contains no actual evaluation data or feedback addressing design or engineering aspects.,"The summary is sparse, lacking specific details or thorough synthesis of any external evaluation.",,"The project documentation lacks evidence of external evaluation from stakeholders or field experts, which limits the ability to assess the design from diverse or professional perspectives. Although the team mentions seeking advice from experts in mechanical engineering and physics, no specific feedback, identities, or qualifications of these experts are documented, resulting in no verifiable external evaluation. This absence restricts the depth and breadth of the evaluation process.

Furthermore, the document does not present any external evaluation feedback addressing the design or engineering process aspects. The evaluation described is entirely internal, focusing on team brainstorming, decision matrices, and design selection without incorporating external critique or validation. Consequently, there is no analysis or synthesis of external feedback, which is critical for identifying design strengths, weaknesses, or improvement opportunities.

To improve, the team should document specific external evaluators, their qualifications, and detailed feedback received. They should also analyze and synthesize this feedback to identify trends, actionable insights, and design implications. Including direct quotes or summaries of expert and stakeholder input, followed by thoughtful reflection, would strengthen the evaluation quality and support more informed design decisions.",0,1.666666667
Case020_300.docx,,Placeholder text for scoring.,3,0,0,4,4,5,,,,"The document identifies dormitory residents as stakeholders who provided evaluation feedback. No field experts are mentioned, and only one stakeholder group is documented.","The evaluation addresses multiple aspects of the design, including prototype performance (weight capacity, waterproofing), usability (placement and accessibility), and design constraints (size and stability). However, the evaluation lacks depth in some areas and does not cover the engineering design process comprehensively.","The summary provides some specific details about the evaluation results and identifies a needed improvement (leveling the device). However, it is somewhat general and lacks thorough synthesis or integration of multiple evaluator perspectives.",strength of toggle clamps and box connection; ease of use and ergonomics of door mechanism; durability and long-term wear resistance; friction reduction in guillotine door sliding,"The project’s external evaluation includes input from multiple individuals, notably Ms. Ross, who is a demonstrably qualified electrical engineer, and two IT personnel, Greg and Robert, who provide technical support. This diversity of evaluators is a strength, though the roles of Greg and Robert as field experts are less clearly established. The inclusion of stakeholders adds value, but the documentation could better clarify their specific contributions to evaluation.

The analysis of the evaluation feedback is limited and somewhat superficial. While the student notes general positive feedback and a couple of suggestions, the discussion lacks depth and does not clearly address multiple aspects of the design or engineering process. The feedback is mostly generic, and the student misses opportunities to explore specific design challenges or iterative improvements.

The synthesis of the external evaluation is brief and does not fully integrate the various comments into meaningful conclusions or actionable insights. To improve, the student should aim to document more detailed and specific feedback, explicitly connect evaluation comments to design decisions or process aspects, and provide a thorough synthesis that identifies trends or patterns. Additionally, clarifying the roles and qualifications of evaluators and expanding on how feedback informs future iterations would strengthen the evaluation documentation.",1,2.333333333
Case021_321.docx,,Placeholder text for scoring.,3,2,1,4,3,4,,,,"The document identifies dormitory residents as stakeholders who provided evaluation feedback. No field experts are mentioned, and only one stakeholder group is documented.","The evaluation feedback addresses some aspects of the design, such as prototype performance (weight capacity, waterproofing), usability (placement and accessibility), and design constraints (size and stability). However, the evaluation is somewhat general and lacks depth in multiple aspects.","The summary provides some specific details about the design's strengths and a single improvement area (levelness). However, it is somewhat general and lacks thorough synthesis or integration of multiple evaluator perspectives.",durability under extended use and impact; ease and speed of removability; compactness to preserve cart loading space; push-only functionality with manageable pulling force; stability of the cart during pulling,"The project’s external evaluation includes input from multiple individuals, notably Ms. Ross, who is a demonstrably qualified electrical engineer, and two IT personnel with practical experience. This diversity provides a reasonable range of perspectives, though the roles of Greg and Robert as field experts are less clearly established. Stakeholders are mentioned but not clearly differentiated from experts, limiting clarity on the breadth of evaluation sources.

The feedback received is quite general, highlighting that the project is 'really good' but needs improvements such as an advanced prototype and support for a pillbox with multiple daily doses. While these comments touch on design aspects, they lack specificity and depth, offering limited insight into the engineering design process or detailed critique.

The synthesis of this feedback is minimal and does not effectively integrate or analyze the evaluators’ input. The summary misses opportunities to identify patterns or actionable recommendations beyond the brief mention of needed improvements. To enhance future evaluations, the student should seek more detailed, specific feedback from clearly identified stakeholders and experts, document distinct evaluation aspects, and provide a thorough synthesis that draws meaningful conclusions and actionable next steps. Additionally, clarifying the roles and qualifications of evaluators and expanding on how feedback informs design iterations would strengthen the evaluation documentation.",2,2
Case022_321.docx,,Placeholder text for scoring.,3,2,1,4,4,3,,,,No stakeholders or field experts are identified or documented as evaluators.,The evaluation feedback is general and focuses on testing outcomes and trial-and-error but lacks clear connection to specific aspects of the design or engineering process.,The summary is sparse and provides few specific details or thorough synthesis of evaluation feedback.,Durability of the ROV frame; Maneuverability in multiple directions; Effectiveness of microplastic collection; Ease of control operation,"The project’s external evaluation includes input from multiple individuals, notably Ms. Ross, who is a demonstrably qualified electrical engineer, and two IT staff members with practical experience. However, the roles of Greg and Robert are not clearly defined as field experts, and the stakeholders are not distinctly identified, which limits the strength of the evaluation sources. While the inclusion of these evaluators is a positive step, clearer documentation of their expertise and stakeholder roles would enhance the evaluation’s credibility.

The feedback provided is quite general, noting that the project is 'really good' but requires some improvements such as an advanced prototype and support for a pillbox with multiple daily doses. This feedback touches on design aspects but lacks depth and specificity, limiting its usefulness for guiding detailed improvements. The student’s synthesis of this feedback is minimal and does not integrate multiple comments into broader conclusions or actionable insights, resulting in a superficial reflection.

To improve, the student should seek more detailed and specific feedback addressing multiple design or process aspects, clearly document the roles and qualifications of evaluators, and provide a thorough synthesis that identifies trends and actionable recommendations. Additionally, expanding the evaluation to include more diverse stakeholders and experts would strengthen the project’s external validation and support more meaningful iteration.",2,2
Case023_211.docx,,Placeholder text for scoring.,2,1,1,4,4,3,,,,No stakeholders or field experts are identified or documented in the evaluation.,No external evaluation feedback is documented that addresses any aspect of the design or engineering design process.,No synthesis or summary of external evaluation is present.,Durability of the ROV frame; Maneuverability in multiple directions; Effectiveness of microplastic collection; Ease of control operation,"The project’s external evaluation is strong in terms of diversity and relevance of evaluators, including multiple stakeholders and several field experts with demonstrated qualifications. This breadth provides a solid foundation for meaningful feedback on the design. The evaluators address important design considerations such as weather resistance, material durability, assembly ease, and iterative improvements, which are relevant to the engineering design process.

However, the student’s analysis of the evaluation feedback is somewhat limited. While multiple aspects of the design are mentioned, the feedback is often general or focused on presentation rather than deep technical critique. The synthesis of the evaluation is brief and primarily restates individual comments without combining them into broader conclusions or identifying patterns and actionable recommendations. This limits the usefulness of the reflection for guiding future improvements.

To improve, the student should aim to provide a more detailed synthesis that integrates evaluator feedback into clear trends and specific takeaways. They should also focus on deeper analysis of design strengths and weaknesses, and propose concrete, feasible improvements based on the evaluation. Additionally, distinguishing between presentation feedback and design/process feedback would strengthen the evaluation’s relevance. Finally, documenting how the feedback will inform next steps would enhance the reflection’s value.",1.333333333,3.666666667
Case024_251.docx,,Placeholder text for scoring.,2,5,1,3,2,1,,,,No stakeholders or field experts are named or documented as providing evaluation feedback.,No external evaluation feedback is documented that addresses any aspect of the design or engineering design process.,No synthesis or summary of external evaluation is present.,pillbox fits user medication; notify user if medication not taken within 24 hours; mechanics fit into box to optimize space; screen displays medication status; door sensor resets timer when box opened,"The project benefits from a robust external evaluation involving multiple stakeholders and several qualified field experts, providing a diverse range of perspectives on the design. This breadth of evaluators strengthens the credibility and relevance of the feedback, particularly regarding material choices, weather resistance, and assembly considerations.

While the student documents various specific feedback points addressing design aspects such as iterations and environmental factors, the analysis remains somewhat superficial. The feedback is often paraphrased individually without deeper interpretation or connection between comments. This limits the insight gained from the evaluation and reduces the potential to identify overarching trends or critical areas for improvement.

The synthesis of the evaluation is minimal, summarizing general success and a single improvement suggestion without elaborating on how multiple comments interrelate or what specific actionable steps should be prioritized. To enhance future evaluations, the student should focus on integrating evaluator feedback into coherent themes, providing detailed analysis of strengths and weaknesses, and proposing clear, feasible recommendations. Additionally, expanding reflection on testing outcomes and design trade-offs would deepen the evaluation’s impact and usefulness.",2.666666667,3.666666667
Case025_313.pdf,,Placeholder text for scoring.,3,1,3,3,2,1,,,,"The document references two types of evaluators: zookeepers and human participants simulating bears. The zookeepers provided bite force data, indicating some field expertise, but their qualifications are not fully demonstrated. The human participants are stakeholders in the sense of user testing but are not clearly identified as stakeholders or experts. Thus, there is evidence of two stakeholders or field experts, but not multiple or clearly demonstrably qualified experts.","The evaluation addresses multiple clear aspects of the design and engineering process, including prototype performance (durability, size, and capacity), testing results (time to access, durability under simulated forces), usability (ease of access, ergonomics), and analysis of these results. The document provides detailed testing procedures and results, covering functional, durability, and usability testing.","The synthesis summarizes the evaluation results in a generally-specific, detailed, and thorough way. It integrates findings from different tests and participants, discusses limitations, and draws conclusions about design effectiveness and durability. However, the synthesis could be more explicitly integrative and highlight trends or patterns across evaluator feedback more clearly to reach the highest level.",pillbox fits user's medication; notify user if medication not taken within 24 hours; electronics fit inside box to optimize space; screen displays medication status; door sensor resets timer when box opened,"The project’s external evaluation involved multiple stakeholders who provided quantitative scores and qualitative feedback, demonstrating a broad range of perspectives. However, the document does not establish that any of these evaluators are demonstrably qualified field experts, which limits the depth of professional insight into the design. The involvement of numerous stakeholders is a strength, but future efforts could benefit from including experts with relevant technical backgrounds.

The student effectively documents feedback that addresses several aspects of the design and engineering process, such as motor specifications, design features, and project presentation. This shows a reasonable level of analysis and engagement with the evaluators’ comments. Nonetheless, some feedback remains generic or focused on presentation rather than core design elements, which slightly weakens the comprehensiveness of the evaluation.

The synthesis of the external evaluation identifies key trends, including the solid and creative nature of the design and areas needing improvement like motor size and problem explanation. While this summary integrates multiple comments, it lacks detailed analysis or specific actionable recommendations. To improve, the student should aim to deepen synthesis by explicitly connecting evaluator feedback to design decisions, highlighting patterns, and proposing concrete next steps. Additionally, clarifying the qualifications of evaluators and focusing feedback more on engineering aspects would enhance the evaluation’s rigor and usefulness.",2.333333333,3
Case026_352.pdf,,Placeholder text for scoring.,3,5,2,3,2,1,,,,"The document references two stakeholders: zookeepers and human participants simulating bears. The zookeepers provided bite force data, indicating some field expertise, but their qualifications are not fully demonstrated. The human participants include one design team member and one unaffiliated individual, serving as stakeholders. No multiple demonstrably-qualified field experts are documented.","The evaluation addresses multiple clear aspects of the design and engineering process, including prototype performance (durability, ease of access), testing results (time to open/close, PSI handling), analysis of data, and usability feedback from participants. The document covers baseline measurements, functional testing, durability, and user interaction comprehensively.","The summary synthesizes evaluation results in a generally-specific, detailed, and thorough way, discussing trends such as durability exceeding requirements, usability challenges, and design intentions. However, some synthesis could be deeper, especially regarding limitations and future improvements.",pillbox fits user's medication; notify user if medication not taken within 24 hours; electronics fit inside box to optimize space; screen displays medication status; door sensor resets timer when box opened,"The project’s external evaluation involved multiple stakeholders who provided quantitative scores and qualitative feedback, demonstrating a broad range of perspectives. However, the absence of demonstrably qualified field experts limits the depth of professional insight into the design. The stakeholders’ comments addressed various design elements, including motor specifications, design creativity, and presentation quality, indicating engagement with the project’s technical and communicative aspects.

The student effectively documented and reflected on the feedback, identifying key areas for improvement such as motor size and explanation clarity. While the evaluation feedback touches on relevant design and process aspects, some comments are vague or focus more on presentation than engineering specifics. The synthesis of the external evaluation captures general trends and common themes but remains somewhat superficial, lacking detailed integration of feedback into actionable recommendations.

To enhance future evaluations, the student should seek input from qualified field experts to deepen technical critique. Additionally, providing more detailed analysis of feedback patterns and explicitly linking them to design iterations would strengthen reflection. Finally, developing clearer, prioritized action plans based on evaluation insights would improve the usefulness and impact of the evaluation process.",3.333333333,3
Case027_140.pdf,,Placeholder text for scoring.,1,4,0,3,3,2,,,,No stakeholders or field experts are explicitly identified or documented as providing evaluation.,"The evaluation feedback is very general and mostly descriptive of observations (e.g., water quality, plant growth, fish health) without addressing specific aspects of the design or engineering process such as testing methods, design decisions, or iteration.",The summary is sparse and lacks specific details or synthesis of evaluation feedback. It mainly restates observations without integrating or analyzing evaluator comments or drawing meaningful conclusions.,cover multiple plants; made from strong material; protect plants from sun damage; easy to put together,"The project’s external evaluation effectively involves multiple stakeholders, including educators, parents, and students, providing a broad perspective on the Makey Makey kits’ usability and educational impact. However, the absence of demonstrably-qualified field experts limits the depth of professional insight into the design’s technical or pedagogical aspects.

The student demonstrates a solid understanding of the evaluation feedback by addressing several key aspects of the design process, such as usability, engagement, and learning outcomes. The inclusion of both survey and observational data strengthens the comprehensiveness of the evaluation. Nonetheless, some feedback areas could be more fully developed to provide a complete picture.

While the synthesis captures general trends and highlights common challenges and successes, it tends to list or paraphrase comments rather than deeply integrating them into a cohesive analysis. To improve, the student should focus on combining evaluator insights to identify overarching themes, contradictions, or patterns and draw clearer, actionable conclusions. Additionally, involving qualified field experts and expanding the depth of feedback analysis would enhance the evaluation’s rigor and usefulness for future iterations.",1.666666667,3.333333333
Case028_211.pdf,,Placeholder text for scoring.,2,1,1,3,3,2,,,,No stakeholders or field experts are explicitly identified or documented as providing evaluation.,"The evaluation feedback is very general and vague, mostly describing observations rather than addressing specific aspects of the design or engineering process.",The summary is sparse and lacks specific details or thorough synthesis of evaluation feedback.,cover multiple plants; use strong material; protect plants from sun damage; easy to assemble,"The project’s external evaluation includes input from one stakeholder and one field expert, which provides a basic but limited range of perspectives. While these evaluators offer relevant feedback related to the prototype and design process, the involvement of additional stakeholders and experts would strengthen the evaluation by providing more diverse and comprehensive insights.

The student documents some specific feedback addressing aspects such as mold flow, hose connection, and clearance limits, indicating an awareness of design challenges. However, the analysis of this feedback is somewhat superficial and does not fully explore the implications or deeper aspects of the design process. The synthesis of the evaluation is brief and primarily lists evaluator comments without integrating them into broader conclusions or identifying patterns.

To improve, the student should seek evaluations from multiple stakeholders and qualified experts to enrich the feedback. Additionally, deeper analysis and reflection on the feedback would help identify meaningful trends and actionable insights. Finally, a more thorough synthesis that connects evaluator comments into clear takeaways and recommendations would enhance the usefulness of the evaluation and guide future design improvements.",1.333333333,2.333333333
Case029_121.docx,,Placeholder text for scoring.,1,2,1,3,3,2,,,,"The document references one named individual, Mr. Roberson, who provided feedback and is presumably a field expert, though his qualifications are not demonstrated. Additionally, stakeholders are mentioned but not identified or described. Thus, there is evidence of two evaluators but only one named and no clear demonstration of multiple qualified experts.","The evaluation feedback addresses some aspects of the design, such as the basin, pump, overall height, and plant growth considerations. However, the feedback is somewhat general and lacks detailed data or comprehensive analysis. The evaluation touches on testing and future data collection but is incomplete and vague.","The summary of the external evaluation is somewhat specific and includes some details about design elements needing improvement. However, it is incomplete, overly general in parts, and lacks thorough synthesis or integration of multiple evaluator comments into clear conclusions or trends.",power supply adequacy; motor strength for material movement; protection of electronics from water; reduction of friction in rollers; durability of string,"The project’s external evaluation involved input from the school community and a teacher stakeholder, which provides some relevant perspectives but is limited in scope and lacks involvement of multiple qualified field experts. This restricts the breadth and depth of external feedback available to inform the design process.

The student demonstrates an adequate understanding of the evaluation feedback by identifying usability challenges with the locking mechanism and incorporating a teacher’s suggestion to improve the design. However, the analysis remains somewhat surface-level and does not fully explore multiple aspects of the design or engineering process. The reflection tends to focus on isolated comments rather than synthesizing feedback into broader insights or patterns.

The synthesis of evaluation feedback is somewhat specific but lacks thoroughness and integration. The student notes some lessons learned and adjustments made but misses opportunities to draw deeper conclusions or identify recurring themes across feedback. To improve, future work should seek more diverse and qualified evaluators, document detailed and varied feedback, and develop a more comprehensive synthesis that connects multiple comments into actionable insights. Additionally, explicitly linking evaluation feedback to design iterations and future plans would strengthen reflection and project development.",1.333333333,2
Case030_000.docx,,Placeholder text for scoring.,0,0,0,3,3,2,,,,"Only one evaluator, Mr. Roberson, is mentioned. His role as a field expert or stakeholder is not clearly demonstrated or qualified.","The evaluation feedback addresses some aspects of the design, such as basin, pump, and height, and mentions testing and analysis. However, the feedback is incomplete and lacks detailed data.","The summary is somewhat specific and includes some details about design issues and future questions, but it is incomplete, overly general, and lacks thorough synthesis or integration of multiple evaluator comments.",power supply effectiveness; motor capability to turn material; protection of electronics from water; reduction of friction in rollers; durability of string,"The project’s external evaluation involved gathering opinions from the school community and a teacher stakeholder, which provides some relevant perspectives but lacks diversity and demonstrable expertise. This limits the breadth and depth of the evaluation input. The student documents some feedback related to the design’s usability and testing outcomes, showing awareness of challenges such as difficulty aligning the locking mechanism and the need for an instruction panel. However, the evaluation feedback is somewhat limited in scope and does not comprehensively address multiple aspects of the design or engineering process.

The student reflects on the feedback and incorporates some troubleshooting steps, but the synthesis of evaluation is mostly descriptive rather than analytical. The summary does not clearly identify patterns or broader takeaways from the external evaluation, and it misses opportunities to connect different pieces of feedback into actionable insights. Future reflections would benefit from deeper analysis and integration of evaluator comments to draw meaningful conclusions.

To improve, the student should seek input from multiple, clearly identified stakeholders and qualified field experts to enrich evaluation quality. They should also document evaluation feedback more comprehensively across design and process aspects. Finally, enhancing synthesis by identifying trends and actionable recommendations will strengthen reflection and future planning.",0,2.333333333
Case031_551.pdf,,Placeholder text for scoring.,5,5,1,4,3,4,,,,"Only one stakeholder group, the senior class, is documented as providing evaluation feedback. No field experts or demonstrably qualified evaluators are mentioned.","The evaluation feedback addresses some aspects of the design, such as cleanliness and usability of bathroom trashcans and storage, but the coverage is limited and somewhat general.",The summary lists survey results and quotes but lacks synthesis or integration of feedback into clear conclusions or detailed analysis.,Device scalability and accuracy; User input accuracy; Peak hour classification,"The project includes a commendable range of external evaluators, featuring multiple stakeholders and several field experts with relevant qualifications. This breadth of evaluation sources strengthens the credibility of the feedback and shows a good effort to engage diverse perspectives. However, one stakeholder group did not provide feedback, and the document does not clarify distinct roles for evaluators who appear in multiple categories.

While the student documents that feedback was received, the evaluation comments are largely generic, focusing on overall satisfaction and positive impressions without addressing specific design or engineering aspects. This limits the usefulness of the evaluation for guiding improvements or understanding project strengths and weaknesses. The synthesis section summarizes the positive feedback but lacks depth, failing to identify meaningful trends or actionable insights from the evaluators’ comments.

To improve, the student should seek more detailed and specific feedback that addresses concrete design elements or process steps. Future evaluations would benefit from explicitly linking feedback to design decisions, testing outcomes, or usability considerations. Additionally, the synthesis should integrate multiple comments to highlight patterns or contradictions and draw clear conclusions that inform next steps. Including direct quotes or examples from evaluators could also enhance the analysis and reflection.",3.666666667,3
Case032_440.pdf,,Placeholder text for scoring.,4,4,0,4,3,4,,,,"The evaluation includes input from one clear stakeholder group, the senior class, but no demonstrably qualified field experts are documented.","The evaluation addresses some aspects of the design, such as cleanliness and usability of bathroom trashcans, but the feedback is somewhat general and lacks depth on engineering design process aspects.",The summary provides some specific survey results and quotes but lacks thorough synthesis or integration of feedback into clear conclusions or actionable insights.,Durability against scratches; Durability against impact from throwing; Weight-bearing capacity over time; Effectiveness of instructional methods for user learning,"The project’s external evaluation includes a commendable range of stakeholders and field experts, demonstrating a strong effort to gather diverse perspectives. Multiple qualified individuals, including the head of the STEM department and an engineer, provide credibility to the evaluation process. However, one stakeholder group did not provide feedback, and some roles overlap, which could be clarified further.

While the student documents several evaluators, the feedback provided is largely generic, focusing on satisfaction and positive impressions without addressing specific design or engineering aspects. This limits the depth of analysis and the ability to identify concrete strengths or areas for improvement. The synthesis attempts to summarize the overall positive reception but lacks detailed integration of comments or identification of meaningful trends, patterns, or actionable insights.

To improve, the student should seek more detailed, design-focused feedback from evaluators, explicitly addressing aspects such as functionality, usability, or design challenges. The synthesis should move beyond general praise to identify common themes, disagreements, or specific recommendations. Additionally, clarifying the distinct roles of evaluators and ensuring all stakeholders provide substantive feedback will strengthen future evaluations. Incorporating these improvements will enhance the usefulness and impact of the evaluation process.",2.666666667,3
Case033_343.pdf,,Placeholder text for scoring.,3,4,3,4,4,3,,,,No stakeholders or field experts are identified or documented as providing evaluation.,"The evaluation addresses the performance aspect of the design by comparing tire measurements and race times, but it is limited to a single aspect and lacks depth or coverage of other design or engineering process aspects.","The summary provides some specific details about the testing results and conclusions about tire performance, but it is somewhat general and incomplete, lacking thorough synthesis or integration of multiple evaluation perspectives.",Prototype must be easy to maintain; Prototype must water plants well; Prototype must be robust; Prototype must not leak; Prototype must spread water evenly,"The project demonstrates strong external evaluation involvement, with three stakeholders and three field experts providing documented feedback. This breadth of evaluators ensures diverse perspectives from both users and professionals, enhancing the credibility and relevance of the evaluation. The clear identification and justification of evaluator roles strengthen the quality of the documented evaluation.

The student effectively analyzes the feedback by highlighting key aspects such as the socket holder's design, versatility, and practicality. However, the evaluation primarily focuses on a single aspect of the design rather than multiple facets of the engineering design process, which limits the comprehensiveness of the evaluation. The synthesis of the external evaluation is generally well done, identifying meaningful trends and actionable suggestions like vertical socket holding and labeling. Yet, the synthesis could be more detailed and thorough, integrating evaluator comments more deeply to provide stronger conclusions.

To improve, the student should seek feedback addressing multiple design or process aspects, deepen the analysis of evaluator comments, and provide a more detailed synthesis that explicitly connects feedback to design decisions and future improvements. Including more specific examples or direct quotes from evaluators could also enhance the richness of the evaluation documentation.",3.333333333,3.666666667
Case034_555.pdf,,Placeholder text for scoring.,5,5,5,4,3,3,,,,No stakeholders or field experts are identified or documented as providing evaluation.,"The evaluation documents testing of tire performance and timing trials, addressing prototype performance and testing results, but lacks completeness and depth in analysis.",The summary provides some specific details about tire performance improvements but is incomplete and overly general without thorough synthesis or integration of multiple evaluator perspectives.,ease of use; ability to lock securely; ability to unlock easily; stability of locking mechanism,"The project demonstrates strong engagement with external evaluators, including three stakeholders and three field experts, all of whom have relevant professional backgrounds. This breadth of evaluation sources provides a solid foundation for obtaining diverse perspectives on the design. The inclusion of multiple qualified evaluators is a notable strength, ensuring the feedback is grounded in practical and technical expertise.

The student effectively captures general feedback on the design’s usability and practicality, indicating that the socket holder is well-received for its versatility and secure fit. However, the evaluation feedback tends to be somewhat broad and lacks detailed analysis of multiple specific aspects of the design or engineering process, such as testing results or iteration strategies. The synthesis of the external evaluation is clear and identifies meaningful trends, such as the positive reception and suggestions for vertical socket holding and labeling. Yet, it could be enhanced by deeper integration of evaluator comments and more explicit discussion of how these insights will inform future design improvements.

To improve, the student should seek more detailed and specific feedback addressing distinct design or process elements, document concrete evaluation data or testing outcomes, and develop a more thorough synthesis that explicitly connects evaluator input to actionable design changes. Additionally, including direct quotes or summarized evidence from evaluators would strengthen the documentation. These steps will enhance the depth and usefulness of the evaluation and reflection process.",5,3.666666667
Case035_333.pdf,,Placeholder text for scoring.,3,3,3,4,3,3,,,,No stakeholders or field experts are explicitly identified or documented in the evaluation.,"The evaluation addresses multiple aspects of the design process, including prototype performance (dribble test), adjustability, fit on wheelchair, and iteration ideas for improvement.",The summary provides somewhat specific and detailed feedback on tests and iteration ideas but lacks thorough synthesis or integration of evaluator comments into clear conclusions or trends.,ease of use; ability to lock securely; ability to unlock easily; stability of locking mechanism,"The project’s external evaluation is well-supported by input from multiple stakeholders and a qualified field expert, providing a solid foundation for understanding user and expert perspectives. The inclusion of a commercial architect as a field expert adds valuable professional insight, enhancing the credibility of the evaluation. However, the number of field experts is limited to one, and expanding this could further strengthen the evaluation.

The student effectively documents feedback addressing several design aspects such as aesthetics, sturdiness, and material sustainability. While the feedback covers important elements, some comments are general and lack explicit connection to the engineering design process. The analysis synthesizes evaluator comments into a coherent summary highlighting key themes, particularly the critical role of the bottom part of the design. Yet, the synthesis could be improved by deeper integration of feedback, exploring patterns or disagreements, and offering more specific, actionable recommendations.

To enhance future evaluations, the student should seek additional qualified field experts to broaden perspectives, explicitly connect feedback to engineering design principles, and develop more detailed synthesis that identifies trends and actionable improvements. Including reflections on how feedback influenced design iterations would also strengthen the evaluation process.",3,3.666666667
Case036_554.pdf,,Placeholder text for scoring.,5,5,4,4,4,4,,,,"No evaluators, stakeholders, or field experts are explicitly identified or documented in the evaluation.","The evaluation addresses multiple aspects of the design, including prototype performance (dribble test), adjustability, fit on wheelchair, and iteration ideas for improvement.",The summary provides somewhat specific and detailed feedback on tests and iteration ideas but lacks thorough synthesis or integration of evaluator comments into clear conclusions or trends.,Cable trough fits within designated space; Cable trough supports weight and movement; Cable trough connectors remain stable under stress; Cable trough remains stable without tipping or slipping; Cable trough is portable and ergonomically stackable,"The project’s external evaluation is well-supported by input from multiple stakeholders and a qualified field expert, providing a solid foundation for understanding user and expert perspectives. The inclusion of a commercial architect adds valuable professional insight, enhancing the credibility of the evaluation. Stakeholders represent diverse roles, including the librarian, teacher, and user, which enriches the feedback scope.

The student effectively documents evaluation feedback that addresses several design aspects such as aesthetics, material sustainability, and structural integrity. This demonstrates a good grasp of the engineering design process and the importance of multiple evaluation dimensions. However, some feedback remains general, and the analysis could benefit from deeper exploration of specific design challenges or trade-offs.

The synthesis captures recurring themes, particularly the importance of the bookend’s bottom for stability and aesthetics. Yet, it stops short of a thorough, detailed integration of all feedback or proposing concrete, feasible improvements based on the evaluations. To strengthen future evaluations, the student should aim to provide more detailed synthesis that identifies patterns, contrasts opinions, and clearly outlines actionable next steps. Additionally, expanding the number of field experts or providing more explicit qualifications would enhance evaluation credibility. Finally, linking feedback more explicitly to design iterations or testing results would improve the reflection’s depth and usefulness.",4.666666667,3.666666667
Case037_022.pdf,,Placeholder text for scoring.,0,2,2,4,4,4,,,,No stakeholders or field experts are explicitly identified or documented in the evaluation.,"The evaluation addresses multiple aspects of the design, including prototype performance (dribble test), adjustability, fit on wheelchair, and iteration ideas for improvement.",The summary provides some specific details about test results and iteration ideas but lacks thorough synthesis or integration of evaluator feedback into clear conclusions or trends.,Cable trough fits within designated space; Cable trough supports weight and movement; Cable trough connectors remain stable under stress; Cable trough remains stable without tipping or slipping; Cable trough is portable and ergonomically stackable,"The project demonstrates a strong and relevant external evaluation process, involving multiple stakeholders such as local zoo staff, animal welfare organizations, and academic advisors, alongside field experts. This diverse input enriches the evaluation by providing practical, behavioral, and technical perspectives, which is a significant strength. The inclusion of demonstrably qualified field experts who provided specific feedback on structural concerns further enhances the credibility and depth of the evaluation.

The student effectively analyzes and interprets the evaluation feedback by addressing key design aspects such as structural integrity, safety, and operability. The documentation shows a clear understanding of the feedback's implications, particularly regarding the arm attachment and the need for additional support. The synthesis of the external evaluation is detailed and generally specific, combining multiple comments into a coherent narrative about the importance of collaboration and iterative improvement. However, the synthesis could be improved by explicitly identifying distinct trends or patterns across the feedback to strengthen the conclusions.

To improve future evaluations, the team should explicitly categorize and summarize evaluator feedback to highlight recurring themes or disagreements. Including more detailed descriptions of the field experts’ qualifications would also strengthen the evaluation. Additionally, providing a clearer, more structured synthesis that explicitly connects feedback points to design decisions would enhance the reflection. Finally, documenting any plans for ongoing evaluation post-installation would demonstrate commitment to continuous improvement.",1.333333333,4.666666667
Case038_322.pdf,,Placeholder text for scoring.,3,2,2,4,3,1,,,,No stakeholders or field experts are identified or documented as providing evaluation.,"The evaluation is minimal and only generally notes that water flowed and was captured, without addressing specific design or engineering aspects.","The summary is sparse, with few specifics or details, and lacks synthesis or thoroughness.",ROV must float; ROV must collect microplastics,"The project’s external evaluation is well-documented with input from multiple stakeholders, including a teacher and the percussion section, as well as a qualified field expert in woodworking. This diversity strengthens the evaluation by providing perspectives from both users and a technical expert. However, the number of field experts is limited to one, which slightly constrains the breadth of professional feedback.

The student effectively captures specific feedback related to usability issues such as the foot pedal’s stability and the string tension for muting, as well as material concerns like wood warping. These points demonstrate a clear connection to design aspects and engineering challenges. Nonetheless, some feedback remains general or anecdotal, and the analysis could benefit from deeper exploration of how these issues impact overall functionality or user experience.

The synthesis of evaluation comments identifies common themes but tends to list feedback rather than integrate it into a cohesive set of conclusions or actionable insights. The student acknowledges differing opinions but stops short of fully analyzing trade-offs or prioritizing improvements. To enhance future evaluations, the student should aim to incorporate multiple expert perspectives, deepen analysis of feedback implications, and develop a more thorough synthesis that connects evaluator input to design iteration strategies and project goals.",2.333333333,3.666666667
Case039_343.pdf,,Placeholder text for scoring.,3,4,3,4,3,2,,,,No stakeholders or field experts are identified or documented as providing evaluation.,"The evaluation addresses a very limited aspect of the design—basic functionality of water flow and water capture—but lacks measured data or detailed analysis, making it incomplete and overly general.","The summary is sparse and provides only minimal specifics about the evaluation, with no synthesis or detailed conclusions.",Prototype remains motionless on various flat surface materials for 30 seconds; Prototype remains securely mounted on a wall bearing weight of 10 ½ inch sockets for at least 15 minutes; Prototype holds 10 ½ inch sockets securely without damage indefinitely,"The project’s external evaluation is well-documented with input from multiple stakeholders and a qualified field expert, providing a solid foundation for understanding user and expert perspectives. The inclusion of both the percussion section and a professional woodworker enriches the evaluation by covering practical use and material expertise. This breadth of evaluators strengthens the relevance and credibility of the feedback.

The student effectively captures specific feedback related to design usability and material issues, demonstrating awareness of key design challenges. However, the analysis tends to restate comments rather than deeply interpret or connect them to broader design implications. The synthesis identifies common themes but stops short of fully integrating these insights into a cohesive evaluation or proposing prioritized, feasible improvements.

To enhance future evaluations, the student should aim to deepen analysis by explicitly linking feedback to design decisions and potential iterations. More detailed reflection on how feedback informs next steps would improve the usefulness of the evaluation. Additionally, clarifying the qualifications of all evaluators and expanding on how their expertise relates to the project could strengthen credibility. Finally, developing a more thorough synthesis that draws clear conclusions and actionable recommendations would elevate the quality of the documentation.",3.333333333,4
Case040_000.docx,,Placeholder text for scoring.,0,0,0,4,3,2,,,,No stakeholders or field experts are identified or documented in the evaluation.,"The evaluation addresses some aspects of the design, such as prototype performance and testing results, but the documentation is overly general and incomplete in analysis.",The summary is sparse with few specifics or detailed synthesis; it mainly restates test success without deeper integration or thorough conclusions.,Prototype remains motionless on various flat surface materials for 30 seconds; Prototype remains mounted on wall bearing weight of 10 ½ inch sockets for 15 minutes; Prototype holds 10 ½ inch sockets securely without damage,"The project’s external evaluation includes input from a stakeholder representing the user profile and an experienced engineer, which is a positive start. However, the documentation lacks clarity on the qualifications of these evaluators and does not demonstrate involvement of multiple stakeholders or experts. This limits the breadth and credibility of the evaluation.

The analysis of the feedback is minimal and addresses only a narrow aspect of the design, such as product size and cost. The student does not explore other critical design or engineering process elements, resulting in a superficial understanding of the evaluation. Furthermore, the synthesis of the feedback is brief and lacks integration of multiple perspectives or detailed conclusions, reducing its usefulness for guiding improvements.

To enhance future evaluations, the student should seek feedback from multiple clearly identified stakeholders and qualified experts. They should document specific, actionable feedback covering various design aspects and provide a thorough synthesis that identifies trends and meaningful takeaways. Additionally, incorporating evidence such as testing results or stakeholder comments would strengthen the evaluation’s depth and relevance.",0,1.666666667
Case041_100.docx,,Placeholder text for scoring.,1,0,0,5,4,4,,,,No stakeholders or field experts are identified or documented in the evaluation.,"The evaluation addresses some aspects of the design, such as prototype performance and testing results, but the documentation is overly general and lacks depth or multiple aspects.",The summary is sparse and provides few specifics or detailed synthesis of the evaluation results.,bookend must sustain weight of books without breaking; bookend must remain stable under load; bookend must function reliably over multiple uses,"The project’s external evaluation is limited, involving only one stakeholder and one field expert, which restricts the breadth of perspectives on the design. While the presence of an engineer with experience adds some credibility, the evaluation lacks multiple viewpoints that could enrich the feedback and provide a more comprehensive understanding of the project’s strengths and weaknesses.

The analysis of the evaluation feedback is minimal and somewhat superficial. The student notes that feedback suggested making the product bigger and less cost effective, but does not delve into specific aspects of the design or the engineering process. This limits the usefulness of the evaluation in guiding meaningful improvements. Furthermore, the synthesis of the external evaluation is sparse and lacks depth, failing to integrate multiple comments into clear conclusions or identify patterns that could inform future iterations.

To improve, the student should seek feedback from multiple stakeholders and qualified experts to gain diverse insights. They should also document specific aspects of the design or process addressed by the feedback and analyze it in detail. Finally, synthesizing evaluator comments into broader trends or actionable takeaways would strengthen reflection and support more targeted project improvements.",0.333333333,1.333333333
Case042_121.docx,,Placeholder text for scoring.,1,2,1,5,4,4,,,,"No evaluators, stakeholders, or field experts are identified or documented in the provided text.",No documentation of project evaluation addressing any aspect of the design or engineering design process is present.,No summary or synthesis of external evaluation is provided.,bookend must sustain weight without breaking; bookend must remain stable under load; bookend must function reliably over multiple uses,"The project’s external evaluation is limited in scope, relying solely on one individual, Dr. Butler, who serves as both a stakeholder and a field expert. While this provides some professional insight, the lack of multiple evaluators restricts the diversity of perspectives and depth of feedback. Expanding the pool of evaluators would enhance the robustness of the evaluation.

The documented feedback touches on a few design considerations, such as the approach to melting ice, but remains quite general and does not clearly address multiple aspects of the design or engineering process. This limits the usefulness of the evaluation in guiding meaningful improvements. The student’s synthesis attempts to summarize the feedback but is brief and lacks detailed analysis or identification of clear trends or patterns across multiple evaluations.

To improve, the student should seek input from additional stakeholders and qualified experts to broaden feedback. They should also document specific, actionable feedback related to distinct design or process aspects. Finally, a more thorough synthesis that integrates multiple comments into clear conclusions and takeaways would strengthen reflection and future planning. Providing detailed evidence of evaluation and deeper analysis will enhance the quality and impact of the project’s external evaluation.",1.333333333,1.666666667
Case043_355.pdf,,Placeholder text for scoring.,3,5,5,5,4,4,,,,"No evaluators, stakeholders, or field experts are documented in the provided text.",No external evaluation feedback or discussion of design aspects is present.,No summary or synthesis of external evaluation is provided.,Support toys weighing up to 100 pounds safely; Extend arm over 8-foot fence for animal access; Ensure structural integrity and durability under load; Provide safe interaction for Elands with enrichment toys,"The project’s external evaluation is strong in terms of involving a diverse group of evaluators, including multiple stakeholders and demonstrably qualified field experts. This breadth provides a well-rounded perspective on the project’s impact from both user and professional viewpoints. The inclusion of students, teachers, and professionals adds credibility and relevance to the evaluation.

The analysis of the evaluation feedback effectively highlights key user benefits such as ease of use, time savings, and improved work quality. However, the feedback primarily focuses on general user experience rather than detailed aspects of the design or engineering process. This limits the depth of insight into technical performance or iterative improvements. The synthesis is well-organized and identifies meaningful trends and takeaways, demonstrating thoughtful reflection on the evaluators’ comments. Yet, it stops short of offering specific, actionable recommendations or deeper technical analysis.

To improve future evaluations, consider soliciting more detailed feedback on design decisions, testing results, and potential improvements. Incorporating structured evaluation criteria related to engineering aspects would enhance comprehensiveness. Additionally, expanding the synthesis to include specific recommendations based on evaluator input would strengthen the reflection and planning process. Finally, clarifying the qualifications and contributions of all field experts would further bolster the evaluation’s credibility.",4.333333333,4
Case044_554.pdf,,Placeholder text for scoring.,5,5,4,3,3,3,,,,No stakeholders or field experts are explicitly identified or documented as providing evaluation.,"The evaluation addresses some aspects of the design such as size, effectiveness in trapping flies, and odor, but the analysis is incomplete and lacks depth.","The summary of evaluation is somewhat specific and includes some details about fly trap size and fly capture results, but it is incomplete and overly general without thorough synthesis.",,"The project’s external evaluation is strong in terms of involving a diverse group of evaluators, including multiple stakeholders and demonstrably qualified field experts. This breadth of perspectives enhances the credibility and relevance of the feedback, showing engagement from both users and professionals with domain expertise. The inclusion of detailed justifications for each evaluator’s role strengthens the documentation.

The analysis of evaluation feedback effectively highlights user satisfaction and practical benefits, such as improved usability and time savings. However, the feedback tends to focus on general impressions rather than specific technical or design process aspects, limiting the depth of engineering evaluation. The synthesis is well-organized and identifies clear trends and meaningful takeaways, demonstrating thoughtful reflection on the collective feedback. Yet, it stops short of providing detailed insights into design iteration or concrete recommendations for improvement.

To enhance future evaluations, consider soliciting more targeted feedback on design challenges, testing outcomes, and technical performance. Incorporating explicit discussion of engineering trade-offs or constraints would deepen the analysis. Additionally, expanding the synthesis to include actionable recommendations based on evaluator input would improve the usefulness of reflections. Finally, documenting any planned design iterations or responses to feedback would demonstrate a stronger connection between evaluation and project development.",4.666666667,4
Case045_153.docx,,Placeholder text for scoring.,1,5,3,3,3,3,,,,No stakeholders or field experts are explicitly identified or documented as providing evaluation.,"The evaluation addresses some aspects of the design such as size, effectiveness in trapping flies, and odor, but the evaluation is incomplete and lacks depth.","The summary of evaluation is somewhat specific and includes some details about size and fly capture, but it is incomplete and overly general without thorough synthesis.",,"The project’s external evaluation documentation shows that multiple evaluators provided overall scores, indicating some level of review. However, the identities and qualifications of these evaluators are not documented, and no clear evidence of stakeholder or field expert involvement is presented. This limits the credibility and relevance of the evaluation feedback.

The student’s analysis of the evaluation feedback is limited to general positive remarks about the design and a brief mention of areas needing improvement. While these comments touch on some design elements, they lack specificity and do not clearly address distinct aspects of the engineering design process. The synthesis of the external evaluation is a basic summary that reports average scores and general opinions but does not integrate multiple evaluator comments into meaningful trends or actionable insights.

To improve, the student should document who the evaluators are and their qualifications to strengthen the evaluation’s relevance. They should seek and record more detailed, specific feedback addressing various design or process aspects. Finally, the synthesis should move beyond summarizing comments to identifying patterns, drawing conclusions, and proposing concrete, feasible improvements based on the evaluation. This will enhance the depth and usefulness of the project’s evaluation and reflection.",3,1.333333333
Case046_330.pdf,,Placeholder text for scoring.,3,3,0,3,2,1,,,,"No evaluators, stakeholders, or field experts are identified or documented in the submission.","The document contains minimal evaluation content focused on testing the prototype's gate opening and closing under different forces, but lacks comprehensive or detailed analysis of multiple design or engineering aspects.","The summary of evaluation is sparse and lacks specificity, detail, or thorough synthesis; it mainly lists test outcomes without integrating or interpreting feedback.",hold gong weight; swing freely and balanced; elegant design; integrated mute; low cost,"The project’s external evaluation is supported by multiple stakeholders and field experts with relevant expertise, including aerospace and fire protection engineers, a software engineer, and competition judges. This diversity strengthens the credibility and relevance of the feedback received. The documented comments address important aspects of the design process, such as brainstorming alternatives, system components, coding integration, and false alarm prevention, demonstrating engagement with the project’s technical challenges.

However, the analysis and interpretation of the evaluation feedback are somewhat limited. While the student records specific comments from evaluators, the document lacks a cohesive synthesis that combines these insights into broader conclusions or identifies patterns and trends. The summary does not clearly articulate meaningful takeaways or actionable recommendations based on the external evaluation, reducing its usefulness for guiding future improvements.

To enhance the evaluation quality, the student should focus on integrating evaluator feedback into a comprehensive synthesis that highlights common themes and lessons learned. Providing more detailed reflections on how the feedback informs design decisions or iteration would deepen the analysis. Additionally, explicitly proposing specific, feasible improvements based on the evaluation would strengthen the project’s development and demonstrate thoughtful engagement with external input.",2,3.333333333
Case047_353.pdf,,Placeholder text for scoring.,3,5,3,3,2,2,,,,No stakeholders or field experts are identified or documented as providing evaluation.,No external evaluation feedback is documented that addresses any aspect of the design or engineering design process.,No summary or synthesis of external evaluation is present.,hold gong weight; swing freely and balanced; elegant design; integrated mute; low cost,"The project demonstrates strong engagement with multiple qualified evaluators, including experts in biology, beekeeping, and testing procedures, as well as a key stakeholder, Student E. This diverse group provides a well-rounded external evaluation relevant to the design challenge. The inclusion of both technical experts and the end user enriches the feedback quality and relevance.

The student effectively documents specific feedback addressing various design and testing aspects, such as improving the testing plan, reconsidering the lure mechanism, and identifying potential insect entry points. This shows a good understanding of the evaluation's role in refining the design. However, the analysis could be deepened by more explicitly connecting feedback to design decisions and exploring implications more thoroughly.

The synthesis of evaluation feedback is clear but somewhat limited. While the student summarizes key comments and notes resulting design changes, the synthesis stops short of integrating multiple perspectives into broader conclusions or identifying patterns across feedback. To improve, the student should aim to combine evaluator insights into meaningful trends and provide more detailed reflections on how feedback shapes design iteration. Future evaluations would benefit from more explicit linkage between feedback, design rationale, and next steps.",3.666666667,4
Case048_354.pdf,,Placeholder text for scoring.,3,5,4,4,3,3,,,,"No evaluators, stakeholders, or field experts are explicitly identified or documented in the evaluation.","The document includes test results and observations related to prototype performance and testing procedures, but these are presented in a fragmented and overly general manner without clear linkage to design or engineering process aspects.","The evaluation feedback is listed as discrete results without synthesis, integration, or detailed summary. There is no clear interpretation or identification of trends or conclusions.",preserve fruit shelf life; ensure product safety; effectively vacuum seal fruit bags,"The project demonstrates strong external evaluation by involving multiple qualified field experts and a key stakeholder, providing diverse perspectives relevant to the design challenge. The inclusion of experts with biology and practical insect control experience, alongside a testing procedures expert and the end user, enriches the evaluation quality and relevance.

The student effectively analyzes and interprets the feedback, addressing various aspects of the design and testing process. The documented feedback is specific and actionable, such as improving the lure mechanism and considering environmental factors affecting insect entry. This comprehensive evaluation supports informed iteration of the prototype.

The synthesis of evaluation feedback is generally clear and integrates multiple expert insights into meaningful design improvements. However, the summary could be strengthened by more explicitly identifying overarching trends or patterns across all feedback and elaborating on how these insights collectively inform the design strategy. To improve, the student should aim to deepen reflection by connecting evaluator comments more explicitly, expanding on the rationale behind changes, and considering potential trade-offs or next steps. Additionally, documenting more detailed testing outcomes and stakeholder reactions would enhance future evaluations.",4,4.666666667
Case049_101.docx,,Placeholder text for scoring.,1,0,1,5,4,5,,,,"No evaluators, stakeholders, or field experts are explicitly identified or documented in the provided text.","The document includes test procedures and results addressing prototype performance aspects such as durability, size, fit, and mass. However, these are presented as raw results without clear linkage to external evaluation or feedback from evaluators.","The document lists test outcomes and some pass/fail statements but lacks any synthesis, summary, or integration of external evaluation feedback. There is no detailed or thorough reflection on evaluation results.",preserve fruit shelf life; ensure product safety; effectively vacuum seal fruits,"The project documentation includes identification of one stakeholder and one field expert, which provides a minimal foundation for external evaluation. However, the lack of multiple evaluators limits the breadth of perspectives and reduces the robustness of the evaluation process. Additionally, the stakeholder justification is weak, as the connection is indirect and does not clearly establish a direct stakeholder role.

The document does not include any actual evaluation feedback from the identified evaluators. Without documented comments or critiques addressing the design or engineering process, it is impossible to assess how well the project was reviewed or improved based on external input. This absence of feedback also means there is no substantive analysis or interpretation of evaluation results.

Furthermore, the synthesis section is incomplete, containing only instructions rather than a meaningful summary. Effective synthesis should integrate multiple evaluator comments into clear conclusions or trends, but this is missing. To improve, the student should actively collect and document detailed feedback from multiple qualified stakeholders and experts, ensure feedback addresses specific design aspects, and provide a thorough synthesis highlighting key takeaways and actionable insights. Including concrete evaluator comments and reflecting on them will strengthen the evaluation and support future design iterations.",0.666666667,0.666666667
Case050_121.docx,,Placeholder text for scoring.,1,2,1,5,4,5,,,,"Only one stakeholder is mentioned, with no evidence of demonstrable qualification or multiple evaluators.","Feedback is minimal and general, consisting mainly of vague positive comments on sticker designs without addressing specific design or engineering aspects.","The summary is sparse and lacks specific details, thoroughness, or synthesis of evaluation feedback.",Melt ice on concrete within 2 minutes; Maintain heating element temperature above 100 degrees; Operate on salt-free ground; Robot must move 100 feet across concrete; Conduct multiple trials for reliability,"The project’s external evaluation documentation is minimal and incomplete. While the student identifies one stakeholder and one field expert with some justification, no actual evaluation feedback from these or any other evaluators is provided. This limits the ability to assess the quality and relevance of the external evaluation. The absence of documented feedback means the project lacks meaningful input from multiple perspectives, which is critical for robust design evaluation.

Furthermore, the student does not analyze or interpret any evaluation feedback, as none is included. Without concrete evaluator comments, it is impossible to determine how the student reflects on or learns from external input. The synthesis section is left blank, missing an opportunity to identify trends, draw conclusions, or propose improvements based on evaluation. This weakens the overall evaluation process and reduces the potential for iterative design improvements.

To improve, the student should actively collect and include detailed feedback from multiple stakeholders and qualified field experts. They should document this feedback clearly, focusing on specific aspects of the design or engineering process. Additionally, the student should provide a thorough synthesis that integrates evaluator comments into meaningful conclusions and actionable takeaways. Including concrete recommendations for design improvements based on evaluation will strengthen the project’s reflective and iterative nature.",1.333333333,0.666666667
Case051_121.pdf,,Placeholder text for scoring.,1,2,1,4,3,3,,,,"Only one stakeholder is mentioned, with no evidence of demonstrably qualified field experts.","Feedback is limited and general, mostly about sticker design and branding, with no detailed evaluation of prototype performance or engineering aspects.",Summary is sparse and lacks specific details or thorough synthesis of evaluation feedback.,mechanism must clamp to the pole; mechanism must be sturdy; mechanism must be adjustable; mechanism must be cost effective,"The project’s external evaluation includes valuable input from a well-defined stakeholder with relevant engineering knowledge and two qualified field experts, which strengthens the credibility and relevance of the feedback. The inclusion of a chemical engineer stakeholder and mechanical and medical engineering experts provides a solid foundation for informed evaluation. However, the evaluation could be enhanced by involving additional stakeholders or experts to broaden perspectives.

The student effectively documents specific feedback related to design criteria, structural improvements, and usability considerations, demonstrating a good understanding of the design process. Yet, the analysis remains somewhat descriptive rather than deeply interpretive, limiting insight into how the feedback shapes design decisions or future iterations.

The synthesis of evaluation feedback is primarily a listing of individual comments without integrating them into overarching conclusions or identifying trends. To improve, the student should focus on combining evaluator insights to highlight common themes, conflicts, or priorities. Future documentation would benefit from more detailed reflection on how feedback informs design changes and clearer articulation of actionable next steps. Additionally, expanding stakeholder involvement and providing more comprehensive evaluation coverage would strengthen the project’s external evaluation.",1.333333333,3.666666667
Case052_030.pdf,,Placeholder text for scoring.,0,3,0,4,3,2,,,,No stakeholders or field experts are identified or documented in the evaluation.,"The evaluation mentions testing results related to nitrate and ammonia levels, which is an aspect of prototype performance, but the feedback is minimal and overly general.","The summary is sparse, providing only basic test results without detailed synthesis or integration of feedback.",mechanism must clamp to the pole; mechanism must be sturdy; mechanism must be adjustable; mechanism must be cost effective,"The documentation provided does not include any evidence of external evaluation from stakeholders or field experts, which is a critical component for understanding the project's impact and areas for improvement. Without documented input from these sources, it is difficult to assess how well the design meets user needs or professional standards.

Additionally, there is no analysis or interpretation of evaluation feedback related to the design or engineering process. Effective evaluation should address specific aspects such as usability, safety, or design constraints, but this document lacks such content. The absence of feedback limits the opportunity to reflect on strengths or identify areas for iteration.

Furthermore, the document does not offer any synthesis or summary of external evaluation, missing the chance to draw meaningful conclusions or identify trends from evaluator comments. To improve, the student should actively seek and document feedback from multiple relevant stakeholders and qualified experts. They should also focus on analyzing this feedback in relation to specific design aspects and provide a detailed synthesis that highlights key takeaways and actionable recommendations. Including these elements will strengthen the evaluation process and support more informed design decisions.",1,0
Case053_521.pdf,,Placeholder text for scoring.,5,2,1,4,3,4,,,,No stakeholders or field experts are identified or documented in the evaluation.,"The evaluation mentions testing results related to nitrate and ammonia levels, which addresses a single aspect of prototype performance, but the feedback is minimal and lacks depth.","The summary is sparse, providing only brief test results without detailed synthesis, specific insights, or thorough conclusions.",Device programmability; Device size fits plant tray; Ease of use; Functionality specific to each plant; Device style/aesthetics,"The project’s external evaluation involved a diverse group of stakeholders and field experts, including UMD teachers and students, a maintenance supervisor, a local landscape architect, and a city environmental department representative. This variety provides a solid foundation for meaningful feedback relevant to the rain garden design. However, the document does not explicitly demonstrate the qualifications of the field experts, which would strengthen the credibility of the evaluation.

The student effectively documents feedback addressing multiple design aspects such as water management, plant selection, and maintenance considerations. This shows a good understanding of the evaluation’s relevance to the engineering design process. Yet, the analysis remains somewhat surface-level, lacking deeper exploration of how these aspects interrelate or impact the overall design.

The synthesis of the external evaluation is clear in listing specific recommendations but falls short of integrating these into broader trends or actionable insights. To improve, the student should aim to connect evaluator comments into overarching themes, explain the rationale behind suggested changes, and reflect on how these influence future design iterations. Additionally, explicitly demonstrating expert qualifications and expanding on the evaluation’s impact would enhance the documentation’s depth and usefulness.",2.666666667,3.666666667
Case054_301.pdf,,Placeholder text for scoring.,3,0,1,4,3,4,,,,Only one group of evaluators is documented: group members who sat in different theater rows to rate light visibility. No external stakeholders or demonstrably qualified field experts are identified.,"Evaluation addresses multiple aspects of the design such as motor function, light visibility, and reliability testing. However, the documentation is somewhat incomplete and lacks depth in analysis.",The summary provides some specific details about tests and observations but is incomplete and overly general. There is limited synthesis or integration of evaluator feedback into clear conclusions or trends.,Structure dimensions accuracy; Detection and notification time under 30 seconds; Fire suppression time under 2 minutes,"The project’s external evaluation is strong in terms of involving a diverse group of stakeholders and field experts, including teachers, students, a maintenance supervisor, a landscape architect, and a city environmental representative. This breadth of evaluators provides a well-rounded perspective on the rain garden project, covering practical, ecological, and maintenance considerations.

The student effectively documents evaluation feedback that addresses multiple key aspects of the design, such as water management, plant selection, and maintenance. This shows a clear connection between the evaluation and the engineering design process, demonstrating thoughtful consideration of the project’s functional and environmental goals.

However, the synthesis of the evaluation feedback is somewhat limited. While the student lists specific suggestions and notes that these were used to improve the design, the summary lacks deeper analysis that integrates multiple comments into broader conclusions or identifies recurring themes. To improve, the student could provide a more detailed discussion of how different feedback points relate to each other, highlight any conflicting opinions, and explain the rationale behind prioritizing certain changes. Additionally, expanding on how these improvements impact the overall design’s effectiveness and sustainability would strengthen the reflection and planning for future iterations.",1.333333333,4
Case055_342.pdf,,Placeholder text for scoring.,3,4,2,3,3,1,,,,"The document references group members sitting in various theater rows providing feedback on light visibility, which counts as one stakeholder group. No other stakeholders or demonstrably qualified field experts are identified.","The evaluation addresses multiple aspects of the design such as motor function, light visibility, and mechanical reliability. However, the documentation is somewhat incomplete and lacks depth in analysis or connection to the engineering design process.",The summary provides some specific details about tests and observations but is generally descriptive and lacks thorough synthesis or integration of feedback into clear conclusions or improvement strategies.,neutralize or catch insects in one area; size less than 14x14x14 inches; weight less than one pound; assembly time under 10 minutes; catch at least 10 insects in one location,"The project’s external evaluation is supported by feedback from two credible sources: a Fire Protection Engineer and the Burn Day Judges, who are qualified field experts. This provides a solid foundation of relevant and professional evaluation, enhancing the credibility of the feedback. The student clearly documents the evaluators’ roles and the nature of their input, which is a strength in demonstrating engagement with knowledgeable stakeholders.

The student effectively captures specific feedback related to design elements such as water tank size, tubing modifications, and the use of smoke detectors. This shows a good understanding of how the evaluation relates to the engineering design process. However, the analysis remains largely descriptive, lacking deeper interpretation or critical reflection on how these suggestions impact the overall design or future iterations.

The synthesis of the external evaluation is somewhat limited. While the student summarizes the feedback, the synthesis does not fully integrate multiple comments into broader conclusions or identify patterns and trends. To improve, the student should aim to combine evaluator insights into clear takeaways, discuss agreements or differences between evaluators, and reflect on actionable next steps. Additionally, expanding the evaluation to include more diverse stakeholders or experts and providing more detailed analysis of feedback would strengthen the evaluation process.",3,3.333333333
Case056_252.pdf,,Placeholder text for scoring.,2,5,2,3,3,2,,,,"The document references feedback from 3 students, who are stakeholders as users, but no field experts or demonstrably qualified evaluators are documented.","The evaluation addresses some aspects of the design, such as prototype performance (opening time) and usability (student feedback), but the coverage is incomplete and lacks depth across multiple aspects.","The summary of the external evaluation is somewhat specific and includes some detail about test results and implications, but it is incomplete and overly general without thorough synthesis or integration of multiple evaluator comments.",neutralize or catch insects in one area; size less than 14x14x14 inches; weight less than one pound; assembly time under 10 minutes; capture at least 10 insects in one location,"The project’s external evaluation is supported by two credible sources: a fire protection engineer and a panel of judges with relevant expertise. This provides a solid foundation for meaningful feedback, reflecting well on the quality and relevance of the evaluation. The student documents specific suggestions related to design improvements, such as adjusting the water tank size and modifying tubing, which shows engagement with practical engineering considerations.

However, while the student effectively records and reflects on the feedback, the analysis remains somewhat surface-level. The evaluation feedback addresses design elements but does not explore multiple aspects of the engineering design process, such as testing, iteration, or usability. The synthesis of the external evaluation is limited to paraphrasing individual comments rather than integrating them into broader insights or identifying patterns and trends.

To improve, the student should aim to incorporate feedback from a wider range of stakeholders or experts, explicitly address multiple design or process aspects, and develop a more thorough synthesis that combines evaluator comments into clear, actionable conclusions. Additionally, reflecting on how the feedback informs future design iterations or project planning would deepen the evaluation’s impact and demonstrate stronger critical thinking.",3,3.333333333
Case057_322.pdf,,Placeholder text for scoring.,3,2,2,4,3,2,,,,"The document references feedback from 3 students, who are stakeholders as users, but no field experts or demonstrably qualified evaluators are documented.","The evaluation addresses some aspects of the design, such as prototype performance (opening time) and usability (student feedback), but the coverage is limited and incomplete for other aspects.","The summary of the external evaluation is somewhat specific and includes some detail about test results and implications, but it lacks thoroughness and synthesis across multiple evaluators or aspects.",,"The project demonstrates strong engagement with external evaluators, including three stakeholders and three field experts, which provides a solid foundation for meaningful feedback. This breadth of evaluation sources is commendable and shows a good effort to involve diverse perspectives relevant to the project.

However, the analysis and interpretation of the evaluation feedback are limited. The documented feedback is quite general, focusing mainly on a single suggestion about programming improvements without addressing multiple aspects of the design or engineering process. This limits the depth of insight gained from the evaluations.

The synthesis of the external evaluation is brief and lacks detailed integration of multiple comments or identification of broader trends. While the student recognizes a key area for improvement, the summary does not fully leverage the range of evaluator input to draw comprehensive conclusions or actionable recommendations. To improve, future documentation should aim to capture more detailed and specific feedback from evaluators, explicitly address multiple design aspects, and provide a thorough synthesis that combines evaluator insights into clear, actionable takeaways. Including direct quotes or examples from evaluators and reflecting on how feedback informs design iteration would also strengthen the evaluation process.",2.333333333,3.333333333
Case058_211.docx,,Placeholder text for scoring.,2,1,1,3,3,2,,,,No stakeholders or field experts are identified or documented as providing evaluation.,The evaluation feedback addresses prototype performance (airspeed measurement) and iterative improvement but is minimal and overly general.,"The summary is sparse, providing only brief notes on airspeed results without detailed synthesis or integration of multiple evaluations.",,"The project’s external evaluation includes input from one stakeholder and one field expert, which provides a basic level of external perspective. However, the limited number of evaluators restricts the breadth of feedback and reduces the diversity of insights. The stakeholder’s feedback identifies a specific technical issue, while the field expert offers a design suggestion, but neither evaluation is deeply elaborated or supported with detailed analysis.

The student’s documentation of evaluation feedback is minimal and lacks comprehensive coverage of the design or engineering process. The comments are brief and do not explore multiple aspects of the project, limiting their usefulness for guiding improvements. Furthermore, the synthesis of the external evaluation is notably weak; it fails to integrate or analyze the feedback meaningfully, missing an opportunity to identify trends or actionable takeaways.

To improve, the student should seek evaluations from additional stakeholders and qualified experts to broaden feedback. They should also encourage evaluators to provide detailed, specific comments addressing various design aspects. Finally, the student should develop a thorough synthesis that combines evaluator insights into clear conclusions and improvement plans. This will enhance reflection quality and support more effective project iteration.",1.333333333,1.666666667
Case059_111.docx,,Placeholder text for scoring.,1,1,1,3,2,2,,,,No stakeholders or field experts are identified or documented as providing evaluation.,The evaluation feedback addresses prototype performance (airspeed measurement) and iterative improvement but is minimal and overly general.,"The summary is sparse, providing only brief notes on airspeed results without detailed synthesis or integration of multiple evaluator comments.",durability under load; ease of use and removability; ergonomics and control during turning; stability and locking mechanism,"The project’s external evaluation includes input from one stakeholder and one field expert, which provides a basic level of external perspective. However, the limited number of evaluators restricts the breadth of feedback and reduces the diversity of insights. The stakeholder’s feedback touches on a technical issue with wiring and coding, while the field expert offers a single design suggestion. Both comments relate to the project but lack detailed explanation or connection to broader design aspects.

The student’s analysis of the evaluation feedback is minimal and does not demonstrate a thorough understanding or interpretation of the comments. The feedback is presented without elaboration or reflection on how it impacts the design process or potential improvements. Furthermore, the synthesis of the external evaluation is notably weak, as it fails to summarize or integrate the evaluators’ input into meaningful conclusions or actionable takeaways.

To improve, the student should seek evaluations from multiple stakeholders and qualified experts to enrich feedback diversity. They should also document more detailed and specific feedback addressing various design aspects. Finally, the student should develop a comprehensive synthesis that identifies trends, patterns, and clear takeaways from the evaluations, demonstrating deeper reflection and planning for future design iterations.",1,1.666666667
Case060_243.pdf,,Placeholder text for scoring.,2,4,3,3,2,2,,,,No stakeholders or field experts are identified or documented as providing evaluation feedback.,No external evaluation feedback is documented that addresses any aspect of the design or engineering design process.,No summary or synthesis of external evaluation is present.,stability of backpack organizer structure; strength and functionality of 3D printed hinges; adequate size to accommodate large backpacks; efficient use of space to reduce choke points; separation of middle and upper school backpack areas,"The project’s external evaluation includes feedback from two external sources, which is a positive aspect. However, only one evaluator is named, and the qualifications of the second are not clearly established, limiting the strength of the evaluation. The involvement of multiple qualified stakeholders would enhance the credibility and depth of the feedback.

The student effectively documents specific design feedback related to arm length, mounting point adjustments, and force transfer concerns. This shows a clear connection to the design process and demonstrates that the evaluation was relevant and actionable. However, the analysis remains largely descriptive, summarizing each evaluator’s comments individually without synthesizing them into broader insights or identifying overarching themes.

The synthesis could be improved by combining the feedback to highlight common concerns or trends, such as the importance of weight reduction and force distribution. Future evaluations would benefit from deeper reflection on how these insights influence design decisions and iteration plans. To improve, the student should aim to document evaluator qualifications more clearly, integrate multiple feedback points into cohesive conclusions, and provide more detailed reflections on how the evaluation informs next steps.",3,2.666666667
Case061_253.docx,,Placeholder text for scoring.,2,5,3,3,2,2,,,,No stakeholders or field experts are identified or documented as providing evaluation feedback.,No external evaluation feedback is documented that addresses any aspect of the design or engineering design process.,No summary or synthesis of external evaluation is present.,Manage stormwater through natural filtration; Achieve effective water infiltration rates; Ensure sustainable drainage solutions,"The project’s external evaluation is strong in terms of involving qualified field experts, specifically two professors from Drexel University, which provides credible and relevant feedback. However, no additional stakeholders are documented, which limits the diversity of perspectives. The evaluators provide useful insights on safety, testing quantification, and design interpretation, addressing important aspects of the engineering design process.

The student demonstrates a reasonable understanding of the feedback by summarizing key points and reflecting on how these might influence design revisions. Nonetheless, the analysis tends to paraphrase comments individually rather than synthesizing them into broader themes or actionable strategies. The synthesis could be improved by explicitly connecting evaluator concerns to specific design decisions or future iterations.

To enhance the evaluation process, the student should seek input from a wider range of stakeholders, including potential users or caregivers, to enrich perspectives. Additionally, deeper integration of feedback into a cohesive analysis would strengthen reflection and planning. Finally, developing clearer protocols for testing and safety based on the feedback would demonstrate effective application of evaluation insights.",3.333333333,4
Case062_343.docx,,Placeholder text for scoring.,3,4,3,4,3,2,,,,No stakeholders or field experts are identified or documented in the evaluation.,"The evaluation is minimal and only mentions that shelves held more than 10 pounds, which is a very limited aspect of the design process and lacks depth.",There is no synthesis or summary of external evaluation; the documentation is minimal and lacks detail or specificity.,manage stormwater through natural filtration; retain stormwater effectively; achieve environmental goals related to soil and plant selection; ensure appropriate infiltration rates and water flow,"The project’s external evaluation is strong in terms of involving qualified field experts, specifically two university professors with relevant expertise. This lends credibility and relevance to the feedback received. However, the evaluation sources are limited to these two experts, and no additional stakeholders are documented, which could have broadened perspectives.

The student effectively documents and reflects on specific feedback related to design testing, safety, and interpretation of results. The evaluation addresses multiple important aspects of the design process, demonstrating thoughtful consideration of the feedback. However, the analysis could be deepened by explicitly connecting feedback points to specific design decisions or iterations.

The synthesis of the external evaluation is somewhat detailed but remains largely a paraphrase of individual comments rather than a fully integrated analysis. To improve, the student should aim to identify overarching themes or patterns across evaluator feedback and draw clearer conclusions or actionable insights. Future evaluations would benefit from including a wider range of stakeholders, explicitly linking feedback to design changes, and providing a more thorough synthesis that highlights trends and informs next steps.",3.333333333,4
Case063_150.pdf,,Placeholder text for scoring.,1,5,0,3,3,2,,,,No stakeholders or field experts are identified or documented in the evaluation.,The evaluation mentions a test result about shelf weight capacity but provides minimal detail and does not address multiple aspects of the design or engineering process.,"The summary is sparse, with only a brief statement about the test outcome and no synthesis or detailed analysis of evaluation feedback.",Smoke detector must detect fire; Smoke detector must activate light and sound; Final design must extinguish fire,"The project’s external evaluation includes valuable input from a key stakeholder, Dr. Brossman, and multiple field experts who provide relevant feedback on calibration, durability, and educational goals. However, the qualifications of the field experts are not explicitly documented, which limits the strength of the evaluation sources. The inclusion of detailed email transcripts and specific questions to the stakeholder demonstrates a good effort to engage evaluators meaningfully.

The student effectively gathers feedback addressing several important aspects of the design and engineering process, such as device accuracy, durability, usability, and cost. This breadth of evaluation shows a solid understanding of the project’s multifaceted requirements. However, the analysis of this feedback remains largely descriptive, with limited interpretation or integration of the evaluators’ perspectives.

The synthesis of the external evaluation is minimal and primarily consists of listing comments rather than drawing broader conclusions or identifying patterns. To improve, the student should focus on integrating evaluator feedback into a cohesive summary that highlights key trends, agreements, or conflicts. Additionally, explicitly documenting the qualifications of field experts and providing more detailed reflections on how feedback informs design decisions would strengthen the evaluation. Future efforts should also include clearer actionable recommendations based on the evaluation to enhance the project’s development.",2,3
Case064_155.pdf,,Placeholder text for scoring.,1,5,5,3,3,1,,,,No stakeholders or field experts are identified or documented in the evaluation.,No external evaluation feedback is documented that addresses any aspect of the design or engineering design process.,No summary or synthesis of external evaluation is present.,Smoke detector must detect fire; Smoke detector must activate light and sound; Final design must extinguish fire,"The project demonstrates a commendable effort to engage external evaluators, including a named stakeholder and multiple field experts, which provides valuable perspectives on the design. However, the qualifications of the field experts are not clearly documented, and only one stakeholder is explicitly identified, limiting the breadth of evaluation sources. The documented feedback covers important design aspects such as calibration, durability, and user experience, reflecting a reasonable understanding of the engineering design process. The inclusion of targeted questions to the stakeholder shows an attempt to elicit meaningful input.

Despite this, the analysis and interpretation of the evaluation feedback remain largely descriptive and fragmented. The synthesis section primarily lists evaluator comments without integrating them into broader conclusions or identifying overarching trends. This limits the usefulness of the evaluation for guiding design improvements. To strengthen future evaluations, the student should aim to clearly document the qualifications of all evaluators, ensure feedback addresses multiple design and process aspects comprehensively, and develop a more thorough synthesis that combines evaluator insights into actionable recommendations. Additionally, explicitly summarizing agreements, disagreements, and recurring themes would enhance the clarity and impact of the evaluation.",3.666666667,3
Case065_332.pdf,,Placeholder text for scoring.,3,3,2,3,3,1,,,,No stakeholders or field experts are identified or documented in the evaluation.,No external evaluation feedback is documented that addresses any aspect of the design or engineering design process.,No summary or synthesis of external evaluation is present.,tray functionality and reliability; plant shade effectiveness; control mechanism reliability,"The project benefits from strong external evaluation by two clearly identified and qualified mentors: an engineering teacher with furniture-building expertise and a mechanical engineer with woodworking experience. Their feedback is well documented and relevant, covering material choices, structural design, safety, and aesthetics. This external input provides valuable guidance for the project’s development.

The student effectively documents and interprets the feedback, showing how it influenced design decisions such as the resin waterfall modification and material procurement. The evaluation addresses multiple design aspects, demonstrating thoughtful consideration of structural integrity and safety. However, the analysis tends to paraphrase evaluator comments rather than deeply synthesizing them into broader conclusions or identifying overarching themes.

To improve, the student should focus on integrating evaluator feedback more cohesively, highlighting patterns or agreements between experts. Including more detailed reflection on how feedback informs iteration or testing would strengthen the evaluation. Additionally, clarifying the role of each evaluator and expanding on how safety and usability concerns are addressed in the design would enhance the documentation’s depth and usefulness.",2.666666667,3.666666667
Case066_252.pdf,,Placeholder text for scoring.,2,5,2,4,4,2,,,,No stakeholders or field experts are identified or documented in the evaluation.,The document describes testing procedures but does not include external evaluation feedback addressing design or engineering aspects.,There is no summary or synthesis of external evaluation; no external evaluation is documented.,Effectiveness of fire extinguishers in extinguishing fire; Ability of cardboard base to accommodate two rooms; Structural integrity of the cardboard house under fire conditions,"The project’s external evaluation is well-documented with two clearly identified evaluators: a mentor with engineering teaching experience and an external field expert with mechanical engineering and woodworking expertise. Their feedback is relevant and covers important design considerations such as material choices, structural integrity, aesthetics, and safety. This demonstrates a meaningful engagement with qualified stakeholders.

The student effectively analyzes and interprets the feedback by describing how it influenced design decisions, such as modifying the resin waterfall design for improved stability and considering safety in tool use. The evaluation addresses multiple design aspects, showing a comprehensive understanding of the project’s needs. However, the analysis tends to paraphrase evaluator comments individually rather than synthesizing them into broader conclusions.

The synthesis of the external evaluation is somewhat detailed but could be improved by integrating evaluator feedback to identify overarching themes or patterns. To enhance future evaluations, the student should focus on combining multiple comments into clear takeaways, explicitly discuss agreements or disagreements between evaluators, and reflect on how these insights guide iterative design improvements. Additionally, providing more detailed examples of how feedback shaped specific design changes would strengthen the reflection and planning process.",3,3.666666667
Case067_355.pdf,,Placeholder text for scoring.,3,5,5,4,4,2,,,,No stakeholders or field experts are identified or documented in the evaluation.,The document contains only a description of testing procedures without any external evaluation feedback addressing design or engineering aspects.,"There is no summary or synthesis of external evaluation; no specific, detailed, or thorough conclusions are presented.",Effectiveness of fire extinguishers in extinguishing fire; Structural integrity of cardboard house design; Accurate measurement and cutting of cardboard base,"The project’s external evaluation is robust and well-documented, involving multiple stakeholders and two qualified field experts whose feedback is directly relevant to the design’s intended use. This diversity of evaluators strengthens the credibility and applicability of the evaluation, providing a comprehensive perspective on the bookstand’s performance in real academic settings.

The student effectively analyzes and interprets the evaluation feedback by identifying specific design aspects such as durability, stability, and usability that require attention. The feedback is clearly connected to engineering design considerations, demonstrating a thoughtful engagement with the evaluators’ insights. The synthesis is particularly strong, as it combines multiple comments into coherent trends and actionable recommendations, rather than merely listing individual opinions.

To further improve, the student could include more detailed plans for addressing the identified issues, such as specific testing protocols or design iterations. Additionally, clarifying the qualifications of the field experts with more detail would strengthen the evaluation’s authority. Finally, incorporating quantitative data or results from testing could enhance the depth of analysis and support the synthesis with empirical evidence.",4.333333333,5
Case068_353.pdf,,Placeholder text for scoring.,3,5,3,2,2,1,,,,No stakeholders or field experts are identified or documented as providing evaluation feedback.,No external evaluation feedback is documented; the text only describes internal testing procedures and results without external input.,No summary or synthesis of external evaluation is present.,Rover maneuverability; Microplastics collection capability; Rover sinking to 5 meters depth; Rover buoyancy control; Waterproofing of electrical components,"The project’s external evaluation is robust and well-documented, involving multiple stakeholders and field experts who provide relevant, project-specific feedback. The inclusion of diverse perspectives—from frequent users to engineering and library professionals—strengthens the evaluation’s credibility and relevance. This breadth of input ensures that the design is assessed from practical, technical, and user-centered viewpoints.

The student effectively analyzes and interprets the evaluation feedback by identifying specific design aspects such as durability, stability, and usability. The feedback is clearly connected to the engineering design process, demonstrating a thorough understanding of the project’s strengths and areas needing improvement. The synthesis goes beyond summarizing individual comments by combining evaluator insights into broader trends and actionable recommendations, such as the need for additional testing and prioritizing real-world durability.

While the synthesis is detailed and useful, future evaluations could benefit from explicitly linking feedback to specific design iterations or testing results to deepen the analysis. Additionally, incorporating quantitative data or more detailed testing outcomes would enhance the evaluation’s rigor. To improve, the student should consider expanding the scope of testing, documenting iterative changes based on feedback, and engaging additional experts for specialized input. Overall, the evaluation and reflection process is strong, demonstrating thoughtful engagement with external feedback and a clear path for project refinement.",3.666666667,5
Case069_303.pdf,,Placeholder text for scoring.,3,0,3,3,2,1,,,,"The document references two stakeholders involved in the evaluation: the head of school and faculty. However, their roles are not elaborated beyond approval authority, and no field experts or demonstrably qualified evaluators are mentioned.","The evaluation addresses aspects of the design, such as maintaining traditional uniform qualities and approval by school authorities. However, the feedback is limited to general comparisons and approval status without detailed analysis of prototype performance, usability, or iterative improvements.","The summary of the external evaluation is somewhat specific in listing which traditional qualities were retained and the approval process, but it lacks thoroughness, detailed synthesis, or integration of multiple evaluator perspectives.",Rover maneuverability; Microplastics collection capability; Rover sinking to 5 meters depth; Rover buoyancy control; Waterproofing of electrical components,"The project’s external evaluation is strong, involving three well-qualified field experts with relevant professional experience in engineering, woodworking, and construction. This diverse expertise provides a solid foundation for credible and relevant feedback, enhancing the project’s technical rigor. The inclusion of multiple experts ensures a broad perspective on the design’s strengths and weaknesses.

The student effectively analyzes and interprets the evaluation feedback by addressing several key design aspects such as material selection, structural reinforcement, and finishing touches. The feedback is clearly linked to tangible design decisions, demonstrating a thoughtful engagement with expert recommendations. This comprehensive approach shows a good understanding of how external input can improve the project.

The synthesis of the evaluation is detailed and integrates multiple expert comments into actionable design improvements, such as adding bracing and trim and choosing durable plywood. While the summary is thorough and specific, it could be strengthened by more explicitly connecting these improvements to overarching project goals or constraints. To improve future evaluations, the student should consider including stakeholder feedback beyond experts, explicitly linking feedback to design criteria, and providing a more analytical synthesis that highlights patterns or trade-offs. Additionally, documenting how feedback influenced iteration would deepen reflection and demonstrate continuous improvement.",2,4.666666667
Case070_322.pdf,,Placeholder text for scoring.,3,2,2,5,4,5,,,,"The document references two stakeholders: the head of school and faculty. However, their roles are not elaborated beyond approval authority, and no field experts or demonstrably qualified evaluators are identified.","The evaluation addresses aspects of the design, such as maintaining traditional uniform qualities and approval process, but lacks depth in testing results, analysis, or iteration details. The evaluation is somewhat general and incomplete.","The summary of the external evaluation is somewhat specific in listing qualities kept and the approval step, but it is incomplete and overly general without thorough synthesis or detailed conclusions.",adjustability; user comfort; stability; compactness; ease of assembly; ergonomics; control of cart,"The project’s external evaluation is strong, involving three well-qualified experts from engineering, woodworking, and construction fields. This diverse expertise provides a solid foundation for credible and relevant feedback, enhancing the project’s technical rigor. The inclusion of multiple experts ensures a broad perspective on the design’s strengths and weaknesses.

The student effectively analyzes and interprets the evaluation feedback by addressing several key design aspects such as material selection, structural bracing, and finishing touches. This demonstrates a clear understanding of how expert input can inform design decisions. The feedback is specific and actionable, leading to tangible improvements in durability, appearance, and safety.

The synthesis of the evaluation is detailed and integrates multiple expert recommendations into coherent design changes. It identifies meaningful trends like the importance of structural reinforcement and aesthetic enhancements. However, the synthesis could be strengthened by more explicitly linking these improvements to project goals or constraints. To improve future evaluations, the student should consider including stakeholder feedback, explicitly connect evaluation insights to design criteria, and provide a more critical analysis of differing expert opinions. Additionally, documenting how feedback influenced iteration would deepen reflection and demonstrate a robust evaluation process.",2.333333333,4.666666667
Case071_211.pdf,,Placeholder text for scoring.,2,1,1,5,4,5,,,,"The evaluation involved at least two stakeholders: the person holding the rose and others scattered around the theater (audience members). However, no field experts or demonstrably qualified evaluators are documented.","The evaluation addresses specific aspects of the design process, including visibility of the petal drop, mechanical reliability of the string and paperclip system, and iterative design changes to improve performance.",The summary provides some specific details about testing outcomes and design challenges but lacks thorough synthesis or integration of feedback into clear conclusions or trends.,increase weight room equipment availability; improve scheduling for workout time; accommodate student preferences for equipment type,"The project’s external evaluation includes input from a demonstrably qualified field expert, a school engineering mentor, and a team member, providing a reasonable range of perspectives. However, only one evaluator clearly qualifies as a field expert, and the roles of others are less clearly defined as external stakeholders. This limits the breadth of external evaluation.

The documented feedback addresses specific design aspects such as buoyancy adjustments, waterproofing improvements, and profile modifications, demonstrating relevant and actionable evaluation. This shows the team received meaningful critique related to their engineering design. However, the analysis of this feedback is minimal, with no detailed discussion of how these comments influenced design decisions or the engineering process.

The synthesis of evaluation is brief and primarily lists feedback without integrating multiple comments into broader conclusions or identifying trends. To improve, the team should provide a more thorough synthesis that combines evaluator insights into clear takeaways and patterns. Additionally, clarifying the qualifications and roles of all evaluators and expanding on how feedback guided redesign choices would strengthen the documentation. Future evaluations would benefit from deeper reflection on feedback implications and more detailed summaries that demonstrate critical analysis and learning.",1.333333333,3
Case072_551.pdf,,Placeholder text for scoring.,5,5,1,5,4,5,,,,"The evaluation involved at least two stakeholders: the person holding the rose and others scattered around the theater acting as audience members. However, no demonstrably qualified field experts are mentioned or identified.","The evaluation addresses specific aspects of the design process, including visibility of the petal drop, mechanical reliability of the string and petal release system, and iterative design changes such as stacking petals and adjusting paperclip angles.",The summary provides some specific details about testing outcomes and design challenges but lacks thorough synthesis or integration of feedback into clear conclusions or trends. The narrative is somewhat detailed but incomplete and somewhat general.,Safety - no injuries or hazards; Engagement - sustained attention; Cause and effect learning - mechanical interactions; Accessibility - usable by students with disabilities; Fine motor skills development,"The project’s external evaluation includes input from a qualified marine engineering expert, a school engineering mentor, and a team CAD engineer, providing a reasonable range of perspectives. However, only one evaluator is clearly a demonstrably qualified field expert, limiting the breadth of expert evaluation. The inclusion of multiple stakeholders is a strength, but the roles and qualifications of some evaluators could be more explicitly justified.

The feedback documented addresses relevant design aspects such as buoyancy adjustments, waterproofing improvements, and profile optimization, indicating a focus on meaningful engineering concerns. This shows the student’s ability to collect targeted evaluation data. However, the analysis remains somewhat surface-level, lacking a comprehensive exploration of multiple design or process aspects.

The synthesis of evaluation feedback is brief and primarily lists comments without integrating them into broader conclusions or identifying trends. To improve, the student should aim to combine evaluator insights into clear takeaways, highlight recurring themes, and explain how feedback influenced design decisions. Future documentation would benefit from deeper reflection on evaluation results, more explicit justification of evaluator qualifications, and a more thorough, detailed synthesis of feedback to enhance the project’s iterative development.",3.666666667,3
Case073_550.pdf,,Placeholder text for scoring.,5,5,0,5,4,5,,,,No stakeholders or field experts are identified or documented in the evaluation.,"The evaluation addresses some aspects of the design such as prototype performance and testing results, but the analysis is overly general and lacks depth across multiple aspects.",The summary of evaluation feedback is sparse and lacks synthesis; it mostly repeats test results with minimal interpretation or integration of findings.,Safety - prevent injuries; Engagement - sustain attention; Cause and effect learning; Accessibility for diverse users; Fine motor skill development,"The project demonstrates strong engagement with multiple stakeholders and field experts, notably Dr. Heather Brossman and other professionals, which provides a solid foundation for external evaluation. The inclusion of students as stakeholders further enriches the perspective. This diverse involvement ensures that the evaluation is grounded in relevant expertise and user needs.

The evaluation feedback effectively addresses key design and engineering aspects such as device usability, cleaning protocols, cost considerations, and measurement precision. The detailed questions and notes reflect thoughtful consideration of practical constraints and user experience. However, some feedback remains exploratory or pending, indicating areas where further clarification or development is needed.

While the synthesis of external evaluation feedback captures many evaluator comments and questions, it falls short of fully integrating these insights into cohesive conclusions or identifying overarching trends. The document would benefit from deeper analysis that connects evaluator input to specific design decisions or improvements. To enhance future evaluations, the team should focus on synthesizing feedback into clear, actionable takeaways, explicitly linking evaluator insights to design iterations, and ensuring all stakeholder feedback is systematically incorporated. Additionally, clarifying the roles and qualifications of all evaluators and documenting follow-up actions would strengthen the evaluation process.",3.333333333,3.666666667
Case074_341.docx,,Placeholder text for scoring.,3,4,1,3,3,3,,,,"No evaluators, stakeholders, or field experts are explicitly identified or documented in the evaluation.","The document addresses some aspects of the design such as prototype performance and testing results, but the evaluation is incomplete and overly general without clear linkage to multiple design or engineering process aspects.",The summary of evaluation feedback is sparse and lacks synthesis; it mostly repeats test results and general observations without integrating or drawing thorough conclusions.,durability; accuracy; simplicity and replicability; affordability; portability,"The project’s external evaluation is strong in terms of involving multiple stakeholders and qualified field experts, providing a broad range of perspectives relevant to the design and construction process. The inclusion of school leadership and experienced professionals adds credibility and relevance to the feedback. This diverse input is a significant strength of the evaluation documentation.

The student effectively documents various aspects of the evaluation, including permits, budgeting, material quality, and construction concerns, showing an understanding of key design and process issues. However, some feedback remains general or lacks depth, limiting the comprehensiveness of the evaluation. The synthesis captures important themes such as weather resilience and material durability but does not fully integrate or analyze the evaluators’ comments to reveal deeper patterns or actionable insights.

To improve, the student should aim to provide more detailed and specific analysis of evaluator feedback, explicitly linking comments to design decisions or iterations. Enhancing the synthesis by identifying agreements, disagreements, or recurring themes across evaluators would strengthen conclusions. Including more concrete recommendations based on evaluation findings and documenting evidence of evaluator feedback (e.g., excerpts or forms) would also improve the quality and credibility of the evaluation. Overall, the documentation shows promise but would benefit from deeper reflection and clearer integration of external input.",2.666666667,4
Case075_344.pdf,,Placeholder text for scoring.,3,4,4,3,3,3,,,,No stakeholders or field experts are identified or documented as providing evaluation feedback.,"The evaluation addresses some aspects of the design, such as prototype performance and testing results, but lacks completeness and depth in analysis.",The summary provides some specific details about test outcomes but is incomplete and overly general without thorough synthesis or integration of findings.,durability; accuracy; simplicity and replicability; affordability; portability,"The project’s external evaluation is strong in terms of involving multiple qualified field experts and a relevant stakeholder, providing a solid foundation for meaningful feedback. The inclusion of engineers and a greenhouse manager ensures that the evaluation is grounded in practical and technical expertise, which is a significant strength.

The student effectively documents feedback that touches on important design aspects such as mold prevention and watering system functionality. However, some feedback is quite brief or generic, limiting the depth of evaluation. The analysis could be improved by explicitly connecting feedback to specific design decisions or testing processes to demonstrate a more thorough understanding.

The synthesis provides a general summary of evaluator opinions and highlights a key area for improvement—the watering system. While this shows some reflection, the synthesis mainly paraphrases individual comments without fully integrating them into broader conclusions or identifying patterns across feedback. To enhance future evaluations, the student should aim to draw clearer connections between evaluator insights, identify recurring themes, and propose more detailed, actionable recommendations. Additionally, expanding stakeholder involvement and encouraging more detailed feedback would further strengthen the evaluation process.",3.666666667,4
Case076_331.pdf,,Placeholder text for scoring.,3,3,1,3,3,2,,,,No stakeholders or field experts are identified or documented in the evaluation.,"The evaluation addresses some aspects of the design, such as prototype performance and usability, but the analysis is limited and lacks depth.","The summary provides some details about test results and confirms design decisions, but it is somewhat general and lacks thorough synthesis or integration of feedback.",desk stability under load; aesthetic appeal to stakeholders; durability under physical stress; functional weight support; accurate representation of design features,"The project’s external evaluation is strong in terms of involving multiple qualified evaluators, including one stakeholder and three field experts with relevant expertise. This diversity provides a well-rounded perspective on the design, enhancing the credibility of the feedback. The evaluators offer insights into both the prototype’s strengths and areas needing improvement, particularly regarding mold prevention and watering system functionality.

The student effectively documents and interprets the evaluation feedback, capturing key points from each evaluator. The feedback addresses several design aspects, such as prototype features and testing plans, though some comments are brief or general, which limits the depth of evaluation. The synthesis demonstrates a good effort to combine evaluator perspectives into a meaningful summary, identifying trends and actionable focus areas, especially the need to improve watering capabilities while preserving design simplicity.

To improve, the student should aim to elicit more detailed and specific feedback from evaluators, especially stakeholders. The synthesis could be strengthened by deeper analysis of disagreements or suggestions and by outlining clearer next steps or design iterations. Additionally, expanding on how feedback informs design decisions would enhance reflection quality and project development.",2.333333333,4
Case077_111.pdf,,Placeholder text for scoring.,1,1,1,3,3,2,,,,No stakeholders or field experts are named or referenced in the document. There is no indication of involvement or feedback from external evaluators.,"The document addresses multiple aspects of the design and engineering process, including time code testing, motor testing, and launcher mechanism testing. However, the evaluation is primarily descriptive and lacks completeness in some areas, such as motor connection and code development.","The summary of the evaluation is somewhat specific and detailed in places but is incomplete and overly general in others. There is no clear synthesis or integration of findings across different tests, and no overarching conclusions or trends are drawn.",Desk stability under load; Desk durability under physical stress; Aesthetic appeal to stakeholders; Accurate representation of resin art and materials; Structural integrity of legs and monitor shelf,"The project’s external evaluation is robust and well-documented, involving multiple qualified stakeholders and field experts, including professors, graduate students, and specialized volunteers. This diverse input enriches the evaluation and grounds it in relevant expertise, enhancing the credibility and depth of the feedback received. The student effectively captures the evaluators’ roles and contributions, demonstrating a strong connection between external expertise and project development.

The analysis of evaluation feedback is thorough and clearly linked to specific design challenges, such as stabilization and frame fortification. The student interprets the feedback thoughtfully, showing how it informed iterative design decisions and improvements. This reflects a mature understanding of the engineering design process and the value of external critique.

The synthesis of the evaluation is detailed and insightful, moving beyond mere listing of comments to identify meaningful patterns and actionable takeaways. The student articulates how multiple perspectives converged to guide practical solutions, such as adding a second engine leveler and reconfiguring frame supports. To further improve, the student could explicitly quantify or document the impact of changes, include more direct quotes or data from evaluators, and clarify the qualifications of some contributors. Additionally, integrating a formal summary table or visual synthesis might enhance clarity and accessibility of the evaluation findings.",1,5
Case078_555.pdf,,Placeholder text for scoring.,5,5,5,4,3,2,,,,No stakeholders or field experts are named or referenced in the document. There is no indication of involvement or feedback from external evaluators.,"The document addresses multiple aspects of the design and engineering process, including time code testing, algorithm testing, motor testing, and launcher mechanism testing. However, the evaluation is primarily descriptive and lacks completeness in some areas, such as motor connection and code development.","The summary of the evaluation is somewhat specific and detailed in parts but is incomplete and overly general in others. There is no clear synthesis or integration of findings across tests, and no overarching conclusions or trends are drawn.",Durability under repeated use; Stability with various book sizes and placements,"The project’s external evaluation is robust and well-documented, involving multiple qualified stakeholders and field experts who provided meaningful, project-specific feedback. The inclusion of professors, graduate students, and experienced volunteers enriches the evaluation, ensuring diverse perspectives on the design challenges. This breadth of input strengthens the credibility and relevance of the evaluation process.

The student effectively analyzes and interprets the feedback by clearly identifying key design issues such as stabilization and frame fortification. The document demonstrates a thoughtful reflection on the limitations of previous designs and how external input guided iterative improvements. The detailed description of design modifications, including the addition of a second engine leveler and the shift from diagonal to horizontal and vertical bracing, shows a strong connection between evaluation feedback and design decisions.

The synthesis of the external evaluation is particularly strong, providing a thorough and specific summary that integrates multiple evaluator comments into coherent conclusions. The student highlights meaningful trends and actionable takeaways, such as the need for multi-axis stabilization and modular frame reinforcement. To further improve, future documentation could include more explicit descriptions of each evaluator’s specific feedback, clearer distinctions between stakeholder roles, and reflections on any conflicting feedback or challenges encountered during synthesis. Additionally, incorporating quantitative or testing data linked to the evaluation would enhance the depth of analysis.",5,5
Case079_111.pdf,,Placeholder text for scoring.,1,1,1,4,3,2,,,,No stakeholders or field experts are identified or documented in the evaluation.,"The evaluation addresses multiple aspects of the design such as timing, motor performance, launcher mechanism, and code testing. However, the analysis is somewhat incomplete and lacks depth in some areas.",The summary provides some specific details about testing results and issues encountered but lacks thorough synthesis or integration of findings into clear conclusions or recommendations.,Durability under repeated use; Stability with various book sizes and placements,"The project’s external evaluation includes input from multiple stakeholders and field experts, which is a strong foundation for comprehensive feedback. The presence of three stakeholders and three field experts demonstrates a commendable effort to gather diverse perspectives relevant to the project. However, the qualifications of the field experts are not explicitly detailed, which could strengthen the credibility of the evaluation.

The analysis of the feedback is limited, as most comments are generic and focus on positive aspects without delving into specific design or engineering process elements. While some evaluators mention features like the hinges and programming, these points are not explored in depth or connected to broader design considerations. The synthesis provided is brief and general, summarizing that ideas should be further developed but lacking detailed integration of multiple comments or identification of clear trends.

To improve, the team should seek more detailed, specific feedback that addresses various design and process aspects. They should also work on synthesizing evaluator comments into clear, actionable conclusions that highlight patterns or areas for improvement. Additionally, clarifying the expertise of field evaluators and expanding reflections on programming and design decisions would enhance the evaluation’s depth and usefulness.",1,2.333333333
Case080_230.pdf,,Placeholder text for scoring.,2,3,0,2,1,4,,,,No stakeholders or field experts are identified or documented in the evaluation.,The feedback is very general and does not clearly address specific aspects of the design or engineering design process.,The summary is sparse and lacks specific details or thorough synthesis of external evaluation.,accessing outlets; concealing boxes; storing office supplies,"The project’s external evaluation includes input from two stakeholders: Mr. Butler, an engineer overseeing the project, and Mrs. Greer, a teacher involved with the plant. This provides a solid foundation for stakeholder involvement, though no field experts with demonstrated qualifications are included. The documented feedback touches on relevant design considerations such as water flow management, mold prevention through temperature control, sizing, and spatial constraints, indicating some engagement with the design process.

However, the analysis of this feedback is limited. While specific comments are recorded, the evaluation lacks depth and does not comprehensively address multiple aspects of the design or engineering process. Most notably, the synthesis of the external evaluation is absent, with no attempt to integrate or interpret the feedback to identify trends, patterns, or actionable takeaways. This limits the usefulness of the evaluation for guiding future design improvements.

To improve, the student should aim to include demonstrably qualified field experts to broaden evaluation perspectives. They should also deepen the analysis by explicitly connecting feedback to design decisions and process aspects. Finally, a thorough synthesis summarizing evaluator comments, identifying common themes, and outlining clear next steps would greatly enhance the reflection and planning for project iteration.",1.666666667,2
Case081_250.pdf,,Placeholder text for scoring.,2,5,0,2,1,4,,,,No stakeholders or field experts are identified or documented in the evaluation.,The feedback is very general and does not clearly address specific aspects of the design or engineering design process.,"The summary is sparse, with few specifics or detailed synthesis of external evaluation.",accessing outlets; concealing boxes; storing office supplies,"The project’s external evaluation includes input from two stakeholders: an engineer overseeing the project and a teacher directly involved with the plant. This provides relevant perspectives from both technical and user viewpoints, which is a strength. However, the absence of demonstrably qualified field experts limits the breadth of professional evaluation.

The documented feedback addresses several important design aspects such as water flow management, mold prevention through temperature control, sizing constraints, and water conservation. These comments demonstrate that evaluators considered practical and environmental factors affecting the design. However, the feedback tends to be somewhat general and lacks detailed technical analysis.

A significant weakness is the lack of synthesis or reflection on the evaluation feedback. The student did not summarize or integrate the evaluators’ comments to identify trends, patterns, or actionable takeaways. To improve, the student should provide a thorough synthesis that combines multiple comments into clear conclusions, highlight recurring themes, and explain how the feedback informs design decisions. Additionally, including evaluations from qualified field experts and documenting their feedback would strengthen the evaluation. Finally, expanding on specific recommendations and how they will be implemented would enhance the usefulness of the evaluation process.",2.333333333,2
Case082_354.pdf,,Placeholder text for scoring.,3,5,4,4,4,3,,,,No stakeholders or field experts are named or referenced as providing evaluation or feedback.,No documented external evaluation feedback is present that addresses any aspect of the design or engineering design process.,No summary or synthesis of external evaluation is provided.,thrusters operate within tolerance at all depths; buoyancy control at surface and depth; controller response lag under 75ms; stability under cable tension,"The project benefits from strong external evaluation involving three qualified experts from mechanical engineering, biomedical engineering, and veterinary fields, providing diverse and relevant perspectives. This breadth of expertise enhances the credibility and relevance of the feedback to the design challenges.

The student effectively documents specific feedback addressing key design aspects such as fastener shear force concerns and usability of the latching mechanism. This shows a good understanding of the design’s functional and safety requirements. However, the analysis could be deepened by exploring additional design process elements like testing, iteration, or constraints.

While the synthesis captures the main points from each expert, it largely restates their comments without integrating them into a cohesive narrative that identifies overarching themes or actionable insights. To improve, the student should aim to combine evaluator feedback into broader conclusions, highlight patterns or agreements, and discuss how these insights guide future design decisions. Additionally, explicitly linking evaluation feedback to specific design iterations or testing outcomes would strengthen the reflection and planning process.",4,4
Case083_353.pdf,,Placeholder text for scoring.,3,5,3,4,3,4,,,,"The document identifies two stakeholders, Ms. Brennan and other teachers, as evaluators. However, their specific roles as stakeholders or field experts are not clearly defined, nor is there evidence of demonstrable qualifications.","The evaluation feedback includes a visual assessment and gathering of student opinions, which relate to integration and usability aspects of the design. However, the feedback is vague and lacks detailed analysis or coverage of multiple design or engineering process aspects.","The summary of external evaluation is sparse and lacks specificity, detail, or thorough synthesis. It mainly states that the group will ask for assessments without integrating or analyzing the feedback.",thrusters operate within tolerance at all depths; buoyancy control at surface and depth; controller response lag under 75ms; stability under cable tension,"The project demonstrates a strong and relevant external evaluation process involving multiple stakeholders and qualified field experts, including hunters, safety experts, and outdoorsmen. This diverse group provided valuable, domain-specific feedback that was clearly documented throughout the design iterations, reflecting a well-rounded approach to gathering external input.

The student effectively analyzes and interprets the evaluation feedback by addressing multiple critical design aspects such as safety, noise reduction, portability, and structural integrity. The feedback is specific and clearly linked to design improvements, showing a comprehensive understanding of the engineering design process. This thorough documentation highlights the iterative nature of the project and the responsiveness to expert and user input.

The synthesis of the external evaluation is detailed and generally integrates multiple evaluator comments into meaningful conclusions and trends. It identifies key improvements and the impact of feedback on the final design. However, the synthesis could be strengthened by more explicitly connecting feedback to specific design decisions and by deeper analysis of any conflicting feedback or challenges encountered. To improve, the student should consider explicitly discussing how feedback influenced design trade-offs, provide more critical reflection on the evaluation process, and include plans for future evaluation or testing to further validate the design.",3.666666667,5
Case084_131.pdf,,Placeholder text for scoring.,1,3,1,4,3,4,,,,"The document names multiple evaluators including teachers and specific individuals (Mrs. Seltzer, Vogel, Bussey), but their stakeholder or field expert roles are not clearly defined or demonstrated as qualified field experts.","The evaluation feedback addresses several aspects of the design such as prototype performance (hanging stability, tangling), usability (string length evenness), and design improvements (removal of burn marks, hole placement). However, the coverage is somewhat general and lacks depth in analysis.",The summary lists feedback and next steps but lacks thorough synthesis or integration of multiple evaluator comments into clear conclusions or trends. The summary is somewhat specific but incomplete and overly general in parts.,Safe operation; User-friendly design; Precision of measurement; Repeatability of results; Low cost,"The project demonstrates a strong and relevant external evaluation process involving multiple stakeholders and qualified field experts, including hunters, safety experts, and outdoorsmen. This diverse group provided valuable, domain-specific feedback that was clearly documented throughout the design iterations, reflecting a well-rounded approach to gathering external input.

The student effectively analyzes and interprets the evaluation feedback by addressing multiple critical design aspects such as safety, noise reduction, portability, and structural integrity. The feedback is detailed and clearly linked to iterative improvements, showing a comprehensive understanding of the engineering design process. The documentation reflects thoughtful consideration of user needs and expert recommendations.

The synthesis of the external evaluation is detailed and identifies meaningful trends and patterns across evaluator comments, such as the progressive improvements in safety features and usability. However, the synthesis could be strengthened by more explicitly connecting feedback to specific design decisions and highlighting any conflicting feedback or challenges encountered. To improve, the student should aim to deepen the analysis by explicitly discussing how feedback influenced design trade-offs, consider including quantitative evaluation data if available, and reflect on any limitations or next steps for future evaluation. Overall, the evaluation process is thorough and well-documented, providing a solid foundation for continued design refinement.",1.666666667,5
Case085_200.pdf,,Placeholder text for scoring.,2,0,0,4,2,3,,,,"The document names multiple evaluators including teachers and specific individuals (Mrs. Seltzer, Vogel, Bussey), but their stakeholder or expert roles are not clearly defined or demonstrated as qualified field experts.","The evaluation feedback addresses several aspects of the design such as prototype performance (hanging stability, tangling), usability (string length evenness), and design improvements (removal of burn marks, hole placement). However, the coverage is somewhat general and lacks depth in analysis.",The summary lists feedback points and next steps but lacks synthesis or integration of multiple comments into clear conclusions or trends. The summary is somewhat specific but incomplete and overly general without thorough reflection.,melt ice on concrete without damaging concrete; increase heat to improve melting efficiency,"The project’s external evaluation includes involvement from a stakeholder, Mr. Lopez, and a field expert group, the JO Wilson gardening team, which provides some relevant perspectives. However, the documentation lacks clarity on the qualifications of the field experts and the depth of their evaluative input. The attempt to engage a university expert was noted but did not result in feedback, limiting the breadth of evaluation.

The analysis of evaluation feedback is minimal and does not clearly address specific aspects of the design or engineering process. The documentation focuses on logistical support rather than detailed critique or suggestions for improvement. This limits the ability to understand how external input influenced design decisions or project iteration.

The synthesis of evaluation is brief and lacks integration of multiple perspectives into meaningful conclusions or actionable takeaways. To improve, the team should seek more detailed and specific feedback from multiple qualified evaluators, document how this feedback relates to design aspects, and provide a thorough synthesis that identifies trends or lessons learned. Additionally, reflecting on how evaluation influenced project changes would strengthen the documentation and demonstrate deeper engagement with external input.",0.666666667,1.333333333
Case086_221.pdf,,Placeholder text for scoring.,2,2,1,3,2,4,,,,"The document references feedback from five students who rated the authenticity test, but these individuals are not clearly identified as stakeholders or field experts, nor is there evidence of demonstrable qualifications.","The evaluation addresses multiple aspects of the design such as security, ease of application, sound quality, drop resistance, and authenticity. However, the documentation is mostly descriptive and lacks depth in analysis or connection to the engineering design process.","The summary of the external evaluation is somewhat specific and includes some details about test results and user ratings, but it is incomplete and overly general. There is minimal synthesis or integration of feedback across tests.",ease of use; mold resistance; water coverage,"The project’s external evaluation involved a limited number of contributors, including one stakeholder, Mr. Lopez, and a field expert group, the JO Wilson gardening team. While these sources are relevant to the project, the evaluation lacks breadth and depth, as only one stakeholder and one field expert provided input, and the university contact did not respond. This limits the diversity and robustness of the feedback.

The analysis and interpretation of the evaluation feedback are minimal. The documentation mentions assistance with installation and selection of rain barrels but does not delve into specific design aspects or engineering processes. There is little evidence of critical reflection or detailed evaluation of the project’s strengths and weaknesses.

The synthesis of the external evaluation is brief and general, lacking detailed conclusions or identification of trends across feedback. The summary does not provide actionable insights or recommendations for improvement. To enhance future evaluations, the team should seek more diverse and qualified evaluators, document specific feedback related to design and testing, and integrate multiple perspectives into a thorough synthesis. Additionally, reflecting on how feedback informs design decisions would strengthen the evaluation process and project outcomes.",1.666666667,1.333333333
Case087_000.pdf,,Placeholder text for scoring.,0,0,0,3,2,4,,,,"The document references feedback from five students who rated the authenticity test, but these individuals are not clearly identified as stakeholders or field experts, nor is there evidence of demonstrable qualifications.","The evaluation addresses multiple aspects of the design such as security, ease of application, sound quality, drop resistance, and authenticity. However, the documentation is mostly descriptive and lacks depth in analysis or connection to the engineering design process.","The summary of the external evaluation is somewhat specific and includes some details about test results and user ratings, but it is incomplete and overly general. There is minimal synthesis or integration of feedback across tests.",ease of use; mold resistance; water coverage,"The project’s external evaluation includes feedback from multiple individuals, but the document does not clearly identify any stakeholders or qualified field experts involved in the evaluation process. This limits the credibility and depth of the evaluation, as the roles and expertise of evaluators remain unclear. To strengthen future evaluations, explicitly naming and describing the evaluators’ relevance to the project would be beneficial.

The student documents feedback related to prototype issues, testing challenges, and some design aspects, showing an attempt to analyze the evaluation. However, the analysis remains somewhat superficial and general, lacking detailed exploration of the feedback’s implications for the design process. The recommendations for improvement, such as adjusting the motor angle and using sturdier blinds, are practical but presented without deeper justification or connection to the evaluation trends.

The synthesis of the evaluation feedback is primarily a list of comments rather than an integrated summary that identifies patterns or meaningful takeaways. To improve, the student should focus on combining evaluator insights into clear conclusions, highlighting recurring themes or disagreements, and explaining how these inform design decisions. Additionally, providing more specific, actionable reflections and linking recommendations directly to evaluation findings would enhance the usefulness and clarity of the evaluation documentation.",0,2
Case088_552.pdf,,,5,5,2,3,3,2,,,,"Evaluation is documented from one group of evaluators identified as 'five students' who provided ratings. Their stakeholder role is implied but not explicitly stated, and no field experts or demonstrably qualified evaluators are documented.","The evaluation addresses multiple aspects of the design such as security, ease of application, accuracy, attachment, sound quality, drop resistance, and authenticity. However, the documentation is largely descriptive and lacks depth in analysis or connection to the engineering design process.","The summary of external evaluation is somewhat specific and includes some details (e.g., ratings and observations), but it is incomplete and overly general. There is little synthesis or integration of evaluator feedback into meaningful conclusions or trends.",frame strength and deflection under load; leveling system functionality and speed; structural integrity after unloading,"The project documentation includes multiple stakeholders and field experts, notably engineering teachers at Duke University, which strengthens the credibility of the external evaluation. However, the lack of named evaluators and absence of documented feedback such as emails or transcripts limits the ability to fully verify the depth and distinctiveness of these evaluations. This reduces the overall strength of the external evaluation evidence.

The student identifies two key aspects of the design—durability and consistency—and acknowledges challenges related to these areas. While this shows some engagement with evaluation feedback, the analysis remains quite general and lacks detailed interpretation or specific examples from the evaluators. The summary provided is brief and does not synthesize multiple perspectives into meaningful trends or actionable insights.

To improve, the student should aim to document specific feedback from each evaluator, including direct quotes or detailed comments. They should also work on integrating these comments to identify patterns or recurring themes, which would enable a more thorough and insightful synthesis. Additionally, expanding the reflection to propose concrete, feasible improvements based on the evaluation would enhance the usefulness of the documentation and support future design iterations.",4,3.333333333
,,,,,,3,3,2,,,,,,,,,,
,,,,,,3,2,2,,,,,,,,,,
,,,,,,5,4,4,,,,,,,,,,
,,,,,,5,4,4,,,,,,,,,,
,,,,,,4,2,1,,,,,,,,,,
,,,,,,4,4,3,,,,,,,,,,
,,,,,,4,4,3,,,,,,,,,,
,,,,,,3,2,2,,,,,,,,,,
,,,,,,3,2,2,,,,,,,,,,
,,,,,,3,3,2,,,,,,,,,,
,,,,,,4,3,2,,,,,,,,,,
