{
  "sample_size": 20,
  "bias": -0.175,
  "mae": 0.925,
  "ci_half": 0.5508271770232188,
  "ci_full": 1.1016543540464376,
  "mean_calibrated_score": 1.8625
}