{
  "sample_size": 20,
  "bias": -0.25,
  "mae": 0.95,
  "ci_half": 0.5552827634353699,
  "ci_full": 1.1105655268707397,
  "mean_calibrated_score": 1.8125
}