filename,source_type,text,L1_expert,L2_expert,L1,L2,L1_flag,L2_flag,L1_rationale,L2_rationale,inferred_requirements,identified_recommendations,valid_project_recommendations,valid_project_recommendations_count,non_counting_recommendations,narrative_feedback,expert_score,element_score_raw
Case001_32.pdf,,Placeholder text for scoring.,3,2,4,3,,,,,,keep an open mind during design and prototyping; focus on simplicity to reduce complexity and errors; implement a compressible medium to reduce friction and improve fit,focus on simplicity by using a cart handle with a range of heights instead of an adjustable handle with multiple moving parts; implement a compressible medium (rubber) to reduce friction and improve fit between parts,2,keep an open mind to adapt to challenges; general advice applicable to similar projects; reflection on the design process and learning,"The student presents two clear and specific recommendations for improving the engineering project: simplifying the cart handle design to reduce complexity and incorporating a compressible medium to address friction and fit issues. These recommendations are well justified with explanations of the challenges faced, such as budget constraints and prototype testing results, demonstrating thoughtful reflection on the design process. However, the advice to keep an open mind, while insightful, is more reflective and general rather than a direct engineering improvement.

Regarding implementation planning, the student provides some concrete details about using rubber as a compressible medium and its placement to reduce friction, which is a strength. The simplification recommendation, though justified, lacks detailed steps or specific materials to guide future implementation, limiting its practical usefulness. To improve, the student could include precise construction methods, measurements, or testing procedures for both recommendations. Additionally, clarifying how to simplify the handle design with concrete examples or alternatives would enhance the plan's clarity and actionability.

Overall, the recommendations are thoughtful and relevant, but the implementation plans would benefit from more detailed, step-by-step guidance to better support future designers in applying these improvements effectively.",2.5,3.5
Case002_54.pdf,,Placeholder text for scoring.,5,4,5,4,,,,,,improve guillotine door sliding by adding slick lube or welding slot; use thicker plastic for walls to prevent cracking and improve durability; add extra steel brace vertically on walls for support; upgrade handles to improve appearance and reduce lateral movement; research non-sticky paint for handles; improve precision in handle hinge measurements to reduce wiggle,improve guillotine door sliding by adding slick lube or welding slot; use thicker plastic for walls to prevent cracking and improve durability; add extra steel brace vertically on walls for support; upgrade handles to improve appearance and reduce lateral movement; research non-sticky paint for handles; improve precision in handle hinge measurements to reduce wiggle,6,there are probably other ways to improve the connection system and the medical testing door,"The student provides a strong set of specific and actionable recommendations for improving their engineering project. They identify clear issues such as the guillotine door sticking, plastic walls cracking, and handle instability, and propose concrete improvements like adding lubrication or welding the door slot, using thicker plastic, adding steel braces, and upgrading the handles. These recommendations are well justified with observations from testing and stakeholder feedback, demonstrating thoughtful reflection on the project’s weaknesses.

Implementation plans are generally well developed, including specific materials and construction methods. For example, the suggestion to use thicker ¼” plastic and add a vertical steel brace shows practical engineering thinking. The discussion of handle improvements includes considerations of paint type and hinge fit, indicating attention to detail. However, some plans are tentative and lack precise measurements or stepwise instructions, which limits their completeness.

To improve, the student could provide more exact implementation details such as dimensions or testing protocols, avoid tentative language to strengthen confidence in plans, and expand on how to address other components like the connection system or medical testing door. Including step-by-step procedures and clearer justification for material choices would also enhance the quality of recommendations and their feasibility.",4.5,4.5
Case003_54.pdf,,Placeholder text for scoring.,5,4,5,4,,,,,,improve guillotine door sliding by adding slick lube or welding slot; use thicker plastic for walls to prevent cracking and improve durability; add extra steel brace vertically on sides for wall support; upgrade handles to improve appearance and reduce lateral movement; research non-sticky paint for handles; improve handle hinge fit to reduce wiggle,improve guillotine door sliding by adding slick lube or welding slot; use thicker plastic for walls to prevent cracking and improve durability; add extra steel brace vertically on sides for wall support; upgrade handles to improve appearance and reduce lateral movement; research non-sticky paint for handles; improve handle hinge fit to reduce wiggle,6,there are probably other ways to improve the connection system and the medical testing door,"The student provides a strong set of specific and actionable recommendations for improving their engineering project. They identify clear issues such as the guillotine door sticking, plastic walls cracking, and handle instability, and propose concrete improvements like adding lubrication or welding the door slot, using thicker plastic based on testing and expert feedback, and reinforcing walls with steel braces. The recommendations are well justified with observations from testing and stakeholder concerns, demonstrating thoughtful reflection on project weaknesses.

Implementation plans are generally well developed, including specific materials and construction ideas. For example, the suggestion to weld the slot or add vertical steel braces shows practical engineering thinking. However, some implementation details remain vague, such as the plan to research non-sticky paint without specifying types or testing methods. Similarly, the recommendation to improve handle hinge precision lacks detailed measurement or assembly instructions.

To improve, the student should provide more precise implementation steps, including measurements or testing procedures. They could also strengthen rationale by quantifying issues or describing how improvements will be validated. Finally, expanding on alternative solutions for the connection system and medical testing door would enhance completeness. Overall, the recommendations are thoughtful and well justified but would benefit from deeper implementation detail and broader coverage.",4.5,4.5
Case004_32.pdf,,Placeholder text for scoring.,3,2,4,4,,,,,,add some variety of gripping surface; secure inner poles; improve aesthetics; add adjustability feature,add some variety of gripping surface; secure inner poles; improve aesthetics; add adjustability feature,4,reflection on project complexity and stakeholder communication; general future hope for project improvement,"The student presents a solid set of specific and actionable recommendations for improving the project, including adding a gripping surface, securing inner poles, enhancing aesthetics, and incorporating adjustability. These recommendations are well connected to practical concerns such as usability, stability, budget, and stakeholder preferences, demonstrating thoughtful consideration of the project’s needs. The rationale for each improvement is generally clear, especially regarding the gripping surface and securing poles, though the adjustability suggestion is less developed.

Implementation plans are generally well articulated, with concrete materials and methods proposed for the gripping surface and pole security. The aesthetic improvements include multiple feasible options, showing adaptability to budget and design constraints. However, the adjustability feature lacks detailed planning, limiting its immediate applicability. The document could be strengthened by providing more precise measurements, step-by-step procedures, or testing plans to further clarify how improvements would be realized.

To enhance future recommendations, the student should focus on providing more detailed implementation steps, including specific dimensions or construction sequences. Justifying each recommendation with more explicit stakeholder feedback or testing results would also improve the rationale. Finally, expanding on the adjustability feature with concrete design and implementation details would make the recommendations more actionable and complete.",2.5,4
Case005_44.pdf,,Placeholder text for scoring.,4,4,4,3,,,,,,expand abilities of LED lights; create more games or features; communicate more with stakeholders; go into classroom more often; deeper research on programming LED strips; deeper research and testing on adjusting brightness; improve work ethic and reduce procrastination; create a stricter plan of action; have measurable weekly goals; make design safer by covering outlets; fasten extra LED strips better to wall; make design more user friendly by creating a job aid; add more functions to job aid for teachers,expand abilities of LED lights; create more games or features; deeper research on programming LED strips; deeper research and testing on adjusting brightness; make design safer by covering outlets; fasten extra LED strips better to wall; make design more user friendly by creating a job aid; add more functions to job aid for teachers,8,communicate more with stakeholders; go into classroom more often; improve work ethic and reduce procrastination; create a stricter plan of action; have measurable weekly goals,"The student’s recommendations for improving the LED light project are generally specific and relevant to the engineering design. They suggest expanding the LED lights’ capabilities, adding new games or features, improving safety by covering outlets and securing LED strips, and enhancing usability through a job aid for teachers. These recommendations demonstrate thoughtful consideration of both technical and user-centered aspects. However, some recommendations lack full justification or detailed rationale, such as the deeper research on programming and brightness adjustments, which could be better supported by testing data or stakeholder feedback.

The implementation plan focuses primarily on classroom visits to inspect and maintain the LED lights, using tape or hooks to secure loose areas and collecting feedback from classroom aids. While this shows a practical approach to maintenance, it lacks comprehensive detail on how all recommended improvements would be systematically implemented. The plan would benefit from more specific materials, step-by-step procedures, and timelines to fully address the proposed enhancements.

To improve, the student should provide clearer justifications for each recommendation, linking them explicitly to testing results or stakeholder input. Additionally, expanding the implementation plan with detailed actions, materials, and schedules would strengthen the feasibility of improvements. Including measurable goals and technical steps for programming enhancements and safety modifications would also enhance the overall quality of the recommendations and their execution.",4,3.5
Case007_00.pdf,,Placeholder text for scoring.,0,0,4,3,,,,,,more detailed touch up on the final design of the design matrix; better care and more experience to improve craftsmanship; replace materials with better quality ones; redesign to aid in reaching goal lines; recalculate walls to maximize spin and improve distance; better exit for accuracy; reinstate wall adjustability; implement a more user friendly input; use a lever to lightly push frisbees in; smooth out cuts and messy hot gluing; more specific test plans to identify weak points,more detailed touch up on the final design of the design matrix; replace materials with better quality ones; redesign to aid in reaching goal lines; recalculate walls to maximize spin and improve distance; better exit for accuracy; reinstate wall adjustability; implement a more user friendly input; use a lever to lightly push frisbees in; smooth out cuts and messy hot gluing; more specific test plans to identify weak points,10,better care and more experience to improve craftsmanship,"The student presents a solid set of specific and actionable recommendations for improving the engineering project, including material upgrades, design modifications, and craftsmanship enhancements. These recommendations demonstrate a clear understanding of the project’s weaknesses and potential areas for improvement. However, the rationale behind these suggestions is somewhat implicit and could be strengthened by explicitly linking each recommendation to observed performance issues or testing outcomes.

Implementation plans are generally outlined but lack consistent detail and specificity. While the student mentions replacing materials and redesigning components, the absence of concrete steps, precise materials, or testing procedures limits the practicality of these plans. More detailed descriptions of how to execute these improvements would enhance the feasibility and clarity of the recommendations.

To improve, the student should explicitly justify each recommendation with clear reasoning or evidence, provide detailed implementation steps including materials and methods, and avoid vague or reflective statements that do not directly contribute to project improvement. Additionally, incorporating specific testing plans to validate improvements would strengthen the overall design process.",0,3
Case008_30.pdf,,Placeholder text for scoring.,3,0,4,3,,,,,,hide the wires more and keep them contained; keep the basics of the design; change the material to last longer,hide the wires more and keep them contained; change the material to last longer,2,keep the basics of the design because it worked well; nothing different would have made the project easier to complete,"The student presents two clear and specific recommendations for improving the project: better wire management and changing the material to enhance durability. These suggestions are directly related to the engineering design and demonstrate thoughtful consideration of practical issues such as weather resistance and project longevity. However, the recommendation to keep the basics of the design, while positive, does not qualify as an improvement and thus does not contribute to the evaluation.

The student provides some rationale for the recommendations, explaining that hiding wires would improve appearance and weather resistance, and that wood is prone to rot compared to metal or plastic. This justification strengthens the recommendations but could be enhanced with more technical reasoning or testing insights. The implementation plans mention the intended changes but lack detailed steps, specific materials, or construction methods, limiting their usefulness for actual project improvement.

To improve, the student should provide more detailed implementation plans, including specific materials, construction techniques, or testing procedures. Adding quantitative details or step-by-step instructions would make the plans more actionable. Additionally, expanding the rationale with engineering reasoning or stakeholder feedback would better justify the recommendations. Finally, focusing solely on actionable improvements rather than general positive reflections would strengthen the overall presentation.",1.5,3.5
Case009_53.pdf,,Placeholder text for scoring.,5,3,5,4,,,,,,"use a more plant-safe, biodegradable mold-resistant coating; add a rotating or adjustable nozzle system for even watering; reinforce the pipe with modular metal brackets for durability; test in different environmental conditions; change mold-resistant coating application method to protect plants; upgrade to a multi-nozzle misting system with adjustable angles; design a quick-connect pipe system with twist-and-lock feature; add moisture sensors for objective soil hydration data; include longer test periods","use a more plant-safe, biodegradable mold-resistant coating; add a rotating or adjustable nozzle system for even watering; reinforce the pipe with modular metal brackets for durability; test in different environmental conditions; change mold-resistant coating application method to protect plants; upgrade to a multi-nozzle misting system with adjustable angles; design a quick-connect pipe system with twist-and-lock feature; add moisture sensors for objective soil hydration data; include longer test periods",9,keep plant spacing and overall layout; keep mold-resistant coating idea but safer; keep general pipe structure and support; keep testing for water flow and stability; keep feedback review process; having easier access to testing tools; getting earlier feedback from experts; more time for building and iterating; clearer timeline or checklist; extra materials for quick fixes,"The student presents a strong set of specific and well-justified recommendations for improving the engineering project. Each recommendation addresses a clear aspect of the design, such as environmental safety through a plant-safe coating, enhanced water distribution via adjustable nozzles, and improved durability with modular metal brackets. The rationale for these improvements is well articulated, linking expert advice, stakeholder feedback, and testing needs to the proposed changes. This demonstrates thoughtful consideration of both functional and environmental factors.

Implementation plans are generally detailed and actionable, describing methods like using a removable cover during coating application and incorporating moisture sensors for objective data collection. The inclusion of a quick-connect pipe system with a twist-and-lock feature shows responsiveness to stakeholder feedback. However, the plans could be strengthened by adding more precise technical details, such as specific materials, dimensions, or stepwise construction procedures, to enhance clarity and feasibility.

To improve, the student should provide more explicit technical specifications in the implementation plans, clarify testing procedures for new features, and consider including timelines or resource requirements. Additionally, linking each implementation step directly to the corresponding recommendation would improve coherence. Overall, the recommendations and plans are strong but would benefit from deeper technical detail to fully support practical execution.",4,4.5
Case010_54.pdf,,Placeholder text for scoring.,5,4,5,4,,,,,,"use a more plant-safe, biodegradable mold-resistant coating; add a rotating or adjustable nozzle system for even watering; reinforce the pipe with modular metal brackets for durability; test in different environmental conditions; keep plant spacing and overall layout; keep mold-resistant coating but safer for plants; keep pipe system structure with support underneath; change mold-resistant coating application method to removable cover or enclosed space; upgrade to multi-nozzle misting system with adjustable angles; design quick-connect pipe system with twist-and-lock feature; add moisture sensors for soil hydration data; include longer test periods","use a more plant-safe, biodegradable mold-resistant coating; add a rotating or adjustable nozzle system for even watering; reinforce the pipe with modular metal brackets for durability; test in different environmental conditions; change mold-resistant coating application method to removable cover or enclosed space; upgrade to multi-nozzle misting system with adjustable angles; design quick-connect pipe system with twist-and-lock feature; add moisture sensors for soil hydration data; include longer test periods",9,keep plant spacing and overall layout; keep mold-resistant coating but safer for plants; keep pipe system structure with support underneath; having easier access to testing tools; getting earlier feedback from field experts; more time allocated for building and iterating; a clearer timeline or checklist; extra materials on hand for quick fixes,"The student presents a strong set of specific and well-justified recommendations for improving the engineering project. These include using a safer, biodegradable mold-resistant coating, enhancing water distribution with adjustable nozzles, reinforcing structural components, and expanding testing conditions. Each recommendation is supported by clear rationale, such as environmental safety, durability, and improved functionality, demonstrating thoughtful consideration of project needs.

Implementation plans are generally detailed and practical, describing methods like applying coatings with protective covers, upgrading to multi-nozzle misting systems, and designing quick-connect pipe features. The inclusion of moisture sensors and extended testing periods further strengthens the approach. However, some implementation details could be more precise, such as including specific materials, dimensions, or stepwise construction instructions to enhance clarity and feasibility.

To improve, the student should provide more explicit step-by-step procedures or technical specifications for key modifications, clarify material choices and quantities, and include testing protocols with measurable criteria. Additionally, linking each implementation plan more directly to its corresponding recommendation would improve coherence. Overall, the recommendations and plans are well-conceived and actionable, with room for deeper technical detail to support effective execution.",4.5,4.5
Case011_34.docx,,Placeholder text for scoring.,3,4,4,5,,,,,,Start Testing Early and Frequently; Keep the Circuit Design Organized; Document Code and Changes Thoroughly; Add Data Logging Functionality; Integrate Wireless Notifications,Add Data Logging Functionality; Integrate Wireless Notifications,2,Start Testing Early and Frequently; Keep the Circuit Design Organized; Document Code and Changes Thoroughly,"The student presents two well-defined and actionable recommendations for improving the soil moisture monitoring system: adding data logging functionality and integrating wireless notifications. These suggestions are clearly tied to enhancing the project’s capabilities, with rationales that emphasize practical benefits such as better watering insights and remote monitoring convenience. This specificity and justification strengthen the quality of the recommendations.

The implementation plans for these improvements are thorough and practical. The student details the necessary hardware components, software modifications, and user interface considerations, providing a clear roadmap for future developers. This level of detail supports effective execution and reflects strong engineering planning skills.

However, some earlier recommendations focus on testing, organization, and documentation, which, while valuable, do not directly improve the engineering design and thus do not contribute to the scoring. To further enhance the recommendations, the student could include more precise testing procedures or performance metrics for the proposed improvements. Additionally, discussing potential challenges or limitations in implementation would add depth. Finally, integrating stakeholder feedback or environmental considerations could strengthen the rationale and relevance of the recommendations.",3.5,4.5
Case012_23.pdf,,Placeholder text for scoring.,2,3,4,4,,,,,,Rebuild the house and detection system; Make changes to the suppression system (sprinklers); Design more sprinklers filled with more water and secure them to the ceiling; Keep the Arduino Fire-Alarm detection system; Replace small water balloons with larger plastic bags filled with water; Ensure water balloons are stuck to the ceiling,Make changes to the suppression system by designing more sprinklers filled with more water and securing them to the ceiling; Replace small water balloons with larger plastic bags filled with water; Ensure water balloons are stuck to the ceiling,3,"Rebuild the house and detection system (general statement); Keep the Arduino Fire-Alarm detection system (statement of what to keep, not improvement); Working in a smaller group would have made the project easier (reflection on teamwork)","The student presents several clear and specific recommendations focused primarily on improving the fire suppression system. These include increasing the size and water capacity of the sprinklers and securing them to the ceiling to prevent failure during testing. The recommendations are well justified with references to testing outcomes and expert advice, demonstrating thoughtful reflection on project weaknesses. However, some suggestions, such as rebuilding the house and detection system, are more reflective and do not directly propose engineering improvements, which slightly limits the overall specificity.

Implementation plans are generally detailed and actionable, describing the use of larger plastic bags as sprinklers and the importance of securing them properly. While these plans show a good understanding of practical challenges, they would benefit from more precise construction details, such as exact dimensions, attachment methods, or testing protocols. This would enhance the feasibility and clarity of the proposed improvements.

To strengthen future recommendations, the student should focus on providing more engineering-specific improvements rather than general reflections, include detailed step-by-step implementation procedures, and incorporate measurable criteria or testing plans to validate changes. Additionally, separating reflections on teamwork from design recommendations would clarify the focus of the improvement plans.",2.5,4
Case013_44.pdf,,Placeholder text for scoring.,4,4,4,4,,,,,,Rebuild the house and detection system; Make changes to the suppression system (sprinklers); Design more sprinklers filled with more water and secure them to the ceiling; Keep the Arduino Fire-Alarm detection system; Replace small water balloons with larger plastic bags filled with water; Ensure water balloons are stuck to the ceiling,Make changes to the suppression system by designing more sprinklers filled with more water and securing them to the ceiling; Replace small water balloons with larger plastic bags filled with water; Ensure water balloons are stuck to the ceiling,3,"Rebuild the house and detection system (general statement); Keep the Arduino Fire-Alarm detection system (statement of what to keep, not improvement); Working in a smaller group would have made the project easier (reflection on teamwork)","The student presents several clear and specific recommendations focused on improving the fire suppression system, such as increasing the number and water volume of sprinklers and securing them to the ceiling. These recommendations are well justified by testing outcomes and expert feedback, demonstrating thoughtful reflection on project weaknesses. However, some suggestions, like rebuilding the house or retaining the detection system, are more reflective and do not directly address engineering improvements.

Implementation plans are generally detailed and practical, including replacing small water balloons with larger plastic bags and ensuring the sprinklers remain attached during transport. These plans show awareness of previous failures and incorporate lessons learned from peer groups. Nonetheless, the implementation details could be strengthened by including more precise specifications, such as exact materials, dimensions, or stepwise procedures, to enhance clarity and feasibility.

To improve, the student should focus on providing more engineering-specific recommendations rather than general reflections, include detailed step-by-step implementation plans with material choices and measurements, and explicitly connect each recommendation to its rationale. Additionally, avoiding vague or non-technical suggestions will strengthen the overall quality and impact of the recommendations.",4,4
Case014_11.docx,,Placeholder text for scoring.,1,1,0,0,,,,,,,,0,What could be done next to go further with this project?; What would you keep if you did the project again?; What would you change in your current prototype or testing plan?; What would have made this project easier for you to complete?,"The document does not contain any explicit recommendations for improving the engineering project. It consists solely of template prompts and questions without any specific or actionable suggestions for design improvements. Because of this, there is no evidence of project-specific recommendations or rationale explaining why changes are needed. The absence of concrete recommendations means that the student has not demonstrated an understanding of how to critically evaluate and enhance their design.

Furthermore, there are no detailed plans or steps provided for implementing any improvements. Without actionable implementation details such as materials, methods, or testing procedures, it is not possible to assess the feasibility or practicality of potential improvements. This limits the usefulness of the document for guiding future work on the project.

To improve, the student should provide clear, specific recommendations that directly address aspects of the design or testing plan that could be enhanced. Each recommendation should be supported by reasoning or evidence, such as testing results or engineering principles. Additionally, the student should outline detailed, step-by-step plans for how to implement these improvements, including materials, measurements, or procedures. This will strengthen both the quality and utility of their recommendations.",1,0
Case015_11.pdf,,Placeholder text for scoring.,1,1,5,5,,,,,,Utilize lightweight and durable materials such as aluminum or carbon fiber; Incorporate adjustable features to accommodate different user heights and preferences; Establish a robust user feedback mechanism to continuously gather insights; Streamline the manufacturing process to reduce production time and costs; Prioritize sustainable practices and materials in the production process; Adhere to relevant safety standards and regulations,"Utilize lightweight and durable materials such as aluminum or carbon fiber to enhance the handle's longevity and ease of use; Incorporate adjustable features to accommodate different user heights and preferences, ensuring maximum comfort; Establish a robust user feedback mechanism to continuously gather insights from users post-deployment; Streamline the manufacturing process to reduce production time and costs without compromising quality; Prioritize sustainable practices and materials in the production process to minimize environmental impact; Adhere to relevant safety standards and regulations to ensure the handle's safety and reliability",6,,"The student’s recommendations for improving the adaptable cart handle project are comprehensive, specific, and well-articulated. Each recommendation addresses a distinct aspect of the design, such as material selection, ergonomics, user feedback, manufacturing efficiency, sustainability, and safety compliance. The recommendations are clearly tied to tangible improvements in the project, demonstrating a strong understanding of engineering design considerations. The rationale for each recommendation is effectively communicated through the expected benefits, such as enhanced durability, user comfort, and environmental responsibility.

Implementation plans are a notable strength of this document. The student provides detailed, actionable steps for each recommendation, including prototype testing, cost-benefit analyses, user engagement strategies, and process optimizations. These plans reflect practical engineering processes and demonstrate foresight in addressing potential challenges. However, while the plans are detailed, including more quantitative specifics (e.g., target metrics, timelines, or exact testing protocols) could further strengthen the implementation strategy.

To improve, the student could incorporate measurable goals or benchmarks for each improvement, clarify how feedback will be systematically analyzed, and specify timelines or resource requirements. Additionally, linking recommendations more explicitly to identified project limitations or user needs would enhance justification. Overall, the document exemplifies strong engineering design thinking with actionable and justified recommendations supported by thorough implementation planning.",1,5
Case016_32.docx,,Placeholder text for scoring.,3,2,0,0,,,,,,What could be done next to go further with this project?; What would you keep if you did the project again?; What would you change in your current prototype or testing plan?; What would have made this project easier for you to complete?,,0,What could be done next to go further with this project?; What would you keep if you did the project again?; What would you change in your current prototype or testing plan?; What would have made this project easier for you to complete?,"The document does not contain any explicit or specific recommendations for improving the engineering project. Instead, it only lists generic template questions prompting reflection on potential improvements, what to keep, or what to change. These questions do not constitute valid engineering-design recommendations because they lack specificity, actionable detail, and justification. Consequently, there is no evidence of why any improvements are needed or how they would enhance the project.

Furthermore, the document does not provide any detailed plans or concrete steps for implementing improvements. Without specific recommendations, it is impossible to evaluate the quality or practicality of implementation planning. The absence of actionable suggestions and implementation details limits the usefulness of this section for guiding future project development.

To improve, the student should provide clear, specific recommendations that directly address aspects of the design or prototype, such as modifying components, materials, or testing methods. Each recommendation should be supported by rationale based on testing results, engineering principles, or stakeholder feedback. Additionally, detailed implementation plans should describe materials, methods, measurements, or step-by-step procedures to realize the improvements. This will strengthen both the quality and utility of the recommendations.",2.5,0
Case017_34.docx,,Placeholder text for scoring.,3,4,0,0,,,,,,What could be done next to go further with this project?; What would you keep if you did the project again?; What would you change in your current prototype or testing plan?; What would have made this project easier for you to complete?,,0,What could be done next to go further with this project?; What would you keep if you did the project again?; What would you change in your current prototype or testing plan?; What would have made this project easier for you to complete?,"The document does not contain any explicit or specific recommendations for improving the engineering project. Instead, it only lists generic template questions prompting reflection on potential improvements, which do not qualify as valid project-improvement recommendations. As a result, there is no evidence of actionable or justified suggestions for enhancing the design, nor any rationale explaining why changes might be necessary.

Furthermore, the document lacks any detailed plans for implementing improvements. Without concrete recommendations, it is not possible to evaluate the quality or practicality of implementation strategies. The absence of specific materials, construction methods, or testing procedures means the document does not meet the expectations for detailed planning.

To improve, the student should provide clear, specific engineering-design recommendations that describe what should be changed or added to the project. Each recommendation should be supported by reasoning or evidence, such as testing results or stakeholder feedback. Additionally, the student should outline detailed, step-by-step plans for how to implement these improvements, including materials, measurements, and testing methods. This will strengthen both the quality and credibility of the recommendations and demonstrate thoughtful planning for future project development.",3.5,0
Case018_55.pdf,,Placeholder text for scoring.,5,5,5,4,,,,,,"start with more detailed research and stakeholder input; make the design modular from the start; build prototype with actual materials early or use simulation software; set aside time specifically for testing and refining; build in extra tolerance or adjust design for material behavior; document changes and progress regularly; use a structured schedule with research, component testing, and final testing","start with more detailed research and stakeholder input from multiple relevant parties; make the design modular to allow easy swapping and adjustments; build prototype with actual materials early or use simulation software to test stress and friction; set aside dedicated time for testing and refining with a checklist of specific tests; build in extra tolerance or adjust design to accommodate material warping and wear; document all changes, tests, and observations regularly with photos or drawings; use a structured schedule including research, component testing, and thorough final testing",7,"learned a lot from the project; don’t be afraid to get creative despite limitations; be realistic about what can be tested and explain limitations; better planning, budgeting, and more time for testing would improve future versions","The student presents a comprehensive set of specific and actionable recommendations for improving the Komodo dragon containment project. These include engaging a broader range of stakeholders early, adopting modular design principles, using realistic materials or simulations for prototyping, allocating dedicated testing time with checklists, and improving documentation practices. Each recommendation is supported by clear rationale grounded in project experience, such as issues with material warping, time constraints, and usability challenges. This demonstrates thoughtful reflection on engineering design challenges and practical solutions.

Implementation planning is generally well developed, with the student proposing structured schedules, stakeholder involvement, and testing protocols. However, the plans could be strengthened by including more precise technical details such as specific materials, dimensions, or step-by-step construction and testing procedures. This would enhance the feasibility and clarity of executing the improvements.

To improve, the student should provide more concrete technical details in implementation plans, specify exact materials or tools to be used, include measurable testing criteria, and clarify stepwise actions for modular design and documentation. Additionally, linking recommendations more explicitly to engineering principles or quantitative data would further justify their necessity and effectiveness.",5,4.5
Case019_55.pdf,,Placeholder text for scoring.,5,5,5,4,,,,,,"Use 3D printing or machining to prototype; Choose prototyping material (PLA+, ABS, TPU) with pros and cons; Add a variable weight system with circular indents for dense disks; Make the pod easy to attach and remove by making hooks/clamp passively open and close",Use 3D printing or machining to prototype with specific materials; Add a variable weight system to adjust pod mass; Make the pod attachment easier by modifying hooks/clamp to passively open and close,3,Choosing the prototyping material is also a significant part of prototyping; Focus on the user experience based on expert feedback,"The student provides a solid set of specific and actionable recommendations for improving the engineering project. The suggestions to prototype using 3D printing or machining, add a variable weight system, and enhance user experience with passive clamps are clearly articulated and relevant to the project’s challenges. The inclusion of material options with advantages and disadvantages shows thoughtful consideration, though this section reads more like background information than a fully justified recommendation.

The rationale for each recommendation is generally sound, referencing project constraints, mechanical performance, and expert feedback. However, some justifications could be more explicitly connected to the recommendations to strengthen their persuasive power. The implementation plans are practical and include useful details such as material choices and mechanical concepts, but they lack precise measurements, stepwise procedures, or testing strategies that would make them fully actionable.

To improve, the student should explicitly link material choices to project goals as a clear recommendation, provide more detailed construction steps or dimensions for the weight system and clamp design, and include plans for testing or validating these improvements. Adding these elements would enhance both the clarity and feasibility of the proposed improvements.",5,4.5
Case020_44.pdf,,Placeholder text for scoring.,4,4,4,4,,,,,,make the ROV more massive with more powerful motors; add a system to prevent water flowing back through the 5mm filter; improve stability with more degrees of freedom and a gyroscope; keep the motor layout and frame; keep the sample access system; rethink the sample collection system to prevent samples flushing out; use more accurate cutting tools for the frame to improve symmetry,make the ROV more massive with more powerful motors; add a system to prevent water flowing back through the 5mm filter; improve stability with more degrees of freedom and a gyroscope; rethink the sample collection system to prevent samples flushing out; use more accurate cutting tools for the frame to improve symmetry,5,keep the motor layout and frame; keep the sample access system,"This document presents a strong set of project-specific recommendations that address key challenges encountered during the ROV design and testing. The student identifies clear engineering improvements such as upgrading motor power, preventing sample loss through backflow, enhancing stability with additional degrees of freedom and a gyroscope, and improving frame symmetry through better cutting methods. Each recommendation is well justified with practical reasoning tied to observed issues, demonstrating thoughtful reflection on the project’s limitations.

The implementation plans generally provide useful detail, including specific electrical requirements for motor upgrades and a thoughtful approach to cutting PVC pipes for improved symmetry. The description of the redesigned sample collection system includes mechanical details like a latch and elastic band, showing engineering reasoning. However, some implementation details remain broad or conceptual, lacking precise measurements, materials, or stepwise construction instructions that would strengthen the plan’s practicality.

To improve, the student could provide more explicit step-by-step procedures for each improvement, include exact dimensions or materials for new components, clarify testing methods to validate changes, and expand on how to integrate advanced features like the gyroscope. Adding these details would enhance the clarity and feasibility of the implementation plans, making them more actionable for future designers.",4,4.5
Case021_55.pdf,,Placeholder text for scoring.,5,5,4,4,,,,,,make the ROV more massive with more powerful motors; add a system to prevent water from flowing back through the 5mm filter; improve stability with more degrees of freedom and a gyroscope; keep the motor layout and frame; keep the sample access system; rethink the sample collection system to prevent samples flushing out; use more accurate cutting tools for the frame to improve symmetry,make the ROV more massive with more powerful motors; add a system to prevent water from flowing back through the 5mm filter; improve stability with more degrees of freedom and a gyroscope; rethink the sample collection system to prevent samples flushing out; use more accurate cutting tools for the frame to improve symmetry,5,keep the motor layout and frame; keep the sample access system,"This document presents a strong set of project improvement recommendations that are specific, actionable, and well-justified. The student identifies key issues such as insufficient motor power, sample loss through backflow, and frame asymmetry, and proposes concrete engineering solutions to address these challenges. The rationale for each recommendation is clearly linked to observed testing difficulties, demonstrating thoughtful reflection on project performance.

The implementation plans generally provide useful detail, including considerations of electrical requirements for motor upgrades, precise cutting methods for frame construction, and a conceptual design for a sample retention system. While these plans show good engineering reasoning, some lack comprehensive step-by-step instructions or detailed material specifications that would enhance clarity and feasibility.

To improve, the student could provide more precise technical details for the sample collection redesign, including dimensions and materials. Including explicit testing procedures to validate improvements would strengthen the implementation plans. Additionally, clarifying the integration of the gyroscope and degrees of freedom enhancements with the existing design would add value. Overall, the recommendations and plans demonstrate solid engineering insight with room for deeper technical elaboration.",5,4.5
Case022_21.docx,,Placeholder text for scoring.,2,1,4,3,,,,,,"come up with a design that has 3 compartments for morning, afternoon, and night; increase the capacity for the pillbox by adding multiple sections","come up with a design that has 3 compartments for morning, afternoon, and night",1,increase the capacity for this pill box,"The student offers a clear and specific recommendation to improve the smart pillbox by redesigning it to include three compartments for morning, afternoon, and night doses. This recommendation is well justified by the common need for multiple daily medication doses, which would enhance the pillbox's functionality and capacity. The rationale effectively connects the design change to user needs, demonstrating thoughtful consideration of the project's purpose.

Regarding implementation, the student suggests printing the plexiglass design to create these compartments, providing a concrete step toward realizing the improvement. However, the plan lacks detailed information such as exact measurements, materials specifications beyond plexiglass, or assembly instructions, which limits its completeness and practical utility.

To strengthen future recommendations, the student should provide more comprehensive implementation details, including dimensions, construction techniques, and testing plans. Additionally, expanding on multiple specific improvements rather than a single recommendation would enhance the depth of the design critique. Finally, supporting recommendations with data or user feedback could further justify the proposed changes and improve the overall quality of the design documentation.",1.5,3.5
Case023_33.docx,,Placeholder text for scoring.,3,3,4,2,,,,,,"come up with a design that has 3 compartments for morning, afternoon, and night; increase the capacity of the pillbox; implement the design by printing the plexiglass to include these sections","come up with a design that has 3 compartments for morning, afternoon, and night",1,increase the capacity of the pillbox; implement the design by printing the plexiglass to include these sections,"The student offers a clear and specific recommendation to improve the smart pillbox by redesigning it to include three compartments for morning, afternoon, and night doses. This recommendation is well justified by the common need for multiple daily medication doses, which would enhance the pillbox's capacity and usability. This shows thoughtful consideration of the project’s practical application and user needs.

The implementation plan suggests printing the plexiglass design to create these compartments, providing a concrete step toward realizing the improvement. However, the plan lacks detailed information such as exact dimensions, assembly instructions, or testing strategies to ensure the new design functions as intended. Including such details would strengthen the feasibility and clarity of the implementation.

To improve, the student should provide more comprehensive implementation details, including specific measurements and construction methods. Additionally, expanding on how the new design would be tested or validated would enhance the recommendation’s robustness. Finally, offering multiple distinct recommendations or exploring alternative improvements could further demonstrate depth in design thinking.",3,3.5
Case024_21.docx,,Placeholder text for scoring.,2,1,4,3,,,,,,"come up with a design that has 3 compartments for morning, afternoon, and night; increase the capacity for the pillbox by adding multiple sections","come up with a design that has 3 compartments for morning, afternoon, and night",1,increase the capacity for this pill box,"The student offers a clear and specific recommendation to improve the smart pillbox by redesigning it to include three compartments for morning, afternoon, and night doses. This recommendation is well justified by the common need for multiple daily medication doses, which would enhance the pillbox's functionality and capacity. This shows thoughtful consideration of the user’s needs and the project’s practical application.

The implementation plan is somewhat helpful, mentioning the use of plexiglass printing to create the compartments. However, it lacks detailed steps such as exact measurements, assembly instructions, or testing protocols that would make the plan more actionable and reliable. The rationale for the improvement is present but could be strengthened with more engineering reasoning or stakeholder feedback.

To improve, the student should provide more detailed construction methods and specific dimensions for the new compartments. Including testing strategies to verify the new design’s effectiveness would also enhance the implementation plan. Additionally, expanding on the rationale with data or user input would better justify the recommendation. Finally, clarifying how the new design integrates with existing electronics would make the plan more comprehensive.",1.5,4
Case025_31.docx,,Placeholder text for scoring.,3,1,4,2,,,,,,change twine to stronger string; add cover to motor; improve based on stakeholder feedback; change pulley system material; get materials sooner; reduce design changes; think more before starting,change twine to stronger string; add cover to motor; change pulley system material,3,improve based on stakeholder feedback; get materials sooner; reduce design changes; think more before starting,"The student presents several specific and actionable recommendations for improving their engineering project, including replacing the twine with a stronger string, adding a protective cover for the motor, and changing the materials used in the pulley system. These recommendations are supported by clear rationales related to durability and functionality, demonstrating a good understanding of the project’s weaknesses. However, one recommendation is vague and reflective, focusing on stakeholder feedback and project management rather than concrete design improvements.

While the recommendations are generally well justified, the plans for implementing these improvements lack sufficient detail. The student mentions using a stronger string and a cover similar to the battery cover but does not provide specifics about materials, construction methods, or step-by-step actions. This limits the practicality and clarity of how these improvements would be realized. The suggestion to change pulley system materials is also not elaborated upon, reducing the overall effectiveness of the implementation plan.

To enhance the quality of future recommendations, the student should provide more detailed implementation plans, including specific materials, construction techniques, and testing procedures. Additionally, focusing on fully engineering-specific improvements rather than general reflections or stakeholder feedback will strengthen the recommendations. Finally, including measurable or testable criteria for success would improve the justification and clarity of the proposed changes.",2,3
Case026_11.docx,,Placeholder text for scoring.,1,1,4,2,,,,,,change twine to stronger string; add cover to motor; improve based on stakeholder feedback; change pulley system material,change twine to stronger string; add cover to motor; change pulley system material,3,improve based on stakeholder feedback; would have got materials sooner; would not change design as much; would think about design more before starting; would keep pulley system concept,"The student presents several specific and actionable recommendations for improving their engineering project, including replacing the twine with a stronger string, adding a protective cover for the motor, and changing the materials used in the pulley system. These recommendations are supported by clear rationales related to durability and functionality, demonstrating a good understanding of the project’s weaknesses and how to address them. This reflects thoughtful consideration of the design’s practical challenges.

However, the implementation plans for these improvements lack sufficient detail. While the student identifies what should be changed, they do not provide concrete information about the materials, construction methods, or step-by-step procedures needed to carry out these changes. This limits the practicality and clarity of how the improvements would be realized. Additionally, some statements are reflective or general and do not contribute to actionable design improvements.

To enhance the quality of future recommendations, the student should provide more detailed implementation plans, including specific materials and construction steps. They should also avoid vague or reflective comments unrelated to design improvements. Including testing procedures or measurements would further strengthen the plans. Overall, the student shows good insight into project weaknesses but would benefit from more thorough and precise planning for improvements.",1,3
Case027_10.pdf,,Placeholder text for scoring.,1,0,2,0,,,,,,get bigger motors,get bigger motors,1,,"The student offers a single, specific recommendation to improve the project by using bigger motors. This is a valid engineering-design improvement as it directly relates to the project’s hardware. However, the recommendation is very brief and lacks any supporting rationale or explanation of how bigger motors would enhance performance or address a particular problem. Without this justification, the recommendation remains underdeveloped.

Furthermore, the student does not provide any detailed plans for implementing this improvement. There is no discussion of the type of motors needed, sourcing, installation procedures, or testing methods. This absence of implementation detail limits the usefulness of the recommendation for future designers or continuation of the project.

To strengthen the recommendations, the student should provide a clear rationale explaining why bigger motors are necessary, such as improving torque or speed based on testing data. Additionally, outlining specific steps for selecting appropriate motors, integrating them into the design, and verifying their performance would greatly enhance the implementation plan. Including multiple recommendations with detailed justifications and actionable plans would also improve the overall quality and usefulness of the design recommendations.",0.5,1
Case028_11.pdf,,Placeholder text for scoring.,1,1,2,0,,,,,,get bigger motors,get bigger motors,1,,"The student offers a single, specific recommendation to improve the project by using bigger motors. This is a valid engineering-design improvement suggestion, as it directly relates to the project’s hardware. However, the recommendation is very brief and lacks any supporting rationale or explanation of how bigger motors would enhance the project’s performance or address existing issues. Without this justification, the recommendation remains underdeveloped.

Furthermore, the student does not provide any detailed plans for implementing this improvement. There is no discussion of the type or specifications of the motors needed, how they would be integrated into the current design, or any steps for testing or validating the change. This absence of implementation detail limits the usefulness of the recommendation for future designers or project continuation.

To strengthen the recommendations, the student should provide a clear rationale explaining why bigger motors are necessary, such as improving torque or speed. Additionally, outlining specific implementation steps—such as selecting motor specifications, sourcing components, and modifying the design to accommodate the new motors—would greatly enhance the quality and practicality of the recommendations. Including multiple improvement suggestions with detailed justifications and implementation plans would also improve the overall presentation.",1,1
Case029_10.pdf,,Placeholder text for scoring.,1,0,2,1,,,,,,reinforce 3D components for durability; conduct thorough research before building; plan and schedule project carefully,reinforce 3D components for durability,1,reflection on project impact and passion; advice to love the project; importance of time management and planning; importance of conducting thorough research,"The student provides a single specific recommendation to reinforce the 3D components to improve durability, which is a valid and relevant engineering-design improvement. However, the majority of the recommendations focus on general advice such as conducting thorough research, planning, and time management, which do not directly address specific project improvements. This limits the overall specificity and technical focus of the recommendations.

The rationale for reinforcing the 3D components is briefly justified by the observation that initial prototypes were not sturdy enough, indicating some reflection on testing and durability concerns. However, the implementation plan for this recommendation is vague, lacking concrete details such as materials to use, reinforcement methods, or step-by-step procedures. Other recommendations are motivational or procedural advice without actionable engineering detail.

To improve, the student should provide more specific, actionable recommendations directly related to the project’s design and functionality. Including detailed implementation plans with materials, construction methods, or testing procedures would strengthen the presentation. Additionally, justifying recommendations with evidence from testing or stakeholder feedback would enhance their credibility and usefulness.",0.5,1.5
Case030_31.pdf,,Placeholder text for scoring.,3,1,4,4,,,,,,"add sprinklers to help spread water more; test multiple different kinds of sprinklers to see which works best; test whether the hose connection is good and watertight; test maintenance system by experimenting with bleach solutions for mold removal; keep the pipe, holes, hose connector, and end cap; adjust the length of the pipe; adjust the size of the holes to allow more water flow; add sprinklers; improve communication and stakeholder feedback",add sprinklers to help spread water more; test multiple different kinds of sprinklers to see which works best; test whether the hose connection is good and watertight; test maintenance system by experimenting with bleach solutions for mold removal; adjust the length of the pipe; adjust the size of the holes to allow more water flow; add sprinklers,7,"keep the pipe, holes, hose connector, and end cap; improve communication and stakeholder feedback","The student presents a solid set of specific and actionable recommendations for improving the engineering project. These include adding sprinklers to enhance water distribution, testing various sprinkler types, verifying hose connection integrity, and experimenting with bleach solutions for maintenance. Additionally, adjustments to pipe length and hole size are clearly identified as areas for improvement. While these recommendations are project-specific and actionable, the rationale explaining why each change is necessary is only partially developed, limiting the overall persuasiveness.

Implementation plans are generally well articulated, with concrete details such as increasing hole diameter to 6mm and modifying pipe length. The student describes how these changes would be made, demonstrating a practical understanding of the project’s needs. However, some aspects lack depth, such as specific testing methods or materials for sprinklers, which would strengthen the feasibility of the plans.

To improve, the student should provide clearer justifications for each recommendation, linking them explicitly to testing data or observed issues. Including more precise implementation steps, such as materials selection, testing protocols, or construction methods, would enhance the detail and practicality of the plans. Avoiding non-project-related reflections and focusing solely on engineering improvements will also sharpen the recommendations’ focus and impact.",2,4
Case031_00.docx,,Placeholder text for scoring.,0,0,0,0,,,,,,,,0,links to solution run-through video; links to presentation; links to video presentation; logo,"The document does not contain any explicit recommendations for improving the engineering project. There are no specific suggestions regarding changes, additions, or removals to the design or functionality. Without such recommendations, it is not possible to evaluate the quality or specificity of the proposed improvements. Additionally, the document lacks any justification or rationale explaining why improvements are needed, which is essential for understanding the value and priority of potential changes.

Furthermore, there are no detailed plans or concrete steps outlined for implementing any improvements. Effective implementation planning typically includes specific materials, construction methods, measurements, or testing procedures, none of which are present here. This absence limits the ability to assess the feasibility or practicality of any future enhancements.

To strengthen future submissions, it is recommended to explicitly state clear, project-specific recommendations for improvement, supported by rationale such as testing results or stakeholder feedback. Additionally, providing detailed implementation plans with step-by-step actions, materials, and testing strategies will greatly enhance the quality and usefulness of the recommendations. Including these elements will demonstrate thoughtful engineering reasoning and a practical approach to advancing the project.",0,0
Case032_00.docx,,Placeholder text for scoring.,0,0,0,0,,,,,,,,0,,"The document does not contain any explicit recommendations for improving the engineering project. There are no specific suggestions regarding changes, additions, or removals to the design or functionality. Without such recommendations, it is not possible to evaluate the quality, specificity, or justification for improvements. Additionally, the document lacks any detailed plans or steps for implementing potential improvements, which limits the ability to assess the feasibility or practicality of future work.

To enhance the quality of the recommendations, it is important to include clear, project-specific suggestions that address particular aspects of the design or performance. Each recommendation should be supported by a rationale explaining why the change is necessary, such as addressing a known limitation or improving efficiency. Furthermore, providing detailed implementation plans—such as materials to be used, construction methods, or testing procedures—would strengthen the presentation and demonstrate thoughtful engineering planning.

Future submissions should focus on articulating concrete, actionable improvements and accompanying them with thorough implementation strategies. This approach will better communicate the student’s understanding of the project’s challenges and their ability to engineer effective solutions.",0,0
Case033_33.pdf,,Placeholder text for scoring.,3,3,4,4,,,,,,"Use a stronger transparent material such as Lexan glass; Keep using transparent material, 3D printed PLA pegs, no slip pads, and gorilla glue; Change the shape of PLA pegs to square or long rectangle for more stability; Make plexiglass panels longer (35-40 in x 11.25 in); Replace existing materials with stronger, more durable ones; Improve design plan and create better blueprint and sketches","Use a stronger transparent material such as Lexan glass; Change the shape of PLA pegs to square or long rectangle for more stability; Make plexiglass panels longer (35-40 in x 11.25 in); Replace existing materials with stronger, more durable ones; Improve design plan and create better blueprint and sketches",5,"Keep using transparent material, 3D printed PLA pegs, no slip pads, and gorilla glue","The student presents a solid set of project-specific recommendations that focus on improving material strength, component shape, and dimensions. These suggestions are clearly tied to the engineering design and demonstrate thoughtful consideration of durability and stability. The rationale for using stronger transparent materials like Lexan is well articulated, emphasizing stakeholder needs and durability. However, some recommendations, such as replacing materials broadly or lengthening panels, would benefit from more explicit justification to strengthen their impact.

Implementation plans are generally well developed, with specific materials and dimensions provided, which enhances the feasibility of the recommendations. The student outlines concrete steps such as changing peg shapes and increasing panel size, showing an understanding of how to translate ideas into action. Nonetheless, some implementation details lack depth, such as the exact process for modifying peg shapes or selecting alternative materials, which could be expanded for greater clarity.

To improve, the student should provide more thorough rationales explaining why each recommendation is necessary, especially for material replacements and dimension changes. Additionally, including step-by-step procedures or testing methods for implementing changes would enhance the detail and practicality of the plans. Finally, focusing recommendations strictly on engineering design improvements and avoiding general reflections would strengthen the overall presentation.",3,4
Case034_33.pdf,,Placeholder text for scoring.,3,3,4,4,,,,,,"Use a stronger transparent material such as Lexan glass; Keep using transparent material, 3D printed PLA pegs, no slip pads, and gorilla glue; Change the shape of PLA pegs to square or long rectangle for more stability; Make plexiglass panels longer (35-40 in x 11.25 in); Replace existing materials with stronger, more durable ones; Improve design plan and create better blueprint and sketches","Use a stronger transparent material such as Lexan glass; Change the shape of PLA pegs to square or long rectangle for more stability; Make plexiglass panels longer (35-40 in x 11.25 in); Replace existing materials with stronger, more durable ones; Improve design plan and create better blueprint and sketches",5,"Keep using transparent material, 3D printed PLA pegs, no slip pads, and gorilla glue","The student presents a solid set of specific and actionable recommendations for improving the engineering project. These include using stronger transparent materials like Lexan glass, modifying the shape of PLA pegs to enhance stability, extending plexiglass panel dimensions, and improving design documentation. These recommendations are clearly tied to project needs such as durability, visibility, and stability, demonstrating thoughtful consideration of engineering factors. However, some recommendations lack explicit rationale, which would strengthen the justification for their necessity.

Implementation plans are generally well-developed, with clear references to materials, shapes, and dimensions. The student outlines how to apply these improvements, making the plans practical and feasible. Yet, the level of detail varies, and some plans could benefit from more precise step-by-step instructions or testing strategies to ensure successful execution.

To enhance future recommendations, the student should consistently provide explicit rationales for each improvement, explaining how it addresses specific project challenges. Additionally, including more detailed implementation steps, such as construction methods or testing procedures, would improve clarity and feasibility. Finally, avoiding vague or reflective statements and focusing solely on engineering design improvements will strengthen the overall quality of recommendations.",3,4
Case035_40.pdf,,Placeholder text for scoring.,4,0,4,2,,,,,,Equip a waterproof camera and depth tracker; Create an attachment system for the camera and depth tracker; Use a professionally made microplastic net and collection system; Keep the existing frame and wiring; Change the collection system from a spare soda can to a professional one; Start the project earlier to allow more prototype testing,Equip a waterproof camera and depth tracker; Create an attachment system for the camera and depth tracker; Use a professionally made microplastic net and collection system; Change the collection system from a spare soda can to a professional one,4,Keep the existing frame and wiring; Start the project earlier to allow more prototype testing,"The student presents several clear and specific recommendations for improving the engineering project, including adding a camera and depth tracker, enhancing the collection system to handle multiple samples efficiently, and replacing the makeshift soda can collector with a professional microplastic net. These suggestions are directly tied to the project’s design and functionality, demonstrating thoughtful consideration of practical challenges encountered during testing. The rationale for these improvements is generally sound, emphasizing ease of use, durability, and data consistency.

However, the justification could be strengthened by incorporating more explicit references to testing data or stakeholder feedback to support why these changes are critical. Additionally, the implementation plans lack sufficient detail. The student identifies what needs to be done but does not provide concrete steps, materials, or methods for how to realize these improvements. This limits the practicality and clarity of the recommendations.

To enhance future recommendations, the student should focus on providing more detailed implementation strategies, including specific materials, construction techniques, and testing procedures. Including quantitative or qualitative data to justify recommendations would also improve the rationale. Finally, avoiding vague statements and expanding on how each improvement will be executed will make the recommendations more actionable and valuable for future project iterations.",2,3
Case036_30.pdf,,Placeholder text for scoring.,3,0,4,2,,,,,,cut wood before gluing to improve efficiency; add cork or felt to bottom to increase friction and prevent slippage; make bookends bigger to support more weight,cut wood before gluing to improve efficiency; add cork or felt to bottom to increase friction and prevent slippage; make bookends bigger to support more weight,3,project was a success; learned from setbacks,"The student presents three clear and specific recommendations to improve the engineering project: cutting the wood before gluing to enhance efficiency, adding cork or felt to the bottom to increase friction and prevent slippage, and increasing the size of the bookends to support more weight. These recommendations are project-specific and actionable, with the first supported by a rationale based on prior experience and the second attributed to reviewer feedback. However, the justification for making the bookends bigger is less developed, lacking explanation of how this would improve performance.

While the recommendations are well identified, the implementation plans lack sufficient detail. The student outlines the process change for cutting and gluing and suggests materials for friction enhancement but does not provide concrete steps, measurements, or testing methods. The recommendation to increase size is not accompanied by any implementation plan. This limits the practicality and clarity of how these improvements would be realized.

To strengthen future recommendations, the student should provide more thorough rationales explaining why each change is necessary and how it benefits the design. Additionally, detailed implementation plans including specific materials, construction methods, dimensions, and testing procedures would improve clarity and feasibility. Finally, expanding on the reasoning behind size adjustments and including step-by-step actions would enhance the overall quality of the recommendations.",1.5,3
Case037_34.pdf,,Placeholder text for scoring.,3,4,4,2,,,,,,cut wood before gluing to improve efficiency; add cork or felt to bottom to increase friction and prevent slippage; make bookends bigger to support more weight,cut wood before gluing to improve efficiency; add cork or felt to bottom to increase friction and prevent slippage; make bookends bigger to support more weight,3,project was a success; learned from setbacks,"The student provides three clear and specific recommendations for improving their bookend design, which demonstrates thoughtful reflection on the project. The first recommendation, to cut the wood before gluing, is well justified with a rationale explaining how the previous method caused delays and difficulty. The other two recommendations—adding friction material and increasing size—are specific but lack detailed justification or supporting evidence. This mix of rationale strength results in a solid but not exceptional set of improvement suggestions.

Regarding implementation planning, the document falls short of providing detailed, actionable steps. While the first recommendation includes a brief explanation of the problem, it does not outline how to implement the change in practice. The other recommendations are stated as possibilities without concrete plans, such as material types, dimensions, or construction techniques. This limits the practicality and clarity of how these improvements would be realized.

To enhance the quality of recommendations and implementation plans, the student should provide more thorough justifications for each suggestion, including testing or stakeholder feedback where possible. Additionally, detailed step-by-step plans, specific materials, and measurable parameters would strengthen the implementation section. Finally, linking each recommendation explicitly to how it improves the design’s performance or usability would improve clarity and impact.",3.5,3
Case038_01.pdf,,Placeholder text for scoring.,0,1,5,5,,,,,,add a crank mechanism to simplify pulling the toy crane; reinforce structural joints with T and L brackets; stabilize the crane using a guy-wire mechanism,add a crank mechanism to simplify pulling the toy crane; reinforce structural joints with T and L brackets; stabilize the crane using a guy-wire mechanism,3,statements about collaboration and stakeholder engagement; general statements about the project being sturdy and simple to use,"The recommendations presented are exemplary in their specificity and relevance to the project. The team clearly identifies three distinct engineering improvements—adding a crank mechanism, reinforcing joints with T and L brackets, and stabilizing the crane with a guy-wire system. Each recommendation is well justified with detailed explanations of the problems addressed, such as user difficulty, structural instability, and safety hazards, supported by stakeholder feedback and engineering principles.

Implementation planning is a strong aspect of this document. The team provides thorough details on materials, construction techniques, testing protocols, and maintenance procedures. For example, the use of laser scanning to identify stress points, the choice of corrosion-resistant materials, and the inclusion of user testing and safety inspections demonstrate a comprehensive and practical approach to realizing the improvements.

To further enhance the recommendations, the team could include quantitative measurements or dimensions for components, specify timelines for implementation phases, and provide cost estimates or resource requirements. Additionally, clarifying how the backup guy-wire system would be engaged in practice would strengthen the safety planning. Overall, the document reflects a high level of engineering rigor and thoughtful planning.",0.5,5
Case039_31.pdf,,Placeholder text for scoring.,3,1,4,2,,,,,,add a gong mallet holder to the side of the wooden beams; make the bottom half of the gong stand more rigid; get rid of the sticky surface on the stand left from staining; replace or redesign the mute mechanism; remove the gong mute; keep the design of the upper half of the stand the same; keep the wheels; keep the color of the stand the same,add a gong mallet holder to the side of the wooden beams; make the bottom half of the gong stand more rigid; get rid of the sticky surface on the stand left from staining; replace or redesign the mute mechanism; remove the gong mute,5,keep the design of the upper half of the stand the same; keep the wheels; keep the color of the stand the same; reflection on teamwork; reflection on journaling and time management; general statements about project success or preferences,"The student presents several specific and actionable recommendations to improve the engineering project, including adding a gong mallet holder, increasing the rigidity of the stand's bottom half, removing sticky residue from staining, and redesigning or removing the mute mechanism. These suggestions demonstrate thoughtful consideration of the project's physical design and user experience. However, only a few recommendations are supported by clear rationale, such as the mute mechanism being inefficient and detracting from the fun, or the mallet holder being easily fabricated via 3D printing. Other recommendations lack explicit justification or explanation of their impact.

Regarding implementation planning, the student’s descriptions are generally vague and lack concrete detail. While the mallet holder is suggested to be 3D printed, no specifics on design, materials, or steps are provided. Similarly, plans to improve rigidity or remove sticky surfaces are mentioned without outlining methods or materials. The mute mechanism redesign is acknowledged as necessary but without actionable steps. This limits the practicality and clarity of how improvements would be realized.

To strengthen future recommendations, the student should provide clearer justifications for why each improvement is needed, supported by testing results or stakeholder feedback where possible. Additionally, more detailed implementation plans including materials, construction methods, and step-by-step actions would enhance feasibility. Finally, focusing on fewer but well-developed recommendations with strong rationale and concrete plans would improve the overall quality and impact of the design presentation.",2,3
Case040_44.pdf,,Placeholder text for scoring.,4,4,4,2,,,,,,add a gong mallet holder to the side of the wooden beams; make the bottom half of the gong stand more rigid; get rid of the sticky surface on the stand left from staining; replace or redesign the mute mechanism; remove the gong mute; keep the design of the upper half of the stand the same; keep the wheels; keep the color of the stand the same,add a gong mallet holder to the side of the wooden beams; make the bottom half of the gong stand more rigid; get rid of the sticky surface on the stand left from staining; replace or redesign the mute mechanism; remove the gong mute,5,keep the design of the upper half of the stand the same; keep the wheels; keep the color of the stand the same; reflection on teamwork; reflection on journaling and time management; general statements about project success or preference,"The student offers several specific and actionable recommendations to improve the engineering project, including adding a gong mallet holder, increasing the rigidity of the stand's bottom half, removing sticky residue from staining, and redesigning or removing the mute mechanism. These suggestions demonstrate thoughtful consideration of the project's physical design and functionality. However, only the mute mechanism recommendation is supported with a clear rationale explaining its inefficiency and aesthetic issues. Other recommendations would benefit from more explicit justification to strengthen their importance.

Regarding implementation planning, the student provides mostly general or minimal details. For instance, the mallet holder could be 3D printed or made by an easy solution, but no concrete steps, materials, or measurements are specified. Similarly, plans to improve rigidity or remove sticky surfaces lack detailed methods or procedures. The mute mechanism redesign is acknowledged as necessary but without a clear plan for how to achieve it. This limits the practicality and clarity of the proposed improvements.

To enhance future recommendations, the student should provide stronger justifications for each improvement, explaining why changes are needed based on testing or design reasoning. Additionally, more detailed implementation plans including specific materials, construction methods, or step-by-step actions would improve clarity and feasibility. Finally, avoiding vague or general statements and focusing on concrete engineering modifications will strengthen the overall quality of the recommendations.",4,3
Case041_30.docx,,Placeholder text for scoring.,3,0,4,2,,,,,,Use better materials such as a bigger bag instead of individual bags; Test whether the apple lasts longer when vacuum-sealed; Obtain proof of kitchen staff throwing away old fruits,Use better materials such as a bigger bag instead of individual bags; Test whether the apple lasts longer when vacuum-sealed; Obtain proof of kitchen staff throwing away old fruits,3,"Focus on engineers' professional development, teamwork, and communication skills; Encourage continuous learning, mentorship, and building professional networks","The student presents several clear and specific recommendations to improve their engineering project, including using better materials like a larger bag, testing the vacuum-sealing effect on fruit preservation, and gathering evidence from kitchen staff about fruit waste. These recommendations directly address the project's challenges and demonstrate thoughtful consideration of practical improvements. However, the rationale for these recommendations is only partially articulated, with limited explanation of how each change would enhance the project’s effectiveness or address identified shortcomings.

Regarding implementation planning, the student’s proposals are somewhat general and lack detailed steps or technical specifics. For instance, while the suggestion to use a bigger bag is concrete, there is no information about the bag’s dimensions, material properties, or how it would be integrated into the design. Similarly, the testing recommendation lacks a defined procedure, and the plan to obtain proof from stakeholders is vague without a clear method for data collection or analysis.

To strengthen future recommendations, the student should provide more explicit justifications linking improvements to project goals, include detailed implementation steps such as materials, measurements, or testing protocols, and develop concrete plans for stakeholder engagement and data gathering. Adding these elements will enhance the clarity, feasibility, and impact of their design recommendations.",1.5,3
Case042_32.docx,,Placeholder text for scoring.,3,2,4,2,,,,,,Use better materials such as a bigger bag instead of individual small bags; Test whether the apple lasts longer when vacuum-sealed; Obtain proof of kitchen staff throwing away old fruits to support the project,Use better materials such as a bigger bag instead of individual small bags; Test whether the apple lasts longer when vacuum-sealed,2,"Obtain proof of kitchen staff throwing away old fruits to support the project; Focus on engineers' professional development, teamwork, and communication skills; Encourage continuous learning, mentorship, and building professional networks","The student presents three clear and project-specific recommendations to improve their vacuum sealer design: using better materials such as a larger bag to accommodate multiple fruits, testing the design's effectiveness in extending fruit shelf life, and gathering evidence of fruit waste from kitchen staff to justify the project need. These recommendations demonstrate a good understanding of the project's limitations and areas for enhancement. However, the rationale behind these suggestions is only partially developed, lacking detailed engineering reasoning or stakeholder input to fully justify why these improvements are critical.

Regarding implementation planning, the student provides some direction, such as using a bigger bag and testing the apple's preservation, but the plans remain vague and lack concrete details like specific materials, testing methods, or procedural steps. The recommendation to obtain proof of fruit waste is important but is not accompanied by a clear strategy for data collection or stakeholder engagement. This limits the practicality and actionability of the proposed improvements.

To strengthen future recommendations, the student should provide more detailed implementation plans, including specific materials, testing protocols, and stepwise actions. Additionally, justifying recommendations with engineering principles or stakeholder feedback would enhance their credibility. Finally, outlining how to gather supporting evidence systematically would improve the project's foundation and persuasiveness.",2.5,3
Case043_44.pdf,,Placeholder text for scoring.,4,4,4,3,,,,,,getting expert feedback to finalize design; testing prototype under certain conditions to assess safety; keep heating cable and metal for melting ice; do more research on heat amount needed; test using different temperatures and humidity levels; measure ice thickness during testing; test how smooth concrete is to see surface effect; have enough research and materials to ease project completion,get expert feedback to finalize design and address weaknesses; test prototype under different conditions to assess safety; keep heating cable and metal components for melting ice; test using different temperatures and humidity levels to understand ice formation and melting; measure ice thickness to evaluate slipperiness and de-icing methods; test concrete smoothness to assess surface effects,6,do more research on heat amount needed; having enough research and materials would have made project easier,"The student presents several specific and actionable recommendations for improving the engineering project, such as obtaining expert feedback to finalize the design, testing the prototype under varied environmental conditions, and retaining heating components to enhance ice melting. These recommendations demonstrate a clear understanding of the project’s technical challenges and potential improvements. However, while the student occasionally provides rationale for these suggestions, such as improving safety or addressing weaknesses, the explanations are often implicit or general rather than thoroughly justified with testing data or stakeholder feedback.

Regarding implementation planning, the student offers some details about how to carry out improvements, including testing at different temperatures and measuring ice thickness. Yet, these plans lack consistent specificity, such as precise procedures, materials, or measurement techniques, which limits their practicality. The document would benefit from more concrete, step-by-step implementation strategies to better guide future work.

To strengthen future recommendations, the student should explicitly connect each improvement to clear reasons supported by data or feedback, provide detailed implementation steps including materials and methods, avoid vague or general statements, and focus on actionable engineering design changes. These enhancements will improve the clarity, justification, and usefulness of their design recommendations.",4,3.5
Case044_55.pdf,,Placeholder text for scoring.,5,5,5,5,,,,,,Mass produce the light clamps for schools and TV studios; Make the light clamps more affordable and use fewer resources; Keep using 3D printing for prototypes and custom orders; Change the clamp to be welded to the light holder; Improve the project schedule and planning,Mass produce the light clamps for schools and TV studios; Make the light clamps more affordable and use fewer resources; Change the clamp to be welded to the light holder,3,Keep using 3D printing for prototypes and custom orders; Improve the project schedule and planning,"The student presents a strong set of project improvement recommendations that are specific, actionable, and well-justified. Key engineering improvements such as mass production of the light clamps, making them more affordable with eco-friendly materials, and redesigning the clamp to be welded to the light holder are clearly articulated. Each recommendation includes a rationale that connects the proposed change to practical benefits like cost reduction, increased durability, and wider accessibility.

The implementation plans are thorough and detailed, outlining concrete steps such as finalizing designs, working with manufacturers, testing prototypes, and using specific production methods like injection molding. This level of detail demonstrates a clear understanding of how to move from concept to execution, which strengthens the feasibility of the recommendations.

While the student also discusses keeping 3D printing for prototyping and improving project scheduling, these are more reflective or process-oriented and do not directly improve the engineering design, so they are not counted as valid project recommendations. To further enhance the quality of recommendations, the student could include more quantitative details such as target cost reductions or specific material types. Additionally, incorporating feedback from potential users or testing data would strengthen the rationale. Finally, providing timelines or resource estimates in the implementation plans would improve their practicality and completeness.",5,4.5
Case045_55.pdf,,Placeholder text for scoring.,5,5,4,4,,,,,,Mass produce the light clamps for schools and TV studios; Make the light clamps more affordable and use fewer resources; Keep using 3D printing for prototypes and custom orders; Change the clamp to be welded to the light holder; Improve the project schedule and planning,Mass produce the light clamps for schools and TV studios; Make the light clamps more affordable and use fewer resources; Change the clamp to be welded to the light holder,3,Keep using 3D printing for prototypes and custom orders; Improve the project schedule and planning,"The student presents a strong set of project improvement recommendations that are specific, actionable, and well-justified. Key recommendations such as mass production of the light clamps, making them more affordable with fewer resources, and redesigning the clamp to be welded to the light holder are clearly articulated with detailed explanations of why these changes are necessary. This demonstrates a solid understanding of both the engineering challenges and the practical benefits of the proposed improvements.

The implementation plans are a notable strength, providing thorough, step-by-step actions that include material choices, manufacturing methods, testing procedures, and distribution strategies. These plans show careful consideration of how to realize the recommendations effectively, making them highly practical and feasible. However, some recommendations related to 3D printing and project scheduling, while valuable reflections, do not directly improve the engineering design and thus do not count toward the core scoring.

To further enhance the quality of recommendations, the student could include more quantitative details such as specific cost targets or material specifications, incorporate feedback from stakeholders or testing results to strengthen justification, and clarify how the welded design will be integrated into existing production workflows. Additionally, linking the scheduling improvements more directly to engineering outcomes could make those recommendations more impactful.",5,5
Case046_30.docx,,Placeholder text for scoring.,3,0,4,3,,,,,,program it and fix the gears; make the gears better to turn and work better; better shade to protect the plant from more sunlight; better gears to spin the roller easier without the gear falling off track; better resources for the structure to make it stronger and suitable for different weather; programming device to activate motor at given times; measurement accuracy to make device look smoother and cleaner,fix and improve the gears to turn and work better; use better shade to protect the plant from more sunlight; use better gears to spin the roller easier without the gear falling off track; use better resources for the structure to make it stronger and suitable for different weather; program the device to activate the motor at given times; improve measurement accuracy to make the device look smoother and cleaner,6,try to program it and fix the gears; keep the concept of rollers and gears moving the black cloth; what would have made this project easier: better resources more specific parts,"The student presents several specific and actionable recommendations to improve the engineering project, such as enhancing the gears for better function, adding better shade for plant protection, strengthening the structure with improved resources, programming the device for timed activation, and improving measurement accuracy. These recommendations demonstrate a clear understanding of the project’s mechanical and functional challenges. However, the rationale explaining why these improvements are necessary is somewhat general and could be strengthened with more detailed engineering reasoning or evidence.

Regarding implementation planning, the student provides some useful ideas, such as preventing gears from falling off track and programming motor activation. Yet, the plans lack detailed descriptions of materials, construction methods, or testing procedures that would make the improvements more actionable and practical. The implementation details are often broad and would benefit from more specificity to guide actual project development.

To improve, the student should provide clearer justifications for each recommendation, including how the changes will enhance performance or durability. Additionally, offering concrete implementation steps, such as specifying materials or programming approaches, would strengthen the plan. Finally, avoiding vague statements and focusing on measurable or testable improvements will enhance both the recommendations and their execution.",1.5,3.5
Case047_30.pdf,,Placeholder text for scoring.,3,0,3,2,,,,,,"Each team member could have more research projects done under their portfolio; Concrete physics understanding (i.e., Newton's Laws); Keep the detection and notification system; Test each system individually and record data to understand limits; Test the integrated system to understand its limitations; Access to more materials to create a fire protection system that prevents fire or its spread; More time to refine the system and conduct more research on materials",Test each system individually and record data to understand limits; Test the integrated system to understand its limitations,2,"Each team member could have more research projects done under their portfolio; Concrete physics understanding (i.e., Newton's Laws); Keep the detection and notification system; Access to more materials to create a fire protection system that prevents fire or its spread; More time to refine the system and conduct more research on materials","The student’s recommendations include one clear, specific engineering-design improvement: testing each system individually and recording data to better understand system limitations before integration. This recommendation is actionable and relevant to the project, demonstrating some thoughtful reflection on how to enhance the prototype’s reliability. However, most other statements are reflective or general, such as improving physics understanding or having more materials and time, which do not qualify as valid project improvement recommendations.

The rationale for the valid recommendation is implicit but not fully developed; the student notes the need to understand system limits, which suggests an awareness of potential integration challenges. Yet, the justification could be strengthened by explicitly linking this testing to improved system performance or reliability. The implementation plan is somewhat vague, lacking concrete details such as specific testing methods, measurement criteria, or procedural steps, which limits its practical usefulness.

To improve, the student should provide more detailed, step-by-step plans for implementing recommendations, including specific testing procedures and criteria. Additionally, offering clear rationales that connect recommendations to project goals or identified weaknesses would enhance the quality of the recommendations. Finally, focusing on multiple specific, actionable improvements rather than general reflections would strengthen the overall presentation.",1.5,2
Case048_32.pdf,,Placeholder text for scoring.,3,2,3,3,,,,,,"evaluate the amount of space where the insect catcher will go; observe where insects usually are in the room; note where insects enter and if there are pets or children around; think about where to place the insect catcher easily; talk with the people who have the insect problem; show early ideas and listen to feedback; estimate how long each part of the project will take; make plans very clear and easy to follow; write down how to test, build, and materials needed; plan to build the insect catcher in pieces and assemble on site; make quick models from cheap materials or 3D printer; build models of main parts that catch insects; test special traps or openings for effectiveness and durability; show simple models to people with the insect problem and get feedback",evaluate the amount of space where the insect catcher will go; observe where insects usually are in the room; note where insects enter and if there are pets or children around; think about where to place the insect catcher easily; make quick models from cheap materials or 3D printer; build models of main parts that catch insects; test special traps or openings for effectiveness and durability; plan to build the insect catcher in pieces and assemble on site,8,"talk with the people who have the insect problem; show early ideas and listen to feedback; estimate how long each part of the project will take; make plans very clear and easy to follow; write down how to test, build, and materials needed; show simple models to people with the insect problem and get feedback; communicating often with your team online","The student’s recommendations for improving the insect catcher project include several specific and actionable suggestions, such as evaluating the available space, observing insect entry points, considering placement, and creating quick models for testing. These recommendations demonstrate an understanding of important design considerations and iterative development. However, the suggestions tend to be somewhat general and lack detailed technical specificity or direct rationale tied to the unique challenges of the project. For example, while the student advises making models and testing parts, they do not provide detailed criteria or metrics for success.

The implementation plans show some practical thinking, including using inexpensive materials for prototypes and assembling the catcher in pieces to minimize mess. Yet, these plans are minimally detailed and do not include precise construction methods, measurements, or comprehensive testing procedures. This limits the clarity and usefulness of the guidance for someone seeking to follow through on the recommendations.

To improve, the student should provide more detailed, project-specific rationales explaining why each recommendation is necessary. Including concrete implementation steps, such as exact materials, dimensions, or testing protocols, would strengthen the plans. Additionally, integrating stakeholder feedback explicitly into the design improvements and clarifying how it informs changes would enhance the overall quality and applicability of the recommendations.",2.5,4
Case049_43.pdf,,Placeholder text for scoring.,4,3,4,4,,,,,,"evaluate the amount of space where the insect catcher will go; observe where insects usually are in the room; note where insects enter and if there are pets or children around; think about where to place the insect catcher easily; talk with the people who have the insect problem; show early ideas and listen to feedback; estimate how long each part of the project will take; make plans very clear and easy to follow; write down how to test, build, and materials needed; plan to build the insect catcher in pieces and assemble on site; make quick models from cheap materials or 3D printer; build models of main parts that catch insects; test special traps or openings for effectiveness and durability; show simple models to users and get feedback","evaluate the amount of space where the insect catcher will go; observe where insects usually are in the room; note where insects enter and if there are pets or children around; think about where to place the insect catcher easily; make plans very clear and easy to follow; write down how to test, build, and materials needed; plan to build the insect catcher in pieces and assemble on site; make quick models from cheap materials or 3D printer; build models of main parts that catch insects; test special traps or openings for effectiveness and durability",10,talk with the people who have the insect problem; show early ideas and listen to feedback; estimate how long each part of the project will take; show simple models to users and get feedback; communicating often with your team online,"The recommendations presented in this document are generally specific and actionable, focusing on practical ways to improve the insect catcher design. The student suggests evaluating the space and insect behavior to inform design decisions, as well as building and testing models using accessible materials like cardboard and foam. These recommendations demonstrate a thoughtful approach to refining the project. However, while the document implies the importance of these improvements, it lacks explicit, detailed justification or evidence explaining why each recommendation is critical to project success.

The implementation plans are fairly well developed, offering concrete suggestions such as building the catcher in pieces for easier assembly and testing special trap components for durability and effectiveness. The inclusion of prototyping methods and material choices adds practical value. Yet, the plans could be strengthened by including more precise details such as exact dimensions, step-by-step construction processes, or specific testing protocols to ensure clarity and reproducibility.

To enhance the quality of future recommendations, the student should provide clearer rationales supported by testing or stakeholder feedback, include more precise implementation details, and explicitly connect each recommendation to project goals. Additionally, distinguishing between design improvements and general project management advice would improve focus and scoring potential.",3.5,4
Case050_32.pdf,,Placeholder text for scoring.,3,2,4,3,,,,,,improve locking mechanism with a 3D printed plastic piece; make a better hooking mechanism to reduce handle wiggle; plan more thoroughly to avoid construction errors,improve locking mechanism with a 3D printed plastic piece; make a better hooking mechanism to reduce handle wiggle,2,plan more thoroughly to avoid construction errors,"The student provides two clear and specific recommendations for improving the engineering project: developing a functional locking mechanism using a 3D printed plastic insert and enhancing the hooking mechanism to reduce handle movement. These recommendations are well justified with explanations of current limitations and the benefits of the proposed changes, demonstrating thoughtful engineering reasoning. However, the third suggestion about improving planning is reflective and does not directly relate to the engineering design, so it is not counted as a valid project improvement.

The implementation plan for the locking mechanism is fairly detailed, describing the need for CAD modeling, 3D printing, and time allocation for skill development. This shows a practical understanding of the steps required to realize the improvement. The hooking mechanism recommendation is less developed in terms of implementation detail, lacking specific materials or construction methods, though it acknowledges budget constraints. Overall, the plans are actionable but could be strengthened with more precise technical details.

To improve, the student should provide more concrete construction steps and measurements for the hooking mechanism, include testing procedures to validate improvements, clarify material choices, and avoid including reflective or planning-related comments as project recommendations. Adding these details would enhance both the quality and feasibility of the proposed improvements.",2.5,4
Case051_31.pdf,,Placeholder text for scoring.,3,1,5,4,,,,,,add more native plants like purple coneflowers and switchgrass; put up signs that explain what the garden does and why it’s important,add more native plants like purple coneflowers and switchgrass; put up signs that explain what the garden does and why it’s important,2,,"The student presents two clear and specific recommendations to improve the school rain garden: adding native plants like purple coneflowers and switchgrass to enhance water absorption and soil stability, and installing informative signs to educate students about the garden’s function. These recommendations are well justified, particularly the explanation of how deep-rooted native plants contribute to soil retention and water management, demonstrating sound engineering reasoning.

The implementation plan is generally detailed and practical. It includes steps such as evaluating the garden space, sourcing plants from local shops, involving the school community in planting and sign installation, and establishing a maintenance schedule. This shows thoughtful consideration of the project’s logistics and sustainability. However, the plan could be strengthened by including more technical details such as specific quantities of plants, timelines for each step, or precise planting techniques.

To improve, the student should provide more detailed implementation steps with measurable targets, include testing or monitoring plans to evaluate the effectiveness of the improvements, and expand on the rationale for the educational signs by explaining their expected impact. Adding these elements would enhance the clarity, specificity, and engineering rigor of the recommendations and their execution.",2,4.5
Case052_31.pdf,,Placeholder text for scoring.,3,1,5,4,,,,,,add more native plants like purple coneflowers and switchgrass; put up signs that explain what the garden does and why it’s important,add more native plants like purple coneflowers and switchgrass; put up signs that explain what the garden does and why it’s important,2,,"The student presents two clear and specific recommendations to improve the school rain garden: adding native plants like purple coneflowers and switchgrass, and installing informative signs. These recommendations are well justified, particularly the choice of plants, which is supported by reasoning about their deep roots aiding water absorption and soil stabilization. This shows a good understanding of the project's environmental goals.

The implementation plan is generally well thought out, describing steps such as site assessment, sourcing plants from local shops, involving the school community in planting and sign installation, and establishing a maintenance schedule. This demonstrates practical planning and stakeholder engagement. However, the plan could be strengthened by including more technical details such as exact plant quantities, timelines for each step, or specific materials for the signs.

To improve, the student should provide more precise implementation details, such as measurements or schedules, to enhance clarity and feasibility. Additionally, including testing or monitoring procedures to evaluate the effectiveness of the improvements would add rigor. Finally, expanding the rationale for the signs beyond education to include potential impacts on garden care or community engagement could deepen the justification.",2,4.5
Case053_12.pdf,,Placeholder text for scoring.,1,2,2,1,,,,,,do more research on the system; keep original idea of how the detector was supposed to work; change the kind of tubing for more consistent and quicker water flow; having the detector already made would have made the project easier,change the kind of tubing for more consistent and quicker water flow,1,do more research on the system; keep original idea of how the detector was supposed to work; having the detector already made would have made the project easier,"The student provides a single specific recommendation to improve the project by changing the tubing to allow water to flow more consistently and quickly. This is a valid engineering-design improvement that directly addresses a functional aspect of the prototype. However, other statements in the document are reflective or vague, such as doing more research or keeping the original idea, which do not qualify as actionable recommendations. The rationale for the tubing change is implied but not explicitly justified with testing results or stakeholder feedback.

Regarding implementation planning, the student’s description is minimal and lacks concrete details such as the type of tubing to use, how to source or install it, or how to verify the improvement through testing. This limits the practicality and clarity of the plan. Strengths include identifying a tangible design element to improve, but weaknesses lie in the lack of detailed justification and actionable steps.

To enhance future recommendations, the student should provide more specific and multiple improvement ideas, clearly justify why each is needed based on evidence or reasoning, and include detailed implementation plans with materials, methods, and testing procedures. Adding these elements will strengthen the overall quality and usefulness of the recommendations.",1.5,1.5
Case054_10.pdf,,Placeholder text for scoring.,1,0,2,1,,,,,,do more research on our system so that way it can work the correct way; keep our original idea of how the detector was supposed to work and our idea of the model; change the kind of tubing so the water can come out more consistently and quickly; having the detector already made would have made the project easier,change the kind of tubing so the water can come out more consistently and quickly,1,do more research on our system so that way it can work the correct way; keep our original idea of how the detector was supposed to work and our idea of the model; having the detector already made would have made the project easier,"The student provides a single specific recommendation to improve the project by changing the tubing to allow water to flow more consistently and quickly. This is a valid engineering-design improvement and shows some understanding of how to enhance the prototype. However, other statements are reflective or vague, such as doing more research or keeping the original idea, which do not qualify as actionable recommendations. The rationale for the tubing change is implied but not explicitly justified with testing results or engineering reasoning.

Regarding implementation planning, the student does not provide detailed steps or technical specifics for how to select or replace the tubing. There is no mention of materials, dimensions, or testing procedures to verify the improvement. This limits the practicality and clarity of the plan. Strengths include identifying a tangible area for improvement, but weaknesses lie in the lack of detailed justification and concrete implementation details.

To improve, the student should provide more specific recommendations with clear rationales based on testing or design analysis. They should also include detailed implementation plans, such as specifying tubing types, sizes, or installation methods. Adding step-by-step actions and testing strategies would strengthen the recommendations and make them more actionable.",0.5,1.5
Case055_11.pdf,,Placeholder text for scoring.,1,1,3,2,,,,,,get better materials; add a button to advance it; make it more sturdy; change the materials and the planning; better planning; more foundation and power in our motor,get better materials; add a button to advance it; make it more sturdy; change the materials; more foundation and power in our motor,5,restart but keep the original design; better planning; more time to plan on how to make the project the best we can make it; having more time to plan; not joke around at the beginning of the project and get straight to work; start working earlier,"The student’s recommendations for improving the project include obtaining better materials, adding a button to advance the device, making the design more sturdy, and enhancing the motor’s foundation and power. These suggestions are specific to the project and indicate an understanding of areas needing improvement. However, the recommendations lack detailed rationale or engineering justification explaining why these changes are necessary or how they would enhance the project’s performance.

Regarding implementation planning, the student outlines intentions such as allocating more time for planning and starting work earlier to secure better materials. While these plans show awareness of process improvements, they are vague and lack concrete details such as specific materials, construction methods, or step-by-step actions. This limits the practicality and clarity of how the improvements will be realized.

To strengthen future recommendations, the student should provide clear engineering rationales supporting each improvement, specify exact materials or components to be used, and describe detailed implementation steps. Including testing procedures or design modifications would also enhance the quality of the plans. Additionally, avoiding vague statements about time management and focusing more on technical details will improve the overall effectiveness of the recommendations and their implementation.",1,2.5
Case056_10.docx,,Placeholder text for scoring.,1,0,0,0,,,,,,,,0,template language; general instructions about recommendations; reflection on what to keep or change; questions to guide recommendations,"The document provided does not contain any explicit recommendations for improving the engineering project. Instead, it consists solely of template instructions and general guidance on how to write recommendations. There are no specific suggestions for design changes, additions, removals, or improvements to the project itself. Consequently, the recommendations lack any actionable content or justification based on testing data, stakeholder feedback, or engineering reasoning.

Because no valid project improvement recommendations are presented, there is also no implementation planning to evaluate. The document does not describe any materials, construction methods, measurements, or step-by-step actions for implementing improvements. This absence of concrete detail limits the usefulness of the document for guiding future work on the project.

To improve, the student should provide clear, specific recommendations for how the project could be enhanced, supported by rationale or evidence. For each recommendation, detailed implementation plans should be included, describing exactly how changes would be made, what materials or methods would be used, and how improvements would be tested. Avoiding vague or reflective statements and focusing on actionable engineering design improvements will strengthen the quality and impact of the recommendations.",0.5,0
Case057_11.docx,,Placeholder text for scoring.,1,1,0,0,,,,,,,,0,template language; general instructions about recommendations; reflection on what to keep or change without specifics; statements about lessons learned; statements about how to use the template,"The submitted document does not contain any explicit recommendations for improving the engineering project. Instead, it consists solely of template instructions and general prompts for what could be included in recommendations. There are no specific, actionable suggestions related to design changes, materials, or testing procedures. Consequently, the rationale for why improvements are needed is absent, and no justification based on testing data or stakeholder feedback is provided.

Furthermore, the document lacks any detailed plans for implementing improvements. Without concrete recommendations, it is not possible to evaluate the quality or practicality of implementation strategies. The absence of specific engineering-design improvement proposals and corresponding implementation details limits the usefulness of this submission for guiding future work on the project.

To improve, the student should provide clear, specific recommendations that directly address aspects of the design or testing process. Each recommendation should be supported by rationale grounded in data or engineering reasoning. Additionally, detailed implementation plans should describe materials, methods, and step-by-step actions to realize the improvements. Including these elements will enhance the clarity, relevance, and impact of the recommendations.",1,0
Case058_33.pdf,,Placeholder text for scoring.,3,3,4,3,,,,,,implement more refining of the microplastic filters; allocate more time to travel somewhere more reliable for testing; compete in challenges with ROVs to test performance; keep the design aspect of the ROV filters; allocate more time towards the last elements after testing; conduct more individual filter testing; break up time for elements over homework and classwork; test in a different place with deeper water; turn ROV testing into challenges to test durability and function,implement more refining of the microplastic filters; allocate more time to travel somewhere more reliable for testing; compete in challenges with ROVs to test performance; conduct more individual filter testing; test in a different place with deeper water; turn ROV testing into challenges to test durability and function,6,keep the design aspect of the ROV filters; allocate more time towards the last elements after testing; break up time for elements over homework and classwork,"The student offers several project-specific recommendations, notably refining the microplastic filters and testing in a more suitable, deeper location. These suggestions demonstrate an understanding of challenges encountered during testing and propose actionable improvements. However, the rationale for these recommendations is only briefly stated, limiting the depth of justification. Other recommendations focus more on process improvements or general reflections, which do not directly address engineering design enhancements.

Implementation plans are present but lack sufficient detail to guide practical application. While the student mentions more individual filter testing and allocating time differently, these plans do not include specific methods, materials, or step-by-step procedures. The suggestion to test in a different location is also vague, missing concrete criteria or logistical considerations. This limits the usefulness of the implementation section for someone seeking to continue or improve the project.

To strengthen future recommendations, the student should provide clearer rationales linking improvements to observed problems or testing data. Including detailed, stepwise implementation plans with specific materials, testing protocols, or design modifications would enhance clarity and feasibility. Additionally, focusing recommendations strictly on engineering design improvements rather than process or competition ideas will improve relevance and scoring.",3,3.5
Case059_33.pdf,,Placeholder text for scoring.,3,3,3,2,,,,,,implement more refining of the microplastic filters; allocate more time to travel somewhere more reliable for testing; compete in challenges with ROVs to test performance; keep the design aspect of the ROV filters; allocate more time towards the last elements after testing; conduct more individual filter testing; break up time for elements over homework and classwork; test in a different place with deeper water; turn ROV testing into challenges to test durability and function,implement more refining of the microplastic filters; allocate more time to travel somewhere more reliable for testing; test in a different place with deeper water,3,compete in challenges with ROVs to test performance; keep the design aspect of the ROV filters; allocate more time towards the last elements after testing; conduct more individual filter testing; break up time for elements over homework and classwork; turn ROV testing into challenges to test durability and function,"The student presents a solid set of project improvement recommendations that are specific and relevant to the engineering design of the ROV and its microplastic filters. They identify clear areas for enhancement, such as refining the filters, improving testing conditions, and introducing competitive challenges to better evaluate performance. The rationale for these recommendations is generally well connected to observed testing challenges and project constraints, demonstrating thoughtful reflection on how to advance the design.

While the recommendations are actionable and project-specific, the implementation plans lack depth and technical detail. The student outlines general approaches like more individual testing and allocating time differently but does not provide concrete steps, materials, or precise procedures to realize these improvements. This limits the practicality and clarity of how the recommendations would be executed.

To strengthen future recommendations, the student should focus on providing more detailed engineering justifications and specific implementation steps, such as describing testing protocols, materials to be used, or design modifications. Additionally, separating project-specific recommendations from general reflections more clearly would improve focus. Including measurable goals or criteria for success in the implementation plans would also enhance their usefulness and clarity.",3,2.5
Case060_54.pdf,,Placeholder text for scoring.,5,4,4,3,,,,,,make slight adjustments in the 3D prints to reduce friction in sliding doors and latching system; increase thickness of sides from 1/8” to 1/4” polypropylene to increase rigidity; improve sliding door surface flatness to enhance door strength and action,make slight adjustments in the 3D prints to reduce friction in sliding doors and latching system; increase thickness of sides from 1/8” to 1/4” polypropylene to increase rigidity,2,improve sliding door surface flatness to enhance door strength and action; general statements about the design being based on client requests and research,"The student provides several clear and specific recommendations for improving the Komodo Dragon Box design, notably addressing friction issues in the sliding doors and suggesting increased material thickness to enhance rigidity. These recommendations are well connected to observed functional challenges, demonstrating thoughtful consideration of the project’s engineering needs. The rationale for these improvements is adequately explained, particularly regarding how increased rigidity would improve door operation and safety.

While the recommendations are specific and actionable, the implementation plans are somewhat limited in detail. The student mentions adjusting 3D printed parts and increasing material thickness but does not provide detailed steps, testing procedures, or precise methods for these changes. This limits the practicality and clarity of how the improvements would be realized. Including more explicit construction or testing details would strengthen the implementation planning.

To improve, the student should provide more detailed step-by-step instructions for modifying the 3D printed components, specify testing protocols to verify reduced friction, and clarify how material changes will be integrated into the existing design. Additionally, discussing potential challenges or trade-offs of thicker materials would enhance the justification and planning. Overall, the recommendations are strong but would benefit from deeper implementation detail and expanded rationale.",4.5,3.5
Case061_54.pdf,,Placeholder text for scoring.,5,4,5,4,,,,,,use light-weight materials such as aluminum or PVC for the arm; ensure sections connecting to the cart are dense to maintain upright position; use CNC machine to cut arm sections or create new arm and handle to reduce shifting; use CNC or skilled woodworker to cut lumber into precise cubes for tendon connection point; create custom clamps to improve appearance of cart connection point,use light-weight materials such as aluminum or PVC for the arm; ensure sections connecting to the cart are dense to maintain upright position; use CNC machine to cut arm sections or create new arm and handle to reduce shifting; use CNC or skilled woodworker to cut lumber into precise cubes for tendon connection point; create custom clamps to improve appearance of cart connection point,5,The current design functionally works; many improvements could be made; the current setup using the clamps is quite a solid one,"The student provides a strong set of specific and detailed recommendations for improving the project, focusing on the arm, tendon connection point, and cart connection point. Each recommendation is clearly tied to observed issues such as weight, manufacturing precision, and aesthetics, demonstrating thoughtful engineering reasoning. The rationale for improvements, such as reducing arm shifting and improving material properties, is well articulated, enhancing the credibility of the suggestions.

Implementation plans are generally well developed, including the use of specific materials like aluminum or PVC and manufacturing techniques such as CNC machining or skilled woodworking. These details make the recommendations actionable and practical. However, the plans could be strengthened by including more precise construction steps, measurements, or testing protocols to ensure successful implementation and validation of improvements.

To enhance future recommendations, the student should consider providing quantitative details or dimensions, outline step-by-step modification procedures, and describe how improvements will be tested or evaluated. Additionally, clarifying the trade-offs or potential challenges of proposed changes would deepen the analysis. Overall, the recommendations and implementation plans demonstrate solid engineering insight with room for increased specificity and rigor.",4.5,4.5
Case062_33.pdf,,Placeholder text for scoring.,3,3,5,5,,,,,,add safety guards around gears and crank to prevent finger pinching; use more durable materials or reinforced wood components to reduce wear and tear; develop quantifiable testing procedures to measure student engagement and motor skill improvement; make the device modular or adjustable for customization to meet diverse student needs,add safety guards around gears and crank to prevent finger pinching; use more durable materials or reinforced wood components to reduce wear and tear; develop quantifiable testing procedures to measure student engagement and motor skill improvement; make the device modular or adjustable for customization to meet diverse student needs,4,,"The student provides a strong set of specific and actionable recommendations for improving the engineering project. These include adding safety guards to prevent finger pinching, enhancing durability with stronger materials, developing quantifiable testing procedures, and making the device modular for customization. Each recommendation is well justified, referencing expert feedback and testing results, which demonstrates a thoughtful approach to addressing identified issues.

The implementation plans are generally well developed, outlining concrete steps such as attaching silicone side protectors, sourcing stronger materials, creating observation protocols, and redesigning components for adjustability. These plans show a clear understanding of how to translate recommendations into practical actions. However, some implementation details could be further refined with more precise specifications, such as exact material types or dimensions, to enhance clarity and feasibility.

To improve, the student could provide more exact measurements or material specifications, include timelines or step-by-step procedures, clarify testing protocols with defined metrics, and describe how iterative testing will be documented and evaluated. Overall, the recommendations and implementation plans are strong and demonstrate a solid foundation for continued project development.",3,4.5
Case063_32.pdf,,Placeholder text for scoring.,3,2,5,4,,,,,,add safety guards around gears and crank to prevent finger pinching; use more durable materials or reinforced wood components to reduce wear and tear; develop quantifiable testing procedures to measure student engagement and motor skill improvement; make the device modular or adjustable for customization to meet diverse student needs,add safety guards around gears and crank to prevent finger pinching; use more durable materials or reinforced wood components to reduce wear and tear; develop quantifiable testing procedures to measure student engagement and motor skill improvement; make the device modular or adjustable for customization to meet diverse student needs,4,,"The student provides a strong set of specific and well-justified recommendations for improving the engineering project. These include adding safety guards to prevent finger pinching, enhancing durability through better materials, developing quantifiable testing procedures, and making the device modular for diverse user needs. Each recommendation is supported by clear rationale, such as expert feedback and observed issues, which strengthens the credibility and relevance of the suggestions.

The implementation plans are generally detailed and practical, outlining concrete steps like attaching purchased silicone protectors, sourcing stronger materials, creating observation protocols with measurable metrics, piloting tests with student groups, and redesigning components for adjustability. This shows thoughtful consideration of how to realize the improvements. However, some aspects could be more specific, such as naming exact materials or providing dimensions and timelines, to enhance clarity and feasibility.

To improve, the student could include more precise material specifications, detailed construction or assembly steps, and clearer testing procedures with defined success criteria. Additionally, providing estimated timelines or resource requirements would strengthen the implementation plan. Overall, the recommendations and plans demonstrate a solid understanding of project needs and actionable next steps, with room for added detail to fully support execution.",2.5,4.5
Case064_55.pdf,,Placeholder text for scoring.,5,5,5,5,,,,,,Redesign the Mouthpiece Interface; Enhance Airtight Sealing Mechanisms; Strengthen the 3D-Printed Casing Design; Implement Quality Control Standards; Incorporate User-Friendly Design Elements,Redesign the Mouthpiece Interface with modular sizes to improve comfort and accuracy; Enhance Airtight Sealing Mechanisms by adding silicone gaskets to prevent air leakage; Strengthen the 3D-Printed Casing Design by reinforcing stress points with additional material; Implement Quality Control Standards with standardized calibration and assembly processes; Incorporate User-Friendly Design Elements such as visual guidelines and measurement markers,5,,"The student presents a highly detailed and well-justified set of five specific recommendations for improving the engineering project. Each recommendation clearly addresses a distinct aspect of the design, such as user comfort, measurement accuracy, durability, quality control, and educational usability. The rationale for each improvement is explicitly supported by testing data, expert feedback, or stakeholder needs, which strengthens the credibility and relevance of the suggestions.

The implementation plans are thorough and actionable, outlining precise materials, design modifications, testing protocols, and quality assurance steps. This level of detail demonstrates a strong understanding of how to translate recommendations into practical engineering solutions. The inclusion of specific dimensions, materials like medical-grade silicone, and testing procedures such as leak and lifespan tests further enhances the feasibility of the proposed improvements.

To further improve, the student could consider prioritizing recommendations to guide resource allocation, include estimated timelines or cost considerations for implementation, and discuss potential challenges or trade-offs associated with each improvement. Additionally, integrating feedback from end-users beyond instructors could enrich the user-centered design aspects. Overall, the document exemplifies excellent engineering design thinking and planning.",5,5
Case065_55.pdf,,Placeholder text for scoring.,5,5,5,5,,,,,,Redesign the Mouthpiece Interface; Enhance Airtight Sealing Mechanisms; Strengthen the 3D-Printed Casing Design; Implement Quality Control Standards; Incorporate User-Friendly Design Elements,Redesign the Mouthpiece Interface with modular sizes to improve comfort and accuracy; Enhance airtight sealing by incorporating silicone gaskets at connection points; Strengthen 3D-printed casing by reinforcing stress points with additional material thickness; Establish standardized quality control process with calibration checks; Add visual guidelines and clear measurement markers to improve educational value,5,,"The student presents a highly thorough and well-structured set of project improvement recommendations. Each recommendation is specific, actionable, and clearly tied to observed issues such as user comfort, measurement accuracy, durability, and educational value. The rationale for each improvement is well articulated, drawing on prototype testing data, expert feedback, and stakeholder needs, which strengthens the credibility and relevance of the suggestions.

The implementation plans are exemplary in detail and practicality. They include precise design modifications, material specifications, testing protocols, and quality control procedures. This level of detail ensures that the recommendations are not only conceptual but also feasible and ready for execution. The inclusion of multiple steps and considerations for each improvement reflects a deep understanding of the engineering design process.

To further enhance the recommendations, the student could consider prioritizing improvements based on impact or feasibility, providing estimated timelines or resource requirements, and discussing potential challenges or trade-offs in implementation. Additionally, integrating feedback loops for iterative refinement post-implementation would strengthen the planning. Overall, the document demonstrates excellent engineering insight and planning rigor.",5,5
Case066_32.pdf,,Placeholder text for scoring.,3,2,4,2,,,,,,add butterflies or other details to resin desk design; add wheels to desk legs for easier movement; change design based on person’s preferences; change materials such as wood; adjust contents and design of resin river; create backing and hole under monitor shelf to prevent item loss and allow wire access; change features and design of resin art/waterfall design; improve scheduling and organization for material gathering and building process,add butterflies or other details to resin desk design; add wheels to desk legs for easier movement; change design based on person’s preferences; change materials such as wood; adjust contents and design of resin river; create backing and hole under monitor shelf to prevent item loss and allow wire access; change features and design of resin art/waterfall design,7,keep same wood and monitor desk; keep same teammates and mentors; improve organization and commitment; improve communication with mentors; better planning and scheduling; reflection on project delays due to supplier absence; appreciation for construction club work; keep pull-out drawers; keep resin waterfall art design; general statements about teamwork and ethics,"The student provides several specific and actionable recommendations for improving the engineering project, including adding decorative elements like butterflies to the resin desk, incorporating wheels on the legs for mobility, adjusting the resin river design, and modifying the monitor shelf with a backing and hole. These suggestions demonstrate thoughtful consideration of both aesthetics and functionality. However, only the recommendation to add wheels is explicitly justified with a stakeholder rationale, while other recommendations lack clear reasoning or evidence to support their necessity.

Implementation planning is generally underdeveloped. Although the student identifies what changes to make, the plans lack concrete details such as materials, dimensions, or construction methods. For instance, the addition of wheels is proposed without specifying wheel type or attachment techniques, and the backing for the monitor shelf is described without explaining how it would be constructed or installed. This limits the practicality and clarity of the improvement plans.

To enhance future recommendations, the student should provide stronger justifications grounded in stakeholder needs or engineering principles, include detailed implementation steps with specific materials and methods, and clarify how proposed changes will be tested or evaluated. Additionally, avoiding vague or reflective statements unrelated to design improvements will strengthen the focus and impact of their recommendations.",2.5,3
Case067_32.pdf,,Placeholder text for scoring.,3,2,4,2,,,,,,add butterflies or other details to resin desk design; add wheels to desk legs for easier movement; change design based on person’s preferences; change materials such as wood; adjust contents and design of resin river; create backing and hole under monitor shelf to prevent item loss and allow wire access; change features and design of resin art/waterfall design; improve organization and planning for material gathering and building process; improve scheduling and communication with mentors; improve resin flower inclusions on waterfall legs,add butterflies or other details to resin desk design; add wheels to desk legs for easier movement; change design based on person’s preferences; change materials such as wood; adjust contents and design of resin river; create backing and hole under monitor shelf to prevent item loss and allow wire access; change features and design of resin art/waterfall design; improve resin flower inclusions on waterfall legs,8,keep same wood and monitor desk; keep same teammates and mentors; improve team organization and commitment; improve communication with mentors; reflect on planning and timing issues; general statements about being more organized and committed; statements about stakeholder preferences without specifics; statements about group ethics and hard work; statements about enjoying resin art process; statements about challenges due to supplier absence,"The student provides several specific and actionable recommendations for improving the engineering project, including adding decorative elements like butterflies to the resin desk, incorporating wheels for mobility, and modifying the resin river and monitor shelf design. These suggestions demonstrate thoughtful consideration of both aesthetics and functionality. However, only the recommendation to add wheels is explicitly justified with stakeholder needs, while other recommendations lack clear rationale or engineering reasoning.

Implementation planning is generally underdeveloped. The student describes what changes could be made but offers minimal detail on how to carry them out. For instance, the addition of wheels lacks specifics on materials or attachment methods, and the proposed backing for the monitor shelf is not accompanied by construction steps or measurements. Furthermore, many reflections on improving organization and communication, while valuable, do not pertain to design implementation and thus do not strengthen the implementation plan.

To improve, the student should provide clearer justifications for each recommendation, linking them to stakeholder needs or project goals. They should also include detailed implementation steps, such as materials, dimensions, and construction methods. Avoiding non-design-related reflections in this section will help focus the recommendations. Adding testing or evaluation plans for proposed changes would further enhance the quality of the recommendations and their implementation.",2.5,3
Case068_44.pdf,,Placeholder text for scoring.,4,4,4,3,,,,,,change vertical part shape from triangle to square; reduce length to be more material effective; add more screws for reinforcement; keep screws and wood material thickness; keep rubber bits on bottom to prevent sliding,change vertical part shape from triangle to square to improve structure; reduce length to be more material effective; add more screws for reinforcement,3,keep screws and wood material thickness; keep rubber bits on bottom to prevent sliding; reflection about project changes and material edits,"The student presents several specific and actionable recommendations for improving the bookend design, including changing the vertical part from a triangle to a square to better distribute mass, reducing unnecessary length to save material, and adding more screws for reinforcement. The rationale for the shape change is well articulated, demonstrating an understanding of structural considerations. However, the other recommendations, while specific, lack detailed justification or explanation.

Implementation planning is present but minimal. The student describes adding screws and drilling holes to reinforce the structure, which aligns with the recommendations. Yet, the plans lack concrete details such as exact dimensions, quantities, or stepwise procedures, limiting their practical usefulness. Some statements are vague or reflective rather than focused on actionable steps.

To improve, the student should provide more thorough rationales for all recommendations, including how material reduction affects performance and durability. Implementation plans would benefit from specific measurements, detailed construction steps, and consideration of testing methods to validate improvements. Additionally, separating reflections from recommendations would clarify the document’s focus. Overall, the recommendations are promising but would be stronger with enhanced justification and detailed, practical implementation guidance.",4,3.5
Case069_34.pdf,,Placeholder text for scoring.,3,4,4,3,,,,,,change vertical part shape from triangle to square; reduce length to be more material effective; add more screws for reinforcement; keep rubber bits on bottom to prevent sliding,change vertical part shape from triangle to square to improve structure; reduce length to be more material effective; add more screws for reinforcement,3,keep rubber bits on bottom to prevent sliding; keep same wood materials and thickness; reflection on project changes and learning,"The student presents several specific and actionable recommendations for improving the bookend design, including changing the vertical part from a triangle to a square to better distribute mass, reducing unnecessary length to save material, and adding more screws for reinforcement. The rationale for the shape change is well articulated, demonstrating an understanding of structural considerations. However, the other recommendations, while specific, lack detailed justification.

Implementation planning includes some concrete steps such as drilling holes and adding screws, which shows an attempt to connect recommendations to practical actions. Yet, the plans are somewhat general and lack detailed construction methods, measurements, or testing strategies that would strengthen the feasibility and clarity of the improvements.

To enhance the quality of recommendations and implementation plans, the student should provide more thorough rationales for all improvements, include precise dimensions or quantities, and outline step-by-step procedures or testing methods. Additionally, separating reflections from recommendations would improve clarity. Overall, the student demonstrates a solid foundation in proposing improvements but would benefit from deeper detail and justification to fully realize the potential of their design enhancements.",3.5,3.5
Case070_32.pdf,,Placeholder text for scoring.,3,2,4,4,,,,,,"evaluate the amount of space available before finalizing a design; use rapid prototyping early in the brainstorming phase; estimate how long each part of the project will take, including building and transporting materials; build the design in sections and assemble it on-site",evaluate the amount of space available before finalizing a design; use rapid prototyping early in the brainstorming phase; build the design in sections and assemble it on-site,3,"estimate how long each part of the project will take, including building and transporting materials; actively communicate with stakeholders to ensure design meets real needs","The student’s recommendations for improving the project are generally specific and relevant to the engineering design. They emphasize evaluating spatial constraints before finalizing the design, using rapid prototyping early to identify structural weaknesses, and building the design in sections to facilitate assembly and transport. These suggestions demonstrate thoughtful consideration of practical challenges faced during the project. However, only the rapid prototyping recommendation is explicitly justified with a clear rationale related to testing strength and functionality. Other recommendations would benefit from more explicit explanations of why they are necessary.

Implementation planning shows some strengths, such as measuring physical space and preparing detailed plans and materials lists. The approach to build in sections to reduce workspace disruption is practical and actionable. Yet, the plans lack detailed construction methods, specific materials, or stepwise procedures that would strengthen the feasibility of the recommendations. The suggestion to use rapid prototyping is valuable but would be more effective with concrete steps or examples.

To improve, the student should provide clearer rationales for all recommendations, include more detailed implementation steps with specific materials and methods, and outline testing procedures for proposed improvements. Adding these details will enhance the clarity, practicality, and impact of their recommendations.",2.5,4
Case071_11.pdf,,Placeholder text for scoring.,1,1,4,4,,,,,,"evaluate the amount of space available before finalizing a design; use rapid prototyping early in the brainstorming phase; estimate how long each part of the project will take, including building and transporting materials; build the design in sections and assemble it on-site",evaluate the amount of space available before finalizing a design; use rapid prototyping early in the brainstorming phase; build the design in sections and assemble it on-site,3,"estimate how long each part of the project will take, including building and transporting materials; actively communicate with stakeholders to ensure design meets real needs","The student’s recommendations for improving the project are well articulated and specific, addressing key aspects such as spatial evaluation, prototyping, time estimation, and modular construction. These suggestions are clearly tied to practical challenges encountered during the project, such as limited wall space and the need to minimize workspace disruption. The rationale for each recommendation is thoughtfully explained, demonstrating an understanding of how these improvements would enhance the design’s functionality and feasibility.

Implementation planning is generally strong, with concrete steps like measuring physical constraints, preparing detailed plans, and assembling the design in sections. These details show practical foresight and consideration of real-world constraints. However, the plans could be strengthened by including more precise information on materials, prototyping techniques, or testing procedures to fully realize the recommendations.

To improve, the student could provide more explicit step-by-step instructions for rapid prototyping, specify materials or tools for construction, and include testing methods to validate improvements. Additionally, linking stakeholder feedback more directly to specific design changes would enhance justification. Overall, the recommendations and plans are thoughtful and actionable but would benefit from deeper technical detail to maximize clarity and effectiveness.",1,4
Case072_40.pdf,,Placeholder text for scoring.,4,0,4,2,,,,,,Replace foam with sealed polystyrene float blocks; Secure tether-mounted float pods every 2 feet; Simulate competition run-throughs at least 2 weeks prior; Train with full operator crew in mock-task sequence; Pre-print cable and wiring diagrams for field repair,Replace foam with sealed polystyrene float blocks; Secure tether-mounted float pods every 2 feet; Pre-print cable and wiring diagrams for field repair,3,Simulate competition run-throughs at least 2 weeks prior; Train with full operator crew in mock-task sequence,"The student’s recommendations include several specific and actionable engineering improvements, such as replacing foam with sealed polystyrene float blocks, securing tether-mounted float pods at regular intervals, and pre-printing cable and wiring diagrams for field repairs. These suggestions demonstrate a clear focus on improving the physical design and maintenance readiness of the project. However, the recommendations lack explicit justification or rationale explaining why these changes are necessary, which weakens their overall impact and clarity.

The implementation plan provided is minimal and overly general. While it mentions scheduling the improvements for the next prototype build and submitting documentation and tracking logs, it does not include concrete details such as materials specifications, construction methods, or testing procedures. This limits the practicality and clarity of how the improvements will be realized.

To strengthen future recommendations, the student should provide clear rationales for each improvement, linking them to observed issues or performance goals. Additionally, more detailed implementation plans should be included, specifying materials, step-by-step procedures, and testing strategies. Including these elements will enhance the credibility and usefulness of the recommendations and better guide the project’s development.",2,3
Case073_33.pdf,,Placeholder text for scoring.,3,3,4,2,,,,,,Replace foam with sealed polystyrene float blocks; Secure tether-mounted float pods every 2 feet; Simulate competition run-throughs at least 2 weeks prior; Train with full operator crew in mock-task sequence; Pre-print cable and wiring diagrams for field repair,Replace foam with sealed polystyrene float blocks; Secure tether-mounted float pods every 2 feet; Pre-print cable and wiring diagrams for field repair,3,Simulate competition run-throughs at least 2 weeks prior; Train with full operator crew in mock-task sequence,"The student presents several clear and specific recommendations for improving the engineering project, including replacing foam with sealed polystyrene float blocks, securing tether-mounted float pods every two feet, and pre-printing cable and wiring diagrams for field repairs. These suggestions are actionable and directly related to the project’s design and functionality. However, the recommendations would be stronger if accompanied by explicit rationales explaining why these changes are necessary, such as addressing durability, stability, or ease of maintenance.

The plan for implementing these improvements is brief and lacks detailed steps or technical specifics. While the student indicates that all recommendations are scheduled for the next prototype build with documentation and tracking, there is no mention of materials selection, construction methods, testing procedures, or timelines. This limits the clarity and practicality of the implementation plan.

To enhance the quality of future recommendations, the student should provide clear justifications for each improvement, linking them to observed issues or performance goals. Additionally, including detailed implementation steps—such as specific materials, assembly instructions, or testing protocols—would strengthen the plan’s feasibility. Finally, distinguishing between engineering design improvements and operational or training suggestions would improve focus and scoring potential.",3,3
Case074_33.pdf,,Placeholder text for scoring.,3,3,4,3,,,,,,capture exact data using better methods; add electrical components for data calculation and storage; compare project to a real MIP respiratory device; replace PVC with new one implementing slit design,capture exact data using better methods; add electrical components for data calculation and storage; replace PVC with new one implementing slit design,3,compare project to a real MIP respiratory device; reflection on project success and uniqueness,"The student document presents several clear and specific recommendations for improving the engineering project, notably the need to capture exact data more effectively, incorporate electrical components for data calculation and storage, and redesign the PVC pipe with a slit design to facilitate data collection and difficulty adjustment. These recommendations demonstrate thoughtful consideration of the project’s limitations and potential enhancements. The rationale for these improvements is partially articulated, particularly regarding the challenges faced with current data capture methods and the benefits of a slit design for regulating difficulty levels.

While the recommendations are generally specific and actionable, the justification could be strengthened by including more detailed engineering reasoning or evidence from testing or stakeholder feedback. The implementation plan is focused primarily on the PVC pipe redesign, providing some detail about the slit design and its functional advantages. However, it lacks comprehensive details such as materials, construction steps, or procedures for integrating electrical components, which limits its practicality and completeness.

To improve, the students should provide more thorough justifications for each recommendation, including data or testing results where possible. They should also expand their implementation plans to include specific materials, construction methods, and step-by-step actions for all proposed improvements. Additionally, clarifying how the electrical components would be integrated and tested would enhance the plan’s feasibility and detail.",3,4
Case075_23.pdf,,Placeholder text for scoring.,2,3,3,2,,,,,,establish a plan of the cost and materials needed; have data on substances that protect concrete; keep research on ice melters that damage concrete; keep planning for a prototype that causes no damage; maintain information on concrete mixtures and sustainability; use guidelines for potential solutions to reduce concrete damage; follow constraints and compensate for them; test what temperature prevents snow and ice from sticking; test to avoid overpowering the school's thermostat,establish a plan of the cost and materials needed; have data on substances that protect concrete; test what temperature prevents snow and ice from sticking; test to avoid overpowering the school's thermostat,4,keep research on ice melters that damage concrete; keep planning for a prototype that causes no damage; maintain information on concrete mixtures and sustainability; use guidelines for potential solutions to reduce concrete damage; follow constraints and compensate for them,"The student offers several recommendations for improving the project, including establishing a cost and materials plan and conducting temperature tests to optimize the heated walkway's performance. These suggestions are somewhat specific and relate directly to the engineering design. However, many recommendations focus on maintaining research or general guidelines rather than proposing concrete design changes. The rationale for improvements is implied but not explicitly supported by testing data or stakeholder feedback, which weakens the justification.

Regarding implementation, the student outlines plans to test temperatures and monitor the school's thermostat load, but these plans lack detailed procedures, specific materials, or clear steps. This limits the practicality and clarity of how improvements would be realized. The absence of detailed construction or testing methods reduces the effectiveness of the implementation planning.

To enhance the quality of recommendations, the student should provide more explicit engineering design changes with clear justifications based on data or feedback. Implementation plans would benefit from detailed testing protocols, material specifications, and stepwise actions. Additionally, linking recommendations directly to observed project limitations or failures would strengthen the rationale and focus. Including these elements will improve both the specificity and feasibility of future project improvements.",2.5,2.5
Case076_34.pdf,,Placeholder text for scoring.,3,4,4,3,,,,,,"continue trying to make a sprinkler that is able to spread water; research the conditions in the greenhouse more and see if there are any previously unforeseen problems; test out a completely different direction, for example, a bottom watering system instead of an overhead sprinkler system; keep the angled pipe as it was the most successful piece of the project; keep the testing plans, specifically the mold-less test and the coverage test; research DIY sprinklers for similar setups; learn more about creating pressure; draft basic ideas based on research or follow a YouTube tutorial; test and iterate under conditions similar to the final plan","continue trying to make a sprinkler that is able to spread water; test out a completely different direction, for example, a bottom watering system instead of an overhead sprinkler system; keep the angled pipe as it was the most successful piece of the project; keep the testing plans, specifically the mold-less test and the coverage test; research DIY sprinklers for similar setups; learn more about creating pressure; draft basic ideas based on research or follow a YouTube tutorial; test and iterate under conditions similar to the final plan",8,"research the conditions in the greenhouse more and see if there are any previously unforeseen problems; having reliable teammates that contributed consistently and put in good effort; being more thorough with research at the beginning; having a bigger budget and access to more materials, especially time","The student presents several thoughtful and specific recommendations for improving the sprinkler project, including continuing development of the sprinkler system, exploring alternative watering methods, and retaining effective components like the angled pipe and testing protocols. These recommendations demonstrate a clear understanding of the project’s challenges and potential avenues for enhancement. The rationale for some recommendations, such as the success of the angled pipe in preventing mold and distributing water, strengthens the suggestions, though other recommendations would benefit from more explicit justification.

Implementation plans are generally outlined, with the student proposing research into DIY sprinklers, learning about pressure mechanics, drafting ideas, and testing under realistic conditions. While these plans indicate a logical approach, they lack detailed specifics such as materials, construction methods, or precise testing procedures, which limits their practical utility.

To improve, the student should provide clearer justifications for all recommendations, include more concrete implementation details like materials and stepwise actions, and specify how testing will validate improvements. Additionally, focusing on measurable goals and potential challenges in implementation would enhance the robustness of the plans. Overall, the recommendations are promising but would benefit from deeper detail and stronger rationale to guide future project iterations effectively.",3.5,3.5
Case077_32.pdf,,Placeholder text for scoring.,3,2,4,3,,,,,,"continue trying to make a sprinkler that is able to spread water; research the conditions in the greenhouse more and see if there are any previously unforeseen problems; test out a completely different direction, for example, a bottom watering system instead of an overhead sprinkler system; keep the angled pipe as it was the most successful piece of the project; keep the testing plans, specifically the mold-less test and the coverage test; improve the sprinkler design to distribute water farther; research DIY sprinklers and learn more about creating pressure; draft basic ideas based on research or follow a YouTube tutorial; test and iterate under conditions similar to the final plan","continue trying to make a sprinkler that is able to spread water; test out a completely different direction, for example, a bottom watering system instead of an overhead sprinkler system; keep the angled pipe as it was the most successful piece of the project; keep the testing plans, specifically the mold-less test and the coverage test; improve the sprinkler design to distribute water farther; research DIY sprinklers and learn more about creating pressure; draft basic ideas based on research or follow a YouTube tutorial; test and iterate under conditions similar to the final plan",8,research the conditions in the greenhouse more and see if there are any previously unforeseen problems; having reliable teammates that contributed consistently and put in good effort would have made the project easier; being more thorough with research at the beginning would have helped; having a bigger budget and access to more materials and time would have helped,"The student presents several thoughtful and project-specific recommendations for improving the sprinkler system, including continuing development of water distribution, exploring alternative watering methods, and retaining successful design elements like the angled pipe and testing protocols. These recommendations demonstrate a clear understanding of the project’s challenges and areas for improvement. The rationale for some recommendations, such as the failure of sprinkler models to distribute water effectively and the success of the angled pipe in preventing mold, helps justify the proposed changes. However, some recommendations lack detailed justification or are more reflective than analytical.

Regarding implementation planning, the student provides general strategies such as researching existing DIY sprinklers, drafting ideas before testing, and conducting tests under realistic conditions. While these plans indicate a thoughtful approach, they are somewhat vague and lack concrete details like specific materials, construction steps, or precise testing methods. This limits the practicality and clarity of how improvements would be executed.

To enhance the quality of recommendations and implementation plans, the student should provide more explicit rationale linking each recommendation to project outcomes, include detailed step-by-step procedures for implementing improvements, specify materials and tools needed, and outline clear testing protocols. Adding these details will strengthen the feasibility and impact of future project iterations.",2.5,3.5
Case078_21.pdf,,Placeholder text for scoring.,2,1,4,3,,,,,,use a second engine leveler to allow rotation on both axes; synchronize the two different lifting motors to operate together,use a second engine leveler to allow rotation on both axes; synchronize the two different lifting motors to operate together,2,focus more on the structure and strength of the frame than the tarp; general reflections on feedback from professionals; statements about project inspiration and innovation; comments about presentation and feedback sessions,"The student provides two clear and specific recommendations for improving the engineering project: the addition of a second engine leveler to enable rotation on both axes, and the need to synchronize two different lifting motors with distinct mechanisms. These recommendations are well grounded in the project’s design challenges and supported by feedback from professionals, demonstrating thoughtful reflection on practical issues encountered. The rationale for these improvements is adequately explained, particularly the synchronization challenge, which is identified as a critical flaw.

Implementation planning is generally strong, with detailed descriptions of the dual engine leveler system and a preliminary idea for synchronizing the motors. The student shows awareness of the complexity involved and proposes a potential workaround, indicating a practical approach. However, the plan for synchronization remains incomplete and somewhat tentative, lacking concrete steps or technical details that would fully guide future implementation.

To improve, the student should provide more fully developed and technically detailed implementation steps, especially for the synchronization issue. Including specific materials, mechanisms, or control strategies would strengthen the plan. Additionally, clarifying the rationale behind focusing on frame strength over the tarp with concrete engineering reasons would enhance the recommendations. Finally, avoiding vague or non-engineering reflections and focusing solely on actionable design improvements will improve clarity and impact.",1.5,4.5
Case079_55.pdf,,Placeholder text for scoring.,5,5,4,4,,,,,,use a second engine leveler to allow rotation of the frame on both axes; synchronize the two different lifting motors with different mechanisms,use a second engine leveler to allow rotation of the frame on both axes; synchronize the two different lifting motors with different mechanisms,2,focus more on the structure and strength of the frame than the tarp; general reflections on feedback from professionals; statements about project inspiration and innovation; comments about presentation and feedback sessions,"The student provides clear and specific recommendations for improving the engineering project, notably the addition of a second engine leveler to enable rotation on both axes and the need to synchronize two different lifting motors. These recommendations are well grounded in engineering reasoning and stakeholder feedback, demonstrating thoughtful consideration of practical challenges encountered during the project. The rationale for these improvements is effectively communicated, especially the synchronization issue raised by a professional, which highlights an important design flaw.

Implementation plans are generally detailed and practical, describing the mechanisms involved and a preliminary approach to synchronization. The student outlines how the two engine levelers function and proposes a timing strategy to coordinate the motors, showing an understanding of the system’s complexity. However, the synchronization plan remains somewhat tentative and could benefit from more concrete technical details or alternative solutions.

To improve, the student should provide more fully developed implementation steps for synchronization, including potential engineering methods or control systems. Additionally, recommendations should avoid vague or general statements, such as focusing on the tarp, unless supported by specific design changes. Including testing procedures or materials for the improvements would also strengthen the implementation plan. Finally, clarifying how feedback from professionals directly informs each recommendation would enhance the justification.",5,3.5
Case080_11.pdf,,Placeholder text for scoring.,1,1,4,2,,,,,,make the project weatherproof; use a better quality rope to pull the roof; make a better perimeter for wires and battery; improve wiring neatness to avoid tangling,make the project weatherproof; use a better quality rope to pull the roof; make a better perimeter for wires and battery; improve wiring neatness to avoid tangling,4,keep the wood and roof idea because wood is durable and roof is waterproof; better planning with measurements instead of just a sketch,"The student presents several clear and specific recommendations to improve the project, such as making it weatherproof, using a better quality rope, improving the perimeter for wires and battery, and organizing wiring to prevent tangling. These suggestions demonstrate an understanding of practical issues affecting the project’s durability and reliability. However, the rationale for these recommendations is somewhat limited, relying mainly on general statements about durability and reliability without detailed engineering reasoning or evidence from testing.

While the recommendations are actionable and project-specific, the plans for implementing these improvements lack sufficient detail. The student does not specify materials, construction techniques, or precise steps to realize the proposed changes, which limits the feasibility and clarity of the implementation. Including such details would strengthen the overall quality of the recommendations.

To improve, the student should provide more thorough justifications for each recommendation, possibly referencing how these changes would address specific problems encountered. Additionally, offering detailed implementation plans with materials, methods, or testing procedures would enhance the practicality of the recommendations. Finally, avoiding vague reflections and focusing on concrete engineering solutions will improve the clarity and impact of future design recommendations.",1,3
Case081_44.pdf,,Placeholder text for scoring.,4,4,5,5,,,,,,"build a stronger, more stable frame for the system; add a proper water container like an IV bag or water tank; test with a moisture sensor to improve water use and plant health; keep the IV needle and tubing system for better water control; keep clear tubing to monitor water flow and blockages; keep easy-to-follow setup instructions; keep tracking water flow and system run time; keep the testing plan to find problems early; change the frame to a light, strong stand or support; use a real IV bag or gravity-fed container instead of plastic bottles; seal tubing better using stronger glue or clamps; run more trials (5-6) to get better data; mark the best IV needle pressure points for quicker setup","build a stronger, more stable frame for the system; add a proper water container like an IV bag or water tank; test with a moisture sensor to improve water use and plant health; change the frame to a light, strong stand or support; use a real IV bag or gravity-fed container instead of plastic bottles; seal tubing better using stronger glue or clamps; run more trials (5-6) to get better data; mark the best IV needle pressure points for quicker setup",8,keep the IV needle and tubing system for better water control; keep clear tubing to monitor water flow and blockages; keep easy-to-follow setup instructions; keep tracking water flow and system run time; keep the testing plan to find problems early,"The student presents a strong set of specific and detailed recommendations for improving their engineering project. They identify clear areas for enhancement such as constructing a more stable frame, incorporating a proper water container, and using moisture sensors to optimize watering. Each recommendation is well justified with practical reasoning, including the need for stability, improved water flow, and better data collection. This demonstrates a thoughtful understanding of the project’s limitations and how to address them.

Implementation plans are consistently detailed and actionable. The student specifies materials like lightweight wood or sturdy plastic for the frame, suggests sealing tubing with stronger glue or clamps, and proposes running multiple trials to ensure reliability. These concrete steps show a clear path forward for anyone continuing the project. However, some recommendations, such as marking the best IV needle pressure points, could benefit from more precise procedural detail.

To further improve, the student could provide exact dimensions or design sketches for the frame, specify the type or brand of moisture sensors, and outline a step-by-step testing protocol. Additionally, linking each recommendation more explicitly to observed testing data or stakeholder feedback would strengthen the rationale. Overall, the recommendations and implementation plans are well-developed and practical, providing a solid foundation for future work.",4,5
Case082_53.pdf,,Placeholder text for scoring.,5,3,5,5,,,,,,"build a stronger, more stable frame for the system; add a proper water container like an IV bag or water tank; test with a moisture sensor to improve water use and plant health; keep the IV needle and tubing system for better water control; keep clear tubing to monitor water flow and blockages; keep easy-to-follow setup instructions; keep tracking water flow and system run time; keep the testing plan to find problems early; change the frame to a light, strong stand or support; use a real IV bag or gravity-fed container instead of plastic bottles; seal tubing better using stronger glue or clamps; run more trials (at least 5-6) for better data; mark the best IV needle pressure points for quicker setup; have a proper frame or stand ready at the beginning; use correct materials like real IV bags, stronger tubing, and better connectors; consult an expert in plant care or irrigation earlier; have more class time for testing and adjustments; use a simple tool like a moisture meter to measure soil moisture","build a stronger, more stable frame for the system; add a proper water container like an IV bag or water tank; test with a moisture sensor to improve water use and plant health; change the frame to a light, strong stand or support; use a real IV bag or gravity-fed container instead of plastic bottles; seal tubing better using stronger glue or clamps; run more trials (at least 5-6) for better data; mark the best IV needle pressure points for quicker setup",8,"keep the IV needle and tubing system for better water control; keep clear tubing to monitor water flow and blockages; keep easy-to-follow setup instructions; keep tracking water flow and system run time; keep the testing plan to find problems early; have a proper frame or stand ready at the beginning; use correct materials like real IV bags, stronger tubing, and better connectors; consult an expert in plant care or irrigation earlier; have more class time for testing and adjustments; use a simple tool like a moisture meter to measure soil moisture","The student presents a strong set of project improvement recommendations that are both specific and well-justified. They clearly identify practical issues such as the instability of the current frame and the inadequacy of the water source, proposing concrete solutions like building a lightweight, sturdy stand and using a real IV bag or gravity-fed container. The rationale for these improvements is well grounded in testing results and practical considerations, demonstrating a solid understanding of the project's engineering challenges.

Implementation plans are detailed and actionable, describing specific materials, construction approaches, and testing protocols. For example, the plan to seal tubing leaks with stronger glue or clamps and to run multiple trials to gather better data shows thoughtful preparation for effective project refinement. The inclusion of marking the best IV needle pressure points for quicker setup further highlights attention to operational efficiency.

To enhance future recommendations, the student could provide more precise measurements or dimensions for the frame and stand, specify the types or brands of materials to be used, and outline step-by-step assembly instructions. Additionally, including a brief plan for how to integrate and calibrate the moisture sensor would strengthen the implementation detail. Overall, the recommendations and plans are thorough, practical, and well supported.",4,5
Case083_43.pdf,,Placeholder text for scoring.,4,3,4,3,,,,,,make slight adjustments in the 3D prints to fix friction in sliding doors and latching system; change thickness of sides from 1/8” polypropylene to 1/4” polypropylene to increase rigidity; increase rigidity to improve sliding door surface flatness and strength; adjust 3D printed parts to allow doors to be easily and quickly opened and closed by one person,make slight adjustments in the 3D prints to fix friction in sliding doors and latching system; change thickness of sides from 1/8” polypropylene to 1/4” polypropylene to increase rigidity; adjust 3D printed parts to allow doors to be easily and quickly opened and closed by one person,3,increased rigidity would improve sliding doors as the surface would remain flatter; this increased rigidity would increase strength of doors as well as their action; project based on client requests and research; rough idea based on Disney design and other reptile containers,"The student provides several specific and actionable recommendations for improving the Komodo Dragon Box design, notably adjusting the 3D printed sliding door components to reduce friction and increasing the polypropylene side thickness to enhance rigidity. These recommendations are well connected to observed issues such as door friction and structural strength, demonstrating thoughtful consideration of project needs. However, one suggested improvement related to door surface flatness is more implied than explicitly stated as a recommendation, which slightly weakens the overall clarity.

While the recommendations are justified with engineering reasoning, the implementation plans lack sufficient detail. The student identifies materials and general approaches but does not provide concrete steps, testing procedures, or precise modification instructions. This limits the practicality of the plans and may hinder effective execution. Strengthening the implementation section with detailed procedures and measurable criteria would improve clarity and usefulness.

To enhance future recommendations, the student should explicitly state all improvements as clear recommendations, provide detailed step-by-step implementation plans, include testing or validation methods, and better connect rationale to specific design challenges. These actions will increase the impact and feasibility of their design recommendations.",3.5,4
Case084_34.pdf,,Placeholder text for scoring.,3,4,4,3,,,,,,start with a clear understanding of your materials; prioritize modularity; test relentlessly,start with a clear understanding of your materials; prioritize modularity; test relentlessly,3,"reflection on the journey and innovation; comments on balancing weight with structural integrity; encouragement to build something innovative; general statements about the project being efficient, lightweight, and durable","The student presents three clear and project-specific recommendations for improving the 3D-printed tree stand: gaining a thorough understanding of materials, prioritizing modularity, and conducting rigorous testing. These recommendations are well justified with explanations about material limitations, portability advantages, and the importance of real-world reliability. This demonstrates a solid grasp of engineering design considerations and safety concerns.

While the recommendations are actionable and supported by rationale, the implementation plans lack sufficient detail. The student mentions using PLA+ filament, performing stress tests, and designing for easy disassembly, but does not provide concrete steps, measurements, or detailed procedures for how these improvements would be executed. This limits the practical usefulness of the plans for someone seeking to replicate or build upon the design.

To improve, the student should provide more explicit technical details on how to implement each recommendation, such as specific testing protocols, modular connection designs, or material property evaluations. Including step-by-step instructions or construction methods would strengthen the implementation plans. Additionally, linking recommendations more directly to identified weaknesses or test results would enhance the justification and clarity of the proposed improvements.",3.5,3
Case085_10.pdf,,Placeholder text for scoring.,1,0,3,2,,,,,,start with a clear understanding of your materials; prioritize modularity; test relentlessly,start with a clear understanding of your materials; prioritize modularity; test relentlessly,3,"reflection on the journey and innovation; comments on balancing weight with structural integrity; encouragement to build something innovative; general statements about the project being efficient, lightweight, and durable","The student presents three clear recommendations for improving the 3D-printed tree stand: gaining a thorough understanding of materials, emphasizing modularity, and conducting extensive testing. These recommendations are relevant and tied to the engineering design, demonstrating awareness of key factors affecting product performance and usability. However, the suggestions remain somewhat general and lack precise details on how to implement improvements, such as specific design changes or material alternatives.

The rationale for these recommendations is partially supported by references to stress testing and design iteration, but the explanations could be strengthened with more explicit connections between identified weaknesses and proposed solutions. Implementation planning is present but limited to broad descriptions of testing and modular design benefits without concrete steps, measurements, or technical procedures. This reduces the practicality and clarity of how improvements would be realized.

To enhance the quality of recommendations, the student should provide more specific engineering modifications, such as particular design adjustments or material properties to target. Justifications should explicitly link testing results to recommended changes. Implementation plans would benefit from detailed construction methods, precise testing protocols, and stepwise actions. Including these elements would make the recommendations more actionable and credible.",0.5,3.5
Case086_00.pdf,,Placeholder text for scoring.,0,0,4,3,,,,,,buy a barrel instead of building one; get a water mixture to kill grasshoppers and mosquitos,buy a barrel instead of building one; get a water mixture to kill grasshoppers and mosquitos,2,,"The student provides two clear and specific recommendations for improving the project: purchasing a barrel instead of building one, and using a water mixture to control pests. The first recommendation includes a rationale related to the difficulty of building the barrel, which strengthens its justification. The second recommendation is specific but lacks an explicit rationale explaining why the water mixture is necessary beyond pest control. Both recommendations are directly related to the engineering design and actionable.

Regarding implementation, the student outlines steps taken to acquire the barrel, including contacting the government and ultimately ordering from Amazon, demonstrating some practical follow-through. The plan for the water mixture is less developed, relying on a future supply from a stakeholder without further detail. The implementation descriptions lack technical specifics such as materials, dimensions, or procedures, limiting their completeness.

To improve, the student should provide more detailed rationales for each recommendation, including expected benefits or impacts. Implementation plans would benefit from concrete details like specifications, timelines, or testing methods. Additionally, clarifying how the water mixture will be applied and monitored would strengthen the plan. Including these elements would enhance the clarity, justification, and feasibility of the recommendations.",0,3.5
Case087_11.pdf,,Placeholder text for scoring.,1,1,4,3,,,,,,buy a barrel instead of building one; get a water mixture to kill grasshoppers and mosquitos,buy a barrel instead of building one; get a water mixture to kill grasshoppers and mosquitos,2,,"The student provides two clear and specific recommendations for improving the project: purchasing a barrel instead of building one and using a water mixture to control pests. The first recommendation is supported by a rationale explaining the difficulty of building the barrel, which strengthens its validity. The second recommendation is specific but lacks detailed justification or explanation of its necessity beyond a general concern about pests.

Regarding implementation, the student outlines the steps taken to acquire the barrel, including contacting the government and ultimately ordering from Amazon, demonstrating some practical follow-through. However, the plan lacks technical details such as specifications for the barrel or instructions for applying the water mixture. The mention of future supply of the water mixture is vague and does not provide a concrete plan.

To improve, the student should provide more detailed justifications for each recommendation, including potential benefits or expected outcomes. Implementation plans would benefit from specific materials, quantities, timelines, and procedures. Additionally, including testing or evaluation steps to assess the effectiveness of these improvements would strengthen the recommendations. Clarifying how the water mixture will be used and maintained would also enhance the plan’s practicality.",1,3
Case088_11.pdf,,Placeholder text for scoring.,1,1,4,2,,,,,,read the materials list more in depth to avoid weak wood; implement an automatic water sprinkler system; keep the 3D printed clips for the blinds; change the material of the blinds to a higher quality; improve accessibility to materials to reduce delays; redesign the box to use stronger wood,read the materials list more in depth to avoid weak wood; implement an automatic water sprinkler system; keep the 3D printed clips for the blinds; change the material of the blinds to a higher quality; redesign the box to use stronger wood,5,improve accessibility to materials to reduce delays,"The student presents several clear and specific recommendations to improve their engineering project, such as reading the materials list more carefully to avoid weak wood, redesigning the box with stronger wood, changing the blinds to higher quality materials, keeping the 3D printed clips, and adding an automatic water sprinkler system. These recommendations are well connected to observed problems, like wood splitting and fragile blinds, demonstrating thoughtful reflection on project weaknesses. The rationale for each recommendation is generally sound, explaining how these changes would enhance durability, functionality, or efficiency.

However, the implementation plans for these improvements lack sufficient detail. While the student expresses intentions to add an automatic sprinkler system and redesign components, they do not provide concrete steps, materials, or construction methods to realize these changes. The explanation of keeping the 3D printed clips is helpful but does not include technical details or testing procedures. To strengthen future recommendations, the student should include specific implementation strategies, such as materials to use, design modifications, or testing plans. Additionally, providing more thorough justification for each recommendation with data or testing results would improve the rationale. Clarifying timelines and resource needs would also enhance the practicality of their plans.",1,3
Case089_43.pdf,,Placeholder text for scoring.,4,3,4,2,,,,,,make a funnel system for water so that the plant is watered properly; make the support of the platform more durable; get a more durable shade; make the actual size of the project bigger to fit more plants; keep the rotating platform concept; keep the shade above the project; keep having a timer for rotation; change the material used to make the platform more durable and consistent; change the size of the project to accommodate other plants; improve waterproofing by putting a box around the batteries; build a better/stable bottom for the platform; use a better circular board that is lighter; switch out the microwave part for something more stable to spin the board easier,make a funnel system for water so that the plant is watered properly; make the support of the platform more durable; get a more durable shade; make the actual size of the project bigger to fit more plants; change the material used to make the platform more durable and consistent; change the size of the project to accommodate other plants; improve waterproofing by putting a box around the batteries; build a better/stable bottom for the platform; use a better circular board that is lighter; switch out the microwave part for something more stable to spin the board easier,10,keep the rotating platform concept; keep the shade above the project; keep having a timer for rotation; reflection on teamwork and project challenges,"The student presents a solid set of specific and actionable recommendations for improving the engineering project, including adding a funnel system for watering, reinforcing the platform support, improving waterproofing, and using better materials. These suggestions demonstrate a clear understanding of the project’s weaknesses and potential enhancements. However, the rationale behind these recommendations is mostly implied rather than explicitly supported by testing data, engineering principles, or stakeholder feedback, which would strengthen the justification.

Regarding implementation planning, the student’s descriptions are generally vague and lack concrete detail. While the recommendations are clear, the plans for how to realize these improvements do not include specific materials, construction methods, or step-by-step procedures. This limits the practicality and feasibility of the proposed changes. To improve, the student should provide more detailed implementation steps, specify materials or tools, and explain how these changes would be tested or integrated.

To enhance future recommendations, the student should (1) explicitly justify why each improvement is needed using engineering reasoning or evidence, (2) provide detailed, actionable implementation plans including materials and methods, (3) avoid mixing reflections or general statements with technical recommendations, and (4) clarify how changes will be tested or evaluated to ensure effectiveness.",3.5,3
