{
  "sample_size": 115,
  "n_valid_api": 115,
  "n_valid_final": 115,
  "api_mean": 1.9681159420289855,
  "api_std": 1.3731193818452176,
  "final_mean": 2.6260869565217395,
  "final_std": 1.3569629531445135,
  "final_source": "C*_final"
}