{
  "sample_size": 20,
  "bias": 0.43333333331666657,
  "mae": 1.0333333333499999,
  "ci_half": 0.548873679287739,
  "ci_full": 1.097747358575478,
  "mean_calibrated_score": 2.5416666666666665
}