filename,source_type,text,F1__expert,F1,F1_flag,F1_rationale,narrative_feedback,element_score_raw
Case001_4.pdf,,Placeholder text for scoring.,4,3,,"The student makes a clear judgment that the design is realistic and problem-focused, supported by stakeholder feedback from Mr. Kiser and alignment with design requirements. However, the evidence is limited to qualitative feedback and general references to requirements without specific test results, risk analysis, or detailed constraint considerations.","Your design viability judgment demonstrates a thoughtful approach to ensuring the design is realistic and aligned with the problem you are solving. You effectively incorporate stakeholder feedback from Mr. Kiser, which strengthens your claim that the design addresses his specific needs. Additionally, you reference revisiting design requirements and maintaining focus on the problem, which shows an understanding of the importance of staying solution-oriented and relevant.

However, the connection between your viability judgment and the design requirements could be more explicit and detailed. While you mention consulting requirements and stakeholder input, the evidence remains largely qualitative and lacks specific examples such as test results, cost considerations, or risk assessments. Including such evidence would provide stronger support for your judgment. Furthermore, discussing potential constraints, tradeoffs, or failure modes would demonstrate a deeper understanding of design viability challenges.

To improve, consider providing concrete examples of how your design meets specific requirements, include any prototype testing outcomes or stakeholder evaluations, and analyze possible risks or limitations. Explicitly linking these points to your viability judgment will make your evaluation more robust and credible.",3
Case002_4.pdf,,Placeholder text for scoring.,4,4,,"The student provides a generally realistic viability judgment supported by multiple credible pieces of evidence, including expert feedback from Nashville Zoo professionals, cost analysis, and material selection reasoning. They connect viability to key design requirements such as strength, foldability, weather resistance, and cost constraints. The design tradeoffs, such as switching from folding handles to folding long bars due to budget cuts, and material changes from wood to aluminum and plastics, are clearly explained. However, the evidence lacks direct testing results or prototype performance data, and some risk considerations (e.g., durability under use) are implied but not deeply analyzed.","Your design viability judgment is well articulated and grounded in credible evidence, including expert input from zoo professionals and detailed cost and material analyses. You effectively connect your design decisions to critical requirements such as strength, foldability, weather resistance, and budget constraints, demonstrating a thoughtful approach to balancing tradeoffs. The explanation of how budget reductions influenced handle design and material choices shows practical adaptability, which strengthens the realism of your design.

While your evidence is strong, incorporating direct testing or prototype results would further solidify your viability claims. Additionally, a more explicit discussion of potential risks or failure modes, such as long-term durability or animal safety under stress, would enhance your evaluation. To improve, consider including specific test plans or early test data, elaborating on how you will mitigate identified risks, and clarifying how your design meets all stakeholder needs comprehensively. Also, providing more quantitative analysis of material strength relative to Komodo dragon weight could strengthen your argument. Overall, your response demonstrates a solid understanding of design viability with room for deeper risk and evidence integration.",4
Case003_4.pdf,,Placeholder text for scoring.,4,4,,"The student provides a generally realistic viability judgment supported by multiple credible pieces of evidence, including expert feedback from Nashville Zoo professionals, cost analysis, and material selection reasoning. They connect viability to key design requirements such as strength, foldability, weather resistance, and cost constraints. The design tradeoffs, such as switching from folding handles to folding long bars due to budget cuts, and material changes from wood to aluminum and plastics, are clearly explained. However, the evidence lacks direct testing or prototype results, and risk or failure mode analysis is limited, preventing a top score.","Your design viability judgment is well articulated and grounded in credible evidence, including expert consultations and detailed cost breakdowns. You effectively connect your design choices to critical requirements such as strength, foldability, and weather resistance, demonstrating a clear understanding of the constraints and tradeoffs involved. The explanation of how budget limitations influenced your handle design and material selection shows practical problem-solving and adaptability.

While your evidence is strong, it would be beneficial to include more explicit discussion of potential risks or failure modes, such as how the materials will perform under stress or how the handle design ensures safety during transport. Additionally, incorporating any prototype testing or proof-of-concept results would strengthen your viability claim. Clarifying how the design meets all stakeholder needs comprehensively, beyond just expert input, could also improve your evaluation.

To enhance your submission, consider adding specific risk mitigation strategies, documenting any testing outcomes, and expanding on how your design addresses all functional requirements. This will provide a more robust and convincing argument for the design’s realistic viability.",4
Case004_1.docx,,Placeholder text for scoring.,1,4,,"The student provides a clear judgment that the design is realistic and viable, supported by specific reasons such as material choice (PVC for ease, cost, and strength), reinforcement with steel tubes, and use of 3D printed fittings. They discuss tradeoffs between materials (PVC vs. wood, carbon fiber, steel) and constraints like budget and ergonomics. However, the response lacks explicit connection to formal design requirements or quantitative evidence such as testing or performance data, and risk or failure mode analysis is limited to material choice rationale without deeper evaluation.","Your design viability judgment demonstrates a solid understanding of material selection and practical constraints, which is a strong foundation for assessing the realism of your proposed cart handle extension. You effectively compare alternative materials and justify your choice of PVC reinforced with steel tubes, showing awareness of budget limitations and ease of assembly. This comparative reasoning adds credibility to your viability claim.

However, the response would be strengthened by explicitly linking your viability judgment to specific design requirements, such as strength, durability, or user ergonomics. Including quantitative or qualitative evidence, such as test results, expert feedback, or performance metrics, would further support your claims. Additionally, a more detailed discussion of potential risks or failure modes—beyond material choice—would demonstrate a deeper consideration of design viability.

To improve, consider explicitly referencing key design requirements and how your design meets them. Incorporate any available test data or stakeholder input to substantiate your claims. Expand your risk analysis to include possible failure scenarios and mitigation strategies. Finally, clarifying how your design addresses user needs or operational conditions will enhance the overall viability argument.",4
Case005_3.pdf,,Placeholder text for scoring.,3,4,,"The student provides a clear judgment that the design meets several requirements such as adhesion, aesthetics, ease of use, zoning, and affordability, indicating some level of viability. They support this with credible evidence including analogous examples of LED lights with sticky adhesives, previous reviews indicating LED lifespan, and prior testing of zoning functionality. However, the evidence is partial and somewhat generic, relying heavily on external LED product reviews rather than direct testing of their specific design. The student acknowledges risks such as adhesive failure, limited color options, durability concerns, and user boredom, but the mitigation strategies are mostly speculative or planned rather than demonstrated. The viability judgment is realistic but lacks comprehensive, specific evidence directly tied to their prototype’s performance or constraints. Therefore, the response is a somewhat realistic viability judgment with some credible evidence but incomplete risk and constraint analysis.","Your design viability judgment demonstrates a solid understanding of how your proposed LED light strip system meets key design requirements such as adhesion, aesthetics, ease of use, zoning, and affordability. You effectively connect viability to these requirements by referencing analogous products and prior testing experiences, which strengthens your argument that the design is generally realistic. Additionally, you identify several potential risks, including adhesive failure, limited color options, and durability concerns, showing awareness of possible failure modes.

However, the evidence you provide is somewhat limited and relies heavily on external product reviews and general assumptions rather than direct testing or measurements of your specific prototype. While you mention risk mitigation strategies, these are mostly speculative or planned rather than demonstrated, which weakens the overall viability assessment. To improve, consider conducting and documenting specific tests on your prototype’s adhesive strength and durability. Provide more detailed evidence on how your design meets user needs and constraints, and develop concrete risk mitigation plans with supporting data. Finally, explicitly link your evidence to how it ensures the design can realistically solve the problem under expected conditions.",4
Case006_0.pdf,,Placeholder text for scoring.,0,3,,"The student makes a clear judgment that the design is likely viable, citing existing AI capable of early cancer detection and FDA-approved healthcare AI as supporting evidence. However, the evidence is somewhat generic and not directly linked to specific design requirements. The response acknowledges a risk related to AI failing to identify unique cancer types but does not elaborate on mitigation or constraints. Overall, the viability judgment is plausible but only partially supported with credible evidence.","The student provides a reasonable judgment that the proposed AI design for cancer detection is likely viable, referencing existing AI technologies and FDA-approved healthcare AI as analogous evidence. This demonstrates an understanding that similar systems have been successful, which strengthens the viability claim. However, the response lacks a direct connection to specific design requirements, such as accuracy thresholds, data quality, or operational constraints, which would make the judgment more robust.

The evidence presented is credible but somewhat generic, relying on broad examples rather than detailed or design-specific data. The mention of potential failure modes, such as the AI missing unique cancer types, is a positive inclusion of risk consideration, but it is not developed with mitigation strategies or tradeoff analysis. This limits the depth of the viability evaluation.

To improve, the student should explicitly link viability to key design requirements and provide more specific evidence or examples related to their particular AI design. Including a discussion of constraints, such as data availability or computational resources, and outlining how risks will be managed would strengthen the evaluation. Additionally, citing expert feedback or preliminary test results would enhance credibility and support a higher confidence in the design's viability.",3
Case007_0.pdf,,Placeholder text for scoring.,0,3,,"The student makes a clear judgment that the design is likely viable, citing existing AI that detect cancer early and FDA-approved healthcare AI as supporting evidence. However, the evidence is somewhat generic and not directly linked to specific design requirements. The response acknowledges a risk that the AI may fail to identify unique cancer types, showing some consideration of failure modes, but this is not deeply analyzed or mitigated.","The student provides a reasonable judgment that the proposed AI design for cancer detection is likely viable, supported by references to existing AI technologies and FDA-approved healthcare AI tools. This demonstrates an understanding that similar systems have precedent, which strengthens the viability claim. The mention of AI’s ability to analyze data and improve efficiency is a positive aspect of the argument.

However, the response lacks a direct connection to specific design requirements, which limits the strength of the viability judgment. The evidence cited is somewhat generic and does not include detailed or specific data about the proposed design’s performance or constraints. While the student acknowledges a potential failure mode—AI missing unique cancer types—there is no discussion of how this risk might be mitigated or managed. This limits the depth of the risk analysis.

To improve, the student should explicitly link viability to one or more design requirements, such as accuracy or reliability. Including more specific evidence, such as expert feedback or analogous system performance, would strengthen the argument. Additionally, expanding on risk mitigation strategies and considering constraints like data quality or ethical concerns would provide a more comprehensive viability assessment.",3
Case008_0.pdf,,Placeholder text for scoring.,0,1,,"The document includes some discussion of design viability, mentioning that the solution is accurate and guides users to over 90% of rooms, and that it clearly shows paths and start/end points. However, these statements are mostly generic and speculative, with no actual test results, data, or credible evidence presented. The references to testing are only plans or suggestions rather than completed tests or evidence. There is no explicit judgment about overall viability, no connection to specific design requirements, and no consideration of constraints, risks, or tradeoffs.","Your submission shows an initial attempt to consider the viability of your design by describing some intended features, such as guiding users accurately to most rooms and having clear start and end points. This is a good start, as it indicates awareness of what makes a design viable. However, the viability judgment is not explicitly stated, and the evidence provided is mostly planned or implied rather than demonstrated. For example, you mention testing different classrooms and start/end locations, but no actual test results or data are included to support your claims.

Additionally, the response lacks a clear connection between your viability assessment and specific design requirements, which is important to show how your design meets the project goals. There is also no discussion of potential risks, constraints, or failure modes that could affect the design’s success. To improve, explicitly state your judgment about the design’s viability, provide concrete evidence such as test results or stakeholder feedback, and link your evaluation to key design requirements. Including an analysis of possible risks or limitations and how you plan to address them would also strengthen your response.",1
Case009_3.docx,,Placeholder text for scoring.,3,3,,The student document is blank and contains no discussion or evidence regarding design viability.,"Your submission does not include any discussion or evaluation of the design's viability. A strong viability judgment should explicitly state whether the design is realistic and feasible, supported by credible evidence such as test results, cost analysis, or expert feedback. Additionally, connecting this judgment to specific design requirements and considering potential risks or constraints is essential to demonstrate a thorough understanding of the design's practicality.

To improve, begin by clearly stating your assessment of the design's viability. Support this judgment with concrete evidence, such as data from prototype testing, cost estimates, or stakeholder input. Make sure to reference relevant design requirements to show how your design meets them. Also, consider discussing possible failure modes, risks, or tradeoffs to provide a balanced and realistic evaluation.

Including these elements will strengthen your argument and provide a comprehensive view of your design's potential success. Remember, even if formal testing is not yet complete, you can use analogous examples or detailed reasoning to support your claims. Providing this information will make your design evaluation more credible and convincing.",3
Case010_3.pdf,,Placeholder text for scoring.,3,4,,"The student provides a clear judgment that the design is viable by linking it to multiple design requirements such as cost-effectiveness, functionality, water distribution, material durability, and user-friendliness. However, the evidence presented is mostly planned testing procedures and cost estimates rather than completed or demonstrated results. While the cost breakdown is detailed and credible, the testing procedures are prospective rather than actual test outcomes, limiting the strength of the support. There is no explicit discussion of risks, tradeoffs, or failure modes, and no proof-of-concept or expert feedback is presented. Thus, the viability judgment is supported by specific but incomplete evidence.","Your design viability judgment demonstrates a solid understanding of the key design requirements, including cost constraints, system functionality, water distribution efficiency, material durability, and ease of installation and maintenance. You effectively connect your viability assessment to these requirements, which is a strong aspect of your response. The inclusion of a detailed cost breakdown adds credibility to your claim that the design is cost-effective and feasible within budget.

However, the evidence supporting your viability judgment is primarily based on planned testing procedures rather than completed tests or actual results. This limits the strength of your argument, as planned tests do not guarantee successful outcomes. Additionally, your response would benefit from explicitly addressing potential risks, tradeoffs, or failure modes that could impact the design’s viability. Including any preliminary test data, expert feedback, or risk mitigation strategies would further strengthen your evaluation.

To improve, consider conducting and reporting initial test results to provide concrete evidence of functionality and durability. Discuss possible risks or challenges and how you plan to address them. Incorporate expert or user feedback if available, and explicitly link your evidence to how it ensures the design meets all critical requirements. These steps will enhance the credibility and depth of your viability judgment.",4
Case011_5.pdf,,Placeholder text for scoring.,5,4,,"The student provides a clear judgment that the design is viable by linking it to multiple design requirements such as cost-effectiveness, functionality, water distribution, material durability, and user-friendliness. However, the evidence presented is mostly planned testing procedures and cost estimates rather than completed or actual test results. The cost breakdown is detailed and credible, supporting budget feasibility. The testing procedures are well described but are prospective rather than actual data, limiting the strength of the evidence. There is no explicit discussion of risks, tradeoffs, or failure modes, and no results from expert or user feedback are included. Thus, the viability judgment is supported by specific but incomplete evidence.","Your design viability judgment demonstrates a solid understanding of the key requirements your automated watering system must meet, including cost constraints, functionality, water distribution, material durability, and ease of use. You effectively connect your viability assessment to these requirements, which is a strong aspect of your response. The detailed cost breakdown provides credible evidence that the design can be cost-effective, and the outlined testing procedures show thoughtful planning to validate system performance.

However, the evidence is primarily prospective rather than actual results, which limits the strength of your viability claim. Including completed test data or proof-of-concept results would significantly strengthen your argument. Additionally, your response would benefit from explicitly addressing potential risks, tradeoffs, or failure modes to demonstrate a deeper consideration of design constraints. Incorporating expert or user feedback and discussing how you plan to mitigate identified risks would also enhance your evaluation.

To improve, consider conducting and reporting initial test results, explicitly analyzing risks and failure modes, and including feedback from potential users or experts. These steps will provide stronger, credible evidence to support your design’s realistic viability.",4
Case012_3.docx,,Placeholder text for scoring.,3,4,,"The student provides a clear and realistic viability judgment, stating that the design is practical and well within the capabilities of a student with access to standard Arduino components. This judgment is connected to design requirements such as accuracy, automation, and ease of use. Credible evidence includes expert feedback from Ms. Ross validating the sensor's suitability and Arduino's reliability, the simplicity and accessibility of components, and the straightforward programming and setup. The response also acknowledges potential future expansions, showing awareness of flexibility. However, it lacks detailed consideration of constraints, risks, or failure modes, which prevents a top score.","The student presents a strong and realistic judgment about the viability of their Arduino-based soil moisture monitoring system. They effectively connect this judgment to key design requirements, such as providing accurate, real-time moisture readings and automating alerts to prevent over- or underwatering. The inclusion of expert feedback from an experienced engineering teacher adds credible support, reinforcing the choice of components and the practicality of the design. Additionally, the discussion of component simplicity, affordability, and ease of programming demonstrates a solid understanding of the project's feasibility.

While the evidence is credible and well-linked to requirements, the response would benefit from a more thorough analysis of potential risks, constraints, or failure modes. For example, discussing sensor accuracy limitations under varying soil conditions or power supply considerations would strengthen the viability argument. Furthermore, explicitly addressing tradeoffs or challenges in implementation could provide a more balanced view. To improve, the student should include specific risk mitigation strategies, elaborate on constraints such as environmental factors, and provide more detailed evidence of subsystem performance or testing results if available.",4
Case013_1.pdf,,Placeholder text for scoring.,1,3,,"The student provides a clear judgment that the design is viable by linking it to specific design requirements such as frame durability, inhabitability, fire alert effectiveness, flammability, and cost constraints. They support this judgment with some credible evidence, including referencing research on structural stability, typical dorm room furniture inclusion, fire detection and suppression system functionality, and cost analysis under $750. However, the evidence is somewhat incomplete and lacks detailed test results, risk analysis, or tradeoff considerations. The viability judgment is present and connected to requirements but is only partially supported by specific credible evidence.","The student demonstrates a reasonable understanding of design viability by explicitly connecting their judgment to multiple design requirements, including structural durability, inhabitability, fire safety, and cost constraints. This connection strengthens the viability assessment by showing awareness of key factors that influence whether the design can realistically function as intended. The inclusion of research on structural stability and the use of typical dorm room furniture adds context and relevance to the design’s inhabitability aspect.

However, the evidence provided is somewhat limited and lacks depth. While the student mentions that the design can alert fires quickly and that the cost is under $750, there is no detailed data, test results, or risk analysis to robustly support these claims. Additionally, the response does not address potential failure modes, tradeoffs, or constraints beyond cost, which are important for a comprehensive viability judgment.

To improve, the student should provide more specific evidence such as prototype test results or expert feedback. Including a discussion of potential risks and how the design mitigates them would strengthen the evaluation. Clarifying how the fire suppression system’s effectiveness was verified and elaborating on material choices and their impact on durability would also enhance the credibility of the viability judgment.",3
Case014_1.pdf,,Placeholder text for scoring.,1,3,,"The student provides a clear judgment that the design is viable by linking it to specific design requirements such as frame durability, inhabitability, fire alert effectiveness, flammability, and cost constraints. They support this judgment with some credible evidence, including referencing research on structural stability, typical dorm room furniture inclusion, fire detection and suppression system functionality, and cost analysis under $750. However, the evidence is somewhat incomplete and lacks detailed test results, risk analysis, or tradeoff considerations. The viability judgment is plausible but not fully substantiated with comprehensive or rigorous evidence.","The student demonstrates a reasonable understanding of design viability by explicitly connecting their judgment to multiple design requirements, including structural durability, inhabitability, fire safety, and cost constraints. This connection strengthens the overall viability assessment and shows awareness of key factors influencing the design's success. The inclusion of research on how structures stand independently and the attempt to replicate typical dorm room furniture adds credibility to the inhabitability claim. Additionally, the cost analysis indicating the design remains under $750 supports the economic feasibility aspect.

However, the evidence provided is somewhat limited and lacks depth. There is no detailed presentation of test results, risk mitigation strategies, or discussion of potential failure modes, which are important for a robust viability judgment. The fire safety evaluation mentions the design's flammability and alarm system but does not include specific performance data or risk tradeoffs. To improve, the student should incorporate explicit test or simulation results, provide a more thorough risk and failure mode analysis, clarify how tradeoffs were managed, and strengthen the linkage between evidence and design requirements. Including expert feedback or more detailed cost breakdowns would also enhance credibility and completeness.",3
Case015_3.docx,,Placeholder text for scoring.,3,2,,"The document contains only a template heading and no actual judgment or discussion about the design's viability. There is no evidence, no connection to design requirements, and no consideration of constraints, risks, or tradeoffs.","Your submission for Element F1 currently lacks a substantive evaluation of your design's viability. The document only includes a template heading without any explicit judgment or supporting evidence regarding whether your design is realistic or viable. To strengthen your response, it is important to clearly state your judgment about the design's feasibility and connect this judgment to specific design requirements. 

Additionally, credible evidence such as test results, cost analysis, expert feedback, or risk assessments should be included to support your claims. Discussing potential constraints, risks, or failure modes will also demonstrate a deeper understanding of the design's practical challenges and how they might be mitigated. 

To improve, consider explicitly evaluating your design against key requirements and providing concrete evidence or examples that show your design can realistically solve the problem. Including specific risk mitigation strategies or tradeoff considerations will further enhance the credibility of your viability judgment. Finally, avoid leaving template placeholders unfilled and ensure your response directly addresses the viability question with clear, evidence-based reasoning.",2
Case016_1.pdf,,Placeholder text for scoring.,1,4,,"The document provides a strong, realistic viability judgment explicitly stating the design is viable and well-supported by credible evidence. It connects viability to multiple design requirements such as safety, manufacturability, adjustability, comfort, aesthetics, and longevity. The evidence includes expert feedback from Mrs. Piper and Mr. Jared, material choices justified by cost and durability, ergonomic considerations, and iterative prototype refinement. The discussion addresses constraints like cost restraint and tradeoffs between comfort and manufacturability, as well as risk mitigation through expert input and material selection, demonstrating a comprehensive understanding of design viability.","The student’s design viability judgment is a clear strength of this submission. The response explicitly states that the design is viable and realistic, directly linking this judgment to key design requirements such as safety, comfort, manufacturability, aesthetics, and longevity. This connection demonstrates a thoughtful approach to ensuring the design meets the client’s needs comprehensively. The inclusion of expert feedback from multiple sources adds credibility and shows that the design has been vetted by knowledgeable stakeholders, which strengthens the argument for viability.

The evidence provided is specific and credible, including material choices justified by cost and durability, ergonomic improvements based on expert suggestions, and iterative prototype refinement. The discussion also considers constraints like cost restraint and addresses tradeoffs between comfort and manufacturability. However, the response could be improved by explicitly discussing potential failure modes or risks in more detail and how these are mitigated. Additionally, including any quantitative data or test results would further strengthen the viability argument.

To improve, the student should (1) explicitly identify and analyze possible failure modes or risks, (2) provide more detailed evidence of prototype testing or performance, (3) clarify how tradeoffs were balanced quantitatively if possible, and (4) consider including cost estimates or sourcing challenges to deepen the manufacturability discussion.",4
Case017_3.docx,,Placeholder text for scoring.,3,3,,"The student asserts that the design is financially sustainable and provides a specific cost ($37.43), which is a relevant constraint. However, the discussion of viability is mostly generic and speculative, focusing on general fire alarm system features and accuracy statistics rather than specific evidence about the proposed Arduino project. There is no direct connection to design requirements, risk analysis, or failure modes, and no test results or expert feedback are provided.","The student's response demonstrates an initial attempt to judge the viability of their fire alarm design by highlighting its financial sustainability and providing a specific cost figure. This is a positive step, as cost is a critical constraint in design viability. However, the judgment lacks depth and specificity related to the actual design's performance or feasibility. The discussion largely centers on general characteristics of fire alarm systems rather than the particular Arduino-based project, which weakens the connection to the design requirements.

The evidence presented is mostly generic, such as accuracy rates of smoke detectors and the importance of trustworthiness, without linking these to the student's own design or demonstrating how the design meets these criteria. There is no consideration of potential risks, tradeoffs, or failure modes, which are essential for a robust viability assessment. To improve, the student should explicitly connect viability to specific design requirements, provide credible evidence such as test results or expert feedback, and discuss possible constraints or risks. Including a brief analysis of how the design addresses these factors would strengthen the viability judgment significantly.",3
Case018_4.docx,,Placeholder text for scoring.,4,3,,"The student asserts that the design is financially sustainable and provides a cost figure ($37.43), which is a relevant constraint. However, the viability judgment is mostly generic and speculative, lacking specific connection to design requirements or detailed evidence such as testing, risk analysis, or tradeoffs. The discussion of trustworthiness, accuracy, relevance, and support is general and not tied directly to the proposed Arduino fire alarm system.","The student provides a basic judgment that the proposed Arduino fire alarm system is financially sustainable, supported by a specific cost figure. This is a positive start as it addresses an important constraint—budget. However, the viability judgment lacks depth and specificity. While the student mentions general concepts such as trustworthiness, accuracy, and support, these points are not clearly connected to the actual design or its requirements. There is no evidence of testing, risk assessment, or consideration of potential failure modes, which are critical to establishing realistic viability.

To improve, the student should explicitly link the viability judgment to specific design requirements, such as detection accuracy or system reliability. Including credible evidence like test results, expert feedback, or detailed cost analysis would strengthen the argument. Additionally, discussing potential risks, constraints, or tradeoffs would demonstrate a more comprehensive understanding of design viability. Finally, focusing the discussion on the actual Arduino project rather than general fire alarm characteristics would make the evaluation more relevant and convincing.",3
Case019_5.pdf,,Placeholder text for scoring.,5,4,,"The student provides a generally realistic viability judgment, concluding the design is feasible and meets key requirements such as minimal displacement, cost under $50, and manageable assembly time. This judgment is supported by credible evidence including a detailed physics-based strain analysis, calculations of shear stress and deflection angles, and expert validation from a licensed engineer. The student also considers constraints like torque management and fiscal feasibility, and proposes a modified design to mitigate risks. However, the connection to design requirements is somewhat implicit rather than explicitly stated, and the risk analysis, while present, could be more thorough.","Your design viability judgment is well articulated and grounded in a solid engineering analysis. You effectively use physics principles and calculations to demonstrate that the connection system can withstand expected forces with negligible displacement, which directly relates to the structural integrity requirement. The inclusion of expert feedback from a licensed engineer adds credibility to your assessment. Additionally, you thoughtfully address constraints such as cost and user assembly time, showing awareness of practical considerations.

However, your discussion would benefit from explicitly linking your viability conclusions to specific design requirements, such as load capacity, durability, or user experience, to strengthen the argument. While you mention torque and fiscal feasibility, a more detailed risk analysis or consideration of potential failure modes would improve the robustness of your evaluation. Also, clarifying how the modified design addresses identified weaknesses would enhance the reader’s understanding.

To improve, explicitly reference key design requirements when judging viability, expand on risk and failure mode analysis, provide clearer justification for design tradeoffs, and consider including quantitative or qualitative user feedback if available. These steps will make your viability judgment more comprehensive and persuasive.",4
Case020_4.pdf,,Placeholder text for scoring.,4,3,,"The student provides a clear judgment that the design is somewhat realistic but faces challenges, particularly with time constraints and ergonomics. They support this with specific evidence such as part availability, time calculations, and ergonomic considerations. However, the evidence is partial and lacks direct connection to explicit design requirements or detailed risk mitigation strategies.","The student presents a thoughtful consideration of the design's viability, acknowledging both strengths and potential challenges. They identify key factors such as part costs, time availability, and ergonomics, which demonstrates an awareness of practical constraints. This shows a reasonable judgment that the design is somewhat realistic but may face difficulties, especially regarding the limited time to complete the project and ergonomic usability.

However, the response could be strengthened by explicitly linking these viability considerations to specific design requirements. For example, quantifying how the time constraints impact meeting project deadlines or how ergonomic improvements align with user needs would clarify the design’s feasibility. Additionally, while some risks are mentioned, such as the difficulty of attaching the pod, the analysis lacks detailed mitigation strategies or evidence from testing or expert feedback.

To improve, the student should explicitly reference design requirements when discussing viability, provide more detailed risk assessments with mitigation plans, and include any available evidence such as prototype testing or expert input. Including cost estimates or sourcing details for components would also enhance credibility. Finally, clarifying how the team plans to address the time constraint would strengthen the overall viability judgment.",3
Case021_1.pdf,,Placeholder text for scoring.,1,3,,"The student provides a clear judgment that the design is somewhat realistic, supported by specific evidence such as expert feedback on pillbox slot requirements and acknowledgment of wiring challenges. They reference design requirements like the need for AM/PM slots and notification features, showing partial consideration of constraints. However, the evidence is incomplete as no test results or detailed risk mitigation strategies are presented, and some issues remain unresolved.","The student demonstrates a reasonable understanding of the design's viability by explicitly acknowledging both strengths and challenges in their smart pillbox concept. They connect viability to design requirements by discussing the need for multiple medication slots and notification systems, reflecting responsiveness to expert feedback. This shows an awareness of user needs and design constraints, which strengthens the viability judgment.

However, the evidence supporting the design's realism is somewhat limited. While expert input and prototype descriptions are valuable, the absence of test results or detailed risk analysis weakens the overall argument. The student notes wiring difficulties and integration issues but does not provide concrete plans or mitigations, leaving some risks unaddressed. This partial evidence supports a moderate viability judgment but falls short of demonstrating full confidence in the design's success.

To improve, the student should include specific test or prototype performance data, elaborate on how they will resolve technical challenges, and discuss potential failure modes and tradeoffs. Additionally, linking these points more explicitly to design requirements would strengthen the viability assessment. Clarifying cost or material constraints could also enhance the credibility of their judgment.",3
Case022_2.pdf,,Placeholder text for scoring.,2,3,,"The student provides a clear judgment that the design is somewhat realistic and viable, supported by specific evidence such as expert feedback on design features (e.g., adding AM/PM slots) and acknowledgment of technical challenges (e.g., wiring difficulties). The design addresses medication adherence with a smart pillbox using Arduino and sensors, linking to the requirement of timely medication alerts. However, the evidence is partial and incomplete: there is no demonstration of successful subsystem performance, no test results, and limited risk or tradeoff analysis. The student notes some constraints (Arduino and pillbox not fitting in one box) and struggles but does not fully analyze how these affect viability. The judgment is credible but lacks multiple pieces of strong evidence or detailed consideration of constraints and failure modes.","Your design viability judgment demonstrates a good understanding of the project’s potential and challenges. You clearly state that the design is somewhat realistic and support this with expert feedback, such as the suggestion to include AM and PM slots, which shows responsiveness to stakeholder needs. Additionally, you acknowledge technical difficulties like wiring issues and the physical integration of components, which reflects awareness of practical constraints.

However, the connection between viability and design requirements could be strengthened by providing more concrete evidence, such as test results or proof-of-concept demonstrations. While you mention some constraints and challenges, a deeper analysis of risks, tradeoffs, and failure modes would improve the robustness of your judgment. For example, discussing how wiring problems might be mitigated or how the size constraint impacts usability would add valuable insight.

To improve, consider documenting any prototype testing or subsystem performance data, explicitly linking your design features to specific requirements, and elaborating on risk management strategies. Also, clarifying how your design compares to existing solutions in terms of feasibility would enhance your evaluation. These steps will help present a stronger, more credible case for your design’s viability.",3
Case023_1.pdf,,Placeholder text for scoring.,1,3,,"The student provides a clear judgment that the design is somewhat realistic, supported by expert feedback and a description of the prototype pillbox with 7 slots and an Arduino-based notification system. They acknowledge challenges such as wiring difficulties and the size mismatch between the Arduino and pillbox, indicating partial consideration of constraints. However, the evidence is limited to qualitative expert input and design description without test results or detailed risk analysis, and the design requirements are only implicitly referenced.","The student demonstrates a reasonable judgment about the viability of their smart pillbox design, recognizing it as somewhat realistic. They effectively incorporate expert feedback, such as the suggestion to include AM and PM slots, which shows responsiveness to stakeholder needs and an understanding of design requirements related to medication schedules. This connection to requirements strengthens the viability argument.

However, the evidence supporting viability is primarily qualitative and anecdotal, lacking quantitative test results or detailed analysis of potential failure modes. The mention of wiring challenges and size constraints is valuable but not fully developed into a risk mitigation strategy or tradeoff discussion. Additionally, the design requirements are not explicitly stated or systematically linked to the viability judgment, which limits the depth of the evaluation.

To improve, the student should explicitly reference key design requirements and explain how their design meets them. Including preliminary test results or prototype demonstrations would provide stronger evidence. A more thorough discussion of risks, constraints, and how these will be addressed would enhance the credibility of the viability judgment. Finally, clarifying how expert feedback was integrated into design decisions would further strengthen the evaluation.",3
Case024_1.docx,,Placeholder text for scoring.,1,3,,The student document is blank and contains no discussion or evidence regarding design viability.,"Your submission does not include any discussion or evaluation of the design's viability. A strong viability judgment should explicitly state whether the design is realistic and feasible, supported by credible evidence such as test results, cost analysis, or expert feedback. Additionally, connecting this judgment to specific design requirements and considering potential risks or constraints is essential to demonstrate a thorough understanding of the design's practicality.

To improve, begin by clearly stating your assessment of the design's viability. Support this judgment with concrete evidence from your project, such as prototype testing outcomes, material availability, or stakeholder input. Make sure to reference relevant design requirements to show how your design meets or challenges these criteria. Furthermore, include an analysis of possible risks, tradeoffs, or failure modes and explain how your design addresses or mitigates these issues.

Providing detailed, specific evidence and linking it directly to your viability judgment will strengthen your evaluation. Avoid vague or unsupported assertions, and ensure your discussion is comprehensive and grounded in your actual design work.",3
Case025_2.docx,,Placeholder text for scoring.,2,3,,The student document is blank and contains no discussion or evidence regarding the design's viability.,"Your submission does not include any discussion or evaluation of the design's viability. A strong viability judgment should explicitly state whether the design is realistic and feasible, supported by credible evidence such as test results, cost analysis, or expert feedback. Additionally, connecting this judgment to specific design requirements and considering potential risks or constraints is essential to demonstrate a thorough understanding of the design's practicality.

To improve, begin by clearly stating your assessment of the design's viability. Support this judgment with concrete evidence from your project, such as prototype testing outcomes, material availability, or stakeholder input. Make sure to reference relevant design requirements to show how your design meets or challenges these criteria. Furthermore, include an analysis of possible risks, tradeoffs, or failure modes and explain how these factors influence the design's feasibility.

By incorporating these elements, your evaluation will be more comprehensive and credible. This will not only strengthen your argument but also provide valuable insights into the design process and potential improvements.",3
Case026_2.pdf,,Placeholder text for scoring.,2,2,,"The student provides a clear judgment that the design can cover the plant with shade and operate autonomously, linking this to design requirements such as controlling sunlight and working independently. Credible evidence includes the fabric blocking most sun rays, a programmed timer controlling movement, and battery power sustaining the motor in short bursts. However, the evidence is limited and lacks detailed testing results, risk analysis, or consideration of constraints and tradeoffs.","The student presents a reasonable judgment regarding the design's viability, explicitly connecting it to key design requirements such as controlling sunlight exposure and autonomous operation. This connection strengthens the argument that the design is somewhat realistic. The inclusion of specific evidence, like the fabric's ability to block sunlight, the timer's programmed control, and battery power management, provides a foundation for believing the design could function as intended.

However, the evidence remains somewhat limited and lacks depth. There is no discussion of potential risks, failure modes, or constraints such as battery life duration beyond short bursts, mechanical reliability, or environmental factors that could affect performance. Additionally, the evidence is descriptive rather than quantitative or tested, which weakens the overall viability judgment.

To improve, the student should include more detailed evidence such as test results or performance data, explicitly analyze potential risks or failure modes, and discuss how constraints like battery capacity and mechanical wear are addressed. Providing a more thorough evaluation of tradeoffs and limitations would also strengthen the viability judgment and demonstrate a deeper understanding of the design's practical challenges.",2
Case027_2.pdf,,Placeholder text for scoring.,2,2,,"The student provides a clear judgment that the design can cover the plant with shade and operate autonomously, linking this to design requirements such as controlling sunlight and working independently. Credible evidence includes the fabric blocking most sun rays, a programmed timer controlling movement, and battery power sustaining the motor in short bursts. However, the evidence is limited and lacks detailed testing results, risk analysis, or consideration of constraints and tradeoffs.","The student presents a reasonable judgment regarding the design's viability, explicitly connecting it to key design requirements such as controlling sunlight exposure and autonomous operation. This connection strengthens the argument that the design is somewhat realistic. The inclusion of specific evidence, like the fabric's ability to block sunlight, the timer's programmed control, and battery power supporting motor function, provides a foundation for believing the design could work in practice.

However, the evidence remains somewhat limited and lacks depth. There is no discussion of potential risks, failure modes, or constraints such as battery life duration beyond short bursts, mechanical reliability, or environmental factors that could affect performance. Additionally, the evidence is descriptive rather than quantitative or tested, which weakens the overall viability judgment.

To improve, the student should include more detailed evidence such as test results or performance data, explicitly analyze possible risks or failure modes, and discuss how constraints like battery capacity and mechanical wear are addressed. Providing a more thorough evaluation of tradeoffs and potential challenges would also strengthen the viability judgment and demonstrate a deeper understanding of the design's practical implementation.",2
Case028_5.pdf,,Placeholder text for scoring.,5,2,,"The student provides a clear judgment that the design solution is able to compare energy levels and output recommendations, indicating some level of viability. The response connects this judgment to design requirements by explaining how the design uses if/else logic to compare energy periods with device essential status to give recommendations. Credible evidence includes specific references to the Matlab program's use of input(), struct arrays, and strcmpi() functions to implement the logic. However, the evidence is limited to a description of the program's logic without demonstration of testing, risk analysis, or consideration of constraints or failure modes.","Your design viability judgment shows a good understanding of how the proposed solution functions and its potential to meet the design requirements. You clearly describe how the program collects user inputs and uses conditional logic to provide recommendations based on energy demand periods and device essentiality. This connection to the design requirements strengthens your viability assessment.

However, the evidence provided is mostly descriptive of the program's structure and logic rather than demonstrative of its real-world effectiveness. There is no discussion of testing results, potential risks, constraints, or failure modes that could impact the design's viability. Including such considerations would provide a more robust and credible viability judgment.

To improve, consider adding explicit statements about the design's realism and potential limitations. Provide evidence such as test outcomes or stakeholder feedback to support your claims. Discuss possible risks or constraints, such as user input errors or system scalability, and how your design addresses them. Finally, explicitly link these points back to the design requirements to strengthen the overall viability argument.",2
Case029_1.pdf,,Placeholder text for scoring.,1,3,,"The document discusses design viability in general terms, mentioning factors like functionality, durability, user experience, and material choices. However, it lacks an explicit judgment on whether the design is realistic or viable. The evidence provided is mostly generic and speculative, with no specific test results, cost analysis, or stakeholder feedback directly supporting the viability. The mention of gathering feedback during testing is future-oriented and does not constitute current credible evidence.","The student's response demonstrates an awareness of important factors influencing design viability, such as material selection, durability, and user experience. This shows a foundational understanding of what makes a design practical and accessible, especially in an educational context. However, the response stops short of making a clear, explicit judgment about the overall realism or viability of the proposed design. Without this judgment, the evaluation lacks a definitive conclusion about whether the design can realistically meet its goals.

While the student references relevant design requirements like affordability and robustness, these connections are not strongly supported by specific evidence. The cited sources are general and do not provide direct proof or data validating the design's effectiveness or feasibility. Additionally, the discussion of risks, constraints, or failure modes is minimal and mostly anticipatory rather than analytical.

To improve, the student should explicitly state a viability judgment linked to one or more design requirements. Including concrete evidence such as test results, cost estimates, or expert feedback would strengthen the argument. Furthermore, analyzing potential risks or failure modes with mitigation strategies would demonstrate deeper consideration of design viability. Finally, grounding the discussion in specific aspects of the design rather than generalities will enhance clarity and credibility.",3
Case030_1.pdf,,Placeholder text for scoring.,1,3,,"The student makes a clear judgment that the design is viable by linking it to specific design requirements such as watering plants, preventing mold, and ease of maintenance. The evidence includes references to similar designs working, mold resistance of PVC, and confirmation from Mr. Doffermeyer and online research. However, the evidence is somewhat limited and general, lacking detailed risk analysis, constraints, or tradeoff considerations.","Your design viability judgment demonstrates a solid understanding of how your proposed solution addresses key design requirements, such as watering plants effectively, preventing mold growth, and ensuring ease of maintenance. You support your judgment with credible evidence, including observations of similar designs working and expert feedback from Mr. Doffermeyer, which strengthens your argument that the design is realistic. Additionally, noting that mold does not grow on PVC adds a useful material consideration.

However, your response could be improved by providing more detailed and specific evidence directly related to your design’s performance, such as test results or more in-depth analysis of potential failure modes and constraints. For example, discussing how the timer and switch will reliably control watering or how bottom watering prevents overwatering in practice would enhance your viability assessment. Including a discussion of possible risks or tradeoffs, such as maintenance challenges or cost implications, would also strengthen your evaluation.

To improve, consider adding specific examples or data from prototype testing, elaborating on how your design mitigates risks, and explicitly addressing constraints or tradeoffs. This will provide a more comprehensive and convincing viability judgment.",3
Case031_3.docx,,Placeholder text for scoring.,3,4,,"The student provides a generally realistic viability judgment for both proposed designs, linking them to key design requirements such as affordability, ease of use, and functionality. Credible evidence includes expert feedback from multiple qualified individuals, material cost considerations, and specific design features like the rubber tube's friction properties supported by a scientific citation. The student also discusses tradeoffs and constraints, such as the need for the rubber to be tight enough yet removable, and the alternative pin design as a backup. However, there is no direct testing or proof-of-concept results presented, and some risk considerations (e.g., durability or long-term effectiveness) are not fully explored.","Your design viability judgment is well articulated and demonstrates a clear understanding of how your proposed solutions meet important design requirements such as affordability, ease of use, and functionality. You effectively support your judgment with credible evidence, including expert feedback from multiple qualified individuals and a scientific reference explaining the friction properties of rubber, which strengthens the realism of your rubber tube design. Additionally, you thoughtfully consider tradeoffs by proposing a secondary pin mechanism as a backup, showing awareness of potential challenges.

To improve your evaluation, consider including more detailed risk analysis, such as potential failure modes or durability concerns over time. Providing evidence from prototype testing or proof-of-concept trials would further strengthen your claims about the design’s effectiveness. Also, explicitly addressing constraints like installation complexity or maintenance requirements would enhance the completeness of your viability judgment. Finally, clarifying how each design specifically fulfills all high-priority requirements with measurable criteria would make your argument even more convincing.",4
Case032_4.docx,,Placeholder text for scoring.,4,4,,"The student provides a generally realistic viability judgment for both proposed designs, linking them to key design requirements such as affordability, ease of use, and functionality. Credible evidence includes expert feedback from multiple qualified individuals, material cost considerations, and physical principles supporting the rubber tube design. The student also discusses tradeoffs and constraints, such as the need for the rubber to be tight enough yet removable, and the potential complexity of drilling holes for the pin design. However, the evidence lacks direct testing or prototype results, and risk analysis is somewhat limited.","Your design viability judgment is well articulated and demonstrates a clear understanding of how your proposed solutions meet important design requirements like affordability, ease of use, and functionality. You effectively incorporate expert feedback from multiple qualified sources, which strengthens your argument that the designs are realistic and practical. Additionally, your use of scientific principles to explain the friction properties of rubber adds credibility to your first design's feasibility.

However, while you mention constraints and tradeoffs, such as ensuring the rubber tube is tight enough and the effort involved in drilling holes for the pin, a more detailed risk analysis would improve your evaluation. For example, discussing potential failure modes or durability concerns would provide a more comprehensive viability assessment. Also, including any prototype testing or proof-of-concept results would further strengthen your evidence.

To improve, consider conducting and reporting simple tests to demonstrate your designs' effectiveness. Expand on possible risks or limitations and how you might mitigate them. Clarify how each design specifically addresses all high-priority requirements. Finally, explicitly compare the tradeoffs between the two designs to show deeper consideration of constraints.",4
Case033_5.pdf,,Placeholder text for scoring.,5,4,,"The student provides a clear and realistic judgment that the design is feasible, supported by detailed mathematical analysis of shear stress and deflection angles, which directly relate to structural viability. They connect this to design requirements such as minimal displacement and manageable torque, and include expert validation from their engineering teacher. The discussion also addresses fiscal feasibility and user experience, showing consideration of constraints and tradeoffs. However, while the evidence is specific and credible, it lacks direct testing or prototype results, and the risk analysis could be more explicit.","Your design viability judgment is strong and well-articulated, demonstrating a clear understanding of the structural demands on the connection system. The use of physics-based calculations to estimate shear stress and deflection angles provides credible evidence that the design can meet the requirement of minimal displacement under load. Additionally, referencing expert feedback adds further credibility to your analysis. You also thoughtfully consider fiscal constraints and user experience, which strengthens the overall viability argument.

However, the connection between your viability judgment and specific design requirements could be made more explicit by clearly stating which requirements are met and how. While your mathematical analysis is thorough, including empirical testing or prototype results would further solidify your claims. The discussion of risks and failure modes is somewhat implicit; explicitly identifying potential failure points and mitigation strategies would improve the robustness of your evaluation. Finally, clarifying how the torque management strategy reduces stress on the latches with more detailed reasoning would enhance the completeness of your argument.

To improve, explicitly link your viability claims to design requirements, incorporate prototype or test data if possible, provide a more detailed risk assessment, and elaborate on how your torque management approach mitigates stress on components.",4
Case034_3.pdf,,Placeholder text for scoring.,3,4,,"The student provides a clear judgment that the design is viable and realistic, supported by references to stakeholder requirements such as strength, longevity, and aesthetics. They identify potential obstacles (weight, testing time, durability) and propose realistic mitigation strategies, showing some risk consideration. However, the evidence is mostly planned or implied (e.g., future research on materials, ongoing communication with stakeholders) rather than demonstrated with concrete test results or expert validation. The connection to design requirements is present but not strongly supported by specific credible evidence such as test data or expert feedback.","Your design viability judgment demonstrates a thoughtful understanding of the key requirements, such as structural strength, durability, and aesthetic appeal, which is a strong foundation. You effectively identify potential challenges like weight and testing time and propose reasonable strategies to address them, showing awareness of risks and constraints. This indicates a realistic approach to ensuring the design can meet stakeholder needs.

However, the evidence supporting your viability judgment is largely based on planned actions rather than concrete results or expert validation. For example, you mention researching materials and maintaining communication with stakeholders, but these are future steps rather than demonstrated proof that the design will succeed. Strengthening your response with specific test results, expert feedback, or precedent examples would make your viability judgment more credible and convincing.

To improve, consider including actual or simulated test data, detailed material property analysis, or documented stakeholder feedback. Also, explicitly link your evidence to how it mitigates identified risks or tradeoffs. Finally, clarifying how your design meets each key requirement with supporting data will enhance the overall strength and credibility of your viability assessment.",4
Case035_5.pdf,,Placeholder text for scoring.,5,4,,"The student provides a clear judgment that the design is viable and realistic, supported by references to stakeholder requirements such as strength, longevity, and aesthetics. They identify potential obstacles (weight, testing time, durability) and propose realistic mitigation strategies, showing some risk consideration. However, the evidence is mostly planned or implied (e.g., future research on materials, ongoing communication with stakeholders) rather than demonstrated with concrete test results or expert validation. The connection to design requirements is present but not strongly supported by specific credible evidence such as test data or expert feedback. Thus, the viability judgment is plausible but only partially supported.","Your design viability judgment demonstrates a thoughtful understanding of the key requirements, such as structural strength, durability, and aesthetic appeal, which is a strong foundation. You effectively identify potential challenges like weight and testing time and propose reasonable strategies to address them, showing awareness of risks and constraints. This indicates a good start toward considering design viability comprehensively.

However, the evidence supporting your viability claims is mostly prospective rather than concrete. For example, you mention plans to research materials and maintain stakeholder communication, but there is no direct test data, expert validation, or proof-of-concept results presented. Strengthening your argument with specific, credible evidence—such as preliminary tests, expert feedback, or material performance data—would make your viability judgment more convincing. Additionally, explicitly linking your evidence to how it ensures the design meets each requirement would improve clarity.

To enhance your work, consider conducting and documenting initial tests or gathering expert opinions early. Provide detailed analysis of how chosen materials meet durability and weight constraints. Finally, explicitly discuss tradeoffs or failure modes to deepen your risk assessment and demonstrate a robust understanding of design viability.",4
Case036_3.pdf,,Placeholder text for scoring.,3,2,,"The student makes a clear judgment that the design is viable by stating it is not expensive and can be rapidly prototyped. This judgment is connected to design requirements such as cost (under $2 per unit) and speed of production. The student supports this with three credible sources related to 3D printing cost, speed, and design software. However, the evidence is somewhat generic and not specific to the actual design or its constraints. There is no discussion of risks, tradeoffs, or failure modes, and the connection to the design requirements is limited to cost and speed without deeper analysis.","Your design viability judgment demonstrates a good start by explicitly stating that the design is affordable and can be rapidly produced, which aligns with your design requirements on cost and speed. You support this with credible external sources about 3D printing costs, printing time, and design software capabilities, which strengthens your argument that the design is generally realistic.

However, the evidence provided is somewhat generic and does not directly address your specific design or potential challenges it might face. There is no consideration of constraints such as material durability, potential failure modes, or tradeoffs that could impact viability. Additionally, while you connect viability to cost and speed, expanding this connection to other relevant requirements or risks would improve the depth of your evaluation.

To enhance your response, consider including specific data or test results related to your actual design. Discuss possible risks or failure modes and how you plan to mitigate them. Also, explicitly link your evidence to multiple design requirements beyond cost and speed. Finally, providing a more detailed explanation of why the evidence shows your design can realistically solve the problem will strengthen your viability judgment.",2
Case037_3.pdf,,Placeholder text for scoring.,3,2,,"The student provides a clear judgment that the design is viable by emphasizing low cost and rapid prototyping. The judgment is connected to design requirements such as cost under $2 and fast production time. Credible evidence is cited via URLs related to 3D printing cost, speed, and OnShape software capabilities. However, the evidence is generic and not specific to the actual design or its constraints. There is no discussion of risks, tradeoffs, or failure modes, and the connection to the design requirements is somewhat implicit rather than explicitly analyzed.","The student’s design viability judgment demonstrates a reasonable understanding of key factors influencing the design’s feasibility, particularly cost and production speed. The response effectively links the judgment to specific design requirements, such as maintaining a unit cost below $2 and leveraging rapid 3D printing and design software to accelerate prototyping. This connection strengthens the argument that the design could be realistic.

However, the evidence provided is largely generic and sourced from external websites rather than derived from the student’s own design or testing. There is no detailed analysis of potential risks, constraints, or failure modes that might impact viability. Additionally, the explanation does not clearly articulate why the cited evidence ensures the design will meet all requirements in practice.

To improve, the student should explicitly analyze how the evidence applies to their specific design, including any limitations or tradeoffs. Incorporating discussion of potential risks or failure modes and how they might be mitigated would strengthen the viability judgment. Providing more detailed, design-specific evidence or test results would also enhance credibility. Finally, clearer, more explicit connections between evidence and design requirements would improve the overall argument.",2
Case038_3.pdf,,Placeholder text for scoring.,3,4,,"The document provides a clear judgment that the design is viable and realistic, supported by specific design details such as dimensions, material choices, and structural considerations. It references design requirements like fence height, stability, and ease of use by zookeepers. However, the evidence is mostly descriptive and based on reasoning rather than direct testing or expert feedback. The mention of rope testing is minimal and suggests further testing is needed, indicating incomplete evidence. Risk mitigation is briefly addressed with suggestions like a secondary safety knot and regular inspections, but these are not deeply analyzed.","The design viability judgment presented is clear and grounded in the design’s functional requirements, such as the fence height, extension length, and stability needs. The team thoughtfully connects their design choices—like the use of concrete for stability and pressure-treated wood for durability—to these requirements, demonstrating an understanding of the problem constraints. This connection strengthens the viability argument by showing the design addresses key challenges.

However, the evidence supporting viability is primarily based on logical reasoning and component availability rather than empirical testing or expert validation. While the rope was tested informally, the document acknowledges the need for further testing to ensure safety margins, which indicates incomplete validation. Risk considerations such as safety knots and maintenance routines are mentioned but lack detailed analysis or contingency planning.

To improve, the team should include more concrete evidence such as test results or expert feedback, deepen the risk and failure mode analysis, and explicitly discuss tradeoffs or constraints impacting design choices. Additionally, linking each piece of evidence directly to specific design requirements would strengthen the viability judgment. Finally, outlining a clear plan for validation and maintenance would enhance confidence in the design’s real-world applicability.",4
Case039_3.pdf,,Placeholder text for scoring.,3,3,,"The student provides a clear judgment that the design is viable, emphasizing that the most critical risk (the stand not holding the gong) is unlikely and that strong efforts will be made to mitigate it. The reflection explicitly states the importance of this risk and the team's commitment to testing and accountability. However, the evidence is mostly based on planned testing and general reasoning rather than concrete test results, cost analysis, or expert feedback. The discussion of risks and mitigation strategies is specific but lacks direct connection to formal design requirements or quantitative evidence, limiting the strength of the viability claim.","The student demonstrates a thoughtful approach to assessing the design's viability by identifying key risks and prioritizing the most critical one—the gong stand's ability to hold the gong securely. This shows an understanding of the fundamental design requirement and its impact on project success. The reflection highlights a commitment to risk mitigation through testing and team accountability, which strengthens the viability judgment. However, the response would benefit from a clearer connection between the viability judgment and specific design requirements, such as load capacity or budget constraints. Additionally, while the risk analysis is detailed, the evidence supporting viability relies heavily on planned actions rather than demonstrated results or quantitative data. To improve, the student should incorporate explicit references to design requirements and provide more concrete evidence, such as preliminary test outcomes or cost estimates. Including expert or stakeholder feedback and discussing tradeoffs or constraints more explicitly would also enhance the credibility of the viability assessment. Finally, expanding on how the team will monitor and adapt to risks during the project lifecycle would provide a more comprehensive view of design viability.",3
Case040_4.pdf,,Placeholder text for scoring.,4,3,,"The student provides a clear judgment that the design is viable, emphasizing that the most critical risk (the stand not holding the gong) is unlikely and that strong efforts will be made to mitigate it. The reflection explicitly states the design's success depends on this risk being low, showing some connection to a key design requirement (structural integrity). The risk analysis is detailed, with specific risks identified, prioritized, and mitigation strategies proposed. However, the evidence is mostly speculative and procedural (plans for testing, accountability, and material cost control) rather than concrete or demonstrated. There is no direct test data, cost analysis, or expert feedback presented. The discussion of constraints and tradeoffs is limited, and the viability judgment relies heavily on planned actions rather than proven outcomes.","Your design viability judgment demonstrates a thoughtful understanding of the key risks associated with your project, particularly the critical importance of the gong stand's ability to hold the gong securely. You effectively identify and prioritize risks, and your reflection clearly states why this risk is paramount to the project's success. This shows a good connection between viability and a fundamental design requirement. Your risk mitigation strategies, such as extensive testing and accountability within the team, indicate a proactive approach to ensuring the design's success.

However, the evidence supporting your viability judgment is largely based on planned actions rather than concrete results or data. To strengthen your evaluation, consider including specific test results, cost analyses, or expert feedback that demonstrate the design's feasibility. Additionally, explicitly linking your risk mitigation efforts to design constraints and tradeoffs would provide a more comprehensive viability assessment. Finally, clarifying how your proposed solutions address potential failure modes with measurable outcomes would enhance the credibility of your judgment.

For improvement, focus on gathering and presenting empirical evidence, such as prototype testing or material cost breakdowns. Also, deepen your analysis of constraints and tradeoffs, and explicitly connect your risk management to design requirements. This will make your viability judgment more robust and convincing.",3
Case041_0.docx,,Placeholder text for scoring.,0,1,,"The document discusses the design concept and materials but provides only a weak and mostly speculative judgment on viability. It mentions using household items and expert advice on food storage but lacks explicit evaluation of whether the design realistically solves the problem or meets specific requirements. There is no evidence of testing, risk analysis, or consideration of constraints.","Your design concept of using a Ziploc bag, a straw, and a blow dryer to vacuum seal fruit shows an understanding of the problem and a creative approach to reducing plastic use. The inclusion of expert input about food storage is a positive step toward grounding your design in real-world knowledge. However, your discussion of design viability is limited and does not clearly state whether the design is realistic or how it meets specific design requirements. There is no direct evidence, such as test results or detailed reasoning, to support the claim that the design will effectively solve the problem.

To strengthen your viability judgment, consider explicitly linking your design to key requirements, such as effectiveness in sealing, ease of use, or material constraints. Including evidence like prototype testing or feedback from stakeholders would also improve credibility. Additionally, addressing potential risks or failure modes—such as the durability of the seal or the practicality of using a blow dryer—would demonstrate deeper consideration of design constraints. Finally, clarifying how your design compares to existing solutions could help justify its realism and viability.",1
Case042_1.docx,,Placeholder text for scoring.,1,1,,"The document discusses the design concept and materials but provides only a weak and mostly speculative judgment about viability. It mentions using household items and expert input on food storage but lacks explicit evaluation of whether the design realistically solves the problem or addresses constraints, risks, or tradeoffs. No test results, cost analysis, or detailed expert feedback specific to the design are provided.","Your design description outlines a practical approach using common household items like a Ziploc bag, straw, and blow dryer to vacuum seal fruit, which shows an understanding of the problem. However, the viability judgment is limited and does not clearly connect to specific design requirements or constraints. While you mention expert knowledge about food storage, this input is general and not directly linked to proving that your design will work effectively or realistically in practice.

The response would be stronger if you included specific evidence such as test results demonstrating the vacuum sealing effectiveness, cost considerations, or feedback from stakeholders about usability. Additionally, discussing potential risks or failure modes—such as the durability of the seal, the safety of using a blow dryer near plastic, or the practicality of the setup—would improve the credibility of your viability judgment.

To enhance your evaluation, consider explicitly stating how your design meets key requirements and constraints. Provide concrete evidence or examples that support your claims. Finally, addressing possible challenges and how you plan to mitigate them will demonstrate a deeper understanding of design viability.",1
Case043_2.pdf,,Placeholder text for scoring.,2,1,,"The document includes a basic discussion of design viability, mentioning the need for a heating plate and power source to melt ice, and references cost components and an analogous example (Autonomous Snowplows and De-Icing Robots). However, the viability judgment is vague and speculative, lacking an explicit statement about whether the design is realistic or viable. The evidence is limited to a cost table and a general analogy without detailed connection to specific design requirements or demonstration of how the design will meet constraints or mitigate risks.","Your submission shows an initial attempt to consider the viability of your design by identifying key components such as a heating plate and power source, and by providing a cost breakdown for these elements. Additionally, referencing Autonomous Snowplows and De-Icing Robots as analogous examples is a positive step toward supporting your design concept. However, the viability judgment itself is not clearly articulated; it is unclear whether you believe the design is realistic or viable based on the evidence presented.

The connection between your design viability and specific design requirements is weak. While you list costs, you do not explicitly link these to any cost constraints or other requirements from your project. Furthermore, the evidence provided is limited to component costs and a general analogy, without detailed reasoning about risks, constraints, or how the design will effectively solve the problem. To improve, explicitly state your judgment on viability, connect it clearly to one or more design requirements, and provide stronger credible evidence such as test results, expert feedback, or detailed risk analysis. Including discussion of potential failure modes and how your design addresses them would also strengthen your evaluation.",1
Case044_2.pdf,,Placeholder text for scoring.,2,1,,The document lists components and their costs but does not provide an explicit judgment about the design's viability or realism. There is no discussion connecting the design to requirements or credible evidence supporting viability. The content is largely a cost table without evaluation or risk consideration.,"Your submission provides a detailed list of components and their associated costs, which is a useful starting point for understanding the materials involved in your design. However, the document lacks an explicit judgment about whether the proposed design is realistic or viable. Without this evaluation, it is difficult to assess how well your design meets the intended requirements or whether it can function as expected in practice.

Additionally, the response does not connect the design viability to specific design requirements, nor does it include credible evidence such as test results, expert feedback, or risk analysis. There is no discussion of potential constraints, tradeoffs, or failure modes that might affect the success of your design. Including these elements would strengthen your argument and demonstrate a deeper understanding of the design's feasibility.

To improve, consider explicitly stating your judgment about the design's viability and linking it to one or more design requirements. Provide credible evidence to support your claims, such as cost analysis tied to budget constraints or examples of similar successful designs. Also, discuss possible risks or challenges and how you plan to address them. This will create a more comprehensive and convincing evaluation of your design's viability.",1
Case045_2.pdf,,Placeholder text for scoring.,2,3,,"The student makes a clear judgment that the design is viable and realistic, supported by specific evidence such as stakeholder input about insects being attracted to light and the use of a known pest-control method (sticky paper). The design’s simplicity and use of easily obtainable materials also support viability. However, the response lacks explicit connection to design requirements, detailed risk analysis, or consideration of constraints and tradeoffs, limiting the depth of the viability judgment.","The student provides a clear and plausible judgment that the proposed design is realistic and viable. They effectively use stakeholder feedback about insects being attracted to light and reference an analogous existing product—the sticky trap—to support their claim. This demonstrates a good understanding of the problem and a reasonable approach to solving it. The description of the design’s simplicity and use of readily available materials further strengthens the viability argument.

However, the response could be improved by explicitly linking the viability judgment to specific design requirements, such as effectiveness in trapping insects or ease of reuse. Additionally, the student does not address potential risks, constraints, or failure modes, such as whether the light intensity is sufficient to attract insects or how the trap performs in different environmental conditions. Including such considerations would provide a more comprehensive and credible evaluation.

To enhance the response, the student should explicitly connect their viability judgment to key design requirements, discuss possible risks or limitations, and consider tradeoffs or constraints. Providing evidence from testing or expert feedback, if available, would also strengthen the argument. Finally, a brief discussion of how the design might fail or be improved would demonstrate deeper critical thinking about design viability.",3
Case046_4.pdf,,Placeholder text for scoring.,4,3,,"The student makes a clear judgment that the design is viable by stating it is simple, uses easily obtainable materials, and is based on a known pest-control method (sticky traps). The judgment is supported by stakeholder input about insects being attracted to light and the analogy to existing sticky traps. However, the evidence is limited to general descriptions without testing, cost analysis, or detailed risk or failure mode considerations.","The student provides a clear and plausible judgment that the proposed design is viable and realistic. They effectively connect the design to the requirement of attracting insects by referencing stakeholder feedback that insects swarm around light sources, which supports the use of a flashlight as a lure. Additionally, the design’s simplicity and use of common materials like sticky paper and 3D-printed parts strengthen the viability argument. The analogy to existing sticky traps further supports the design’s potential effectiveness.

However, the response could be improved by including more specific credible evidence such as test results, cost considerations, or expert feedback. There is limited discussion of potential risks, constraints, or failure modes, such as whether the light intensity is sufficient or if the sticky paper will effectively trap all targeted insects. Addressing these aspects would provide a more robust viability judgment.

To improve, the student should consider including preliminary testing or stakeholder validation results, analyze possible failure modes or limitations, and discuss how the design meets all relevant requirements explicitly. Adding cost or material availability details and considering tradeoffs would also strengthen the evaluation.",3
Case047_0.docx,,Placeholder text for scoring.,0,3,,"The document does not provide any explicit judgment about the design's viability or realism. It only contains instructions and definitions about what design viability means and examples of credible evidence, but no actual evaluation or evidence related to the student's proposed design.","The submission lacks a clear judgment regarding the viability or realism of the proposed design. Instead, it primarily consists of a template and guidance on how to assess design viability, without any specific evaluation or connection to the student's own design. This absence of a viability judgment means the response does not demonstrate an understanding of whether the design can realistically solve the problem.

Additionally, there is no reference to design requirements or constraints, nor is there any credible evidence such as test results, cost analysis, expert feedback, or risk considerations presented. Without these elements, it is impossible to assess the design's feasibility or potential challenges.

To improve, the student should explicitly state whether they believe their design is viable and realistic. They should connect this judgment to specific design requirements and provide concrete evidence supporting their claim, such as test data, cost breakdowns, or expert opinions. Including an analysis of potential risks, constraints, or failure modes would further strengthen the evaluation. Finally, removing template instructions and replacing them with original content focused on their design will make the submission more complete and meaningful.",3
Case048_2.docx,,Placeholder text for scoring.,2,3,,"The document does not provide any explicit judgment about the design's viability or realism. It only contains instructions and a template for assessing viability, without any actual evaluation, evidence, or connection to design requirements.","The submission lacks a clear judgment regarding the viability or realism of the proposed design. Instead of presenting an evaluation, the document consists solely of instructions and a blank template intended to guide the assessment process. This means there is no discussion of how the design meets or fails to meet any design requirements, nor is there any credible evidence provided to support viability claims.

Because the response does not address any constraints, risks, tradeoffs, or failure modes, it does not demonstrate an understanding of what could go wrong or how the design realistically solves the problem. The absence of any supporting data, expert feedback, or proof-of-concept results further weakens the viability assessment.

To improve, the student should explicitly state whether the design is realistic and viable, linking this judgment to specific design requirements. They should provide credible evidence such as test results, cost analysis, or expert input to support their claims. Additionally, discussing potential risks or constraints and how these are mitigated would strengthen the evaluation. Finally, removing template instructions and replacing them with substantive content will make the submission more complete and focused.",3
Case049_1.pdf,,Placeholder text for scoring.,1,4,,"The student provides a clear judgment that the design is viable and cost-effective, supported by specific cost estimates and material choices linked to design requirements such as budget, durability, and ergonomics. However, the evidence is somewhat incomplete as it lacks test results, expert feedback, or detailed risk mitigation strategies. The discussion acknowledges constraints like a limited budget and potential toxicity of PVC but does not fully analyze tradeoffs or failure modes.","The student presents a reasonably clear judgment that the proposed design is viable, emphasizing its cost-effectiveness and alignment with key design requirements such as budget constraints, durability, and ergonomic functionality. This connection to requirements strengthens the viability argument, particularly through detailed cost breakdowns and material selections that demonstrate awareness of practical constraints. The inclusion of scalability and user experience considerations further supports the design’s potential for real-world application.

However, the evidence provided is somewhat limited. While cost and material choices are well documented, the response lacks empirical validation such as testing results or expert feedback that would more robustly confirm the design’s functionality and safety. The mention of PVC toxicity is a valuable risk consideration, but the discussion does not extend to specific mitigation strategies or alternative materials. Additionally, failure modes and tradeoffs are only briefly touched upon, leaving some uncertainty about the design’s robustness under real conditions.

To improve, the student should incorporate or reference prototype testing or stakeholder input to strengthen evidence of viability. A more thorough risk analysis, including potential failure modes and mitigation plans, would enhance credibility. Explicitly linking all viability claims to specific design requirements and constraints would also clarify the design’s realistic potential. Finally, addressing environmental concerns with alternative materials or solutions would demonstrate a more comprehensive viability assessment.",4
Case050_2.pdf,,Placeholder text for scoring.,2,3,,"The student makes a clear judgment that the design is viable and beneficial for long-term use, supported by specific evidence such as cost comparisons, material availability, and stakeholder feedback. However, the evidence is somewhat limited and general, lacking detailed connection to explicit design requirements or consideration of risks, tradeoffs, or failure modes.","Your design viability judgment is clearly stated, asserting that the proposed rain garden design is viable and beneficial for long-term use. This is a strong starting point, as you connect your judgment to practical considerations such as cost, material availability, and stakeholder input, which are important factors in assessing feasibility. The inclusion of discussions with school staff adds credibility by showing that the design aligns with school aesthetics and functionality.

However, the response could be strengthened by explicitly linking these factors to specific design requirements, such as budget limits, spatial constraints, or environmental impact goals. Additionally, while you mention cost and material availability, the evidence provided is somewhat general and lacks detailed data or analysis. There is also no discussion of potential risks, tradeoffs, or failure modes that might affect the design’s viability.

To improve, consider including quantified cost data or material sourcing details, explicitly referencing design requirements, and discussing possible challenges or mitigation strategies. Providing more detailed evidence and a deeper risk analysis will make your viability judgment more robust and convincing.",3
Case051_1.pdf,,Placeholder text for scoring.,1,3,,"The student provides a clear judgment that the design is viable and beneficial for long-term use. This judgment is supported by specific evidence such as cost comparisons, material availability, and stakeholder feedback from school staff. However, the evidence is somewhat limited and lacks detailed connection to explicit design requirements or consideration of risks, tradeoffs, or failure modes.","Your design viability judgment is clearly stated, indicating that the proposed rain garden design is both viable and beneficial for long-term use. This is a strong foundation for demonstrating that you have considered whether the design can realistically be implemented. You effectively support this judgment with credible evidence, including cost comparisons to stay within budget, assessment of material availability, and feedback from school staff confirming that the design will not interfere with school aesthetics or functionality.

However, the connection between your viability judgment and specific design requirements could be strengthened. While you mention cost and material constraints, explicitly linking these to particular requirements would clarify how your evidence supports the design’s success. Additionally, your evaluation would benefit from a more thorough discussion of potential risks, tradeoffs, or failure modes, such as challenges in plant maintenance or water management. Including such considerations would demonstrate a deeper understanding of design viability.

To improve, consider explicitly referencing key design requirements and how your evidence addresses them. Incorporate a risk analysis that identifies possible failure points and how you plan to mitigate them. Providing more detailed evidence or examples related to material performance or environmental impact would also enhance your argument. Finally, clarifying how your design meets functional and operational constraints will strengthen your overall viability assessment.",3
Case052_4.pdf,,Placeholder text for scoring.,4,3,,"The student provides a clear judgment that the design is viable by referencing the use of an Arduino, smoke sensor, and water pump, and connects this to the requirement of suppressing fire within one minute. They support this with credible evidence such as cost constraints under $50, use of proven components, and research indicating the water dispersion trigger time. However, the inability to perform final testing due to sensor issues limits the strength of the evidence. The discussion lacks explicit consideration of risks, tradeoffs, or failure modes, and some evidence is incomplete or indirect.","Your design viability judgment demonstrates a solid understanding of how your proposed system meets key design requirements, particularly the fire suppression timing and budget constraints. You effectively connect your design choices—such as the Arduino-based system and water pump—to the requirement of suppressing fire within one minute, supported by research and cost analysis. This shows a reasonable level of realism and practical consideration.

However, the evidence is somewhat limited by the lack of final testing results, which weakens the overall support for your viability claim. Additionally, while you mention credible components and budget adherence, the response would benefit from a more explicit discussion of potential risks, failure modes, or tradeoffs, such as sensor reliability or system response under different conditions. This would strengthen your argument that the design is not only viable but robust.

To improve, consider including actual test data or prototype results to demonstrate functionality. Explicitly analyze possible failure points and how your design mitigates them. Provide more detailed cost breakdowns or supplier information to reinforce budget claims. Finally, clarify how your design meets all requirements under realistic operating conditions to present a more comprehensive viability assessment.",3
Case053_3.pdf,,Placeholder text for scoring.,3,3,,"The student provides a clear judgment that the design is viable by referencing the use of an Arduino, smoke sensor, and water pump, and connects this to the requirement of suppressing fire within one minute. They support this with credible evidence such as cost constraints under $50, use of proven components, and research indicating the water dispersion trigger time. However, the inability to perform final testing due to sensor issues limits the strength of the evidence. The discussion lacks detailed risk analysis, tradeoffs, or failure mode considerations, and some evidence is incomplete or indirect.","Your design viability judgment demonstrates a solid understanding of how your proposed system meets key design requirements, particularly the fire suppression timing and budget constraints. You effectively connect your design choices—such as the Arduino-based system and water pump—to the requirement of suppressing fire within one minute, supported by research and cost evidence. This shows a reasonable level of realism and practical consideration.

However, the evaluation would benefit from more comprehensive evidence, especially given the inability to complete final testing due to sensor issues. Including specific risk assessments or failure mode analysis, such as potential sensor malfunctions or power supply limitations, would strengthen your viability argument. Additionally, discussing tradeoffs or constraints more explicitly would provide a clearer picture of the design’s robustness.

To improve, consider conducting partial or simulated tests to provide concrete performance data. Expand on how you plan to mitigate risks related to sensor reliability and external power dependency. Finally, explicitly link each piece of evidence to the corresponding design requirement to enhance clarity and persuasiveness of your viability judgment.",3
Case054_2.pdf,,Placeholder text for scoring.,2,1,,"The document discusses design viability in general terms and provides some examples of cost components and design features, but it lacks a clear, explicit judgment about whether the proposed design is realistic and viable. The evidence presented is mostly generic and descriptive rather than specific or credible proof of viability. There is no direct connection made between the design viability and specific design requirements, nor is there any discussion of constraints, risks, or tradeoffs. The evidence is largely speculative or implied rather than demonstrated or tested.","Your submission shows an understanding of what design viability entails and includes some relevant examples, such as cost components and design features. However, the response does not clearly state whether the proposed design is realistic or viable. While you mention costs and some design elements, these are presented more as descriptions rather than credible evidence supporting viability. There is no explicit connection between your design viability judgment and specific design requirements, which is essential to demonstrate how your design meets project constraints.

Additionally, the document lacks discussion of potential risks, tradeoffs, or failure modes that could affect the design’s success. Including such considerations would strengthen your evaluation by showing awareness of possible challenges and how your design addresses them. To improve, explicitly state your judgment on the design’s viability, link it directly to one or more design requirements, and provide specific evidence such as test results, expert feedback, or detailed cost analysis. Also, consider discussing constraints and potential risks to present a more comprehensive and credible viability assessment.",1
Case055_0.docx,,Placeholder text for scoring.,0,1,,"The document does not provide any explicit judgment about the design's viability or realism. It only contains instructions and a template for assessing viability, without any actual evaluation, evidence, or connection to design requirements.","The submission lacks a clear judgment regarding the viability or realism of the proposed design. Instead of presenting an evaluation, the document consists solely of instructions and a blank template intended to guide the assessment process. This means there is no discussion of how the design meets or fails to meet specific requirements, nor is there any credible evidence provided to support viability claims.

Because the response does not connect the design to any requirements or constraints, it misses the opportunity to demonstrate an understanding of potential risks, tradeoffs, or failure modes. Additionally, there is no presentation of test results, expert feedback, cost analysis, or any other form of credible evidence that would support the design’s feasibility.

To improve, the student should explicitly state whether the design is realistic and viable, linking this judgment to one or more design requirements. They should include specific evidence such as test data, cost tables, or expert opinions to support their claims. Furthermore, discussing potential risks or constraints and how these are mitigated would strengthen the evaluation. Finally, removing the instructional content and replacing it with a substantive analysis will better fulfill the rubric criteria.",1
Case056_0.docx,,Placeholder text for scoring.,0,1,,"The document does not provide any explicit judgment about the design's viability or realism. It only contains instructions and a template for assessing viability, without any actual evaluation, evidence, or connection to design requirements.","The submission lacks a clear judgment regarding the viability or realism of the proposed design. Instead, it contains only a template and instructions on how to assess design viability, without any actual evaluation or evidence presented. This means there is no connection made between the design and its ability to meet specific requirements or constraints.

Because the document does not include any credible evidence such as test results, cost analysis, expert feedback, or risk considerations, it is impossible to assess whether the design is realistic or viable. Additionally, there is no discussion of potential risks, tradeoffs, or failure modes that could impact the design's success.

To improve, the student should explicitly state whether the design is viable and realistic, linking this judgment to one or more design requirements. They should provide credible evidence supporting this judgment, such as data from tests, cost breakdowns, or expert opinions. Including an analysis of risks, constraints, or possible failure modes would strengthen the evaluation. Finally, removing template instructions and replacing them with actual content will make the submission complete and evaluable.",1
Case057_4.pdf,,Placeholder text for scoring.,4,4,,"The student provides a generally realistic viability judgment supported by multiple credible pieces of evidence, including expert reviews from three engineers at Vanderbilt University, material selection rationale based on radiology literature, and prototype development. The design is connected to key requirements such as X-ray and ultrasound compatibility, durability, and ease of use. The discussion includes consideration of constraints like material artifacts in imaging and mechanical reliability of the door system. However, the response lacks explicit discussion of potential risks, tradeoffs, or failure modes beyond expert assurances, which limits it from a top score.","The student presents a well-reasoned judgment on the design's viability, clearly articulating that the proposed solution is realistic and functional. The response effectively connects the design to critical requirements such as compatibility with X-ray and ultrasound imaging, modular storage for different dragon sizes, and mechanical reliability of the guillotine door. The inclusion of expert feedback from multiple engineers adds strong credibility to the viability claims, demonstrating that the design has been reviewed and refined with professional input. Additionally, referencing radiology literature to justify material choices strengthens the evidence base.

While the evidence is substantial, the discussion could be improved by explicitly addressing potential risks, failure modes, or tradeoffs inherent in the design. For example, elaborating on how the sliding door system might fail or how the design mitigates wear over time would deepen the viability analysis. Future iterations should also clarify how constraints such as material availability or cost impact the design. Including more detailed test results or prototype performance data would further enhance the credibility of the viability judgment. Overall, the student shows a strong understanding of design viability but should aim to incorporate more comprehensive risk and constraint analysis.",4
Case058_4.pdf,,Placeholder text for scoring.,4,4,,"The document provides a clear judgment that the design is viable and realistic, supported by specific references to design requirements such as comfort, stability, compactness, adjustability, and aesthetics. It mentions credible evidence like research, prototype testing, and iterative refinement, as well as material choices and ergonomic considerations. However, the evidence is somewhat general and lacks detailed data, test results, or explicit risk or tradeoff analysis, limiting the strength of the viability claim.","The student presents a thoughtful and clear judgment that the proposed design is realistic and viable, effectively linking this judgment to multiple design requirements including comfort, stability, compactness, adjustability, and aesthetics. This connection demonstrates a solid understanding of how the design addresses the user’s needs and constraints, particularly the ergonomic challenge faced by Mr. Kiser. The narrative also highlights a systematic approach involving research, prototype testing, and iterative refinement, which adds credibility to the viability claim.

However, the evidence provided remains somewhat general and lacks specific quantitative data, detailed test results, or explicit consideration of potential risks, tradeoffs, or failure modes. While the mention of material choices and ergonomic benefits is helpful, more concrete evidence such as stakeholder feedback, performance metrics, or cost analysis would strengthen the argument. Additionally, a discussion of possible constraints or how challenges were mitigated would improve the depth of the viability assessment.

To enhance this evaluation, the student should include specific test outcomes or user feedback, explicitly address potential risks or limitations, and provide more detailed analysis of how the design meets critical requirements. Incorporating these elements would create a more robust and convincing viability judgment.",4
Case059_5.docx,,Placeholder text for scoring.,5,4,,"The student provides a clear and realistic viability judgment, explicitly stating that the design is a well-rounded, safe, engaging, and educational solution that meets primary design requirements. The judgment is supported by multiple pieces of credible evidence, including the use of durable materials (acrylic glass, metal, hard plastic), cost-effective components (3D-printed parts, small motors), and ergonomic/customizable features for accessibility. The response also addresses potential drawbacks such as complex assembly and user-generated power dependency with mitigation strategies, demonstrating consideration of constraints and risks. The connection to design requirements is explicit and detailed, covering safety, engagement, accessibility, cost, durability, and maintainability. However, the evidence is mostly qualitative and based on reasoning rather than quantitative test results or expert feedback, which limits the score to 4 rather than 5.","Your design viability judgment is strong and well-articulated, clearly stating that the Dynamo Light Generator is a realistic and viable solution. You effectively connect this judgment to multiple high-priority design requirements such as safety, engagement, accessibility, and cost-effectiveness. This comprehensive linkage demonstrates a solid understanding of how your design meets the project goals.

The evidence you provide is credible and specific, including material choices, modular design, and cost considerations. Your discussion of potential drawbacks and corresponding mitigation strategies shows thoughtful risk analysis and awareness of constraints. However, the evidence is primarily qualitative and based on logical reasoning rather than empirical data or expert validation, which would strengthen your argument further.

To improve, consider including quantitative data or test results to support your claims about durability and cost-effectiveness. Incorporating feedback from stakeholders or experts would also enhance credibility. Additionally, elaborating on how the design performs under real-world conditions or potential failure modes would provide a more robust viability assessment. Finally, clarifying how the modular design simplifies assembly could address concerns about complexity more convincingly.",4
Case060_5.docx,,Placeholder text for scoring.,5,4,,"The student provides a clear and realistic viability judgment, explicitly stating that the design is well-rounded, safe, engaging, and educational. The judgment is connected to multiple high-priority design requirements such as safety, engagement, cause-and-effect learning, fine motor skills, and accessibility. Credible evidence includes specific material choices (acrylic glass durability), cost-effective components (3D-printed parts, small motors), and modular design to address complexity and user strength variability. The response also acknowledges potential drawbacks like complex assembly and user-generated power dependency, offering mitigation strategies. However, the evidence is mostly qualitative and lacks quantitative test results or expert feedback, which limits the score to 4 rather than 5.","Your design viability judgment is strong and well-articulated, demonstrating a clear understanding of how the proposed Dynamo Light Generator meets key design requirements. You effectively link viability to safety, engagement, accessibility, and cost-effectiveness, showing that the design is realistic and thoughtfully addresses user needs. The inclusion of specific material choices and modular components adds credibility to your claims. Additionally, your acknowledgment of potential drawbacks and proposed mitigations reflects a mature consideration of risks and constraints.

To further strengthen your evaluation, consider incorporating quantitative evidence such as test results or expert feedback to substantiate your claims more robustly. Providing cost tables or prototype performance data would also enhance credibility. Expanding on how the design handles failure modes or maintenance challenges with concrete examples could improve your risk analysis. Lastly, clarifying how the design balances tradeoffs between complexity and usability would provide a more comprehensive viability assessment.",4
Case061_5.pdf,,Placeholder text for scoring.,5,5,,"The document provides a strong, realistic viability judgment explicitly stating the design is both realistic and viable. It connects viability to multiple high-priority design requirements such as affordability, accuracy, durability, simplicity, and portability. Credible evidence includes a detailed cost analysis with specific component costs, a proof-of-concept test showing accuracy within ±1 cm H₂O compared to a laboratory-grade manometer, a thorough risk assessment with mitigation strategies supported by expert recommendations and standard practices, and expert feedback confirming feasibility and suggesting improvements. The response also considers constraints and tradeoffs, such as eliminating electronics to improve robustness and using durable materials to prevent structural failure. This comprehensive approach demonstrates clear, credible support that the design can realistically meet the problem requirements.","Your design viability judgment is well-articulated and strongly supported by multiple credible pieces of evidence. You effectively connect the viability of your mechanical pressure gauge design to key requirements such as affordability, accuracy, durability, and portability. The inclusion of a detailed cost analysis, proof-of-concept testing with quantitative accuracy results, and a comprehensive risk assessment with mitigation strategies demonstrates a thorough understanding of potential challenges and how to address them. Additionally, expert feedback from qualified individuals adds further credibility to your claims and shows responsiveness to stakeholder input.

Your risk assessment is particularly strong, identifying realistic failure modes and providing justified mitigation strategies based on supplier specifications, expert recommendations, and standard industry practices. This shows thoughtful consideration of constraints and tradeoffs, enhancing confidence in the design’s long-term viability. To improve, consider including more quantitative data on durability testing or lifecycle estimates, elaborating on how assembly consistency will be ensured beyond a guide, and providing more detail on how portability improvements were implemented. Also, referencing any analogous devices or precedent designs could further strengthen your argument. Overall, your response demonstrates a mature and credible evaluation of design viability.",5
Case062_5.pdf,,Placeholder text for scoring.,5,5,,"The document provides a strong, realistic viability judgment explicitly stating the design is both realistic and viable. It connects viability clearly to multiple high-priority design requirements such as affordability, accuracy, durability, simplicity, and portability. Credible evidence includes a detailed cost analysis with specific component costs, a proof-of-concept test showing accuracy within ±1 cm H₂O compared to a laboratory-grade manometer, a thorough risk assessment with mitigation strategies supported by expert recommendations and supplier specifications, and expert feedback from two named professionals confirming feasibility and providing design improvement suggestions. The response also considers constraints and tradeoffs, such as eliminating electronics to improve robustness and using durable materials for structural integrity. This comprehensive approach demonstrates a well-supported, credible, and realistic design viability judgment.","Your design viability judgment is a strong and well-articulated component of your documentation. You explicitly state that your design is realistic and viable, directly linking this judgment to key design requirements such as affordability, accuracy, durability, and portability. This clear connection strengthens the credibility of your evaluation. The inclusion of a detailed cost analysis, proof-of-concept testing with quantitative accuracy results, and a comprehensive risk assessment with mitigation strategies demonstrates a thorough understanding of potential challenges and how to address them.

Additionally, the expert feedback from two professionals adds significant weight to your viability claims, showing that your design approach has been vetted by knowledgeable stakeholders. Your consideration of constraints, such as material choice and elimination of electronics, further supports the robustness of your design. To improve, consider including more quantitative data on durability testing, elaborating on how assembly consistency will be ensured in practice, and providing more detail on how cost reductions might be achieved. Also, documenting any limitations or uncertainties explicitly would enhance transparency and further strengthen your viability assessment.",5
Case063_4.pdf,,Placeholder text for scoring.,4,3,,"The document discusses risks and mitigation strategies related to project execution, such as financial constraints, safety, scheduling, and communication. However, it does not explicitly judge the overall design viability or realism of the proposed design itself. There is no direct connection made between the design's ability to meet specific requirements and the evidence provided. The risk analysis focuses on project management and team coordination rather than technical feasibility or design performance. The reflection paragraph emphasizes communication as a key risk but does not evaluate whether the design is realistic or viable in solving the problem. Therefore, the viability discussion is mostly speculative and weakly supported.","Your submission demonstrates a thoughtful approach to identifying and managing risks related to project execution, such as budgeting, safety, scheduling, and communication. This shows good awareness of potential challenges that could impact your ability to complete the project. However, the document lacks an explicit judgment about whether the proposed design itself is realistic and viable. There is no clear connection between the design and specific requirements, nor is there credible evidence such as cost analysis, expert feedback, or proof-of-concept results to support the design's feasibility.

To strengthen your design viability judgment, consider explicitly stating whether you believe the design can realistically meet the project goals and why. Connect this judgment to one or more design requirements and provide specific evidence, such as material availability, cost estimates, or prior experience. Additionally, include analysis of technical constraints or potential failure modes related to the design itself, not just project management risks. Finally, reflecting on tradeoffs or how risks might impact design performance would improve the depth of your evaluation.",3
Case064_3.pdf,,Placeholder text for scoring.,3,3,,"The document discusses risks and mitigation strategies related to project execution, such as financial constraints, safety, scheduling, and communication. However, it does not explicitly judge the overall design viability or realism of the proposed design itself. There is no direct connection made between the design's ability to meet specific requirements and the evidence provided. The risk analysis focuses on project management and team coordination rather than technical feasibility or design performance. The reflection paragraph emphasizes communication as a key risk but does not evaluate whether the design can realistically solve the problem. Therefore, the viability discussion is mostly speculative and weakly supported.","Your submission demonstrates a thoughtful approach to identifying and managing risks related to project execution, such as budgeting, safety, scheduling, and communication. This shows good awareness of potential challenges that could impact your team's ability to complete the project. However, the document lacks an explicit judgment about whether the proposed design itself is realistic and viable. There is no clear connection between the design's viability and specific design requirements, nor is there credible evidence such as testing, cost analysis, or expert feedback to support the design's feasibility.

To strengthen your design viability judgment, consider explicitly stating whether you believe the design can realistically meet the project goals and why. Support this with specific evidence, such as how your material choices meet cost constraints or how your design addresses functional requirements. Additionally, include analysis of technical risks or failure modes related to the design itself, not just project management. Finally, linking your risk mitigation strategies directly to design requirements will improve the clarity and credibility of your viability assessment.",3
Case065_5.pdf,,Placeholder text for scoring.,5,4,,"The student provides a generally realistic viability judgment, explicitly linking the design's viability to key requirements such as durability, cost, stability, and sustainability. Credible evidence includes stakeholder feedback from Ms. Tatro, specific plans to address material inconsistencies, adhesion issues, slipping, and cost constraints, as well as structural testing with books exceeding the required weight. The response also considers constraints like budget and timeline and outlines risk mitigation strategies such as pre-sorting materials, using pre-cut wood, and testing adhesives. However, the evidence is mostly planned or procedural rather than results from completed tests, which limits the score to 4 rather than 5.","Your design viability judgment is strong and well articulated, showing a clear understanding of the challenges your design faces and how these relate to critical design requirements such as durability, cost, and stability. You effectively connect your viability assessment to stakeholder input, particularly from Ms. Tatro, which strengthens your argument that the design aligns with user needs. The inclusion of specific obstacles and your plans to address them—such as pre-sorting materials, testing adhesives, and adding rubber grips—demonstrates thoughtful risk analysis and consideration of constraints.

While your evidence is credible and relevant, it primarily consists of planned actions rather than completed tests or measured results. To improve, consider including actual test data or prototype outcomes to strengthen your viability claims. Additionally, clarifying how tradeoffs between cost, material quality, and durability will be managed would enhance your analysis. Finally, explicitly discussing potential failure modes and how your design mitigates them would provide a more comprehensive viability evaluation. Overall, your response shows good insight and preparation but would benefit from more concrete evidence and deeper risk assessment.",4
Case066_2.pdf,,Placeholder text for scoring.,2,4,,"The student provides a generally realistic viability judgment, explicitly linking the design's viability to key requirements such as durability, cost, stability, and sustainability. Credible evidence includes stakeholder feedback from Ms. Tatro, specific plans to address material inconsistencies, adhesion issues, slipping, and cost constraints, as well as structural testing with books exceeding the required weight. The response also considers constraints like budget and timeline and outlines risk mitigation strategies such as pre-sorting materials, testing adhesives, and adding rubber grips. However, the evidence is mostly planned or procedural rather than demonstrated through completed tests or quantitative results, which limits the score to 4.","Your design viability judgment is well articulated and grounded in a clear understanding of the key design requirements, including durability, cost-effectiveness, stability, and sustainability. You effectively connect these requirements to specific challenges such as material inconsistency, adhesion, and slipping, and you propose credible mitigation strategies. The inclusion of stakeholder feedback from Ms. Tatro strengthens your argument by showing alignment with user needs.

The evidence you provide is mostly procedural and planned, such as testing adhesives and building early prototypes, which shows thoughtful risk management but lacks completed test results or quantitative data. Your consideration of constraints like budget and timeline adds depth to your viability assessment. To improve, consider including actual test results or data to support your claims, provide more detailed cost analysis, clarify how tradeoffs between cost and functionality will be managed, and explicitly discuss potential failure modes and how they will be monitored or prevented. These enhancements will strengthen your viability judgment and demonstrate a more robust understanding of the design’s practical feasibility.",4
Case067_3.pdf,,Placeholder text for scoring.,3,4,,"The student provides a generally realistic viability judgment supported by multiple credible pieces of evidence. They reference stakeholder requirements such as concealed storage, desk size, and aesthetics, and show how the design meets these through specific design features (e.g., taller/deeper shelves, intern desk, concealed door). Expert feedback from Mr. C and others with construction experience supports material choices and structural principles. The use of OnShape prototypes and iterative design adjustments based on stakeholder input further supports viability. Constraints such as tool availability and team skills are addressed. However, the lack of a physical prototype and limited discussion of potential risks or failure modes slightly limit the completeness of the viability judgment.","Your design viability judgment is strong and well articulated. You clearly connect the design’s realism to specific stakeholder requirements, such as concealed storage, workspace comfort, and aesthetic considerations. The inclusion of expert feedback from individuals with relevant construction and engineering experience adds credibility to your assessment. Additionally, your use of digital prototypes and iterative design refinements demonstrates thoughtful consideration of practical constraints and user needs.

While your evidence is credible and specific, the viability discussion could be strengthened by addressing potential risks or failure modes more explicitly, such as challenges in construction without a physical prototype or possible material limitations. Including a brief analysis of these risks and how you might mitigate them would provide a more comprehensive viability judgment. Also, expanding on how the design balances tradeoffs, such as between storage capacity and accessibility, would deepen your evaluation.

To improve, consider explicitly discussing potential constraints or risks and your mitigation strategies. Provide more detail on how your design meets all critical requirements, including those not fully tested. Finally, if possible, plan for a physical prototype or pilot build to validate your assumptions and further support your viability claims.",4
Case068_3.pdf,,Placeholder text for scoring.,3,4,,"The student provides a generally realistic viability judgment supported by multiple credible pieces of evidence. They reference stakeholder requirements such as concealed storage, desk size, and aesthetics, and show how the design meets these through specific design features (e.g., taller/deeper shelves, intern desk, concealed door). Expert feedback from Mr. C and others with construction experience supports material choices and structural principles. The use of OnShape prototypes and iterative design adjustments demonstrates thoughtful refinement. Constraints such as tool availability and team skills are addressed. However, the lack of a physical prototype and limited discussion of potential risks or failure modes slightly limit the completeness of the viability judgment.","Your design viability judgment is strong and well articulated. You clearly connect the design’s realism to specific stakeholder requirements, such as concealed storage, workspace comfort, and aesthetic considerations. The inclusion of expert feedback from individuals with relevant construction and engineering experience adds credibility to your assessment. Additionally, your use of digital prototypes to refine the design demonstrates a thoughtful approach to mitigating risks associated with physical construction.

While your evidence is credible and specific, the viability discussion could be strengthened by addressing potential risks or failure modes more explicitly, such as challenges in assembly or durability concerns. Also, although you acknowledge the absence of a physical prototype due to time constraints, discussing how this might impact the confidence in the design’s success would improve your evaluation. Finally, including more detail on how constraints like material costs or time limitations were considered would provide a more comprehensive viability judgment.

To improve, consider explicitly analyzing possible failure points or tradeoffs, discussing how constraints influenced design decisions, and reflecting on how the lack of physical testing affects confidence in the design’s success.",4
Case069_2.pdf,,Placeholder text for scoring.,2,4,,"The student explicitly judges the design as realistic and nearly meeting all task requirements, linking viability to buoyancy and tether drag issues. They support this with credible evidence including past MATE designs, Blue Robotics test logs, and a risk matrix identifying key failure modes with planned mitigations. This shows clear consideration of constraints and risks.","The student provides a generally strong judgment of design viability, clearly stating that the design is realistic and nearly meets all task requirements. This judgment is well connected to specific design requirements, particularly buoyancy balance and tether drag, demonstrating an understanding of critical performance factors. The use of past MATE designs and Blue Robotics test logs as supporting evidence adds credibility, showing that the design is grounded in precedent and empirical data. Additionally, the creation of a risk matrix addressing thruster failure, tether drag, unbalanced load, and controller lag indicates thoughtful consideration of potential failure modes and constraints.

However, the evidence could be strengthened by including more detailed results or quantitative data from the referenced tests or designs. While the risk matrix is mentioned, the mitigation steps are only planned for the next cycle and thus do not yet provide concrete evidence of risk management. To improve, the student should explicitly link the risk mitigations to how they will ensure viability, provide more specific data or outcomes from the past designs or tests, and clarify how the polystyrene blocks and floated tether will quantitatively resolve the buoyancy imbalance. Including these details would elevate the response to an exceptional level of design viability evaluation.",4
Case070_3.pdf,,Placeholder text for scoring.,3,4,,"The student explicitly judges the design as realistic and nearly meeting all task requirements, citing a specific failure mode (buoyancy imbalance from tether drag) and how it will be addressed. They support viability with credible evidence including past MATE designs and Blue Robotics test logs, and a risk matrix identifying key risks with planned mitigations. This shows a clear connection to design requirements and consideration of risks.","The student provides a generally strong and realistic judgment of their design's viability. They clearly state that the design is realistic and nearly meets all task requirements, which demonstrates an understanding of the design goals. The discussion of the buoyancy imbalance issue, its cause, and the proposed solution using polystyrene blocks and a floated tether shows thoughtful consideration of a specific failure mode. This connection to a design requirement strengthens the viability argument.

The use of past MATE designs and Blue Robotics test logs as supporting evidence adds credibility, showing that the design is grounded in precedent and empirical data. Additionally, the creation of a risk matrix that ranks potential failure modes and outlines mitigation steps indicates a proactive approach to managing constraints and risks. However, the mitigation steps are described as planned rather than completed, which limits the strength of the evidence somewhat.

To improve, the student should explicitly link the viability judgment to more specific design requirements, provide more detail on how the past designs and test logs support their design, and include evidence of any completed mitigations or test results. Including quantitative data or more detailed analysis of the risk matrix would also enhance the credibility of the viability assessment.",4
Case071_3.pdf,,Placeholder text for scoring.,3,3,,"The document provides a clear judgment that the design is viable and realistic, supported by specific reasons such as portability, reusability, safety, user-friendliness, precision, and cost-effectiveness. Credible evidence includes multiple tests by the group, design features to prevent sharp edges, and consideration of mouthpiece filters. However, the evidence is somewhat incomplete and lacks detailed quantitative data, formal testing results, or explicit risk mitigation strategies. The discussion of constraints, tradeoffs, or failure modes is minimal and mostly generic.","The student team presents a generally clear and positive judgment regarding the viability of their design, emphasizing key attributes such as portability, safety, and cost-effectiveness. They connect viability to several design requirements, including ease of use, precision, and reusability, which strengthens their argument that the design can realistically solve the problem. The inclusion of group testing and design considerations like avoiding sharp edges adds credibility to their claims.

However, the evidence provided is somewhat limited and lacks depth. While the team mentions testing and design features, they do not provide detailed data, quantitative results, or formal risk analyses. The discussion of potential failure modes, constraints, or tradeoffs is minimal, which weakens the overall viability assessment. Additionally, some credible evidence sections are incomplete or vague.

To improve, the team should include more specific test results or measurements demonstrating performance and reliability. They should also explicitly address potential risks or failure modes and how these are mitigated. Providing cost analysis or stakeholder feedback would further strengthen the viability argument. Finally, linking evidence more directly to design requirements with quantitative or qualitative data would enhance the rigor and persuasiveness of their judgment.",3
Case072_5.pdf,,Placeholder text for scoring.,5,1,,"The document discusses design viability in general terms and provides examples of how viability could be assessed, such as cost tables and lab testing of materials. However, it does not present an explicit judgment about the viability of the student's own proposed design. The evidence cited is generic and illustrative rather than specific or actual data related to the student's design. There is no direct connection made between the design requirements and credible evidence for this particular design. The presence of template instructions and placeholders further indicates that the viability discussion is mostly speculative and incomplete.","Your submission demonstrates an understanding of what design viability entails and provides useful examples of how to support viability judgments, such as cost breakdowns and lab testing. However, the response lacks a clear, explicit judgment about whether your specific design is realistic and viable. The examples given are generic and do not directly relate to your own design requirements or evidence from your project. This limits the strength of your viability assessment.

To improve, focus on making a definitive statement about your design’s viability based on your actual design requirements. Provide specific, credible evidence such as test results, cost analyses, or expert feedback that directly supports your judgment. Additionally, consider discussing potential risks, constraints, or failure modes and how your design addresses them. Avoid leaving template instructions or placeholders in your final submission, as these reduce clarity and completeness.

By clearly linking your viability judgment to concrete evidence and design requirements, and by addressing possible challenges, your evaluation will be more convincing and thorough.",1
Case073_5.pdf,,Placeholder text for scoring.,5,3,,"The student document provides a clear judgment that the design is viable by linking it to multiple design requirements such as moldlessness, budget, accessibility of materials, durability, and ease of use. The evidence includes a cost table showing the design meets the budget requirement, availability of materials at school and Home Depot, and the use of durable materials like PVC and aluminum. However, the evidence is somewhat incomplete and lacks detailed risk analysis, tradeoff discussion, or failure mode consideration. The viability judgment is plausible but only partially supported by credible evidence.","Your design viability judgment demonstrates a solid understanding of how your proposed solution meets key design requirements, including mold prevention, budget constraints, material accessibility, durability, and ease of use. You effectively connect your viability claims to specific requirements, which strengthens your argument that the design is realistic. The inclusion of a cost table and mention of material availability provides concrete evidence supporting your claims. Additionally, referencing the durability of PVC and aluminum adds credibility to your design's longevity.

However, your evaluation would benefit from deeper analysis of potential risks, tradeoffs, or failure modes that could impact viability. For example, discussing how the design handles unexpected environmental conditions or maintenance challenges would enhance your assessment. Including more detailed evidence such as test results, expert feedback, or prototype performance data would also strengthen your case. To improve, consider explicitly addressing possible constraints or challenges and how your design mitigates them. Additionally, clarifying how your design compares to existing solutions in terms of usability and durability could provide further support. Overall, your viability judgment is promising but could be made more robust with expanded evidence and risk consideration.",3
Case074_2.pdf,,Placeholder text for scoring.,2,3,,"The student provides a clear judgment that the design is viable, citing multiple design requirements such as moldlessness, budget constraints, material accessibility, durability, and ease of use. They support this judgment with specific evidence including a cost table showing the design is under $10, availability of materials at school and Home Depot, and the use of durable materials like PVC and aluminum. However, the evidence is somewhat incomplete as it lacks test results, risk analysis, or discussion of potential failure modes. The viability judgment is plausible but not fully substantiated with comprehensive credible evidence or consideration of tradeoffs.","Your design viability judgment demonstrates a solid understanding of key design requirements such as mold prevention, budget limits, material accessibility, durability, and ease of use. You effectively connect these requirements to your design choices, such as using PVC and aluminum for durability and ensuring materials are readily available, which strengthens the realism of your design. The inclusion of a cost table and sourcing details provides concrete evidence supporting your claim that the design is affordable and buildable within constraints.

However, your evaluation would benefit from deeper analysis of potential risks or failure modes, such as how the design performs under different environmental conditions or long-term use. Including test results or feedback from stakeholders could further validate your claims. Additionally, explicitly discussing tradeoffs or constraints, such as balancing cost with durability or ease of use, would enhance the credibility of your viability judgment.

To improve, consider incorporating specific test data or prototype results, elaborating on how your design mitigates risks, and providing a more detailed cost breakdown. Also, discussing how your design compares to existing solutions in terms of performance and usability would strengthen your argument. These steps will help present a more comprehensive and convincing case for your design’s viability.",3
Case075_3.pdf,,Placeholder text for scoring.,3,5,,"The document provides a strong, realistic viability judgment explicitly stating the design is realistic and ready for real-world use. It connects viability to multiple design requirements such as safety, cost, strength, ease of use, and animal welfare. Credible evidence includes a successful 1-ton weight test demonstrating strength and safety, budget management with leftover materials and cost-effective components, and detailed reasoning about durability and ease of maintenance. The discussion addresses constraints like budget and operational staffing, and risk mitigation through strong welding, testing, and simple, reliable components. The design’s ability to meet the problem of lifting heavy animals safely and affordably is well supported.","Your design viability judgment is a strong aspect of your documentation. You clearly state that the design is realistic and ready for real-world use, which is supported by multiple credible pieces of evidence. You effectively connect your judgment to key design requirements such as safety, cost, strength, ease of use, and animal welfare. The inclusion of a 1-ton weight test and detailed welding quality assurance provides concrete proof of safety and strength. Your budget management and use of leftover materials demonstrate practical cost considerations, while the explanation of ease of use and maintenance shows thoughtful operational planning.

The response also addresses constraints and risks, such as the need for multiple operators and the choice of durable steel for longevity. This comprehensive approach strengthens the credibility of your viability judgment. To improve, consider including more quantitative data on material properties or test results, elaborating on potential failure modes and how they are mitigated, and providing more explicit expert or stakeholder feedback. Additionally, clarifying how the design meets specific numeric requirements (e.g., load capacity, safety factors) would further enhance the rigor of your evaluation.",5
Case076_5.pdf,,Placeholder text for scoring.,5,5,,"The document provides a strong, realistic viability judgment explicitly stating the design is realistic and ready for real-world use. It connects viability to multiple design requirements such as safety, cost, strength, ease of use, and animal welfare. Credible evidence includes a successful 1-ton weight test demonstrating strength and safety, budget management with leftover materials and cost-effective components, and design features like strong welding and support bars for durability. The discussion also addresses constraints (budget, indoor use), tradeoffs (requiring 3-4 operators), and risk mitigation (weld quality checks, simple maintenance, and user training). The judgment is well supported by multiple specific pieces of credible evidence and consideration of relevant risks and constraints.","Your design viability judgment is a strong aspect of your documentation. You clearly state that the design is realistic and ready for real-world use, and you effectively connect this judgment to key design requirements such as safety, cost, strength, ease of use, and animal welfare. The inclusion of a successful 1-ton weight test and detailed budget management demonstrates credible evidence supporting your claims. Additionally, your attention to weld quality, structural support, and maintenance considerations shows thoughtful risk mitigation and constraint management.

The response could be further improved by explicitly referencing any expert or stakeholder feedback beyond general advice, which would strengthen the credibility of your viability claims. Including more quantitative data on ease of use or operator training time could also enhance the connection to usability requirements. Finally, discussing potential failure modes in more detail, such as what might happen if welds degrade over time or if the engine levelers malfunction, would provide a more comprehensive risk analysis.

Overall, your evaluation is thorough and well-supported, demonstrating a clear understanding of what makes the design viable and realistic for its intended purpose.",5
Case077_0.pdf,,Placeholder text for scoring.,0,2,,"The document lists materials and sources, indicating some resourcefulness and cost considerations, but it lacks an explicit judgment on design viability. There is no clear connection to design requirements, no discussion of risks, constraints, or failure modes, and no evidence such as testing or stakeholder feedback about the design's realistic functionality. The mention of upgrading the motor due to insufficient torque hints at a challenge but is not developed into a viability assessment.","Your documentation provides a detailed list of materials and their sources, demonstrating thoughtful resource use and cost management. This is a positive aspect as it shows awareness of material constraints and budget considerations. However, the response does not explicitly evaluate whether the design is realistic or viable, nor does it connect this judgment to specific design requirements. Without this, it is difficult to assess how well the design meets its intended goals or solves the problem effectively.

Additionally, the document lacks credible evidence such as test results, stakeholder feedback, or analysis of potential risks and failure modes. For example, while you mention upgrading the motor due to torque issues, there is no further explanation of how this affects overall viability or how other components might perform under operational conditions. To improve, explicitly state your judgment on the design’s viability and link it to key requirements. Include any test data or feedback that supports your claims. Also, consider discussing potential risks or constraints and how your design addresses them. This will strengthen your evaluation and provide a clearer picture of the design’s practicality.",2
Case078_2.pdf,,Placeholder text for scoring.,2,1,,"The document includes a general discussion of design viability by listing design requirements and suggesting types of evidence that could support viability, such as cost tables, water flow tests, light measurements, and stability tests. However, it does not provide any actual judgment about whether the design is realistic or viable. There is no explicit viability statement, no specific evidence presented, and no analysis of constraints, risks, or tradeoffs. The content is mostly generic and speculative, describing what could be done rather than what has been done or proven.","Your document demonstrates an understanding of the key design requirements that affect viability, such as cost, water delivery, light exposure, nutrient adequacy, pest control, and structural stability. This is a good foundation for considering whether your design will realistically work. However, the current response lacks an explicit judgment about the design’s viability. It is important to clearly state whether you believe your design is realistic and why.

Additionally, while you mention types of evidence that could support viability, such as cost tables and water flow tests, no actual data or test results are provided. Including specific, credible evidence—like measured water flow rates or cost breakdowns—would strengthen your argument. Also, consider discussing potential risks or failure modes, such as instability or insufficient watering, and how your design addresses these challenges.

To improve, explicitly state your viability judgment, connect it clearly to one or more design requirements, and provide concrete evidence or test results. Discuss possible constraints or tradeoffs and how you mitigate risks. This will make your evaluation more convincing and demonstrate a thorough understanding of design viability.",1
Case079_4.pdf,,Placeholder text for scoring.,4,1,,"The document includes a general discussion of design viability aspects such as cost, water provision, light exposure, nutrients, pest control, and stability. However, it mainly lists planned tests and requirements without presenting actual evidence or explicit judgments about the design's realism or viability. The viability discussion is mostly speculative and generic, with no concrete test results, measurements, or credible evidence provided. The connection to design requirements is present but not used to support a clear viability judgment.","Your document demonstrates an awareness of important factors affecting design viability, such as cost constraints, water delivery, light availability, nutrient adequacy, pest control, and structural stability. This shows a good initial understanding of the design requirements that must be met for the system to function effectively. However, the viability judgment remains largely implicit and speculative, as the document primarily outlines planned tests and checks rather than presenting actual evidence or results that support the design’s realism.

To strengthen your viability evaluation, it would be beneficial to include explicit judgments about whether the design is realistic based on specific data or observations. For example, providing actual cost calculations, measured water flow rates, light intensity readings, or stability test outcomes would offer credible evidence to support your claims. Additionally, discussing potential risks, tradeoffs, or failure modes and how your design addresses them would deepen the analysis. Finally, linking your evidence more clearly to the design requirements will help demonstrate that your design can realistically meet the project goals.

Consider focusing on gathering and documenting concrete test results, performing risk assessments, and explicitly stating your viability conclusions to improve the clarity and strength of your design viability judgment.",1
Case080_5.pdf,,Placeholder text for scoring.,5,4,,"The student provides a generally realistic viability judgment supported by multiple credible pieces of evidence, including expert feedback from three Vanderbilt University professionals, material choice rationale linked to X-ray and ultrasound requirements, and prototype development details. The design addresses key requirements such as X-ray and ultrasound functionality, durability, and modular storage. The discussion includes tradeoffs like plastic versus metal materials and design complexity of the sliding door. However, the judgment could be strengthened by more explicit consideration of potential failure modes or risks beyond expert assurances and by deeper analysis of constraints such as cost or manufacturing feasibility.","Your design viability judgment demonstrates a strong understanding of the project requirements and constraints. You effectively connect the design choices—such as the use of plastic materials and the guillotine door mechanism—to critical functional needs like X-ray and ultrasound compatibility. The inclusion of expert feedback from multiple sources adds credibility and shows that your design has been reviewed by knowledgeable stakeholders, which strengthens your argument for viability.

However, while you provide good evidence supporting the design’s realism, the discussion could be improved by explicitly addressing potential risks or failure modes, such as wear on the sliding mechanism or challenges in manufacturing the 3D-printed components. Additionally, considering constraints like cost, ease of assembly, or maintenance would provide a more comprehensive viability assessment. 

To enhance your evaluation, consider including a more detailed risk analysis and discussing how your design mitigates these risks. Also, explicitly link your viability judgment to specific design requirements and constraints, and provide more quantitative or test-based evidence if available. This will make your viability argument even more convincing and robust.",4
Case081_3.pdf,,Placeholder text for scoring.,3,4,,"The document presents a generally realistic and viable design judgment, supported by multiple credible pieces of evidence such as material choice (PLA), cost-effectiveness, structural design features (ribbing, honeycomb infill), expert consultation, and prototype performance metrics (40% weight reduction with comparable stability). It connects viability to key design requirements like weight, strength, safety, and ease of manufacturing. However, it lacks explicit discussion of potential risks, failure modes, or tradeoffs, which limits the score from reaching 5.","The student provides a strong and generally realistic judgment of the design’s viability, clearly linking it to important design requirements such as weight reduction, structural strength, safety, and cost-effectiveness. The use of PLA material is well justified with credible evidence including its affordability, sustainability, and mechanical properties enhanced by specific design features like ribbing and honeycomb infill. The inclusion of expert consultation and prototype performance data further strengthens the viability argument.

However, the response could be improved by explicitly addressing potential risks or failure modes, such as the long-term durability of PLA under outdoor conditions or the impact of environmental factors on material performance. Additionally, discussing tradeoffs or constraints, for example between flexibility and strength or manufacturing limitations, would provide a more comprehensive viability assessment. Including more detailed evidence on safety testing or user feedback would also enhance credibility.

To improve, the student should (1) explicitly analyze possible failure modes and mitigation strategies, (2) discuss tradeoffs and constraints more thoroughly, (3) provide or reference specific safety or durability test results, and (4) incorporate stakeholder or user feedback to validate real-world applicability. These additions would elevate the design viability judgment to an exceptional level.",4
Case082_3.pdf,,Placeholder text for scoring.,3,4,,"The document presents a generally realistic and viable design judgment, supported by multiple credible pieces of evidence such as material choice (PLA), cost-effectiveness, structural design features (ribbing, honeycomb infill), expert consultation, and prototype performance metrics (40% weight reduction with comparable stability). It connects viability to key design requirements like weight, strength, safety, and ease of manufacturing. However, it lacks explicit discussion of potential risks, failure modes, or tradeoffs, which limits the score from reaching 5.","The student provides a strong and generally realistic judgment of the design’s viability, clearly linking it to important design requirements such as weight reduction, structural strength, safety, and cost-effectiveness. The use of PLA material is well justified with credible evidence including its affordability, sustainability, and mechanical properties enhanced by specific design features like ribbing and honeycomb infill. The inclusion of expert consultation and prototype performance data further strengthens the viability argument.

However, the response could be improved by explicitly addressing potential risks or failure modes associated with using PLA in outdoor conditions, such as environmental degradation or long-term durability concerns. Additionally, discussing tradeoffs, such as the balance between flexibility and rigidity or the limitations of 3D printing for large-scale production, would provide a more comprehensive viability assessment. Including more detailed evidence on safety testing or real-world use scenarios would also enhance credibility.

To improve, the student should (1) explicitly analyze possible failure modes and mitigation strategies, (2) discuss constraints and tradeoffs more thoroughly, (3) provide more detailed evidence or data on prototype testing related to safety and durability, and (4) connect these considerations directly to design requirements to strengthen the overall viability judgment.",4
Case083_1.pdf,,Placeholder text for scoring.,1,3,,"The student makes a clear viability judgment that the design is cheap, lightweight, and simple, connecting these to design requirements such as cost under $50 and material choice. The evidence includes a cost table, material weight comparison, and a design evaluation for neatness. However, the evidence is limited to basic cost and material considerations without addressing risks, constraints, or potential failure modes, and the viability judgment is somewhat implicit rather than explicitly stated.","Your design viability judgment shows a good start by linking the design’s affordability and material choice to specific design requirements, such as keeping costs under $50 and using lightweight materials. This connection helps demonstrate that you have considered some important aspects of whether the design can realistically meet the project goals. The inclusion of a cost table and material weight comparison provides credible evidence supporting your claims, which strengthens your argument.

However, the evaluation could be improved by explicitly stating whether you believe the design is fully viable and realistic, rather than implying it through descriptions. Additionally, your evidence focuses mainly on cost and weight but does not address other important factors such as potential risks, constraints, or failure modes that could affect the design’s success. Including considerations of tradeoffs or possible challenges would make your judgment more robust.

To improve, clearly state your overall viability judgment. Expand your evidence to include risk analysis or how the design meets other constraints. Consider discussing potential failure modes and how your design mitigates them. Finally, provide more detailed reasoning on why your evidence shows the design will realistically solve the problem.",3
Case084_1.pdf,,Placeholder text for scoring.,1,3,,"The student makes a clear viability judgment that the design is cheap, lightweight, and simple, connecting these to design requirements such as cost under $50 and material choice. The evidence includes a cost table, material weight comparison, and a design evaluation for neatness. However, the evidence is limited to basic cost and material considerations without addressing risks, constraints, or potential failure modes, and the viability judgment is somewhat implicit rather than explicitly stated.","Your design viability judgment shows a good start by linking the design’s affordability and material choice to specific design requirements, such as keeping costs under $50 and using lightweight materials. This connection helps demonstrate that you have considered some important aspects of whether the design can realistically meet the project goals. The inclusion of a cost table and material weight comparison provides credible evidence supporting your claims, which strengthens your argument.

However, the evaluation could be improved by explicitly stating whether the design is realistic overall and by discussing potential risks or constraints that might affect viability. For example, considering how the choice of wood over metal impacts durability or performance would add depth to your judgment. Additionally, explaining why the design’s simplicity and neatness contribute to its success or potential challenges would provide a more comprehensive view.

To enhance your work, try to explicitly state your overall viability judgment, include analysis of possible failure modes or tradeoffs, and expand your evidence beyond cost and weight to include performance or durability considerations. This will make your viability assessment more robust and convincing.",3
Case085_2.pdf,,Placeholder text for scoring.,2,2,,"The student provides a clear judgment that the design is feasible if funding is secured, supported by specific evidence such as cost comparisons of rain barrels within the school budget and consideration of available installation space. However, the evidence is limited to cost and space, with no detailed analysis of risks, tradeoffs, or failure modes. The connection to design requirements is implicit but not explicitly stated.","The student presents a reasonable judgment regarding the viability of their rain barrel project, indicating that it is feasible given sufficient funding. This judgment is supported by specific evidence, including cost comparisons of rain barrels and consideration of installation space, which are relevant constraints for the design. These points demonstrate an understanding of practical factors affecting project feasibility.

However, the response could be strengthened by explicitly linking the viability judgment to specific design requirements, such as budget limits, installation constraints, or sustainability goals. Additionally, the evidence provided focuses mainly on cost and space, with limited discussion of other critical factors like potential risks, tradeoffs, or failure modes that could impact the project's success. Including such analysis would provide a more comprehensive and credible assessment of design viability.

To improve, the student should explicitly reference key design requirements when making viability judgments, incorporate a more detailed risk and tradeoff analysis, and provide evidence beyond cost and space considerations. Including stakeholder feedback or precedent examples could also enhance credibility. Finally, clarifying how the chosen high-quality components contribute to sustainability and long-term viability would strengthen the overall evaluation.",2
Case086_1.pdf,,Placeholder text for scoring.,1,2,,"The student provides a clear judgment that the design is feasible if funding is secured, supported by specific evidence such as cost comparisons of rain barrels within the school budget and consideration of available installation space. However, the evidence is limited to cost and space, with no detailed risk analysis, tradeoffs, or failure modes discussed. The connection to design requirements is implicit but not explicitly stated.","Your design viability judgment demonstrates a reasonable understanding of the feasibility of your rain barrel project. You effectively consider key factors such as cost constraints and available installation space, which are important design requirements. This shows you have thought about practical aspects that influence whether the project can be completed within budget and physical limitations. Additionally, your mention of using high-quality components indicates some attention to sustainability and durability.

However, the response would be stronger with a more explicit connection to specific design requirements and a deeper analysis of potential risks or failure modes. For example, discussing what might happen if funding falls short or if installation space is less than anticipated would show a more comprehensive viability assessment. Including evidence such as stakeholder feedback, expert opinions, or precedent projects could also enhance credibility. Furthermore, clarifying how the time restriction impacts feasibility would provide a fuller picture.

To improve, consider explicitly linking your viability judgment to detailed design requirements, expanding on risk mitigation strategies, and providing more diverse credible evidence. Also, addressing potential tradeoffs or constraints beyond cost and space will strengthen your evaluation and demonstrate a thorough understanding of design viability.",2
Case087_3.pdf,,Placeholder text for scoring.,3,4,,"The student provides a generally realistic viability judgment, explicitly connecting it to multiple design requirements such as cost, weight, portability, programmability, and load support. Credible evidence includes a detailed cost breakdown under $20, weight measurements totaling 5 lbs, user feedback on portability, and a test showing the prototype supports 20 lbs. The design is supported by specific, relevant data and user testing, demonstrating feasibility. However, the discussion lacks explicit consideration of potential risks, tradeoffs, or failure modes, which limits the score to 4.","The student presents a solid judgment on the design’s viability, clearly linking it to key design requirements such as cost, weight, portability, programmability, and load capacity. The inclusion of a detailed cost breakdown, weight measurements, and user feedback on portability strengthens the argument that the design is realistic and achievable. Additionally, the prototype’s ability to support 20 lbs, verified through testing, provides concrete evidence that the design meets functional requirements.

While the evidence is credible and specific, the response would benefit from a more explicit discussion of potential risks, constraints, or failure modes that could impact viability. For example, addressing how the design handles wear and tear, power source reliability, or environmental factors would deepen the analysis. Furthermore, elaborating on tradeoffs, such as balancing sturdiness with weight or cost constraints, would demonstrate a more comprehensive understanding of design viability.

To improve, the student should explicitly identify and analyze possible risks or failure points, discuss how constraints influence design decisions, and consider tradeoffs between competing requirements. Including more detailed testing results or stakeholder feedback would also enhance the credibility of the viability judgment.",4
Case088_2.pdf,,Placeholder text for scoring.,2,2,,"The document lists design requirements and states their importance but does not explicitly judge the overall viability of the design. The evidence provided is mostly generic and descriptive, such as stating that the timer and batteries need to be waterproof because they won't work if wet, or that the platform must be durable to avoid breaking. However, there is no clear, explicit viability judgment or detailed credible evidence like testing, risk mitigation, or tradeoff analysis. The response is mostly speculative and lacks specific proof or analysis that the design will realistically work.","The student’s response demonstrates an awareness of key design requirements such as waterproofing, durability, and size constraints, which is a positive foundation for assessing design viability. However, the document primarily lists these requirements and their importance without making an explicit judgment about whether the overall design is realistic or viable. The evidence provided is largely descriptive and generic, lacking specific credible support such as test results, expert feedback, or detailed risk analysis. For example, while the student notes that the timer and batteries need to be waterproof, there is no explanation of how this will be achieved or verified. Similarly, the durability requirement is stated but not supported with evidence or consideration of potential failure modes or tradeoffs. To improve, the student should explicitly state whether the design is viable and connect this judgment to specific, credible evidence. Including risk assessments, mitigation strategies, or references to testing or expert input would strengthen the argument. Additionally, discussing potential constraints or tradeoffs and how they are addressed would provide a more comprehensive viability evaluation.",2
