filename,source_type,text,F1__expert,F1,F1_flag,F1_rationale,narrative_feedback,element_score_raw
Case001_4.pdf,,"Element F: Consideration of Design Viability

OBSTACLES AND DIFFICULTIES
There is a possibility that it will be difﬁcult to ﬁgure out the placement and positioning when
installing the mirrors in the library. A potential obstacle the class might face with the mirrors is
stabilizing them. To address this problem, we will be using durable and sturdy materials and
making prototypes. The prototypes will help the design group ﬁgure out the visibility and
reﬂectiveness that the mirrors display. We need to ﬁgure out if the image that the librarian’s
going to see is going to be more clear or blurry.

Regarding materials, it might become difﬁcult to ﬁnd something that can both reﬂect in the
way we want it to, and ﬁt over the shell of the mirror correctly.
We plan on addressing these issues by testing multiple products what could provide the
reﬂective surface instead of just one.

We know that our end users will be satisﬁed with the ﬁnal design because of the amount of
testing we will be doing on the product. With thorough testing and experimentation, our team
will be able to ﬁnd the perfect angles, style, and positioning for the placement of the design in
the library.",4,2,rules bypassed,"The student discusses potential obstacles and plans for testing prototypes and materials, indicating some awareness of challenges. However, the viability discussion is largely speculative and based on future testing rather than current evidence. There is no explicit connection to design requirements or concrete evidence supporting the design's realism or success.","The student's consideration of design viability shows an initial awareness of potential challenges, such as mirror placement, stabilization, and material selection. This demonstrates some understanding that the design may face practical difficulties. However, the viability judgment remains largely speculative, relying heavily on planned future testing and experimentation rather than presenting current, credible evidence that supports the design's feasibility. The response lacks explicit connections between the viability discussion and specific design requirements, which weakens the argument for the design's realism.

While the student identifies risks and constraints, such as the difficulty in finding suitable reflective materials and ensuring image clarity, these points are not developed with concrete evidence or detailed analysis. The discussion would benefit from including preliminary test results, stakeholder feedback, or cost considerations to strengthen the viability claim. Additionally, explicitly linking how the design meets key requirements would clarify its practicality.

To improve, the student should provide specific evidence or data supporting the design's feasibility, explicitly connect viability to design requirements, and analyze risks and constraints in more detail. Including early prototype outcomes or expert input would also enhance credibility. Finally, discussing potential trade-offs or failure modes would demonstrate a deeper understanding of design viability.",2
Case002_2.pdf,,"Element F: Consideration of Design Viability

OBSTACLES AND DIFFICULTIES
There is a possibility that it will be difﬁcult to ﬁgure out the placement and positioning when
installing the mirrors in the library. A potential obstacle the class might face with the mirrors is
stabilizing them. To address this problem, we will be using durable and sturdy materials and
making prototypes. The prototypes will help the design group ﬁgure out the visibility and
reﬂectiveness that the mirrors display. We need to ﬁgure out if the image that the librarian’s
going to see is going to be more clear or blurry.

Regarding materials, it might become difﬁcult to ﬁnd something that can both reﬂect in the
way we want it to, and ﬁt over the shell of the mirror correctly.
We plan on addressing these issues by testing multiple products what could provide the
reﬂective surface instead of just one.

We know that our end users will be satisﬁed with the ﬁnal design because of the amount of
testing we will be doing on the product. With thorough testing and experimentation, our team
will be able to ﬁnd the perfect angles, style, and positioning for the placement of the design in
the library.",2,2,rules bypassed,"The student discusses potential obstacles and plans for testing and prototyping, indicating some awareness of challenges. However, the evidence is largely speculative and future-oriented, with no current concrete or credible evidence supporting the design's viability. There is no explicit connection to design requirements or detailed risk analysis.","The student's discussion demonstrates an initial awareness of potential challenges related to mirror placement, stabilization, and material selection, which is a positive step toward considering design viability. The plan to use prototypes and test multiple materials shows an understanding that experimentation is necessary to refine the design. However, the viability judgment remains largely speculative and focused on future testing rather than presenting current credible evidence or results. This limits the strength of the viability claim.

The response does not explicitly connect the viability considerations to specific design requirements, such as clarity of reflection or durability, which would strengthen the argument that the design is realistic and meets user needs. Additionally, while some risks and constraints are mentioned, such as difficulty in positioning and material fit, these are not analyzed in depth or linked to mitigation strategies beyond general testing plans.

To improve, the student should provide more concrete evidence or preliminary test results demonstrating feasibility. Explicitly linking viability judgments to key design requirements would clarify how the design meets user needs. Including a more detailed risk assessment with potential failure modes and mitigation plans would also enhance the evaluation. Finally, focusing less on future intentions and more on current reasoning or data would strengthen the credibility of the viability judgment.",2
Case003_4.pdf,,"Element F

Parts of our project:
Handle: The handle may not meet our design requirements if it is not attached to the body
of the design properly. If it isn’t the correct height then the proportion between the body and the
handle would also end up causing an issue as well. How we’ll avoid this: To avoid this we’re going to
try to find a handle that was already pre-made; this would ensure that the handle doesn’t have any
balance issues. We will also make sure to measure the length of the handle we want to use so that
we know it is easy to move around.

Body of design: The body of the design may not meet our design requirements if the wood
is not of good quality. If the wood is weak and irregular in size then it would cause some issues for
our project. How we’ll avoid this: To avoid this problem we will measure our pieces of wood before
using them for our project. We will also purchase durable pieces of wood that we know will last for
a while.

Button: The button of the design may not meet our design requirements if it is not able to

move properly. If the button doesn’t move properly the balls will not be able to dispense. Examples
of the button malfunctioning would be it getting caught while sliding out of the way to allow the
ball to come out. How we’ll avoid this: We will avoid this problem by constructing our button
properly to ensure that it doesn’t get caught anywhere in our design.

Dispensing Mechanism: The dispensing mechanism may not meet our design requirements
if it does not shift in the proper direction to allow the balls to come out of the dispenser. How we’ll
avoid this: We will avoid this problem by constructing our dispensing mechanism with precision and
concentration to ensure that it doesn’t fail when it dispenses.

Wheels: The wheel of this design may not meet our design requirements if the wheels are
too small to handle the weight and capacity of our design. How we’ll avoid this: We will avoid this
problem by picking wheels that can sustain the weight of our project.",4,3,rules bypassed,"The student provides a clear viability judgment for each component, identifying potential failure modes and proposing specific mitigation strategies. The discussion includes concrete considerations such as handle attachment, wood quality, button movement, dispensing mechanism precision, and wheel size relative to weight. However, the evidence is largely anticipatory and procedural rather than based on actual measurements, testing, or stakeholder input. The connection to design requirements is present but implicit rather than explicitly linked, and the support is partial rather than comprehensive.","The student demonstrates a reasonable understanding of design viability by identifying potential risks and failure modes for key components such as the handle, body, button, dispensing mechanism, and wheels. This shows thoughtful consideration of what might cause the design to fail and how to avoid these issues, which is a strength in their approach. The response reflects awareness of constraints like material quality and component sizing, which are relevant to the design’s success.

However, the viability discussion would be stronger with more explicit connections to specific design requirements and clearer evidence supporting the judgments. For example, citing measurements, prior experience, or expert input would enhance credibility. The current evidence is mostly plans to avoid problems rather than demonstrated feasibility or validation. Additionally, the risk analysis could be deepened by discussing tradeoffs or potential impacts if issues arise.

To improve, the student should explicitly link each viability claim to a design requirement, provide concrete evidence such as measurements or test results, and elaborate on how risks will be managed if problems occur. Including stakeholder feedback or referencing similar successful designs could also strengthen the argument. These steps would make the viability judgment more convincing and comprehensive.",3
Case004_3.pdf,,"Element F

Parts of our project:
Handle: The handle may not meet our design requirements if it is not attached to the body
of the design properly. If it isn’t the correct height then the proportion between the body and the
handle would also end up causing an issue as well. How we’ll avoid this: To avoid this we’re going to
try to find a handle that was already pre-made; this would ensure that the handle doesn’t have any
balance issues. We will also make sure to measure the length of the handle we want to use so that
we know it is easy to move around.

Body of design: The body of the design may not meet our design requirements if the wood
is not of good quality. If the wood is weak and irregular in size then it would cause some issues for
our project. How we’ll avoid this: To avoid this problem we will measure our pieces of wood before
using them for our project. We will also purchase durable pieces of wood that we know will last for
a while.

Button: The button of the design may not meet our design requirements if it is not able to

move properly. If the button doesn’t move properly the balls will not be able to dispense. Examples
of the button malfunctioning would be it getting caught while sliding out of the way to allow the
ball to come out. How we’ll avoid this: We will avoid this problem by constructing our button
properly to ensure that it doesn’t get caught anywhere in our design.

Dispensing Mechanism: The dispensing mechanism may not meet our design requirements
if it does not shift in the proper direction to allow the balls to come out of the dispenser. How we’ll
avoid this: We will avoid this problem by constructing our dispensing mechanism with precision and
concentration to ensure that it doesn’t fail when it dispenses.

Wheels: The wheel of this design may not meet our design requirements if the wheels are
too small to handle the weight and capacity of our design. How we’ll avoid this: We will avoid this
problem by picking wheels that can sustain the weight of our project.",3,3,rules bypassed,"The student provides a clear viability judgment for each component, identifying potential failure modes and proposing mitigation strategies. The evidence is specific and credible, such as measuring handle length and selecting durable wood, which supports a plausible viability claim. However, the support is incomplete as it relies mainly on planned actions rather than current testing or quantitative data, and the connection to design requirements is implicit rather than explicit.","The student demonstrates a reasonable understanding of design viability by identifying potential issues with key components such as the handle, body, button, dispensing mechanism, and wheels. Each part includes a discussion of possible failure modes and corresponding mitigation strategies, which shows thoughtful consideration of risks and constraints. This approach strengthens the overall viability judgment by addressing how the design might fail and how those failures can be avoided.

However, the connection between the viability judgments and specific design requirements could be made more explicit. While the student mentions measurements and durability, these are not clearly linked to particular requirements or performance criteria. Additionally, the evidence provided is largely qualitative and based on planned actions rather than demonstrated results or quantitative data, limiting the strength of the viability claim.

To improve, the student should explicitly tie each viability consideration to a design requirement, provide quantitative or test data where possible, and include more detailed risk analysis. Incorporating expert input or referencing similar successful designs could also enhance credibility. Finally, clarifying how the proposed mitigation strategies will be validated would strengthen the overall assessment of design viability.",3
Case005_4.pdf,,"Element  F:   Consideration  of  Design  Viability 

 The  stakeholder’s  problem  was  including  special-need  students  and  helping  them  participate  in  large-size 
 physical  education  classes.  The  main  problem  was  that  these  students  had  limited  motor  skills  and  most  of  the 
 time  could  not  use  a  large  part  of  their  body.  As  a  result,  they  were  confined  to  walkers  and  wheelchairs  which 
 made  it  difficult  to  participate  in  typical  physical  activities.  Frisbees  help  create  an  entertaining  environment 
 and  can  be  easily  used  by  any  student.  The  proposed  solution  of  a  frisbee  launcher  that  was  developed  aimed  at 
 fulfilling  all  of  the  stakeholder's  needs  while  still  being  entertaining  for  the  students.  The  frisbee  launcher  was 
 designed  to  launch  a  frisbee  with  the  help  of  motors  rather  than  a  student’s  arm.  This  way,  a  game  of  frisbee 
 can  still  be  played  without  having  to  move  body  parts  around,  which  can  be  hard  or  impossible  for  these 
 students.  The  Frisbee  launcher  contains  a  subsystem  in  which  two  running  motors  are  connected  by  a  belt  to 
 create  a  pulley  system.  The  two  motors  have  a  flywheel  attached  to  them  which  causes  the  flywheels  to  spin  at 
 a  high  rate  of  speed.  As  a  result,  the  frisbee  that  passes  by  gets  a  thrust  of  power  and  will  shoot  out  similar  to  a 
 human-arm  throwing  one. 

 The  use  of  viable  materials  such  as  wood,  pulleys,  motors  and  flywheels  can  facilitate  the  development  of  a 
 realistic  prototype  for  the  user.  These  materials  are  easily  attainable  and  can  be  implemented  into  our  design  to 
 allow  the  frisbee  to  fly  at  the  desired  distance.  Similar  prototypes  have  been  built  using  wood  as  the  base  and  a 
 motor  system  to  make  the  flywheel  spin.  However,  in  these  prototypes,  the  motor  was  directly  underneath  the 
 flywheel,  while  the  proposed  design  to  the  user  requires  a  pulley  system,  which  uses  a  belt  to  connect  the 
 motor  to  each  axle  of  the  two  flywheels.  These  materials  were  also  easily  attainable  and  allowed  for  them  to  be 
 efficiently  used  into  the  development  of  the  prototype. 

 Citations: 

 Disc  Golf  Throwing  Robot  .  June  2023.  Cal  Poly  ,  digitalcommons.calpoly.edu/cgi/ 

 viewcontent.cgi?article=1835&context=mesp.  Accessed  2  June  2024. 

 The  initial  design  requirements  sought  for  a  simple,  easy-to-use,  and  safe  prototype  that  can  engage  students 
 with  limited  abilities  in  physical  activities.  However,  while  having  only  one  flywheel  would  be  sufficient  to 
 meet  the  user’s  needs,  the  proposed  prototype  consists  of  two  flywheels  which  can  shoot  the  frisbee  at  a  larger 
 distance.  In  addition,  instead  of  having  just  one  set  speed  to  shoot  the  frisbee  at,  speed  of  the  motor  can  be 
 adjusted  in  order  to  improve  the  feasibility  of  the  prototype.  Using  Arduino,  we  can  connect  the  motor  to  the 
 pins  and  manipulate  the  speed  by  decreasing  the  torque  of  the  motor.  The  solution  will  also  be  able  to  adjust  by 
 changing  the  angle  at  which  the  frisbee  can  be  launched.  By  changing  the 

 In  order  to  ensure  the  extra  aspects  of  the  prototype  were  compelling,  a  professor  at  George  Mason  University 
 reviewed  our  design.  While  the  professor  had  supported  our  ideas  for  a  double  flywheel  system,  he  also  had 
 concerns  about  the  added  weight  of  the  whole  mechanism.  In  order  to  add  the  second  flywheel,  there  would  be 
 many  other  parts  such  as  the  extra  material  to  mount  the  motor  and  the  pulleys.  However,  the  added  flywheel 
 would  allow  the  frisbee  to  shoot  farther  and  engage  the  students  even  more.  Furthermore,  the  extra  feature  of 
 changing  the  motor  speed  can  also  manipulate  the  distance  the  frisbee  will  fly.  This  allows  for  the  prototype  to 
 be  more  flexible  for  the  user  and  can  be  used  to  cater  the  needs  for  many  different  students.",4,4,rules bypassed,"The student presents a generally realistic and viable design supported by credible evidence such as the use of attainable materials (wood, pulleys, motors, flywheels) and references to similar existing prototypes. The design is explicitly connected to the stakeholder's needs for special-needs students, emphasizing ease of use and engagement. The inclusion of expert input from a professor who reviewed the design and raised concerns about added weight demonstrates awareness of constraints and tradeoffs. The ability to adjust motor speed and launch angle further supports the design's flexibility and feasibility. However, the evidence lacks quantitative data or detailed testing results, and the risk analysis is limited to a single expert comment without deeper exploration of potential failure modes or mitigation strategies.","Your design viability judgment is strong in that it clearly links the proposed frisbee launcher to the specific needs of special-needs students, emphasizing accessibility and engagement. You effectively support your claims by referencing the use of realistic, easily obtainable materials and citing similar existing prototypes, which adds credibility to your design's feasibility. The inclusion of expert feedback from a professor who reviewed your design is a valuable addition, showing you have considered potential constraints such as added weight and the tradeoffs involved in adding a second flywheel.

However, your evaluation could be strengthened by providing more detailed evidence, such as quantitative data or prototype testing results, to better demonstrate the design’s performance and reliability. Additionally, expanding your risk analysis to include other possible failure modes or challenges, along with strategies to address them, would improve the robustness of your viability judgment. To enhance your work, consider including specific measurements or test outcomes, elaborating on how you will mitigate identified risks, and clarifying how your design meets all major requirements in detail. This will provide a more comprehensive and convincing case for your design’s viability.",4
Case006_5.pdf,,"Element  F:   Consideration  of  Design  Viability 

 The  stakeholder’s  problem  was  including  special-need  students  and  helping  them  participate  in  large-size 
 physical  education  classes.  The  main  problem  was  that  these  students  had  limited  motor  skills  and  most  of  the 
 time  could  not  use  a  large  part  of  their  body.  As  a  result,  they  were  confined  to  walkers  and  wheelchairs  which 
 made  it  difficult  to  participate  in  typical  physical  activities.  Frisbees  help  create  an  entertaining  environment 
 and  can  be  easily  used  by  any  student.  The  proposed  solution  of  a  frisbee  launcher  that  was  developed  aimed  at 
 fulfilling  all  of  the  stakeholder's  needs  while  still  being  entertaining  for  the  students.  The  frisbee  launcher  was 
 designed  to  launch  a  frisbee  with  the  help  of  motors  rather  than  a  student’s  arm.  This  way,  a  game  of  frisbee 
 can  still  be  played  without  having  to  move  body  parts  around,  which  can  be  hard  or  impossible  for  these 
 students.  The  Frisbee  launcher  contains  a  subsystem  in  which  two  running  motors  are  connected  by  a  belt  to 
 create  a  pulley  system.  The  two  motors  have  a  flywheel  attached  to  them  which  causes  the  flywheels  to  spin  at 
 a  high  rate  of  speed.  As  a  result,  the  frisbee  that  passes  by  gets  a  thrust  of  power  and  will  shoot  out  similar  to  a 
 human-arm  throwing  one. 

 The  use  of  viable  materials  such  as  wood,  pulleys,  motors  and  flywheels  can  facilitate  the  development  of  a 
 realistic  prototype  for  the  user.  These  materials  are  easily  attainable  and  can  be  implemented  into  our  design  to 
 allow  the  frisbee  to  fly  at  the  desired  distance.  Similar  prototypes  have  been  built  using  wood  as  the  base  and  a 
 motor  system  to  make  the  flywheel  spin.  However,  in  these  prototypes,  the  motor  was  directly  underneath  the 
 flywheel,  while  the  proposed  design  to  the  user  requires  a  pulley  system,  which  uses  a  belt  to  connect  the 
 motor  to  each  axle  of  the  two  flywheels.  These  materials  were  also  easily  attainable  and  allowed  for  them  to  be 
 efficiently  used  into  the  development  of  the  prototype. 

 Citations: 

 Disc  Golf  Throwing  Robot  .  June  2023.  Cal  Poly  ,  digitalcommons.calpoly.edu/cgi/ 

 viewcontent.cgi?article=1835&context=mesp.  Accessed  2  June  2024. 

 The  initial  design  requirements  sought  for  a  simple,  easy-to-use,  and  safe  prototype  that  can  engage  students 
 with  limited  abilities  in  physical  activities.  However,  while  having  only  one  flywheel  would  be  sufficient  to 
 meet  the  user’s  needs,  the  proposed  prototype  consists  of  two  flywheels  which  can  shoot  the  frisbee  at  a  larger 
 distance.  In  addition,  instead  of  having  just  one  set  speed  to  shoot  the  frisbee  at,  speed  of  the  motor  can  be 
 adjusted  in  order  to  improve  the  feasibility  of  the  prototype.  Using  Arduino,  we  can  connect  the  motor  to  the 
 pins  and  manipulate  the  speed  by  decreasing  the  torque  of  the  motor.  The  solution  will  also  be  able  to  adjust  by 
 changing  the  angle  at  which  the  frisbee  can  be  launched.  By  changing  the 

 In  order  to  ensure  the  extra  aspects  of  the  prototype  were  compelling,  a  professor  at  George  Mason  University 
 reviewed  our  design.  While  the  professor  had  supported  our  ideas  for  a  double  flywheel  system,  he  also  had 
 concerns  about  the  added  weight  of  the  whole  mechanism.  In  order  to  add  the  second  flywheel,  there  would  be 
 many  other  parts  such  as  the  extra  material  to  mount  the  motor  and  the  pulleys.  However,  the  added  flywheel 
 would  allow  the  frisbee  to  shoot  farther  and  engage  the  students  even  more.  Furthermore,  the  extra  feature  of 
 changing  the  motor  speed  can  also  manipulate  the  distance  the  frisbee  will  fly.  This  allows  for  the  prototype  to 
 be  more  flexible  for  the  user  and  can  be  used  to  cater  the  needs  for  many  different  students.",5,4,rules bypassed,"The student presents a generally realistic and viable design supported by credible evidence such as the use of attainable materials (wood, pulleys, motors, flywheels) and references to similar existing prototypes. The design is explicitly connected to the stakeholder's needs for enabling special-needs students to participate in physical activities, fulfilling key requirements like ease of use and safety. The inclusion of expert feedback from a professor who reviewed the design adds credibility and acknowledges potential constraints, such as added weight from the second flywheel and mounting hardware. The student also discusses adjustable motor speed and launch angle to improve feasibility and flexibility, showing awareness of design adaptability. However, the evidence is somewhat incomplete as no quantitative testing data or detailed risk mitigation strategies are provided, and the expert feedback raises concerns that are not fully addressed. This limits the score to 4 rather than 5.","Your design viability judgment demonstrates a strong understanding of the problem and a realistic approach to meeting the stakeholder’s needs. You effectively connect your design choices—such as the use of motors, flywheels, and pulleys—to the requirements of enabling special-needs students to participate in physical education. The reference to similar prototypes and the inclusion of expert feedback provide credible support for your design’s feasibility. This shows thoughtful consideration of both the technical and user-centered aspects of your solution.

However, while you acknowledge potential constraints like the added weight from the second flywheel, the discussion could be strengthened by elaborating on how these challenges will be mitigated or managed. Additionally, including quantitative evidence, such as preliminary test results or performance estimates, would further solidify your viability claims. To improve, consider providing more detailed risk analysis and addressing how you plan to validate the design’s performance. Also, clarifying how the adjustable motor speed and launch angle will be controlled and tested would enhance the credibility of your design’s flexibility. Overall, your viability judgment is well reasoned but could benefit from deeper evidence and risk management.",4
Case007_2.pdf,,"Element E

For Element E we used a lot of different elements Of stem. We used math
multiple times in our design. The first time that we used math was when we
had to measure out the different sizes of the windows and the blinds. When
we were writing out our prototypes, that's when we also used math, we
used the math to measure out the area and then wrote it all down. After
that we also had to use math to calculate and figure out how big we needed
our materials to be to be able to successfully hold the design and do what it
is supposed to do. That is how we used math in our design. We also
usedScience in our design a few different times.The first time that we used
science was when we had to think about all of the different environmental
impacts that are causing the blinds to make noise in the first place. So what
we did is we talked to the stakeholders and figured out that the wind is what
makes problems happen. Then we took the problem into consideration and
he figured out how we could fix it. That is how we used stem math and
science in our design.

Element F

Making sure that we met all of the requirements was not an easy task. The
first thing that we had to do was figure out all of the requirements so what
we did was talk to the stakeholders and ask them the problem. The next
thing that we did was figure out how we could solve all of the problems and
research the materials to do that. then after that we lookedMany different
solutions that could meet the requirements that were listed out.Since there
were many different times we had to find many solutions and we had
multiple solutions that only met a few requirements.So what we did is we
put multiple Solutions together into one idea and we were able to meet all
of the requirements.That is how we met all the requirements.

Element G

Top left is the first prototype
Bottom right is the draft sketch
The bottom left is the final prototype top angle
The top right is the final prototype side angle",2,2,rules bypassed,"The student discusses meeting all requirements by combining multiple solutions and consulting stakeholders, which suggests some consideration of design viability. However, the evidence is vague and lacks specific, credible support such as testing, measurements, or detailed reasoning about risks or constraints. The judgment about viability is largely speculative and not clearly connected to explicit design requirements.","The student's discussion shows an awareness of the need to meet design requirements and the involvement of stakeholders, which is a positive step toward considering design viability. They mention combining multiple solutions to address all requirements, indicating some logical approach to problem-solving. However, the viability judgment lacks depth and specificity. There is no clear evidence such as testing results, measurements, or detailed analysis of potential risks and constraints that would strengthen the claim that the design is realistic and viable.

The connection between the viability judgment and the design requirements is implied but not explicitly detailed. The student could improve by clearly linking how their combined solution meets each requirement and by providing concrete evidence or examples that demonstrate the design’s feasibility. Additionally, discussing possible failure modes or constraints would show a more thorough understanding of design viability.

To improve, the student should provide specific evidence supporting the design’s functionality, such as prototype testing or material suitability. Explicitly connecting design features to requirements and discussing potential risks or limitations would also enhance the viability judgment. Including stakeholder feedback details or expert input would further strengthen the credibility of their evaluation.",2
Case008_1.pdf,,"Element E

For Element E we used a lot of different elements Of stem. We used math
multiple times in our design. The first time that we used math was when we
had to measure out the different sizes of the windows and the blinds. When
we were writing out our prototypes, that's when we also used math, we
used the math to measure out the area and then wrote it all down. After
that we also had to use math to calculate and figure out how big we needed
our materials to be to be able to successfully hold the design and do what it
is supposed to do. That is how we used math in our design. We also
usedScience in our design a few different times.The first time that we used
science was when we had to think about all of the different environmental
impacts that are causing the blinds to make noise in the first place. So what
we did is we talked to the stakeholders and figured out that the wind is what
makes problems happen. Then we took the problem into consideration and
he figured out how we could fix it. That is how we used stem math and
science in our design.

Element F

Making sure that we met all of the requirements was not an easy task. The
first thing that we had to do was figure out all of the requirements so what
we did was talk to the stakeholders and ask them the problem. The next
thing that we did was figure out how we could solve all of the problems and
research the materials to do that. then after that we lookedMany different
solutions that could meet the requirements that were listed out.Since there
were many different times we had to find many solutions and we had
multiple solutions that only met a few requirements.So what we did is we
put multiple Solutions together into one idea and we were able to meet all
of the requirements.That is how we met all the requirements.

Element G

Top left is the first prototype
Bottom right is the draft sketch
The bottom left is the final prototype top angle
The top right is the final prototype side angle",1,2,rules bypassed,"The student discusses meeting all requirements by combining multiple solutions and consulting stakeholders, which suggests some consideration of viability. However, the evidence is vague and lacks specific, credible support such as testing, measurements, or detailed reasoning. There is no explicit evaluation of risks, constraints, or failure modes, and the connection between viability and design requirements is implied but not clearly articulated.","Your discussion shows an awareness of the importance of meeting design requirements and the value of stakeholder input, which is a positive foundation for assessing design viability. You mention combining multiple solutions to address all requirements, indicating some logical approach to ensuring the design could work. However, the explanation remains quite general and does not provide specific evidence or examples that demonstrate why the design is realistic or how it effectively meets the requirements. 

To strengthen your viability judgment, it would be helpful to include concrete evidence such as test results, measurements, or detailed reasoning about how the design addresses key constraints and potential risks. Explicitly linking your viability claims to particular requirements would clarify how your design meets those needs. Additionally, discussing possible failure modes or challenges and how you plan to mitigate them would show a deeper understanding of design viability. 

For improvement, consider: 1) providing specific examples or data supporting your design’s effectiveness; 2) clearly connecting your viability claims to individual requirements; 3) addressing potential risks or limitations; and 4) explaining how stakeholder feedback influenced your design decisions. These steps will make your viability judgment more credible and convincing.",2
Case009_5.pdf,,"Element F

 
Consideration of Design Viability

Some obstacles we as a engineering will face is: 

- Materials- we need to consider what type of material we will be able to obtain 
-
-

Not sure if the materials will be able to absorb moisture
Unsure if some characteristics of the design will be effective like the airtightness. While this seems like a great way to 
prevent humidity from entering the box there will be not ventilation of air to help the paper and clay dry. 
The price of the materials needs to be considered/ it can't be over our price range.
The method of construction needs to be considered because we need to make sure that time is not being wasted and that 
things are getting done.
How viable the method for constructing

-
-

-

How it will be addressed:

-we can email teachers and professors for advice and 

- distribute work more efficiently amongst design team members

-The student engineers are creating a smaller scale prototype that way we can test out different materials and ideas to see which 
and what works that way there is no commitment to final design and no materials will be wasted by a large scale. The prototype will 
allow us to learn the information needed and find out if the end user will be satisfied with it.

Justifying the materials needed for the design 

Based on the data gathered regarding the humidity found within the containers, it 
can be concluded that the cigar box and the plastic container/tupperware stayed 
most consistent throughout the 45 minute class period. The reason behind this is 
because they are sealed thoroughly, or can even be thought of as “air tight.”. 
These two types of containers will be the most effective in protecting the art 
materials from the humidity issue.",5,3,rules bypassed,"The student provides a clear viability judgment that the design using airtight containers like cigar boxes and plastic Tupperware is effective in controlling humidity, supported by data on humidity consistency over 45 minutes. They acknowledge potential issues such as moisture absorption, airtightness affecting drying, cost constraints, and construction time. However, much of the evidence is qualitative or planned (prototype testing, expert consultation), and the connection to design requirements is partial rather than explicit. The discussion of risks and constraints is present but not deeply analyzed.","The student demonstrates a reasonable understanding of design viability by identifying key challenges such as material selection, airtightness, cost, and construction methods. They support their judgment with specific data indicating that certain containers maintain consistent humidity levels, which is a credible piece of evidence linking the design to the requirement of protecting art materials from humidity. This shows a thoughtful approach to assessing the design’s realism.

However, the connection between the viability judgment and the design requirements could be made more explicit and detailed. The discussion of risks and constraints, such as potential moisture absorption and ventilation issues, is acknowledged but not thoroughly analyzed or linked to how these might be mitigated. Additionally, much of the evidence relies on planned future testing rather than current, concrete results, which limits the strength of the viability claim.

To improve, the student should explicitly connect each viability claim to specific design requirements, provide more detailed analysis of risks and failure modes, and incorporate more concrete evidence or preliminary test results. Clarifying how cost and construction constraints impact viability would also strengthen the evaluation. Finally, expanding on how prototype testing results will inform final design decisions would enhance the credibility of the viability judgment.",3
Case010_3.pdf,,"Element F

 
Consideration of Design Viability

Some obstacles we as a engineering will face is: 

- Materials- we need to consider what type of material we will be able to obtain 
-
-

Not sure if the materials will be able to absorb moisture
Unsure if some characteristics of the design will be effective like the airtightness. While this seems like a great way to 
prevent humidity from entering the box there will be not ventilation of air to help the paper and clay dry. 
The price of the materials needs to be considered/ it can't be over our price range.
The method of construction needs to be considered because we need to make sure that time is not being wasted and that 
things are getting done.
How viable the method for constructing

-
-

-

How it will be addressed:

-we can email teachers and professors for advice and 

- distribute work more efficiently amongst design team members

-The student engineers are creating a smaller scale prototype that way we can test out different materials and ideas to see which 
and what works that way there is no commitment to final design and no materials will be wasted by a large scale. The prototype will 
allow us to learn the information needed and find out if the end user will be satisfied with it.

Justifying the materials needed for the design 

Based on the data gathered regarding the humidity found within the containers, it 
can be concluded that the cigar box and the plastic container/tupperware stayed 
most consistent throughout the 45 minute class period. The reason behind this is 
because they are sealed thoroughly, or can even be thought of as “air tight.”. 
These two types of containers will be the most effective in protecting the art 
materials from the humidity issue.",3,3,rules bypassed,"The student provides a clear viability judgment that the design is somewhat realistic, supported by specific evidence such as humidity data showing that airtight containers like cigar boxes and Tupperware maintain consistent humidity levels. They acknowledge potential risks like lack of ventilation and material moisture absorption, and propose prototype testing to address uncertainties. However, the evidence is partial and qualitative, with no detailed quantitative data or cost analysis, and the connection to design requirements is implicit rather than explicit.","The student demonstrates a reasonable understanding of design viability by identifying key challenges such as material selection, airtightness, and cost constraints. They support their judgment with specific observations from humidity data, noting that sealed containers effectively maintain consistent humidity, which is relevant to protecting art materials. This shows an awareness of how the design addresses a core requirement related to humidity control. Additionally, the plan to create a smaller scale prototype to test materials and methods reflects a thoughtful approach to mitigating risks and refining the design before full-scale implementation.

However, the response would benefit from a clearer and more explicit connection between the viability judgment and specific design requirements. The evidence provided is somewhat limited and qualitative, lacking detailed measurements, cost considerations, or expert input that would strengthen the credibility of the viability claim. The discussion of risks and constraints is present but could be more thorough and structured. To improve, the student should explicitly link their viability assessment to key requirements, provide more quantitative or expert evidence, elaborate on potential failure modes, and include a more detailed cost and resource analysis. These enhancements would create a stronger, more convincing case for the design's realism and viability.",3
Case011_5.pdf,,"F1: Design Viability Judgment

In order to begin construction of our portable sink, we must first identify the possible hazards
and threats of our construction process.

Items that could potentially cause issues and why they we can mitigate this:

- Over budget project: This is one of the most important issues to not have happen. For our
project we only have a total budget of about $200 for this project of outside materials that
we do not already have. In order to prevent this issue we are taking steps to calculate the
cost of each item we expect to buy in order to build the project and leaving a little bit of
space so that if there is an unexpected purchase needed we have room to add in the extra
cost. Further, while our calculated bill of materials exceeds $200 (+$16.57), we have
sourced the majority of our materials from in-school sources, offering them free of
charge(Note: the final bill of materials includes the estimated price the materials we
sourced for free would cost if we had to purchase these items). Furthermore, we are 100%
confident that the true cost of the project was below $200 as a majority of our materials
were in-house sourced, likely being worth more than the exceeded $16.57.

- Water being too slow: This problem can make or break the sink. If we run into this

problem our sink will be at a severe disadvantage to the teacher and students using the
regular sink as if you cannot perform the actions of washing your hands and brushing
your teeth than a sink in the context of a life skills class will not be useful. In order to
prevent this issue we have a valve that will control the speed of the water and allow more
to flow if needed. We also have the ability to widen the hole of the water storage if
needed as the storage container we are using has 2 holes with one being bigger than the
other to allow a faster flow. Further, we have also experimented with the inclusion of
multiple faucets, with different size holes, allowing for different amounts of water to
flow. It is safe to say that our prototype will be able to be adjusted by the stakeholder to
ensure the waterflow is not too slow. On the flip side, the sink's ability to use water from
two tanks at a time may allow for a water flow too strong for proper use of the sink. This
is also mitigated by the different faucets with different size holes, allowing the
stakeholder to control the flow outside of just the sink handles adjustability.

- Contamination and mold growth: Considering the fact that we are using an appliance that
provides water for brushing teeth and washing hands, it is very important that we use a
sink that can be easily cleaned, and has no space favorable to bacteria growth.
Conveniently, our sink’s entire surface will be constructed out of plastic. This will
facilitate easy cleaning via wipes, and no nooks or crannies which could allow bacteria
growth. Further when examining where the water makes contact with our sink, we’ve
determined there only being one potential area the bacterial growth may need to be
cleaned to avoid further deterioration of the sink. According to Johnathan T Blanton,
“stainless steel is the best material at resisting bacterial growth.” Further we acknowledge

that water makes contact with the stainless steel sink bowl, as well as the internal
compartment of the large plastic storage container. Moreover, the concern that the
bacterial growth in the sink is minimal, and should not draw bacterial growth due to the
frequency the sink will be used/flushed, as well as the materials ability to withsWith
proper instructions as to how to disinfect this internal compartment once a week should
ensure that our prototype mitigates the cleanliness concerns of the stakeholders, experts,
and possible investors.

-
- Household Surfaces and Bacteria, csef.usc.edu/History/2007/Projects/J1404.pdf.

Accessed 17 May 2024.

-
-
-

-

Spillage: When working with water it is an usual occurrence for water to spill out and
make a mess. This is not ideal so it would be critical if we could prevent the spillage of
the water preventing messes in the classroom. In order to achieve this goal we are
utilizing the lid of the container to act as a lid on the sink that has edges to prevent
spillage. Another preventing measure is that we have more than enough room in the
bottom of our sink holding the gray water allowing enough space to hold the wastewater
and its contents without flow coming back up through the sink. Further our use of
water-proof grade water containers, allows us to ensure that this is not an issue.
Moreover, when looking at the sink faucet and handles, we have mitigated possible
leaking through the use of superglue to attach each piece. This will surprisingly mitigate
water leakage, as large amounts of the glue act as a sturdy solid barrier between the liquid
and external surfaces.
Stability: One issue that could happen is that the sink will tip due to the weight being
mainly put on one edge bottom container. This issue is rational and could happen if we
are not careful with the way we place our clean water storage. The way we mitigate this
is by proper placement of our clean water storage, we are expecting to put it on the top of
the storage bin’s lid but having it take up at least half of the lid on one side in order to
make sure the weight is distributed on each side. Another thing we can do to mitigate
unstableness is to add a counterweight or just weight into the container in order to make
the bottom more heavy than the top; however this could cause issues with overall weight
but we would just have to monitor the overall weight as we go to make sure that the sink
is still able to be picked up by an average person and the teacher more importantly.
Further, knowing we cannot work around the fact that the sink requires a waste storage
system as well as a water storage system, we understand the height and weight of the sink
can only be reduced and mitigated so much. Moreover, in the case it causes problems, we
have decided to recommend to the teachers to ensure the sink is in an area that may allow
it to rest next to the wall, to reduce the chance a student runs by and knocks it over.

- Lack of functionality or learning capabilities: One of the aspects of the projects that

makes this project engineering is the fact that we are making a portable sink and the fact
that it is being used in a classroom so a learning element should be included as well. One
issue we run into is the lack of having learning capabilities or the lack of functionality.
These two go hand in hand in making our sink so it is important for us to find a good
balance between the two. The most important of these 2 is the functionality of the sink.
However, adding in some learning capabilities will be excellent and will make our design
go much further in pleasing the customer. Our main concern in our design is
functionality, but we are deciding to add a learning capability if possible in the design.
Our ideas for adding in a learning feature is the addition of 3D printed sink handles that
model ones that are commonly used in the real world. This will allow students lacking
motor skills the ability to have experience and figure out how to operate different types of
handles that will appear as they traverse life. We also have decided to color code the
temperatures of the waters, to add a learning lesson in terms of which side gives what
temperature of water, and what the purpose is to have two sink handles.",5,4,rules bypassed,"The student provides a generally realistic and viable design judgment supported by multiple credible pieces of evidence linked to key design requirements such as budget constraints, water flow control, contamination prevention, spillage, stability, and functionality. They demonstrate awareness of risks and constraints, such as budget overruns, water flow issues, bacterial growth, spillage, and stability, and propose specific mitigation strategies for each. The discussion includes cost calculations, material choices supported by an expert citation, and practical adjustments to improve usability and safety. While the evidence is clear and credible, some claims (e.g., confidence in cost under budget due to in-house sourcing) are somewhat qualitative and could be strengthened with more quantitative data or testing results.","Your design viability judgment is strong and well-articulated, showing a clear understanding of the major risks and constraints associated with your portable sink project. You effectively connect your viability assessment to critical design requirements such as budget limits, water flow adequacy, contamination control, spillage prevention, and stability. The inclusion of specific mitigation strategies, such as valve adjustments for water flow and the use of plastic and stainless steel materials to reduce bacterial growth, demonstrates thoughtful consideration of practical challenges. Additionally, referencing an expert source to support material choices adds credibility to your evaluation.

To further improve your viability judgment, consider providing more quantitative evidence or test data to support your cost and performance claims, especially regarding budget confidence and water flow rates. Clarify how you will verify the effectiveness of your contamination control measures through testing or stakeholder feedback. Also, expanding on how you will monitor and adjust stability in real-world use would strengthen your risk analysis. Finally, organizing your discussion with clearer headings or summaries could enhance readability and emphasize the connection between viability and design requirements.",4
Case012_4.docx,,"MyDesign Portfolio
Element F Initial Template
How to use this template
Teachers: You may customize this document before providing it to students.
Students: The template below is one way to assess whether your proposed solution is viable and realistic, but the specific assignment given by your instructor may require a different structure or dictate different details. If you make a copy of this template to edit, be sure to delete the instructions. 
Element F:  Consideration of Design Viability
Judgment about Design Viability (F1)
""Design viability"" is the capacity of the proposed solution to solve the problem. Design viability refers to how your design decisions are tethered to your design requirements. For example, if one of your design requirements is that the total cost of the prototype cannot exceed X, then you could present a table of costs for each component of your proposed design solution as justification for why your design is likely to meet that requirement.
""Credible evidence"" means it shouldn't just be your hunch that this will work. Be creative about how you validate the viability of your design. You should go beyond just having a stakeholder or expert reviewer say that the design seems viable. For example, you could point to evidence that a sub-system already functions, or you demo a proof of concept, or you've discussed with an expert that said, ""I've seen something similar work in this other related situation..."", etc.  
Use as many rows as needed. Remember, this chart below may help you organize your ideas, but you will need to actually execute the “credible evidence.”",4,1,rules bypassed,"The document contains only a template and instructions for assessing design viability but does not provide any actual judgment, evidence, or evaluation of the proposed design's realism or viability.","The submission currently lacks any substantive discussion or judgment regarding the viability of the proposed design. It consists solely of a template with instructions on how to assess design viability, without any actual evaluation or evidence presented. As a result, there is no connection made between the design and its requirements, nor is there any credible evidence or risk analysis provided to support the design's feasibility.

To improve, you should provide a clear and specific judgment about whether your design is realistic and viable. This judgment should be supported by credible evidence such as test results, cost analyses, expert input, or proof-of-concept demonstrations. Additionally, explicitly linking your viability claims to one or more key design requirements will strengthen your argument. Consider also discussing potential risks, constraints, or failure modes to show awareness of challenges and tradeoffs.

Including concrete examples or data that demonstrate how your design meets requirements will make your viability assessment more convincing. Avoid submitting templates or placeholders without substantive content, and focus on providing detailed, evidence-based reasoning to support your design's potential success.",1
Case013_0.docx,,"MyDesign Portfolio
Element F Initial Template
How to use this template
Teachers: You may customize this document before providing it to students.
Students: The template below is one way to assess whether your proposed solution is viable and realistic, but the specific assignment given by your instructor may require a different structure or dictate different details. If you make a copy of this template to edit, be sure to delete the instructions. 
Element F:  Consideration of Design Viability
Judgment about Design Viability (F1)
""Design viability"" is the capacity of the proposed solution to solve the problem. Design viability refers to how your design decisions are tethered to your design requirements. For example, if one of your design requirements is that the total cost of the prototype cannot exceed X, then you could present a table of costs for each component of your proposed design solution as justification for why your design is likely to meet that requirement.
""Credible evidence"" means it shouldn't just be your hunch that this will work. Be creative about how you validate the viability of your design. You should go beyond just having a stakeholder or expert reviewer say that the design seems viable. For example, you could point to evidence that a sub-system already functions, or you demo a proof of concept, or you've discussed with an expert that said, ""I've seen something similar work in this other related situation..."", etc.  
Use as many rows as needed. Remember, this chart below may help you organize your ideas, but you will need to actually execute the “credible evidence.”",0,1,rules bypassed,The document provides no explicit judgment about the design's viability or realism. It only contains a template with instructions and definitions but no actual evaluation or evidence supporting the design's viability.,"Your submission currently consists of a template and instructions for assessing design viability rather than an actual evaluation of your proposed design. While the template outlines important considerations for judging viability, such as credible evidence and connection to design requirements, it does not include any specific information about your design or its feasibility. As a result, there is no clear judgment about whether your design is realistic or viable.

To strengthen your viability discussion, you should explicitly state your design’s likelihood of success and support this with concrete evidence. This could include cost analyses, prototype testing results, expert feedback, or demonstrations of subsystems functioning as intended. Additionally, linking your viability claims directly to key design requirements will help clarify how your design meets project goals. Consider also addressing potential risks, constraints, or failure modes to show a comprehensive understanding of your design’s challenges.

For improvement, focus on providing a clear viability judgment rather than just describing your design. Include specific, credible evidence that supports your claims. Connect your reasoning explicitly to your design requirements, and discuss any risks or tradeoffs you have identified. This will make your evaluation more convincing and complete.",1
Case014_3.docx,,"MyDesign Portfolio
Element F Initial Template
How to use this template
Teachers: You may customize this document before providing it to students.
Students: The template below is one way to assess whether your proposed solution is viable and realistic, but the specific assignment given by your instructor may require a different structure or dictate different details. If you make a copy of this template to edit, be sure to delete the instructions. 
Element F:  Consideration of Design Viability
Judgment about Design Viability (F1)
""Design viability"" is the capacity of the proposed solution to solve the problem. Design viability refers to how your design decisions are tethered to your design requirements. For example, if one of your design requirements is that the total cost of the prototype cannot exceed X, then you could present a table of costs for each component of your proposed design solution as justification for why your design is likely to meet that requirement.
""Credible evidence"" means it shouldn't just be your hunch that this will work. Be creative about how you validate the viability of your design. You should go beyond just having a stakeholder or expert reviewer say that the design seems viable. For example, you could point to evidence that a sub-system already functions, or you demo a proof of concept, or you've discussed with an expert that said, ""I've seen something similar work in this other related situation..."", etc.  
Use as many rows as needed. Remember, this chart below may help you organize your ideas, but you will need to actually execute the “credible evidence.”",3,1,rules bypassed,"The student document contains only a template with instructions and no actual judgment or evidence regarding the viability of the proposed design. There is no discussion of realism, connection to design requirements, or credible evidence presented.","Your submission currently consists of a template intended to guide the assessment of design viability, but it does not include any actual evaluation or evidence related to your proposed design. As a result, there is no clear judgment about whether your design is realistic or viable. To strengthen your work, it is important to explicitly state your design’s viability and support that claim with credible evidence. This could include data from testing, cost analyses, expert feedback, or demonstrations of proof-of-concept.

Additionally, connecting your viability judgment directly to your design requirements will help clarify how your design meets the project goals and constraints. Consider discussing potential risks, constraints, or failure modes to show awareness of challenges and how you plan to address them. Including multiple pieces of evidence and reasoning will make your argument more convincing.

To improve, start by clearly stating whether your design is realistic and viable. Then, provide specific evidence such as test results, cost breakdowns, or expert opinions. Finally, explicitly link this evidence to your key design requirements and discuss any risks or tradeoffs. This approach will create a comprehensive and credible viability assessment.",1
Case015_2.pdf,,"Element F:

Project Viability:

The aquaponic system project for a local middle school, designed to grow tilapia and root vegetables
within a $1000 budget, is highly viable. This is supported by evidence that small-scale aquaponics can
yield 62 kg of fish and 352 kg of produce with a net value of 151.3 €, far exceeding the project’s budget
constraints. Additionally, aquaponics aligns with educational goals, adheres to safety codes, and has a
positive environmental impact, making it an excellent choice for the school setting. The project’s design
and budget are realistic, ensuring its success and sustainability.

Hazards/risks of the project that could fail and how to avoid them:

Risk

Prevention

The structure of the housing
barrels could collapse from
the water/soil weight

Make sure all metrics are stable and not volatile throughout the year.
Consistent weight and correct/reasonable construction for that weight
will make collapsing plant beds improbable.

The tilapia could die from
the rest of a new location
and travel

Ensure a quick and stress free travel, which can be bought from local
and closer fisheries. The Tilapia are hardy enough to withstand new
environments quickly, however to mitigate stress, we can acclimate
them to the water temperature and feed them regularly.

Small leaks and evaporation
loss over time could drain
all the necessary water
volume as time goes on
without clear signs

Add sensors and measurements daily to be alerted when water levels are
adequate. Add an inner lining and inspections throughout the whole
aquaponic system to catch any leaks that may arise. Create a cool and
dark environment for the water tank to limit/prevent evaporation
significantly.

Children at the middle
school may be rough with it
and cause trouble for the
fish and plants.

Gate off the area to only teacher overviewed sessions with classes.
Make the exposed area of the location less open and protected with a
temporary gate or barrier. General education of caution may help also to
prevent the kids from ignorantly messing up the system.",2,5,rules bypassed,"The student provides a clear and realistic viability judgment, supported by multiple credible pieces of evidence including quantitative yield and budget data, alignment with educational goals, safety compliance, and environmental benefits. The response explicitly connects viability to key design requirements such as budget constraints and educational suitability. Additionally, the student demonstrates thorough consideration of risks and failure modes with specific prevention strategies, showing a strong understanding of constraints and tradeoffs.","The student presents a strong and well-supported judgment on the viability of the aquaponic system design. The response effectively ties the design’s realism to critical requirements, such as the $1000 budget and educational context, supported by quantitative evidence of expected yields and net value. This connection strengthens the credibility of the viability claim and demonstrates thoughtful alignment with project goals.

Moreover, the student’s detailed risk analysis addresses potential failure modes, including structural collapse, fish mortality, water loss, and user interference. The proposed mitigation strategies are practical and show a clear awareness of constraints and operational challenges, enhancing the overall viability assessment.

To improve, the student could provide more specific references or sources for the yield and value data to further strengthen credibility. Including brief explanations of how safety codes are met would also enhance the connection to design requirements. Additionally, quantifying the expected costs of risk mitigation measures would provide a more comprehensive viability picture. Finally, discussing potential tradeoffs or limitations of the design would demonstrate deeper critical evaluation.",5
Case016_2.pdf,,"This is the chart we used from determining what would be viable or not for our ﬁnal
prototype:

Design Viability Description

Connection to Design
Requirement

Credible Evidence?

Example: The solution is
inexpensive

Example: Design does
not cost more than $X

The solution is ecient

Design will not take
more than 20 minutes
to install.

The solution is durable

Design will not mold
or rust easily.

The solution is easy to install

Design will not have
many steps.

Example: Create a table of
costs for each component
of the solution.

Normal installment for a
shower head takes no
longer than 20 minutes so
our design will either be at
that or take less time.

Normally, experts suggest
changing a showerhead
about once a year.
Obviously not every
shower head has such a
short life and ours will be
very durable.

Normally to install a new
shower head you have to
take o the new one,
screw the mount onto the
shower (water source),
attach the hose, and check
for leaks. Ours will be
similar to this but as easy
as we can make it.

The solution will be as light as
possible

Design, despite having
an extra funnel, will
still be a reasonable
weight.

Normal shower heads
weigh around 1-2 pounds
and ours will be around
this same weight.",2,4,rules bypassed,"The student provides a generally realistic viability judgment supported by multiple specific pieces of credible evidence linked explicitly to design requirements such as installation time, durability, ease of installation, and weight. The evidence includes comparisons to normal shower head installation times, expected durability based on typical replacement frequency, and weight approximations relative to standard shower heads. These connections demonstrate an adequate understanding of design viability.","The student presents a solid judgment regarding the viability of their design, effectively linking it to key design requirements such as installation time, durability, ease of installation, and weight. By referencing typical shower head installation durations and expected durability based on replacement frequency, the student grounds their claims in realistic, relatable evidence. This approach strengthens the credibility of their viability assessment and shows thoughtful consideration of practical constraints.

However, while the evidence is clear and relevant, the discussion could be enhanced by including more detailed risk analysis or consideration of potential failure modes, such as how the added funnel might affect durability or installation complexity. Additionally, quantitative data or testing results would further solidify the claims. The student might also clarify how the design addresses possible trade-offs, such as balancing added features with weight or ease of use.

To improve, the student should provide more explicit evidence or data supporting durability and installation ease, consider potential risks or constraints more thoroughly, and discuss how the design mitigates these challenges. Including stakeholder or expert feedback and any prototype testing outcomes would also strengthen the viability argument.",4
Case017_2.pdf,,"This is the chart we used from determining what would be viable or not for our ﬁnal
prototype:

Design Viability Description

Connection to Design
Requirement

Credible Evidence?

Example: The solution is
inexpensive

Example: Design does
not cost more than $X

The solution is ecient

Design will not take
more than 20 minutes
to install.

The solution is durable

Design will not mold
or rust easily.

The solution is easy to install

Design will not have
many steps.

Example: Create a table of
costs for each component
of the solution.

Normal installment for a
shower head takes no
longer than 20 minutes so
our design will either be at
that or take less time.

Normally, experts suggest
changing a showerhead
about once a year.
Obviously not every
shower head has such a
short life and ours will be
very durable.

Normally to install a new
shower head you have to
take o the new one,
screw the mount onto the
shower (water source),
attach the hose, and check
for leaks. Ours will be
similar to this but as easy
as we can make it.

The solution will be as light as
possible

Design, despite having
an extra funnel, will
still be a reasonable
weight.

Normal shower heads
weigh around 1-2 pounds
and ours will be around
this same weight.",2,4,rules bypassed,"The student provides a generally realistic and adequately supported viability judgment by linking design features to specific design requirements such as installation time, durability, ease of installation, and weight. Credible evidence includes references to typical shower head installation times, expert recommendations on replacement frequency, and weight comparisons to standard shower heads. The evidence is specific and connected to requirements, though it lacks detailed quantitative data or explicit risk/failure mode analysis.","The student demonstrates a solid understanding of design viability by explicitly connecting the proposed design’s features to key design requirements such as installation time, durability, ease of installation, and weight. This connection strengthens the viability judgment by showing awareness of practical constraints and user expectations. The use of credible evidence, including typical installation times and expert recommendations on shower head durability, provides a reasonable basis for believing the design is realistic and viable.

However, the evidence is primarily qualitative and comparative rather than quantitative or experimentally validated. There is no discussion of potential risks, constraints, or failure modes that might affect the design’s success, which would further strengthen the viability assessment. Additionally, while the evidence is credible, it could be enhanced by including more precise measurements or testing results.

To improve, the student should consider incorporating quantitative data or prototype testing results to support claims more robustly. Including an analysis of potential risks or failure modes would demonstrate deeper consideration of design constraints. Finally, clarifying how the design’s unique features (like the extra funnel) impact viability beyond weight would provide a more comprehensive evaluation.",4
Case018_2.pdf,,"This is the chart we used from determining what would be viable or not for our ﬁnal
prototype:

Design Viability Description

Connection to Design
Requirement

Credible Evidence?

Example: The solution is
inexpensive

Example: Design does
not cost more than $X

The solution is ecient

Design will not take
more than 20 minutes
to install.

The solution is durable

Design will not mold
or rust easily.

The solution is easy to install

Design will not have
many steps.

Example: Create a table of
costs for each component
of the solution.

Normal installment for a
shower head takes no
longer than 20 minutes so
our design will either be at
that or take less time.

Normally, experts suggest
changing a showerhead
about once a year.
Obviously not every
shower head has such a
short life and ours will be
very durable.

Normally to install a new
shower head you have to
take o the new one,
screw the mount onto the
shower (water source),
attach the hose, and check
for leaks. Ours will be
similar to this but as easy
as we can make it.

The solution will be as light as
possible

Design, despite having
an extra funnel, will
still be a reasonable
weight.

Normal shower heads
weigh around 1-2 pounds
and ours will be around
this same weight.",2,4,rules bypassed,"The student provides a generally realistic viability judgment supported by multiple specific and credible pieces of evidence linked explicitly to design requirements such as installation time, durability, ease of installation, and weight. The evidence includes comparisons to normal shower heads and expert suggestions, which are reasonable analogies supporting the design's viability.","The student demonstrates a solid understanding of the design's viability by explicitly connecting the design features to key requirements such as installation time, durability, ease of installation, and weight. The use of credible evidence, including expert recommendations and typical shower head characteristics, strengthens the argument that the design is realistic and achievable. This approach shows thoughtful consideration of how the design will perform in real-world conditions.

However, the evidence could be further strengthened by including more quantitative data or testing results to support claims, such as actual measurements of installation time or durability tests. Additionally, the discussion lacks explicit consideration of potential risks, constraints, or failure modes that might affect viability. Addressing these aspects would provide a more comprehensive evaluation.

To improve, the student should consider incorporating empirical data or prototype testing outcomes, explicitly discuss possible risks or limitations, and clarify how the design addresses these challenges. Including a more detailed cost analysis or stakeholder feedback could also enhance the credibility of the viability judgment. Overall, the response is well-structured and credible but could benefit from deeper analysis and evidence.",4
Case019_1.pdf,,"Shower Device

Happy Campers

Element F: Consideration of Design Viability

Dormitory residents and dormitory guests of our boarding school need a device to place

their shower products. This is because they would want their shower products to be easily

accessible in the communal shower. They would also like to do this without having a personal

shower caddy and without setting it on the floor because it is unsanitary. The main stakeholders

are the dormitory residents. They need a solution because the showers in the dormitory were not

built with a solution to this problem and dormitory residents are not permitted to leave their

shower products in the shower area. The only place to put a device in the dormitory showers are

on a relatively narrow divider wall of less than an inch wide.

Our design will be easy to build because we are using the 3D printer. We have the 3D

printer and we know how to use them. We have all of our materials and we will have them done

in a reasonable time. Made with ropes, our design also has an adjustable height. Mr. E said our

design made no sense which inspired us to come from a new angle and create a new and better

design.",1,2,rules bypassed,"The student asserts that the design is easy to build using a 3D printer and that materials are available, which suggests some viability. However, the evidence is largely speculative and vague, lacking specific connection to design requirements or credible supporting data. There is no discussion of constraints, risks, or failure modes, and the judgment is not well supported.","The student's consideration of design viability shows some initial awareness of practical aspects, such as the availability of a 3D printer and materials, which is a positive start. However, the viability judgment remains largely speculative and lacks detailed evidence or reasoning that would convincingly demonstrate the design’s realism or feasibility. The response does not explicitly connect the viability to key design requirements, such as fitting on the narrow divider wall or ensuring sanitary conditions, which are critical to the problem context.

Additionally, the document does not address potential risks, constraints, or failure modes that could impact the design’s success. For example, there is no discussion of how the design will securely attach to the narrow wall or how the adjustable height feature will function reliably. The mention of a negative comment from Mr. E is noted but not leveraged as constructive feedback or a risk consideration.

To improve, the student should provide specific evidence linking the design to the requirements, such as measurements or stakeholder feedback. Including a discussion of potential challenges and how they will be mitigated would strengthen the viability judgment. Finally, clarifying how the design’s features address the problem constraints would make the evaluation more credible and complete.",2
Case020_4.pdf,,"Shower Device

Happy Campers

Element F: Consideration of Design Viability

Dormitory residents and dormitory guests of our boarding school need a device to place

their shower products. This is because they would want their shower products to be easily

accessible in the communal shower. They would also like to do this without having a personal

shower caddy and without setting it on the floor because it is unsanitary. The main stakeholders

are the dormitory residents. They need a solution because the showers in the dormitory were not

built with a solution to this problem and dormitory residents are not permitted to leave their

shower products in the shower area. The only place to put a device in the dormitory showers are

on a relatively narrow divider wall of less than an inch wide.

Our design will be easy to build because we are using the 3D printer. We have the 3D

printer and we know how to use them. We have all of our materials and we will have them done

in a reasonable time. Made with ropes, our design also has an adjustable height. Mr. E said our

design made no sense which inspired us to come from a new angle and create a new and better

design.",4,2,rules bypassed,"The student asserts that the design is easy to build using a 3D printer and that materials are available, which suggests some viability. However, the evidence is largely speculative and vague, lacking concrete support such as testing, measurements, or stakeholder validation. The mention of an adjustable height and use of ropes is descriptive but does not evaluate whether the design will realistically meet the narrow space constraint or other requirements. There is no explicit connection between viability and design requirements, nor is there discussion of risks, constraints, or failure modes.","Your design viability judgment shows some initial consideration of how the design might be built, particularly by noting the use of a 3D printer and available materials. This indicates a basic awareness of feasibility, which is a positive starting point. However, the response lacks a clear evaluation of whether the design will realistically function within the specific constraints of the dormitory showers, such as the very narrow divider wall. Without explicit evidence or reasoning tied to these requirements, the viability claim remains speculative.

To strengthen your evaluation, try to connect your viability judgment directly to key design requirements, such as size constraints and user needs. Including credible evidence like stakeholder feedback, prototype testing, or measurements would make your argument more convincing. Additionally, consider discussing potential risks or challenges your design might face and how you plan to address them. This will demonstrate a deeper understanding of design viability and improve the overall quality of your assessment.

For improvement, focus on providing specific evidence supporting your claims, explicitly link your viability judgment to design requirements, and analyze possible failure modes or constraints. These steps will help you present a more thorough and credible evaluation of your design’s viability.",2
Case021_5.pdf,,"Element F

Functional
Consideration

Design Viability Based on
Consideration

Have
stimulating
reward

Adjustable

Having a light that goes off in each
design indicating correct matches
of pieces. This works as
stimulation for the students and
will be positive if the light goes off
on correct answers.

The buttons will be attached to
the device with magnets or velcro
to allow for an easily removable,
and therefore adjustable, button
design.

Aesthetics

The colors of the device will be
bright and appealing to the eyes.
We will use reds and oranges to
stimulate the students' brains
while playing with the device.

Educational
value

The use of matching that our
design is based around is made to
work on repetition. The tiles will
correlate to what is being taught
in class and this device will allow
for an engaging and stimulating
repetition to enhance the
learning.

Is it
realistic?

Yes

Yes

Yes

Yes

Quotes/Evidence From Source Relevant Source

Theraspecs:
https://www.the
raspecs.com/blo
g/light-sensitivit
y-autism/

Eric Scheidly,
physics and
electronics
teacher

Handy Handouts:
https://www.hand
yhandouts.com/vi
ewHandout.aspx?
hh_number=486&
nfp_title=Impact+
of+Colors#:~:text=
Research%20confi
rms%20that%20co
lor%20affects,hyp
eractive%20or%20
bored%20and%20
uninterested

Interview with
Brennan and
CPD
https://cpduk.co
.uk/news/import
ance-of-repetitio
n-in-learning

“study found that the use of
fluorescent lighting increased
the repetitive behaviors of
children with autism… noting
that fluorescent lighting
increased the frequency of
stereotypical repetitive
behaviors in autistic children.”

Scheidly discussed alternate
ways to secure the buttons to
the device and while
brainstorming we came up
with using some sort of
magnetism as it would be
sturdy but easier to make and
remove.

“In general, warm colors elicit
happiness and comfort. Bold
shades of red, orange, and
yellow can stimulate the mind
and have an energizing effect
on the body.”

Mrs. Brennan had specifically
mentioned using matching to
build on the educational
content that was being taught
during class.
“When stimuli are learned by
repetition, they are
remembered better and
retained for a longer time.
Studies have shown that the
brain forms new pathways

Buttons can still
be pressed by
students with
motor
disabilities

Some students may have motor
disabilities and will not have the
precision required to properly hit
the buttons. By making them
larger and spacing them out more
there is a larger margin of error
that can be accounted for.

Yes

Tests students
motor skills

Yes

The device is vertical and
challenges the motor skills of the
students in a way that few devices
in the classroom do. It requires
the students to work on a
different range of motion.

Number of tiles We will have four tiles on the

Yes

opposite sides of the device that
can be used by one or two
students.

when a task is repeated often,
thereby optimizing the
performance of the skill.”

“Make sure that the control is
big enough to operate. Make
sure that controls are
sufficiently spaced apart.
Make sure that controls are
positioned to minimize impact
of error. Make sure that
controls have sufficient color
contrast. Make sure that
content can be operated using
simple inputs on a wide range
of pointing devices. Design
interfaces to minimize
accidental or erroneous input
by users. Make sure that
functions that are triggered by
moving a device can also be
operated by conventional user
interface components“

“Playing on vertical surfaces
can also promote mobility in
kids arms and shoulders,
placing objects high enough so
kids have to reach to grab is a
great way to children to
stretch and also give them a
chance to practice their
balancing, another gross
motor skill.”

While interviewing Mrs.
Brennan, we were told that a
lot of the matching activities
the students do is only with
one or two matches, and it
focuses on them explaining
the matches. For this reason
we will only have two matches
on each side.

Harvard:
https://accessibil
ity.huit.harvard.
edu/design-cont
rols-easy-operati
on

Tiny Feats:
https://tinyfeats.
com/blogs/news
/the-value-in-ver
tical-play

Interview with
Mrs. Brennan",5,3,rules bypassed,"The student asserts the design is realistic and viable, supported by multiple references to expert opinions, interviews, and external sources that relate to design features such as button attachment, color choice, and educational value. However, the evidence is largely qualitative and descriptive rather than quantitative or test-based. The connection to design requirements is implied but not explicitly linked to viability judgments. There is no discussion of risks, constraints, or failure modes, and the viability claims rely on stakeholder input and literature rather than direct validation or detailed analysis.","The student provides a generally clear judgment that the design is realistic and viable, supported by a variety of credible sources including expert interviews and relevant literature. This demonstrates a thoughtful approach to grounding the design in educational and accessibility considerations, such as motor skill challenges and color psychology. However, the viability discussion remains somewhat descriptive and lacks explicit linkage to specific design requirements, which weakens the overall argument. The evidence is primarily qualitative and does not include any direct testing, measurements, or risk assessments that would strengthen the viability claim.

To improve, the student should explicitly connect each viability claim to corresponding design requirements to clarify how the design meets those needs. Including a discussion of potential risks, constraints, or failure modes would demonstrate deeper consideration of design viability. Incorporating quantitative data or prototype testing results would provide stronger, more concrete evidence. Finally, clarifying how the chosen features address possible limitations or challenges would enhance the credibility and completeness of the viability judgment.",3
Case022_5.pdf,,"Element F

The Nashville Zoo Veterinary Hospital serves to provide animal healthcare, providing essential

care to a diverse range of species. In emergency situations where heavy animals require medical

attention, the ability to lift and maintain them safely and securely is crucial to the hospital.

Recognizing this need, our project aims to design a heavy animal lift that meets the criteria

verified by our stakeholders. We have ensured that our project closely follows the established

range of criteria, including cost constraints, loading time, weight-bearing capacity, durability

under sustained use, ease of operation, balance, removability, and the mitigation of any potential

discomfort or harm to the animals involved.

Our design for the heavy animal lift centers around a sturdy framework engineered from bolted

electro-galvanized superstrut channels, reinforced with two-sided angle brackets to provide

stability and durability under heavy loads in multiple dimensions. This adaptable structure is

designed to work with existing equipment at the Nashville Zoo Veterinary Hospital,

incorporating a method for reusing ratchet straps to securely connect the lift to the provided

green tarp that is currently used for the Zoo’s field operations. We have taken numerous measure

to make the design as ergonomic and easily usable as possible by incorporating many adaptable

features and automated machine parts.

We chose to take the route of utilizing a galvanized steel such as Superstrut due to the extreme

durability and its improbability to bend under large loads. We initially settled on the material

known in the industrial world as Unistrut. Unistrut is a versatile umbrella of steel channels,

fittings, and accessories designed for constructing support structures in various applications. Its

properties include high strength, durability, and corrosion resistance. According to Unistrut

Buffalo Supports, “Unistrut is the original metal framing system featuring a unique weldless

connection. It eliminates welding and drilling, and is easily adjustable and reusable, for infinite

configurations. Over time, the brand has evolved from a simple connection concept to a

comprehensive engineered building and support system featuring a robust line of: Channels,

Fittings, Fasteners, Hangers, Pipe Clamps, and Accessories.” Since, Unistrut offers compatibility

with a wide range of accessories, it allows for customization and adaptability to different project

requirements. In other words, Unistrut is valued for its efficiency, reliability, and versatility in

many applications.

However, after consulting the brilliant engineer and research assistant Bill Rodriguez at

Vanderbilt University, we were introduced to a material called Superstrut, which is essentially

Unistrut that is designed for smaller scale applications. He suggested that this material would be

ideal for our application due to its cost-effectiveness and durability under loads similar to what

our design will experience.

According to Clayton S. Johnson, an engineer who has experience in utilizing both Unistrut and

Superstrut, Superstrut is a versatile metal framing system gaining popularity for its flexibility,

durability, and customization options across various applications like electrical, mechanical, and

industrial support. Its pros include versatility, ease of installation without welding or drilling, and

a high load capacity. However, it can be pricier in bulk than its rival, Unistrut, due to

higher-quality materials and a wider range of fittings. Additionally, its unique design may limit

compatibility with other strut systems, affecting integration with existing structures.

In the context of our design, however, we were not purchasing the Superstrut in bulk, nor did we

require it to work with Unistrut-proprietary parts, so we decided that Superstrut was best for our

project. We are extremely confident in the durability of the Superstrut not to bend under extreme

loads close to the 400 to 1100 pounds specified by the veterinary hospital, and thus believe the

framework of our design to be a viable solution to our task.

Another strength of our project was adapted from a suggestion by Bill Rodriguez to help keep

the lift balanced and create a point of attachment for the lift to the industrial coffing bottom hook

at the vet hospital. Mr. Rodriguez is experienced in working with heavy automobile engines and

often uses a bar engine leveler to remove engines from cars and keep them balanced as needed.

The engine leveler, as shown above, allows the user to adjust the fulcrum of the balance and

maintain the balance of a system regardless of the changing center of mass. The photo on the

right shows how, after slightly adjusting the fulcrum position, you can maintain the balance with

an uneven weight distribution. This capability is crucial for the design, as it completely

eradicates the past issue of maintaining the balance of the lift, which is essential for the

stakeholders at the hospital. Additionally, the load limit of the leveler is 1500 pounds, which

exceeds our maximum criteria of 1100 pounds. This system and its advantages help to make the

design in its entirety a viable solution to the given problem of the Nashville Zoo.

Our design group got to spend a day with experienced engineers, as well as the Nashville Zoo

Vet Hospital’s very own Dr. Stephen Wancea, and we were able to collect valuable input and

suggestions. NTC Award winning CCTE Director Jeremy Qualls told us that he likes our

framework and was impressed with the engine leveler that we utilized in our prototype. Some

additional suggestions by Mr. Qualls include a remote actuator for the engine leveler. Taking this

into consideration, we determined that we can actuate the fulcrum-adjuster with a handheld drill

(with the appropriate drill bit) in order to maximize efficiency and decrease the time required to

balance the animal, as this could be problematic for the doctors.

In considering the risks associated with each sub-part of our design, we have established a

primary issue brought to our attention by Mr. Wancea. First of all, due to the immense size of

many of the zoo’s animals, the straps are almost guaranteed to be in contact with the animals

throughout the process, meaning that the material used needs to be safe and comfortable when in

constant contact with the animal’s skin. Dr. Wancea at the Nashville Zoo explained how they

often use pool noodles or wire tubing to safeguard against any harm or irritation caused by straps

rubbing against the animals’ skin. We decided that taking the route of nylon straps would

eliminate the problems related to discomfort from the metal cables, a decision to which Dr.

Wancea was in agreement.

In summary, our design surpasses all of the given criteria and incorporates many suggestions by

both our stakeholders and experienced professionals in the engineering field. These same

professionals and stakeholders have assured us of our design’s viability and made sure to point

out areas that still need to be tested and improved. Our use of galvanized steel framework and

integration of a balancing mechanism show our careful consideration of the given criteria and the

usability of our design for the stakeholders.

Works Cited

Johnson, Clayton S. “Superstrut vs. Unistrut: Battle of the Struts.” Clayton Notes, 7 Apr. 2023,

claytonnotes.com/superstrut-vs-unistrut/.

“What Is Unistrut? - UNISTRUT Buffalo Supports.” Unistrut Buffalo Supports, Longest

Running Independent Supplier of Unistrut Metal Framing in the World!,

unistrutstore.com/what-is-unistrut. Accessed 13 May 2024. \",5,5,rules bypassed,"The student provides a clearly realistic and well-supported viability judgment, strongly tied to major design requirements such as load capacity, durability, balance, and animal safety. Multiple credible pieces of evidence are presented, including expert input from engineers and stakeholders, material selection rationale with references to industry standards, and specific design features like the engine leveler for balance. The student also addresses risks and constraints, such as animal comfort with strap materials and load limits, demonstrating thorough consideration of design viability.","Your design viability judgment is a strong aspect of your documentation. You effectively connect your design’s realism to key requirements such as weight-bearing capacity, ease of operation, and animal safety. The inclusion of expert consultations, particularly with engineers and the Nashville Zoo veterinary staff, adds significant credibility to your claims. Your rationale for selecting Superstrut material, supported by industry references and expert advice, demonstrates a well-informed approach to ensuring durability and cost-effectiveness. Additionally, your use of an engine leveler to maintain balance addresses a critical functional requirement and shows thoughtful integration of existing technology.

Your discussion of risks, such as potential discomfort to animals from straps and your mitigation strategy using nylon straps, further strengthens your viability assessment. To improve, consider including quantitative data or preliminary testing results to reinforce your claims. Expanding on how your design meets cost constraints with specific figures would also enhance your argument. Finally, a more detailed explanation of how your design handles potential failure modes or maintenance challenges would provide a more comprehensive viability evaluation.",5
Case023_4.pdf,,"Element F

The Nashville Zoo Veterinary Hospital serves to provide animal healthcare, providing essential

care to a diverse range of species. In emergency situations where heavy animals require medical

attention, the ability to lift and maintain them safely and securely is crucial to the hospital.

Recognizing this need, our project aims to design a heavy animal lift that meets the criteria

verified by our stakeholders. We have ensured that our project closely follows the established

range of criteria, including cost constraints, loading time, weight-bearing capacity, durability

under sustained use, ease of operation, balance, removability, and the mitigation of any potential

discomfort or harm to the animals involved.

Our design for the heavy animal lift centers around a sturdy framework engineered from bolted

electro-galvanized superstrut channels, reinforced with two-sided angle brackets to provide

stability and durability under heavy loads in multiple dimensions. This adaptable structure is

designed to work with existing equipment at the Nashville Zoo Veterinary Hospital,

incorporating a method for reusing ratchet straps to securely connect the lift to the provided

green tarp that is currently used for the Zoo’s field operations. We have taken numerous measure

to make the design as ergonomic and easily usable as possible by incorporating many adaptable

features and automated machine parts.

We chose to take the route of utilizing a galvanized steel such as Superstrut due to the extreme

durability and its improbability to bend under large loads. We initially settled on the material

known in the industrial world as Unistrut. Unistrut is a versatile umbrella of steel channels,

fittings, and accessories designed for constructing support structures in various applications. Its

properties include high strength, durability, and corrosion resistance. According to Unistrut

Buffalo Supports, “Unistrut is the original metal framing system featuring a unique weldless

connection. It eliminates welding and drilling, and is easily adjustable and reusable, for infinite

configurations. Over time, the brand has evolved from a simple connection concept to a

comprehensive engineered building and support system featuring a robust line of: Channels,

Fittings, Fasteners, Hangers, Pipe Clamps, and Accessories.” Since, Unistrut offers compatibility

with a wide range of accessories, it allows for customization and adaptability to different project

requirements. In other words, Unistrut is valued for its efficiency, reliability, and versatility in

many applications.

However, after consulting the brilliant engineer and research assistant Bill Rodriguez at

Vanderbilt University, we were introduced to a material called Superstrut, which is essentially

Unistrut that is designed for smaller scale applications. He suggested that this material would be

ideal for our application due to its cost-effectiveness and durability under loads similar to what

our design will experience.

According to Clayton S. Johnson, an engineer who has experience in utilizing both Unistrut and

Superstrut, Superstrut is a versatile metal framing system gaining popularity for its flexibility,

durability, and customization options across various applications like electrical, mechanical, and

industrial support. Its pros include versatility, ease of installation without welding or drilling, and

a high load capacity. However, it can be pricier in bulk than its rival, Unistrut, due to

higher-quality materials and a wider range of fittings. Additionally, its unique design may limit

compatibility with other strut systems, affecting integration with existing structures.

In the context of our design, however, we were not purchasing the Superstrut in bulk, nor did we

require it to work with Unistrut-proprietary parts, so we decided that Superstrut was best for our

project. We are extremely confident in the durability of the Superstrut not to bend under extreme

loads close to the 400 to 1100 pounds specified by the veterinary hospital, and thus believe the

framework of our design to be a viable solution to our task.

Another strength of our project was adapted from a suggestion by Bill Rodriguez to help keep

the lift balanced and create a point of attachment for the lift to the industrial coffing bottom hook

at the vet hospital. Mr. Rodriguez is experienced in working with heavy automobile engines and

often uses a bar engine leveler to remove engines from cars and keep them balanced as needed.

The engine leveler, as shown above, allows the user to adjust the fulcrum of the balance and

maintain the balance of a system regardless of the changing center of mass. The photo on the

right shows how, after slightly adjusting the fulcrum position, you can maintain the balance with

an uneven weight distribution. This capability is crucial for the design, as it completely

eradicates the past issue of maintaining the balance of the lift, which is essential for the

stakeholders at the hospital. Additionally, the load limit of the leveler is 1500 pounds, which

exceeds our maximum criteria of 1100 pounds. This system and its advantages help to make the

design in its entirety a viable solution to the given problem of the Nashville Zoo.

Our design group got to spend a day with experienced engineers, as well as the Nashville Zoo

Vet Hospital’s very own Dr. Stephen Wancea, and we were able to collect valuable input and

suggestions. NTC Award winning CCTE Director Jeremy Qualls told us that he likes our

framework and was impressed with the engine leveler that we utilized in our prototype. Some

additional suggestions by Mr. Qualls include a remote actuator for the engine leveler. Taking this

into consideration, we determined that we can actuate the fulcrum-adjuster with a handheld drill

(with the appropriate drill bit) in order to maximize efficiency and decrease the time required to

balance the animal, as this could be problematic for the doctors.

In considering the risks associated with each sub-part of our design, we have established a

primary issue brought to our attention by Mr. Wancea. First of all, due to the immense size of

many of the zoo’s animals, the straps are almost guaranteed to be in contact with the animals

throughout the process, meaning that the material used needs to be safe and comfortable when in

constant contact with the animal’s skin. Dr. Wancea at the Nashville Zoo explained how they

often use pool noodles or wire tubing to safeguard against any harm or irritation caused by straps

rubbing against the animals’ skin. We decided that taking the route of nylon straps would

eliminate the problems related to discomfort from the metal cables, a decision to which Dr.

Wancea was in agreement.

In summary, our design surpasses all of the given criteria and incorporates many suggestions by

both our stakeholders and experienced professionals in the engineering field. These same

professionals and stakeholders have assured us of our design’s viability and made sure to point

out areas that still need to be tested and improved. Our use of galvanized steel framework and

integration of a balancing mechanism show our careful consideration of the given criteria and the

usability of our design for the stakeholders.

Works Cited

Johnson, Clayton S. “Superstrut vs. Unistrut: Battle of the Struts.” Clayton Notes, 7 Apr. 2023,

claytonnotes.com/superstrut-vs-unistrut/.

“What Is Unistrut? - UNISTRUT Buffalo Supports.” Unistrut Buffalo Supports, Longest

Running Independent Supplier of Unistrut Metal Framing in the World!,

unistrutstore.com/what-is-unistrut. Accessed 13 May 2024. \",4,5,rules bypassed,"The student provides a clearly realistic and well-supported viability judgment, strongly tied to major design requirements such as load capacity, durability, balance, and animal safety. Multiple credible pieces of evidence are presented, including expert consultation with engineers and a veterinarian, use of proven materials (Superstrut), and incorporation of a balancing mechanism with a known load limit exceeding requirements. The design addresses risks such as animal discomfort and balance issues, with stakeholder input and practical mitigation strategies. The response explicitly connects these elements to the design criteria, demonstrating thorough consideration of constraints and tradeoffs.","Your design viability judgment is a strong aspect of your documentation. You effectively demonstrate that your proposed heavy animal lift is realistic and viable by linking your design choices directly to key requirements such as weight capacity, durability, and ease of use. The inclusion of expert input from engineers and the Nashville Zoo veterinarian adds significant credibility to your claims. Additionally, your use of Superstrut material and the balancing mechanism with a load limit exceeding the maximum required weight shows a clear understanding of the technical constraints and safety considerations.

Your discussion of risks, such as potential discomfort to animals and balance challenges, and your strategies to mitigate these risks, further strengthen your viability argument. This shows a mature awareness of possible failure modes and stakeholder concerns. To improve, consider including quantitative data or preliminary test results to further validate your design under expected loads. Also, elaborating on how cost constraints are met or how the design performs under sustained use would enhance your argument. Finally, clarifying how the remote actuator suggestion will be integrated and tested could provide a more complete picture of usability improvements.",5
Case024_2.pdf,,"Name: _________________________________

Date: ___________________

Class: _________________

MyDesign Portfolio
Element F Initial Template

How to use this template

Teachers: You may customize this document before providing it to students.

Students: The template below is one way to assess whether your proposed solution is
viable and realistic, but the speciﬁc assignment given by your instructor may require a
diﬀerent structure or dictate diﬀerent details. If you make a copy of this template to edit,
be sure to delete the instructions.

Element F: Consideration of Design Viability

Judgment about Design Viability (F1)

""Design viability"" is the capacity of the proposed solution to solve the problem. Design
viability refers to how your design decisions are tethered to your design requirements. For
example, if one of your design requirements is that the total cost of the prototype cannot
exceed X, then you could present a table of costs for each component of your proposed
design solution as justiﬁcation for why your design is likely to meet that requirement.

""Credible evidence"" means it shouldn't just be your hunch that this will work. Be creative
about how you validate the viability of your design. You should go beyond just having a
stakeholder or expert reviewer say that the design seems viable. For example, you could
point to evidence that a sub-system already functions, or you demo a proof of concept, or
you've discussed with an expert that said, ""I've seen something similar work in this other
related situation..."", etc.

Use as many rows as needed. Remember, this chart below may help you organize your
ideas, but you will need to actually execute the “credible evidence.”

Design Viability Description

Connection to Design
Requirement

Credible Evidence?

MyDesign Portfolio - Element G Initial Template

1

Name: _________________________________

Date: ___________________

Class: _________________

Example: The solution is
inexpensive

Example: Design does
not cost more than $X

Example: Create a table of
costs for each component
of the solution.

This solution has enough height
to reach the birdies

Design has at least 20 ft
(6.096 m)

We are going to build it and
then we will measure it out

The solution is easy to transport Design is not heavy

This solution is resistant
enough to stay intact with the
impact of other objects

Design material is
resistant

We are going to build it and
then we will weight it

We are going to build it and
then we will test the
resistance through impact

MyDesign Portfolio - Element G Initial Template

2",2,1,rules bypassed,"The document primarily contains a template with instructions and examples but no actual student-specific viability judgment or credible evidence. The student has not provided any evaluation of whether their proposed design is realistic or viable, nor have they connected viability to design requirements or presented supporting evidence.","Your submission currently consists of a template and example placeholders rather than your own evaluation of your design's viability. While the template provides a useful structure for assessing design viability, it is important to include your specific judgment about whether your proposed design is realistic and viable. This means clearly stating if and how your design meets key requirements and providing credible evidence to support your claims.

At this stage, your work lacks a direct connection between your design and the requirements it must satisfy. Additionally, there is no presentation of evidence such as test results, expert input, cost analysis, or risk considerations that would demonstrate the design’s feasibility. To improve, focus on articulating a clear viability judgment about your design, explicitly linking it to one or more design requirements. Support your claims with concrete evidence, such as measurements, prototype testing, or expert feedback. Also, consider discussing potential risks, constraints, or failure modes to show a deeper understanding of your design’s practical challenges.

By providing these elements, your evaluation will be more convincing and demonstrate a thorough consideration of your design’s viability.",1
Case025_2.pdf,,"Name: _________________________________

Date: ___________________

Class: _________________

MyDesign Portfolio
Element F Initial Template

How to use this template

Teachers: You may customize this document before providing it to students.

Students: The template below is one way to assess whether your proposed solution is
viable and realistic, but the speciﬁc assignment given by your instructor may require a
diﬀerent structure or dictate diﬀerent details. If you make a copy of this template to edit,
be sure to delete the instructions.

Element F: Consideration of Design Viability

Judgment about Design Viability (F1)

""Design viability"" is the capacity of the proposed solution to solve the problem. Design
viability refers to how your design decisions are tethered to your design requirements. For
example, if one of your design requirements is that the total cost of the prototype cannot
exceed X, then you could present a table of costs for each component of your proposed
design solution as justiﬁcation for why your design is likely to meet that requirement.

""Credible evidence"" means it shouldn't just be your hunch that this will work. Be creative
about how you validate the viability of your design. You should go beyond just having a
stakeholder or expert reviewer say that the design seems viable. For example, you could
point to evidence that a sub-system already functions, or you demo a proof of concept, or
you've discussed with an expert that said, ""I've seen something similar work in this other
related situation..."", etc.

Use as many rows as needed. Remember, this chart below may help you organize your
ideas, but you will need to actually execute the “credible evidence.”

Design Viability Description

Connection to Design
Requirement

Credible Evidence?

MyDesign Portfolio - Element G Initial Template

1

Name: _________________________________

Date: ___________________

Class: _________________

Example: The solution is
inexpensive

Example: Design does
not cost more than $X

Example: Create a table of
costs for each component
of the solution.

This solution has enough height
to reach the birdies

Design has at least 20 ft
(6.096 m)

We are going to build it and
then we will measure it out

The solution is easy to transport Design is not heavy

This solution is resistant
enough to stay intact with the
impact of other objects

Design material is
resistant

We are going to build it and
then we will weight it

We are going to build it and
then we will test the
resistance through impact

MyDesign Portfolio - Element G Initial Template

2",2,1,rules bypassed,"The document primarily contains a template with examples and instructions but no actual student-specific viability judgment or credible evidence. The student has not provided any evaluation of whether their proposed design is realistic or viable, nor have they connected viability to design requirements or presented supporting evidence.","Your submission currently consists of a template and example content rather than your own evaluation of your design's viability. While the template provides a useful structure for assessing design viability, it is important to include your specific judgment about whether your proposed design is realistic and viable. This means clearly stating how your design meets one or more design requirements and providing credible evidence to support your claims.

At this stage, your document does not include any concrete evidence such as test results, measurements, cost analyses, or expert input that would demonstrate the feasibility of your design. Additionally, there is no discussion of potential risks, constraints, or failure modes that could affect viability. To improve, focus on explicitly linking your design features to the requirements they address and provide specific evidence or reasoning that supports your confidence in the design's success.

Consider conducting preliminary tests, gathering expert feedback, or compiling cost data to strengthen your argument. Also, reflect on possible challenges your design might face and how you plan to mitigate them. These steps will help you develop a well-supported and realistic viability judgment.",1
Case026_5.pdf,,"Element F

Consideration of design viability

The proposed design was carefully reviewed based on several relevant extra-

functional considerations; a judgment about design viability based on those
considerations — the capacity of the proposed solution to address the problem — is
clearly realistic and well supported with credible evidence.

Throughout many points in this journey, our group has gone through several specific

designs and iterations of designs before reaching our final design. The Andean Bear Zookeepers

challenged with the following criteria they wished to incorporate into our design.

A. Durability: Materials used should be sturdy and resilient to withstand the strength of the

bears. PVC (schedule 40 or schedule 80) and thick wood (4x4) are recommended.

B. Ease of Cleaning: Materials should be easy to clean to maintain hygiene standards.

Temporary Design: The puzzle should be temporary to allow for movement within the

habitat and dens.

C. Feeding-based Enrichment: The puzzle should primarily revolve around food to

incentivize the bears. However, other interactive elements like items to push can be

included.

D. Customization: The puzzle should be customizable to accommodate different sizes of

food items, with the largest portion being 2""x2"" to 3"".

E. Dimensions: The maximum size of the puzzle feeder should not exceed the dimensions of

a 31-gallon water drum (22 inches in diameter, 35 inches tall).

F. Mounting Requirement: Feeders for the habitat must be mounted securely to prevent

them from falling into the moat, pool, or hitting the glass. Inside dens, options for both

mounted and unmounted feeders are acceptable.

G. Attention Span Consideration: The puzzle should engage the bears for as long as

possible, ideally allowing them to return to it throughout the day. Attention spans vary

but can range from 5-10 minutes or until food is depleted.

For criteria A, we opted to use high-molecular-weight high-density polyethylene

(HMW-HDPE) than that of the recommended schedule 40 PVC. Although PVC has a higher

tensile strength than HMW-HDPE, the processing or cutting of PVC can release chloride gas,

compromising the safety of both bear consumption and student-use. HMW-HDPE is also more

resistant to fatigue cracking and failure due to its high concentration of polyethylene and used for

food-grade applications. See the resources page for more in-depth information.

For criteria B, the group decided to make disassembly an easy task. This allowed the final

design to be a simplification of the previous iterations and improved for optimal use. However,

some aspects of the final product deemed to be harder to disassemble in person than in theory.

This may be due to human error when manufacturing the puzzle. Additionally, some parts of the

barrel may not be washed due to the potential formation of pollutants or malfunction of the

puzzle. For example, the lazy susan may not be washed as the grease to allow the lazy susan will

wear off. Additionally, washing the grease off onto certain surfaces can damage the chemical

integrity of plastics. This can be solved by avoiding washing the lazy susan, which disassembly

can prove to be beneficial.

For criteria C, the use of a large container allows for room for zookeepers to add as much for

attracting the bear’s attention through gaps in the lid that allow for the scent of the food to pass

through, but not necessarily the food itself.

For criteria D, the customization of the puzzle can be varied as smaller objects can be

included inside of the puzzle to add combinations and variables to the puzzle. This can be altered

freely by the zookeepers as the large barrel can accomodate fairly mid-sized items.

For criteria E, the dimensions of the project is that of the listed size.

For criteria F, the outer parts of the puzzle consist of a clamp that seals the lid of the

barrel to the lip of the barrel. This clamp also has a pass-through hole to lock the clamp in place,

allowing the zookeepers to secure the lid close from the bear. This lock (sold separately) can be

used to attach a chain to the top the barrel, securing the barrel to the enclosure. The puzzle is not

required to have an attachment point, but having the option to do so can provide the randomness

factor and customization ability to the list.

For criteria G, the design incorporates randomness as a factor to allow the bear to face the

same object, but not the same objective. This was done by the addition of a human-removable

handle that will then provide the factor of randomness by allowing room for the bear to make

errors when trying to repeat the task of opening the lid the same fashion it has done before. This

ensures that the bear will never come across the same exact puzzle, but rather a variation.

Resources:

PVC vs. HDPE

https://wlplastics.com/hdpe-vs-pvc-pipes/#:~:text=Polyvinyl%20chloride%20(PVC)%20has%20

a,to%20fatigue%20cracking%20and%20failures.

HDPE daily applications

https://www.shell.us/business-customers/shell-polymers/resources-and-insights/polyethylene-in-

everyday-life-common-hdpe-plastic-products.htm",5,5,rules bypassed,"The student provides a clearly realistic and well-supported viability judgment, explicitly connecting the design to multiple key requirements such as durability, ease of cleaning, feeding-based enrichment, customization, dimensions, mounting, and attention span. The evidence includes credible material selection reasoning (choosing HMW-HDPE over PVC due to safety and fatigue resistance), practical considerations for disassembly and cleaning, and design features that address zookeeper needs and bear behavior. The student also acknowledges potential risks and constraints, such as the difficulty in disassembling some parts and the grease on the lazy susan, and proposes practical mitigations. Multiple credible sources are cited to support material choices, demonstrating strong evidence and thoughtful tradeoffs.","Your design viability judgment is a strong aspect of your documentation. You effectively demonstrate that the proposed design is realistic and viable by explicitly linking your design decisions to the key requirements provided by the zookeepers. Your choice of HMW-HDPE over PVC is well justified with credible evidence regarding safety and material properties, showing a clear understanding of constraints and risks. Additionally, your discussion of cleaning challenges and the inclusion of a locking mechanism for secure mounting further strengthen your viability argument.

The inclusion of multiple criteria and how your design addresses each one shows a comprehensive approach to viability. You also acknowledge potential failure modes, such as difficulty in disassembly and grease wear on the lazy susan, and suggest practical solutions, which reflects thoughtful risk management.

To improve, consider providing more quantitative evidence or test data if available, such as strength measurements or cleaning trials. Clarify how the randomness factor quantitatively impacts bear engagement time. Also, explicitly discuss any cost or manufacturing constraints to further strengthen your viability assessment. Finally, ensure all cited resources are fully integrated into your argument to maximize credibility.",5
Case027_4.pdf,,"Element F

Consideration of design viability

The proposed design was carefully reviewed based on several relevant extra-

functional considerations; a judgment about design viability based on those
considerations — the capacity of the proposed solution to address the problem — is
clearly realistic and well supported with credible evidence.

Throughout many points in this journey, our group has gone through several specific

designs and iterations of designs before reaching our final design. The Andean Bear Zookeepers

challenged with the following criteria they wished to incorporate into our design.

A. Durability: Materials used should be sturdy and resilient to withstand the strength of the

bears. PVC (schedule 40 or schedule 80) and thick wood (4x4) are recommended.

B. Ease of Cleaning: Materials should be easy to clean to maintain hygiene standards.

Temporary Design: The puzzle should be temporary to allow for movement within the

habitat and dens.

C. Feeding-based Enrichment: The puzzle should primarily revolve around food to

incentivize the bears. However, other interactive elements like items to push can be

included.

D. Customization: The puzzle should be customizable to accommodate different sizes of

food items, with the largest portion being 2""x2"" to 3"".

E. Dimensions: The maximum size of the puzzle feeder should not exceed the dimensions of

a 31-gallon water drum (22 inches in diameter, 35 inches tall).

F. Mounting Requirement: Feeders for the habitat must be mounted securely to prevent

them from falling into the moat, pool, or hitting the glass. Inside dens, options for both

mounted and unmounted feeders are acceptable.

G. Attention Span Consideration: The puzzle should engage the bears for as long as

possible, ideally allowing them to return to it throughout the day. Attention spans vary

but can range from 5-10 minutes or until food is depleted.

For criteria A, we opted to use high-molecular-weight high-density polyethylene

(HMW-HDPE) than that of the recommended schedule 40 PVC. Although PVC has a higher

tensile strength than HMW-HDPE, the processing or cutting of PVC can release chloride gas,

compromising the safety of both bear consumption and student-use. HMW-HDPE is also more

resistant to fatigue cracking and failure due to its high concentration of polyethylene and used for

food-grade applications. See the resources page for more in-depth information.

For criteria B, the group decided to make disassembly an easy task. This allowed the final

design to be a simplification of the previous iterations and improved for optimal use. However,

some aspects of the final product deemed to be harder to disassemble in person than in theory.

This may be due to human error when manufacturing the puzzle. Additionally, some parts of the

barrel may not be washed due to the potential formation of pollutants or malfunction of the

puzzle. For example, the lazy susan may not be washed as the grease to allow the lazy susan will

wear off. Additionally, washing the grease off onto certain surfaces can damage the chemical

integrity of plastics. This can be solved by avoiding washing the lazy susan, which disassembly

can prove to be beneficial.

For criteria C, the use of a large container allows for room for zookeepers to add as much for

attracting the bear’s attention through gaps in the lid that allow for the scent of the food to pass

through, but not necessarily the food itself.

For criteria D, the customization of the puzzle can be varied as smaller objects can be

included inside of the puzzle to add combinations and variables to the puzzle. This can be altered

freely by the zookeepers as the large barrel can accomodate fairly mid-sized items.

For criteria E, the dimensions of the project is that of the listed size.

For criteria F, the outer parts of the puzzle consist of a clamp that seals the lid of the

barrel to the lip of the barrel. This clamp also has a pass-through hole to lock the clamp in place,

allowing the zookeepers to secure the lid close from the bear. This lock (sold separately) can be

used to attach a chain to the top the barrel, securing the barrel to the enclosure. The puzzle is not

required to have an attachment point, but having the option to do so can provide the randomness

factor and customization ability to the list.

For criteria G, the design incorporates randomness as a factor to allow the bear to face the

same object, but not the same objective. This was done by the addition of a human-removable

handle that will then provide the factor of randomness by allowing room for the bear to make

errors when trying to repeat the task of opening the lid the same fashion it has done before. This

ensures that the bear will never come across the same exact puzzle, but rather a variation.

Resources:

PVC vs. HDPE

https://wlplastics.com/hdpe-vs-pvc-pipes/#:~:text=Polyvinyl%20chloride%20(PVC)%20has%20

a,to%20fatigue%20cracking%20and%20failures.

HDPE daily applications

https://www.shell.us/business-customers/shell-polymers/resources-and-insights/polyethylene-in-

everyday-life-common-hdpe-plastic-products.htm",4,5,rules bypassed,"The student provides a clearly realistic and well-supported viability judgment, explicitly linking the design to multiple key requirements such as durability, ease of cleaning, feeding-based enrichment, customization, dimensions, mounting, and attention span. The choice of HMW-HDPE over PVC is justified with credible evidence regarding safety and material properties, demonstrating awareness of constraints and tradeoffs. The discussion includes specific design features addressing risks (e.g., grease on the lazy susan affecting cleaning and chemical integrity) and practical considerations (e.g., secure mounting options and randomness to maintain bear engagement). Multiple credible sources are cited to support material choices, and the design's adaptability and safety are well reasoned.","Your design viability judgment is strong and well articulated, demonstrating a thorough understanding of the key requirements and constraints. You effectively connect your design choices to specific criteria such as durability, safety, ease of cleaning, and engagement, which shows a comprehensive approach to ensuring the design is realistic and functional. The use of credible evidence, including material properties and safety considerations, strengthens your argument and reflects thoughtful risk analysis. Additionally, your acknowledgment of potential failure modes, such as the grease on the lazy susan and its impact on cleaning, indicates a mature awareness of practical challenges.

To further improve, consider providing quantitative data or test results to reinforce your claims about material performance and durability. Including stakeholder feedback or expert validation could also enhance credibility. Clarifying how the design meets the attention span requirement with empirical or observational evidence would strengthen the engagement argument. Finally, discussing cost implications or manufacturing feasibility in more detail would provide a more holistic viability assessment. Overall, your response is comprehensive and well supported, with clear connections to design requirements and constraints.",5
Case028_0.pdf,,"MyDesign Portfolio
MyDesign Portfolio
7.3 Documenting Prior Solutions & Setting Solution Design Requirements
Element A: Presentation and Justification of the Problem
Element B: Documentation and Analysis of Prior Design Attempts
Element C: Presentation and Justification of Solution Design Requirements
7.4 Finding the Best Design Idea
Element D: Design Concept Generation, Analysis, and Selection
7.5 Project Proposal
Element E: Application of STEM Principles and Practices
Element F: Consideration of Design Viability
Element G: Construction of a Testable Prototype

Element H: Prototype Testing and Data Collection Plan

1
2
2
3
6
7
7
11
11
16
17

20

7.3 Documenting Prior Solutions & Setting Solution Design Requirements

Element A: Presentation and Justification of the Problem

Problem Statement and Details(A1, A2, A5)

1)Who is involved in this problem?
Athletes, coaches, parents, and event organizers are involved in our
problem.

2)What are they doing?
Athletes, coaches, and parents are searching for durable, practical, and safe solutions for transporting
softball/baseball gear efficiently. Event organizers are exploring solutions to smooth equipment
transportation to and from venues, focusing to improve the overall experience for participants and spectators.

3)What unique situations does the problem occur within, if any?
It occurs when going to practice or games. There isn’t really a unique situation.

4)What is the size of the issue?
The size of our issue is minor.

5)Where is the problem happening?
The problem is happening when you go to any sports field.

6)When does the problem occur?
Our problem occurs when athletes need to go to the field for practice or a game.

7)Why does the problem happen?
The problem happens due to the time it takes to walk to the field. It wastes valuable time.

8)How often does the problem happen?
Depending on the season is how often the problem occurs. A typical season lasts 3 months but
for an athlete that plays travel the problem happens all year around.

Stakeholder Concerns and Connections
(A3, A4)
Primary stakeholders or stakeholder groups impacted by the need for electric scooter softball/baseball bags
include athletes, coaches, parents, and event organizers. Athletes are concerned about the practicality and

durability of the bags, as they need reliable equipment to transport their gear efficiently. Coaches are concerned
about the functionality and ease of use to ensure their team's equipment is organized and accessible. Parents
prioritize safety features and affordability when investing in sporting gear for their children. Event organizers
are concerned with the plan of transporting equipment to and from venues, seeking solutions that smooth the
process and minimize disruptions. Addressing the need for electric scooter softball/baseball bags is crucial as it
directly impacts the efficiency, safety, and overall experience of those involved in sports activities. Also,
neglecting this issue could lead to increased frustration, wasted time, and potential safety hazards, affecting not
only the primary stakeholders but also secondary stakeholders such as spectators, facility managers, and the
environment due to inefficient transportation methods and potential waste of resources.

Problem Importance
(A6)
In a world where efficiency, safety, and sustainability is crucial, the urgency for electric scooter
softball/baseball bags are undeniable. With participation in softball and baseball leagues surpassing 25.9
million individuals in the United States alone, the demand for gear transportation solutions is
evident (Sports & Fitness Industry Association). Traditional methods not only pose risks of strain injuries,
contributing to over 2.6 million annual emergency room visits among youth athletes (National Institutes of
Health) but also add to carbon emissions, as highlighted by studies in the International Journal of Sports
Science & Coaching. By embracing electric scooter bags now, we not only enhance player safety and well-
being but also align with global efforts to reduce environmental impact, making it important to address this
need quickly.

Element B: Documentation and Analysis of Prior Design Attempts

Prior Design Attempt #1 - <insert name of prior design attempt #1>
Source
https://www.bestbuy.com/site/segway-max-g2-electric-kick-scooter-foldable-w-43-mile-range-an
d-22-mph-max-speed-black/6541285.p?skuId=6541285

Include main details about this prior design attempt

This segway g2 scooter is a 51 pound, foldable scooter that has a charging time of 6 hours, a
maximum operating time of 42 miles, a top speed of 22 miles per hour, and an app to help
control the scooter.
This scooter does not come with a bag incorporated into the scooter to carry belongings.

Prior Design Attempt #2 - <insert name of prior design attempt #2>
https://www.bestbuy.com/site/razor-power-core-e90-electric-scooter-w-10-mph-max-speed-pink/
5614721.p?skuId=5614721

This 22 pound scooter has a 10 mile per hour top speed, and a 12 hour battery charge time.
The scooter does not have a folding design which does not help its ability to compact and save
space, an inefficient charge time, and a slow top speed.

Prior Design Attempt #3 - <insert name of prior design attempt #3>
https://www.bestbuy.com/site/navee-v40-pro-electric-scooter-w-25-mi-max-operating-range-20-
mph-max-speed-black/6565907.p?skuId=6565907

This scooter is 25 pounds, has a 5 hour charge time, a 25 mile max operating distance, a top
speed of 20 miles per hour,an app for the scooter, and a foldable design.
This design did not come with a bag to carry belongings, and has a small operating distance. The
scooter also may be too small to pull the weight of someone and their bag

https://www.bestbuy.com/site/niu-kqi3-pro-foldable-electric-kick-scooter-w-31-mi-max-operatin
g-range-20-mph-max-speed-black/6509951.p?skuId=6509951

This scooter weighs 45 pounds, has a six hour charge time, a maximum operating range of 31
miles, is app controlled, is foldable, and a top speed of 20 miles an hour.

Prior Design Attempt #5 - <insert name of prior design attempt #5>

https://www.bestbuy.com/site/okai-neon-pro-foldable-electric-scooter-w-50-miles-max-operating
-range-20-mph-max-speed-black/6522553.p?skuId=6522553
Image

This scooter weighs 46 pounds, has a 50 mile operating range, has a foldable design, and a light
bar.
This design does not offer a bag with it but has the power and range to be able to push that kind
of extra weight for a longer period of time.

Element C: Presentation and Justification of Solution Design Requirements

Design Requirement #1 (HIGH Priority):

The electric scooter softball/baseball bags must have reinforced compartments for bats and other
equipment to prevent damage during transportation and ensure durability. This requirement
directly ties to athletes' and coaches' concerns regarding the practicality and durability of the
bags.

Design Requirement #2 (HIGH Priority):

The electric scooter softball/baseball bags must have weather-resistant materials and waterproof
zippers to safeguard equipment from rain or moisture during transportation and storage. This
requirement lines up with where athletes, coaches, and parents expressed concerns about
maintaining the integrity of equipment in various weather conditions.

Design Requirement #3 (HIGH Priority):

The electric scooter softball/baseball bags must feature adjustable straps to ensure comfortable
carrying for athletes of different ages and sizes. This requirement is rooted in the importance of
comfort and usability for athletes and parents when transporting gear to and from sporting
events..

Design Requirement #4 (HIGH Priority):

The electric scooter softball/baseball bags must include reflective elements and LED lights for
increased visibility during low-light conditions to ensure safety for athletes and pedestrians. This
requirement addresses safety concerns, where event organizers and parents highlight the need for
improved visibility to prevent accidents and ensure the well-being of participants.

Design Requirement #5 (HIGH Priority):

The electric scooter softball/baseball bags must have different storage compartments and
organizational features to accommodate various equipment sizes and ensure easy access during
transportation and use. This requirement directly responds to the need for practicality and
organization, where athletes, coaches, and parents expressed frustration with storage solutions
and disorganized gear.

Design Requirement #6 (LOW Priority):

The electric scooter softball/baseball bags may offer customizable design options, such as team
logos or color variations, to allow for personalization and team branding. While not a top
priority, this requirement lines up with the desire for individuality and team identity expressed by
athletes and coaches in prior research.

Design Requirement #7 (LOW Priority):

The electric scooter softball/baseball bags may have charging ports or power banks to enable
on-the-go charging of electronic devices, such as smartphones or tablets. Though not critical, this
requirement stems from the increasing dependence on electronic devices observed among
athletes, coaches, and event organizers.

7.4 Finding the Best Design Idea

Element D: Design Concept Generation, Analysis, and Selection
Design Idea Generation (D1)
This section focuses on the process of generating solutions. The initial rounds should include
every idea you come up with but the subsequent rounds of ideation should lead to viable options.

Each idea should include not only words, but also a picture. Use as many copies of this
sub-template as needed.

Design Idea #1 Hailey
Date:03-05-24
Description:This is a softball/baseball scooter bag. On the front is where your ball bag would go.
It would be held by a mesh with a solid base so it doesn’t rip the bag holder.

Design Idea #2 Aden
Date:03-05-24
Description:my scooter design uses a mesh holder and straps to secure the bag.

Design Idea #3 Olivia
Date:03-05-24
Description: This is my ball bag scooter design with a mesh holder that will keep the ball bag in
place.

Drawing that includes distinguishing information such as scale, dimensions, and materials:

Design Idea Comparison and Selection (D1, D2)
When you’ve finished generating ideas, you must compare your design options according to all
your design requirements. Incorporate the priority of those requirements when comparing design
options. A decision matrix (perhaps a Pugh Matrix) is encouraged since it allows for systematic,
weighted comparisons. If using weights in a decision matrix, be sure to explain and justify the
weighting based on your design requirements. You may use the weighted design matrix template
below, inserting your criteria and design options.

weight

Option 1

Option 2

Option 3

Option 4

Reinforced
Compartments

35%

Weather proof

15%

Adjustable
straps

10%

Led Lights

10%

Storage
Options

20%

Offer
Customizable

10%

score

100%

4/5

4/5

5/5

3/5

Design Blueprint (D4)
Describe all of your design's details such that someone unfamiliar with your project could build
your prototype. Include sketches, dimensions, CAD (if taught in your class), manufacturing
methods, material choices, supply lists, and costs.
Design Blueprint #1
Date:03-05-24
Sketch:

Supply List and Costs:
Cost each
Item

# needed

Scooter

150$

Ball bag

90$

Platform/

Mesh bag

20$

Total Cost 260$

7.5 Project Proposal

1

1

1

3

Total

150$

90$

20$

260$

Element E: Application of STEM Principles and Practices

STEM Principles and Practices to Design Requirements (E1)
This section focuses on articulating how your proposed solution is supported by STEM (science,
technology, engineering, mathematics, computer science, etc.) concepts. Concepts can be laws,
theories, and practices, including disciplinary core ideas (i.e., Next Generation Science
Standards, Common Core State Standards) and standards for mathematical practice. Go beyond
describing the engineering design process to describe the STEM concepts as they apply to your
proposed solution in order to meet the design requirements. Be sure to apply the applicable
STEM concepts in context, directly to the specifics of your design. Review concepts learned in
your other classes and tackle new concepts as appropriate. Include any relevant calculations.

C3 indicates that you should have at least three high-priority design requirements to receive a
score of 3 (and four for a score of 4, and five for a 5). Your number of design requirements and
your number of high priority design requirements should agree throughout your portfolio. You
should use the same five design requirements here too, and apply at least four of them to STEM
concepts to achieve a score of 5 on E1. Use as many copies of this sub-template as needed.

STEM Principle for High-Priority Design Requirement #1 Reinforced compartments
STEM Concept: Material Science and Engineering
Describe how STEM concept applies directly to the specifics of your design:
Material science and engineering principles are crucial for the design requirement of reinforced
compartments. Utilizing materials with strong strength, impact resistance, and durability is
essential. By incorporating knowledge from material science, we can identify suitable materials
that withstand external forces, ensuring the reliability of the compartments. The understanding
of material properties, such as stress and strain, guides the selection of materials that can endure
various environmental conditions without compromising the structural integrity of the
compartments.

STEM Principle for High-Priority Design Requirement #2 weather-resistant materials
STEM Concept:Concept: Environmental Science and Engineering
Describe how STEM concept applies directly to the specifics of your design:
The design requirement for weather-resistant materials involves principles from environmental
science and engineering. Understanding the impact of different weather conditions on materials,
such as rain, sunlight, and temperature fluctuations, is crucial. Applying concepts of corrosion
resistance, UV stability, and thermal expansion coefficients, we can choose materials that can
withstand the harsh effects of weather over time.

STEM Principle for High-Priority Design Requirement #3 adjustable straps
STEM Concept:Mechanical Engineering and Ergonomics
Describe how STEM concept applies directly to the specifics of your design:
The adjustable straps design requirement draws upon principles from mechanical engineering
and ergonomics. Applying concepts of force distribution, leverage, and human biomechanics, we
can design straps that provide optimal comfort and support. Utilizing knowledge from
mechanical engineering ensures that the adjustable straps can be easily customized to fit different
body types while maintaining structural integrity. This integration increases the ergonomic
aspects of the solution, contributing to user satisfaction and usability.

STEM Principle for High-Priority Design Requirement #4 LED lights
STEM Concept:Electrical Engineering and Optics

Describe how STEM concept applies directly to the specifics of your design:
The design requirement for LED lights incorporates principles from electrical engineering and
optics. Understanding electrical circuits, power consumption, and light emission characteristics
are essential for creating efficient and reliable LED lighting systems. By applying concepts from
optics, such as light dispersion and color temperature, we can increase the visibility and
aesthetics of the LED lights. This integration makes sure that the solution meets the design
requirements for illumination while considering energy efficiency and visual appeal.

STEM Principle for High-Priority Design Requirement #5 Different storage compartments.
STEM Concept: Industrial Design and Geometry
Describe how STEM concept applies directly to the specifics of your design:

The requirement for different storage compartments involves principles from industrial design
and geometry. Applying concepts of spatial organization, accessibility, and geometric
optimization allows for the efficient layout of diverse storage spaces. By understanding user
needs and usage patterns, we can implement geometric principles to design compartments that
maximize storage capacity while allowing easy access. This integration of industrial design and
geometry contributes to the overall functionality.

Proposed Solution to STEM Principles and Practices (E2)

While E1 was focused on how STEM applies to the design requirements, E2 is focused on how
STEM is used to support the design solution.
For E2, use STEM concepts to justify your design decisions. It's important that the STEM
Principles and Practices that are discussed are actually appropriate and useful to the problem.
Use as many copies of this sub-template as needed.

STEM Principle for Design Solution #1 Reinforced compartments
STEM Concept:Materials Science and Engineering
Describe how STEM concept applies directly to the specifics of your solution:
In our design solution, we leverage materials science and engineering principles to address the
need for reinforced compartments. By selecting materials with high strength, impact resistance,
and durability, we ensure that our compartments can withstand external forces, ensuring the
reliability of the entire system. The application of material properties, such as stress and strain,
guides our material selection process, enabling us to choose materials that maintain structural
integrity under various environmental conditions, meeting the high-priority design requirement
for reinforced compartments.

STEM Principle for Design Solution #2 weather-resistant materials

STEM Concept: Environmental Science and Engineering
Describe how STEM concept applies directly to the specifics of your solution:
Our design solution includes principles from environmental science and engineering to address
the requirement for weather-resistant materials. Understanding the impact of different weather
conditions, we select materials based on concepts of corrosion resistance, UV stability, and
thermal expansion coefficients. This thoughtful integration of environmental science ensures that
our solution remains functional and reliable, with materials that can withstand the harsh effects
of diverse weather conditions over time. By applying these principles, we guarantee the
longevity and effectiveness of the weather-resistant aspects of our design.

STEM Principle for Design Solution #3 adjustable straps
STEM Concept:Mechanical Engineering and Ergonomics
Describe how STEM concept applies directly to the specifics of your solution:
The design solution for adjustable straps draws upon principles from mechanical engineering and
ergonomics. Concepts of force distribution, leverage, and human biomechanics are applied to
create straps that offer optimal comfort and support. By considering these mechanical
engineering principles, our adjustable straps can be easily customized to fit different body types
while maintaining structural integrity. This integration increases the ergonomic aspects of our
solution, contributing significantly to user satisfaction and usability.

STEM Principle for Design Solution #4 LED lights
STEM Concept:Electrical Engineering and Optics
Describe how STEM concept applies directly to the specifics of your solution:
In our design solution for LED lights, we include principles from electrical engineering and
optics. Understanding electrical circuits, power consumption, and light emission characteristics
is crucial for creating an efficient and reliable LED lighting system. By applying concepts from
optics, such as light dispersion and color temperature, we optimize the visibility and aesthetics of
the LED lights. This integration ensures that our solution meets the design requirements for
illumination while considering energy efficiency and visual appeal.

STEM Principle for Design Solution #5 Different storage compartments.
STEM Concept:Industrial Design and Geometry
Describe how STEM concept applies directly to the specifics of your solution:
The design solution for different storage compartments involves principles from industrial design
and geometry. Concepts of spatial organization, accessibility, and geometric optimization guide
the efficient layout of diverse storage spaces. By understanding user needs and usage patterns,
we implement geometric principles to design compartments that maximize storage capacity
while ensuring easy access. This integration of industrial design and geometry enhances the

overall functionality and user-friendliness of our solution, meeting the high-priority design
requirement for different storage compartments.

Evidence Design is Reviewed (E3)

""Field experts"" are professionals who spend at least a portion of their time working in a
field directly related to your project. These field experts are not permitted to double count
as stakeholders.

E3 is about experts reviewing what you've said about the STEM connections in E1 and E2. It's
important here to talk to an appropriate field expert who knows about the STEM content of the
project - not to a stakeholder. We need to know what the expert said. Document in this
sub-element what the expert said about the connections you've made from your design
requirements to STEM principles and practices (E1) and what they said about the ways STEM
principles and practices substantiate your design solution (E2). This documentation will support
you to give a corrective response in E5. Potential formats for review include: interview notes,
emails, audio/video tape with transcript, etc. Use as many copies of this sub-template as needed.
Documentation #1:

● What format: In Person
● What the expert said about the connection you’ve made from your design requirements to

STEM principles and practices:

● What the expert said about how STEM principles and practices substantiate your design
solution:The experts had gotten back to us with very helpful feedback regarding the
scooter. They had suggested we should create a hook that is strong enough to hold the
back onto the scooter post even through rough terrain, durability in case it falls, all while
keeping it lightweight in order to cut weight down. They had also suggested that we put
on tires that would be better off pavement and tires that would, again, be lighter. The last
and most important thing that we had heard from them was to create a strong deck in
order to stay together long along with holding the weight of a person and their gear for
whatever sport they may play.

Documentation #2:

● What format: In Person
● What the expert said about the connection you’ve made from your design requirements to

STEM principles and practices:

● What the expert said about how STEM principles and practices substantiate your design

solution:They reiterated the comments made in person.

Documentation #3:

● What format: In Person

● What the expert said about the connection you’ve made from your design requirements to

STEM principles and practices:

● What the expert said about how STEM principles and practices substantiate your design
solution:They reiterated most of what had already been said, however they also said that
the motor needed to be big enough to pull the weight of the person using it along with
their weight and a battery that would last throughout a day while being running.

Experts with Credentials (E4)
Document who your field experts are (names are not necessary) and what qualifies them as an
expert. Use as many copies of this sub-template as needed.
Expert #1:Duke Civil Engineer
Expert #2:Duke Biotechnical Engineer
Expert #3:Duke Mechanical Engineer

Verification or Corrective Response to Design Review (E5)
Your conversation/interview with the expert(s) should inform some corrective responses. In E5,
describe how those reviews informed your responses. For example, “__________ told us
__________, which informed our decision to change/reconsider __________ .” (or ""...which
verified/reinforced our decision to __________.”
Make sure to document the experts’ reviews (suggestions/feedback or criticisms of your
proposed solution) and how they will inform iterations you will make to your proposed solution.
Use as many copies of this sub-template as needed.
Interview with Expert #1 Informed corrective response: Duke Civil Engineer told us to create a
hook that is strong enough to hold the back onto the scooter post even through rough terrain,
durability in case it falls, all while keeping it lightweight in order to cut weight down, which
informed our decision to change our platform.
Interview with Expert #2 Informed corrective response: Duke Biotechnical Engineer told us to
put on tires that would be better off pavement and tires that would, again, be lighter which
informed our decision to change for sturdy tires.
Interview with Expert #3 Informed corrective response: Duke Mechanical Engineer told us the
motor needed to be big enough to pull the weight of the person using it along with their weight
and a battery that would last throughout a day while being running which informed our decision
to change what we were originally thinking of a light motor.

Element F: Consideration of Design Viability

Judgment about Design Viability (F1)

""Design viability"" is the capacity of the proposed solution to solve the problem. Design viability
refers to how your design decisions are tethered to your design requirements. For example, if one
of your design requirements is that the total cost of the prototype cannot exceed X, then you
could present a table of costs for each component of your proposed design solution as
justification for why your design is likely to meet that requirement.
""Credible evidence"" means it shouldn't just be your hunch that this will work. Be creative about
how you validate the viability of your design. You should go beyond just having a stakeholder or
expert reviewer say that the design seems viable. For example, you could point to evidence that a
sub-system already functions, or you demo a proof of concept, or you've discussed with an
expert that said, ""I've seen something similar work in this other related situation..."", etc.
Use as many rows as needed. Remember, this chart below may help you organize your ideas, but
you will need to actually execute the “credible evidence.”
Design Viability
Description
Example: The
solution is
inexpensive
Example: The
solution is durable

Example: material is heavy duty rubber
on the tires and a non rusting metal

Example: Create a table of costs for
each component of the solution.

Example: it can withstand
all elements

Example: Design does
not cost more than $X

Connection to Design
Requirement

Credible Evidence?

7.6 Design Drawings

Element G: Construction of a Testable Prototype
Final Prototype Iteration Explanation (G1)
This section focuses on the process of explaining your prototypes. While the title of the
subelement focuses on your final prototype, you must have at least an initial prototype and a
final prototype, with additional prototypes in-between being desirable. Note that you never know
which prototype is your final prototype until after you test it, so be sure to record all of the
information for each prototype. Use as many copies of this sub-template as needed.
Ensure that photos are taken from multiple angles so that all sides and subsystems can be seen.
All images should have captions and should be referenced in-text.

Date:05-16-24
:
Details about all steps of construction (add step numbers as needed), including the tools and
manufacturing methods used:

Details

Getting the
scooter
Getting the
bag
Attaching
them
together

Step 1

Step 2

Step 3

Tools and Manufacturing
Methods used

store

house

Zip ties

List of material details, including item name, description, where it was purchased/obtained
(include URL if applicable), cost per unit (if applicable), # of units, total cost (if applicable)
Material
name
scooter
bag
Zip ties

Where material was
purchased
Previously acquired
Previously acquired
Previously acquired

Total cost per
item
free
free
free

Cost per
unit
free
free
free

#
units
1
1
3

Descript
ion

Detailed sketches, which might include CAD if you have learned it in your class:
Construction of the Final Prototype (G2)
When you’ve finished construction of your final prototype, you must be sure that your prototype
allows sufficient functionality that you could collect objective, measurable data for all or nearly
all of your design requirements. This requires you to look back at your design requirements from
Element C. Copy all of your design requirements from Element C into this table and then add
how your prototype will allow you to collect objective, measurable data. Note any weaknesses
you find or details that will require expert review because they cannot be mathematically
modeled or tested,
For example, if you have a design requirement that your design can ""transport medicine a
distance of 5 meters in 1 minute"", is your prototype sufficiently functional such that you can test
that? (e.g. can the prototype move the medicine at least a little bit?)
Design
Requirement
Stability

How will this prototype allow you to collect
objective, measurable data?
The users ride quality and how stable the scooter is
The lightweightness of the scooter so that the user can
use it good
How long the scooter can last through seasons
The weight of the user and they're gear and how well
the scooter does with the weight.

Weight

Durability

Payload

Testing or Modeling of Attributes (G3, G4) and Addressing Non-Testable Attributes (G4)
Describe all of your prototype's attributes (features, aspects, details, or subsystems). Demonstrate
that your prototype is constructed with sufficient functionality that your prototype can test all
attributes of your design. This requires you to look back at your initial proposed design details
from Element D.
For example, if your initial design details called for wheels and motors, is your prototype
sufficiently functional such that you can test out those wheels and motors?
If there are aspects of your design that you believe cannot be physically prototyped or
mathematically modeled within the scope and limits of your class, you must later provide

evidence that an expert has reviewed your justifications and that you have incorporated their
feedback. You do not need to conduct that review in Element G. For now, enter “expert review
required” for these attributes in the final column.

Attribute Description

Describe your prototype’s functionality to
test this attribute

Stability

High
payload

lightweigh
t

durability

How stable
the scooter
feels while
riding
How much
weight the
scooter can
hold
The
lightweightne
ss of the
scooter
How durable
the scooter is

Rode the scooter on different terrains

Testing how much weight the scooter can hold

Weighing the scooter itself without anything
in/on it or the bag

Throwing the scooter down a hill

7.7 Create a Functional Prototype & Design Tests

Element H: Prototype Testing and Data Collection Plan
Testing Details (H1, H2, H3, H4)

Feedback From Field Experts (H5)

Guidance to students about this section of Element H.

Our team would test the stability by riding the scooter on dierent terrains and dierent areas. We would

test the durability by throwing it down hills and just beating it. We would test the lightweightness by

weighing the scooter bag with nothing in/on it. We would test the payload by overloading it with weight

and trying to roll it and drive it.

●

""Field experts"" are professionals who spend at least a portion of their time working in a ﬁeld directly

related to your project. These ﬁeld experts are not permitted to double count as stakeholders.

●

You must provide evidence in this section that your testing plan has been reviewed by 2-3 ﬁeld experts.
● Do not incorporate their feedback in the table above. Rather, make a copy of the table in the section above,

paste it into the section below, and make all revisions only in the table below. This provides evidence that

you incorporated the feedback and shows your testing plan’s progression.

Revised Testing Details That Incorporate Field Expert Feedback (H5)",0,3,rules bypassed,"The student provides a clear viability judgment that the design is plausible and addresses key design requirements such as reinforced compartments, weather resistance, adjustable straps, LED lights, and storage compartments. Credible evidence includes expert reviews with specific feedback on durability, motor power, and tire suitability, as well as a cost breakdown supporting feasibility. However, the evidence is incomplete as it relies heavily on expert suggestions and planned testing rather than demonstrated prototype performance or quantitative validation. There is limited discussion of risks, constraints, or failure modes beyond expert recommendations, and no direct testing data or proof-of-concept results are presented.","Your design viability judgment demonstrates a solid understanding of how your proposed electric scooter softball/baseball bag addresses the major design requirements. You effectively connect your design features to stakeholder needs and incorporate expert feedback, which strengthens the credibility of your viability claims. The inclusion of a cost breakdown and expert suggestions about durability, motor capacity, and tire selection provides useful evidence that your design could realistically function as intended.

However, your evidence would be stronger with more direct validation such as prototype testing results or quantitative data demonstrating that your design meets the requirements under real-world conditions. Additionally, a more thorough discussion of potential risks, constraints, or failure modes would improve your evaluation by showing awareness of challenges and how you plan to mitigate them. For example, addressing battery life limitations or structural weaknesses explicitly would add depth.

To improve, consider conducting and documenting prototype tests that measure key performance metrics, explicitly linking these results to your design requirements. Also, expand your risk analysis to include possible failure scenarios and your strategies to address them. Finally, providing more detailed evidence beyond expert opinion will make your viability judgment more convincing and comprehensive.",3
Case029_1.pdf,,"MyDesign Portfolio
MyDesign Portfolio
7.3 Documenting Prior Solutions & Setting Solution Design Requirements
Element A: Presentation and Justification of the Problem
Element B: Documentation and Analysis of Prior Design Attempts
Element C: Presentation and Justification of Solution Design Requirements
7.4 Finding the Best Design Idea
Element D: Design Concept Generation, Analysis, and Selection
7.5 Project Proposal
Element E: Application of STEM Principles and Practices
Element F: Consideration of Design Viability
Element G: Construction of a Testable Prototype

Element H: Prototype Testing and Data Collection Plan

1
2
2
3
6
7
7
11
11
16
17

20

7.3 Documenting Prior Solutions & Setting Solution Design Requirements

Element A: Presentation and Justification of the Problem

Problem Statement and Details(A1, A2, A5)

1)Who is involved in this problem?
Athletes, coaches, parents, and event organizers are involved in our
problem.

2)What are they doing?
Athletes, coaches, and parents are searching for durable, practical, and safe solutions for transporting
softball/baseball gear efficiently. Event organizers are exploring solutions to smooth equipment
transportation to and from venues, focusing to improve the overall experience for participants and spectators.

3)What unique situations does the problem occur within, if any?
It occurs when going to practice or games. There isn’t really a unique situation.

4)What is the size of the issue?
The size of our issue is minor.

5)Where is the problem happening?
The problem is happening when you go to any sports field.

6)When does the problem occur?
Our problem occurs when athletes need to go to the field for practice or a game.

7)Why does the problem happen?
The problem happens due to the time it takes to walk to the field. It wastes valuable time.

8)How often does the problem happen?
Depending on the season is how often the problem occurs. A typical season lasts 3 months but
for an athlete that plays travel the problem happens all year around.

Stakeholder Concerns and Connections
(A3, A4)
Primary stakeholders or stakeholder groups impacted by the need for electric scooter softball/baseball bags
include athletes, coaches, parents, and event organizers. Athletes are concerned about the practicality and

durability of the bags, as they need reliable equipment to transport their gear efficiently. Coaches are concerned
about the functionality and ease of use to ensure their team's equipment is organized and accessible. Parents
prioritize safety features and affordability when investing in sporting gear for their children. Event organizers
are concerned with the plan of transporting equipment to and from venues, seeking solutions that smooth the
process and minimize disruptions. Addressing the need for electric scooter softball/baseball bags is crucial as it
directly impacts the efficiency, safety, and overall experience of those involved in sports activities. Also,
neglecting this issue could lead to increased frustration, wasted time, and potential safety hazards, affecting not
only the primary stakeholders but also secondary stakeholders such as spectators, facility managers, and the
environment due to inefficient transportation methods and potential waste of resources.

Problem Importance
(A6)
In a world where efficiency, safety, and sustainability is crucial, the urgency for electric scooter
softball/baseball bags are undeniable. With participation in softball and baseball leagues surpassing 25.9
million individuals in the United States alone, the demand for gear transportation solutions is
evident (Sports & Fitness Industry Association). Traditional methods not only pose risks of strain injuries,
contributing to over 2.6 million annual emergency room visits among youth athletes (National Institutes of
Health) but also add to carbon emissions, as highlighted by studies in the International Journal of Sports
Science & Coaching. By embracing electric scooter bags now, we not only enhance player safety and well-
being but also align with global efforts to reduce environmental impact, making it important to address this
need quickly.

Element B: Documentation and Analysis of Prior Design Attempts

Prior Design Attempt #1 - <insert name of prior design attempt #1>
Source
https://www.bestbuy.com/site/segway-max-g2-electric-kick-scooter-foldable-w-43-mile-range-an
d-22-mph-max-speed-black/6541285.p?skuId=6541285

Include main details about this prior design attempt

This segway g2 scooter is a 51 pound, foldable scooter that has a charging time of 6 hours, a
maximum operating time of 42 miles, a top speed of 22 miles per hour, and an app to help
control the scooter.
This scooter does not come with a bag incorporated into the scooter to carry belongings.

Prior Design Attempt #2 - <insert name of prior design attempt #2>
https://www.bestbuy.com/site/razor-power-core-e90-electric-scooter-w-10-mph-max-speed-pink/
5614721.p?skuId=5614721

This 22 pound scooter has a 10 mile per hour top speed, and a 12 hour battery charge time.
The scooter does not have a folding design which does not help its ability to compact and save
space, an inefficient charge time, and a slow top speed.

Prior Design Attempt #3 - <insert name of prior design attempt #3>
https://www.bestbuy.com/site/navee-v40-pro-electric-scooter-w-25-mi-max-operating-range-20-
mph-max-speed-black/6565907.p?skuId=6565907

This scooter is 25 pounds, has a 5 hour charge time, a 25 mile max operating distance, a top
speed of 20 miles per hour,an app for the scooter, and a foldable design.
This design did not come with a bag to carry belongings, and has a small operating distance. The
scooter also may be too small to pull the weight of someone and their bag

https://www.bestbuy.com/site/niu-kqi3-pro-foldable-electric-kick-scooter-w-31-mi-max-operatin
g-range-20-mph-max-speed-black/6509951.p?skuId=6509951

This scooter weighs 45 pounds, has a six hour charge time, a maximum operating range of 31
miles, is app controlled, is foldable, and a top speed of 20 miles an hour.

Prior Design Attempt #5 - <insert name of prior design attempt #5>

https://www.bestbuy.com/site/okai-neon-pro-foldable-electric-scooter-w-50-miles-max-operating
-range-20-mph-max-speed-black/6522553.p?skuId=6522553
Image

This scooter weighs 46 pounds, has a 50 mile operating range, has a foldable design, and a light
bar.
This design does not offer a bag with it but has the power and range to be able to push that kind
of extra weight for a longer period of time.

Element C: Presentation and Justification of Solution Design Requirements

Design Requirement #1 (HIGH Priority):

The electric scooter softball/baseball bags must have reinforced compartments for bats and other
equipment to prevent damage during transportation and ensure durability. This requirement
directly ties to athletes' and coaches' concerns regarding the practicality and durability of the
bags.

Design Requirement #2 (HIGH Priority):

The electric scooter softball/baseball bags must have weather-resistant materials and waterproof
zippers to safeguard equipment from rain or moisture during transportation and storage. This
requirement lines up with where athletes, coaches, and parents expressed concerns about
maintaining the integrity of equipment in various weather conditions.

Design Requirement #3 (HIGH Priority):

The electric scooter softball/baseball bags must feature adjustable straps to ensure comfortable
carrying for athletes of different ages and sizes. This requirement is rooted in the importance of
comfort and usability for athletes and parents when transporting gear to and from sporting
events..

Design Requirement #4 (HIGH Priority):

The electric scooter softball/baseball bags must include reflective elements and LED lights for
increased visibility during low-light conditions to ensure safety for athletes and pedestrians. This
requirement addresses safety concerns, where event organizers and parents highlight the need for
improved visibility to prevent accidents and ensure the well-being of participants.

Design Requirement #5 (HIGH Priority):

The electric scooter softball/baseball bags must have different storage compartments and
organizational features to accommodate various equipment sizes and ensure easy access during
transportation and use. This requirement directly responds to the need for practicality and
organization, where athletes, coaches, and parents expressed frustration with storage solutions
and disorganized gear.

Design Requirement #6 (LOW Priority):

The electric scooter softball/baseball bags may offer customizable design options, such as team
logos or color variations, to allow for personalization and team branding. While not a top
priority, this requirement lines up with the desire for individuality and team identity expressed by
athletes and coaches in prior research.

Design Requirement #7 (LOW Priority):

The electric scooter softball/baseball bags may have charging ports or power banks to enable
on-the-go charging of electronic devices, such as smartphones or tablets. Though not critical, this
requirement stems from the increasing dependence on electronic devices observed among
athletes, coaches, and event organizers.

7.4 Finding the Best Design Idea

Element D: Design Concept Generation, Analysis, and Selection
Design Idea Generation (D1)
This section focuses on the process of generating solutions. The initial rounds should include
every idea you come up with but the subsequent rounds of ideation should lead to viable options.

Each idea should include not only words, but also a picture. Use as many copies of this
sub-template as needed.

Design Idea #1 Hailey
Date:03-05-24
Description:This is a softball/baseball scooter bag. On the front is where your ball bag would go.
It would be held by a mesh with a solid base so it doesn’t rip the bag holder.

Design Idea #2 Aden
Date:03-05-24
Description:my scooter design uses a mesh holder and straps to secure the bag.

Design Idea #3 Olivia
Date:03-05-24
Description: This is my ball bag scooter design with a mesh holder that will keep the ball bag in
place.

Drawing that includes distinguishing information such as scale, dimensions, and materials:

Design Idea Comparison and Selection (D1, D2)
When you’ve finished generating ideas, you must compare your design options according to all
your design requirements. Incorporate the priority of those requirements when comparing design
options. A decision matrix (perhaps a Pugh Matrix) is encouraged since it allows for systematic,
weighted comparisons. If using weights in a decision matrix, be sure to explain and justify the
weighting based on your design requirements. You may use the weighted design matrix template
below, inserting your criteria and design options.

weight

Option 1

Option 2

Option 3

Option 4

Reinforced
Compartments

35%

Weather proof

15%

Adjustable
straps

10%

Led Lights

10%

Storage
Options

20%

Offer
Customizable

10%

score

100%

4/5

4/5

5/5

3/5

Design Blueprint (D4)
Describe all of your design's details such that someone unfamiliar with your project could build
your prototype. Include sketches, dimensions, CAD (if taught in your class), manufacturing
methods, material choices, supply lists, and costs.
Design Blueprint #1
Date:03-05-24
Sketch:

Supply List and Costs:
Cost each
Item

# needed

Scooter

150$

Ball bag

90$

Platform/

Mesh bag

20$

Total Cost 260$

7.5 Project Proposal

1

1

1

3

Total

150$

90$

20$

260$

Element E: Application of STEM Principles and Practices

STEM Principles and Practices to Design Requirements (E1)
This section focuses on articulating how your proposed solution is supported by STEM (science,
technology, engineering, mathematics, computer science, etc.) concepts. Concepts can be laws,
theories, and practices, including disciplinary core ideas (i.e., Next Generation Science
Standards, Common Core State Standards) and standards for mathematical practice. Go beyond
describing the engineering design process to describe the STEM concepts as they apply to your
proposed solution in order to meet the design requirements. Be sure to apply the applicable
STEM concepts in context, directly to the specifics of your design. Review concepts learned in
your other classes and tackle new concepts as appropriate. Include any relevant calculations.

C3 indicates that you should have at least three high-priority design requirements to receive a
score of 3 (and four for a score of 4, and five for a 5). Your number of design requirements and
your number of high priority design requirements should agree throughout your portfolio. You
should use the same five design requirements here too, and apply at least four of them to STEM
concepts to achieve a score of 5 on E1. Use as many copies of this sub-template as needed.

STEM Principle for High-Priority Design Requirement #1 Reinforced compartments
STEM Concept: Material Science and Engineering
Describe how STEM concept applies directly to the specifics of your design:
Material science and engineering principles are crucial for the design requirement of reinforced
compartments. Utilizing materials with strong strength, impact resistance, and durability is
essential. By incorporating knowledge from material science, we can identify suitable materials
that withstand external forces, ensuring the reliability of the compartments. The understanding
of material properties, such as stress and strain, guides the selection of materials that can endure
various environmental conditions without compromising the structural integrity of the
compartments.

STEM Principle for High-Priority Design Requirement #2 weather-resistant materials
STEM Concept:Concept: Environmental Science and Engineering
Describe how STEM concept applies directly to the specifics of your design:
The design requirement for weather-resistant materials involves principles from environmental
science and engineering. Understanding the impact of different weather conditions on materials,
such as rain, sunlight, and temperature fluctuations, is crucial. Applying concepts of corrosion
resistance, UV stability, and thermal expansion coefficients, we can choose materials that can
withstand the harsh effects of weather over time.

STEM Principle for High-Priority Design Requirement #3 adjustable straps
STEM Concept:Mechanical Engineering and Ergonomics
Describe how STEM concept applies directly to the specifics of your design:
The adjustable straps design requirement draws upon principles from mechanical engineering
and ergonomics. Applying concepts of force distribution, leverage, and human biomechanics, we
can design straps that provide optimal comfort and support. Utilizing knowledge from
mechanical engineering ensures that the adjustable straps can be easily customized to fit different
body types while maintaining structural integrity. This integration increases the ergonomic
aspects of the solution, contributing to user satisfaction and usability.

STEM Principle for High-Priority Design Requirement #4 LED lights
STEM Concept:Electrical Engineering and Optics

Describe how STEM concept applies directly to the specifics of your design:
The design requirement for LED lights incorporates principles from electrical engineering and
optics. Understanding electrical circuits, power consumption, and light emission characteristics
are essential for creating efficient and reliable LED lighting systems. By applying concepts from
optics, such as light dispersion and color temperature, we can increase the visibility and
aesthetics of the LED lights. This integration makes sure that the solution meets the design
requirements for illumination while considering energy efficiency and visual appeal.

STEM Principle for High-Priority Design Requirement #5 Different storage compartments.
STEM Concept: Industrial Design and Geometry
Describe how STEM concept applies directly to the specifics of your design:

The requirement for different storage compartments involves principles from industrial design
and geometry. Applying concepts of spatial organization, accessibility, and geometric
optimization allows for the efficient layout of diverse storage spaces. By understanding user
needs and usage patterns, we can implement geometric principles to design compartments that
maximize storage capacity while allowing easy access. This integration of industrial design and
geometry contributes to the overall functionality.

Proposed Solution to STEM Principles and Practices (E2)

While E1 was focused on how STEM applies to the design requirements, E2 is focused on how
STEM is used to support the design solution.
For E2, use STEM concepts to justify your design decisions. It's important that the STEM
Principles and Practices that are discussed are actually appropriate and useful to the problem.
Use as many copies of this sub-template as needed.

STEM Principle for Design Solution #1 Reinforced compartments
STEM Concept:Materials Science and Engineering
Describe how STEM concept applies directly to the specifics of your solution:
In our design solution, we leverage materials science and engineering principles to address the
need for reinforced compartments. By selecting materials with high strength, impact resistance,
and durability, we ensure that our compartments can withstand external forces, ensuring the
reliability of the entire system. The application of material properties, such as stress and strain,
guides our material selection process, enabling us to choose materials that maintain structural
integrity under various environmental conditions, meeting the high-priority design requirement
for reinforced compartments.

STEM Principle for Design Solution #2 weather-resistant materials

STEM Concept: Environmental Science and Engineering
Describe how STEM concept applies directly to the specifics of your solution:
Our design solution includes principles from environmental science and engineering to address
the requirement for weather-resistant materials. Understanding the impact of different weather
conditions, we select materials based on concepts of corrosion resistance, UV stability, and
thermal expansion coefficients. This thoughtful integration of environmental science ensures that
our solution remains functional and reliable, with materials that can withstand the harsh effects
of diverse weather conditions over time. By applying these principles, we guarantee the
longevity and effectiveness of the weather-resistant aspects of our design.

STEM Principle for Design Solution #3 adjustable straps
STEM Concept:Mechanical Engineering and Ergonomics
Describe how STEM concept applies directly to the specifics of your solution:
The design solution for adjustable straps draws upon principles from mechanical engineering and
ergonomics. Concepts of force distribution, leverage, and human biomechanics are applied to
create straps that offer optimal comfort and support. By considering these mechanical
engineering principles, our adjustable straps can be easily customized to fit different body types
while maintaining structural integrity. This integration increases the ergonomic aspects of our
solution, contributing significantly to user satisfaction and usability.

STEM Principle for Design Solution #4 LED lights
STEM Concept:Electrical Engineering and Optics
Describe how STEM concept applies directly to the specifics of your solution:
In our design solution for LED lights, we include principles from electrical engineering and
optics. Understanding electrical circuits, power consumption, and light emission characteristics
is crucial for creating an efficient and reliable LED lighting system. By applying concepts from
optics, such as light dispersion and color temperature, we optimize the visibility and aesthetics of
the LED lights. This integration ensures that our solution meets the design requirements for
illumination while considering energy efficiency and visual appeal.

STEM Principle for Design Solution #5 Different storage compartments.
STEM Concept:Industrial Design and Geometry
Describe how STEM concept applies directly to the specifics of your solution:
The design solution for different storage compartments involves principles from industrial design
and geometry. Concepts of spatial organization, accessibility, and geometric optimization guide
the efficient layout of diverse storage spaces. By understanding user needs and usage patterns,
we implement geometric principles to design compartments that maximize storage capacity
while ensuring easy access. This integration of industrial design and geometry enhances the

overall functionality and user-friendliness of our solution, meeting the high-priority design
requirement for different storage compartments.

Evidence Design is Reviewed (E3)

""Field experts"" are professionals who spend at least a portion of their time working in a
field directly related to your project. These field experts are not permitted to double count
as stakeholders.

E3 is about experts reviewing what you've said about the STEM connections in E1 and E2. It's
important here to talk to an appropriate field expert who knows about the STEM content of the
project - not to a stakeholder. We need to know what the expert said. Document in this
sub-element what the expert said about the connections you've made from your design
requirements to STEM principles and practices (E1) and what they said about the ways STEM
principles and practices substantiate your design solution (E2). This documentation will support
you to give a corrective response in E5. Potential formats for review include: interview notes,
emails, audio/video tape with transcript, etc. Use as many copies of this sub-template as needed.
Documentation #1:

● What format: In Person
● What the expert said about the connection you’ve made from your design requirements to

STEM principles and practices:

● What the expert said about how STEM principles and practices substantiate your design
solution:The experts had gotten back to us with very helpful feedback regarding the
scooter. They had suggested we should create a hook that is strong enough to hold the
back onto the scooter post even through rough terrain, durability in case it falls, all while
keeping it lightweight in order to cut weight down. They had also suggested that we put
on tires that would be better off pavement and tires that would, again, be lighter. The last
and most important thing that we had heard from them was to create a strong deck in
order to stay together long along with holding the weight of a person and their gear for
whatever sport they may play.

Documentation #2:

● What format: In Person
● What the expert said about the connection you’ve made from your design requirements to

STEM principles and practices:

● What the expert said about how STEM principles and practices substantiate your design

solution:They reiterated the comments made in person.

Documentation #3:

● What format: In Person

● What the expert said about the connection you’ve made from your design requirements to

STEM principles and practices:

● What the expert said about how STEM principles and practices substantiate your design
solution:They reiterated most of what had already been said, however they also said that
the motor needed to be big enough to pull the weight of the person using it along with
their weight and a battery that would last throughout a day while being running.

Experts with Credentials (E4)
Document who your field experts are (names are not necessary) and what qualifies them as an
expert. Use as many copies of this sub-template as needed.
Expert #1:Duke Civil Engineer
Expert #2:Duke Biotechnical Engineer
Expert #3:Duke Mechanical Engineer

Verification or Corrective Response to Design Review (E5)
Your conversation/interview with the expert(s) should inform some corrective responses. In E5,
describe how those reviews informed your responses. For example, “__________ told us
__________, which informed our decision to change/reconsider __________ .” (or ""...which
verified/reinforced our decision to __________.”
Make sure to document the experts’ reviews (suggestions/feedback or criticisms of your
proposed solution) and how they will inform iterations you will make to your proposed solution.
Use as many copies of this sub-template as needed.
Interview with Expert #1 Informed corrective response: Duke Civil Engineer told us to create a
hook that is strong enough to hold the back onto the scooter post even through rough terrain,
durability in case it falls, all while keeping it lightweight in order to cut weight down, which
informed our decision to change our platform.
Interview with Expert #2 Informed corrective response: Duke Biotechnical Engineer told us to
put on tires that would be better off pavement and tires that would, again, be lighter which
informed our decision to change for sturdy tires.
Interview with Expert #3 Informed corrective response: Duke Mechanical Engineer told us the
motor needed to be big enough to pull the weight of the person using it along with their weight
and a battery that would last throughout a day while being running which informed our decision
to change what we were originally thinking of a light motor.

Element F: Consideration of Design Viability

Judgment about Design Viability (F1)

""Design viability"" is the capacity of the proposed solution to solve the problem. Design viability
refers to how your design decisions are tethered to your design requirements. For example, if one
of your design requirements is that the total cost of the prototype cannot exceed X, then you
could present a table of costs for each component of your proposed design solution as
justification for why your design is likely to meet that requirement.
""Credible evidence"" means it shouldn't just be your hunch that this will work. Be creative about
how you validate the viability of your design. You should go beyond just having a stakeholder or
expert reviewer say that the design seems viable. For example, you could point to evidence that a
sub-system already functions, or you demo a proof of concept, or you've discussed with an
expert that said, ""I've seen something similar work in this other related situation..."", etc.
Use as many rows as needed. Remember, this chart below may help you organize your ideas, but
you will need to actually execute the “credible evidence.”
Design Viability
Description
Example: The
solution is
inexpensive
Example: The
solution is durable

Example: material is heavy duty rubber
on the tires and a non rusting metal

Example: Create a table of costs for
each component of the solution.

Example: it can withstand
all elements

Example: Design does
not cost more than $X

Connection to Design
Requirement

Credible Evidence?

7.6 Design Drawings

Element G: Construction of a Testable Prototype
Final Prototype Iteration Explanation (G1)
This section focuses on the process of explaining your prototypes. While the title of the
subelement focuses on your final prototype, you must have at least an initial prototype and a
final prototype, with additional prototypes in-between being desirable. Note that you never know
which prototype is your final prototype until after you test it, so be sure to record all of the
information for each prototype. Use as many copies of this sub-template as needed.
Ensure that photos are taken from multiple angles so that all sides and subsystems can be seen.
All images should have captions and should be referenced in-text.

Date:05-16-24
:
Details about all steps of construction (add step numbers as needed), including the tools and
manufacturing methods used:

Details

Getting the
scooter
Getting the
bag
Attaching
them
together

Step 1

Step 2

Step 3

Tools and Manufacturing
Methods used

store

house

Zip ties

List of material details, including item name, description, where it was purchased/obtained
(include URL if applicable), cost per unit (if applicable), # of units, total cost (if applicable)
Material
name
scooter
bag
Zip ties

Where material was
purchased
Previously acquired
Previously acquired
Previously acquired

Total cost per
item
free
free
free

Cost per
unit
free
free
free

#
units
1
1
3

Descript
ion

Detailed sketches, which might include CAD if you have learned it in your class:
Construction of the Final Prototype (G2)
When you’ve finished construction of your final prototype, you must be sure that your prototype
allows sufficient functionality that you could collect objective, measurable data for all or nearly
all of your design requirements. This requires you to look back at your design requirements from
Element C. Copy all of your design requirements from Element C into this table and then add
how your prototype will allow you to collect objective, measurable data. Note any weaknesses
you find or details that will require expert review because they cannot be mathematically
modeled or tested,
For example, if you have a design requirement that your design can ""transport medicine a
distance of 5 meters in 1 minute"", is your prototype sufficiently functional such that you can test
that? (e.g. can the prototype move the medicine at least a little bit?)
Design
Requirement
Stability

How will this prototype allow you to collect
objective, measurable data?
The users ride quality and how stable the scooter is
The lightweightness of the scooter so that the user can
use it good
How long the scooter can last through seasons
The weight of the user and they're gear and how well
the scooter does with the weight.

Weight

Durability

Payload

Testing or Modeling of Attributes (G3, G4) and Addressing Non-Testable Attributes (G4)
Describe all of your prototype's attributes (features, aspects, details, or subsystems). Demonstrate
that your prototype is constructed with sufficient functionality that your prototype can test all
attributes of your design. This requires you to look back at your initial proposed design details
from Element D.
For example, if your initial design details called for wheels and motors, is your prototype
sufficiently functional such that you can test out those wheels and motors?
If there are aspects of your design that you believe cannot be physically prototyped or
mathematically modeled within the scope and limits of your class, you must later provide

evidence that an expert has reviewed your justifications and that you have incorporated their
feedback. You do not need to conduct that review in Element G. For now, enter “expert review
required” for these attributes in the final column.

Attribute Description

Describe your prototype’s functionality to
test this attribute

Stability

High
payload

lightweigh
t

durability

How stable
the scooter
feels while
riding
How much
weight the
scooter can
hold
The
lightweightne
ss of the
scooter
How durable
the scooter is

Rode the scooter on different terrains

Testing how much weight the scooter can hold

Weighing the scooter itself without anything
in/on it or the bag

Throwing the scooter down a hill

7.7 Create a Functional Prototype & Design Tests

Element H: Prototype Testing and Data Collection Plan
Testing Details (H1, H2, H3, H4)

Feedback From Field Experts (H5)

Guidance to students about this section of Element H.

Our team would test the stability by riding the scooter on dierent terrains and dierent areas. We would

test the durability by throwing it down hills and just beating it. We would test the lightweightness by

weighing the scooter bag with nothing in/on it. We would test the payload by overloading it with weight

and trying to roll it and drive it.

●

""Field experts"" are professionals who spend at least a portion of their time working in a ﬁeld directly

related to your project. These ﬁeld experts are not permitted to double count as stakeholders.

●

You must provide evidence in this section that your testing plan has been reviewed by 2-3 ﬁeld experts.
● Do not incorporate their feedback in the table above. Rather, make a copy of the table in the section above,

paste it into the section below, and make all revisions only in the table below. This provides evidence that

you incorporated the feedback and shows your testing plan’s progression.

Revised Testing Details That Incorporate Field Expert Feedback (H5)",1,3,rules bypassed,"The student provides a clear viability judgment that the design is plausible and addresses key design requirements such as reinforced compartments, weather resistance, adjustable straps, LED lights, and storage compartments. Credible evidence includes expert reviews with specific feedback on durability, motor power, and tire suitability, as well as a detailed cost breakdown supporting feasibility. However, the evidence is incomplete as it relies heavily on expert suggestions and planned testing rather than demonstrated prototype performance or quantitative validation. There is limited discussion of risks, constraints, or failure modes beyond expert recommendations, and no direct testing results are presented to confirm viability.","Your design viability judgment demonstrates a solid understanding of how your proposed solution aligns with the major design requirements, such as durability, weight capacity, and safety features. The inclusion of expert feedback adds credibility to your assessment, showing that professionals have reviewed your design and provided actionable suggestions. Additionally, your cost analysis supports the feasibility of your design within budget constraints.

However, the evidence supporting viability is somewhat incomplete. While expert input is valuable, your judgment would be stronger with direct prototype testing results or quantitative data demonstrating that your design meets the requirements under real conditions. Furthermore, your discussion lacks explicit consideration of potential risks, constraints, or failure modes, which are important for a comprehensive viability evaluation.

To improve, consider conducting and documenting prototype tests that measure key attributes like payload capacity and durability. Explicitly connect your viability claims to specific design requirements with measurable evidence. Also, include a risk analysis that identifies possible failure points and how you plan to mitigate them. Finally, expanding on how your design addresses constraints such as weight and cost will strengthen your overall viability argument.",3
Case030_4.docx,,"My Design Portfolio Part F
Heat Press Holders
The heat press holders are an arch shape with a flat top. The flat top is to keep the heat press flat on the holder. The chosen arch shape would be good for holding the weight of the heat press.
The Attachment
The heat press holders will be able to attach using a nut and bolt for easier storage and so they don't get lost while in storage. While in use you can separate the two holders.",4,2,rules bypassed,"The student asserts that the arch shape is good for holding the weight of the heat press and that the flat top keeps the heat press flat, which suggests some consideration of design viability. However, the evidence is largely speculative and lacks concrete support such as testing, measurements, or expert input. There is no explicit connection to design requirements or discussion of risks, constraints, or failure modes.","The student provides a basic judgment about the design's viability by stating that the arch shape is suitable for supporting the heat press's weight and that the flat top helps keep the heat press stable. This shows some initial reasoning about the design's functionality. However, the response lacks a clear connection to specific design requirements, such as load capacity, material strength, or user needs, which weakens the overall viability argument.

The evidence presented is mostly descriptive and speculative without credible support like testing data, expert opinions, or detailed analysis. Additionally, there is no discussion of potential risks, constraints, or failure modes, which are important for a thorough viability assessment. The attachment method is described but not evaluated for practicality or durability.

To improve, the student should explicitly link the design features to key requirements and provide concrete evidence or reasoning supporting the design's ability to meet those requirements. Including considerations of possible failure points or constraints would strengthen the judgment. Finally, referencing any testing, stakeholder feedback, or relevant standards would enhance the credibility of the viability claim.",2
Case031_0.docx,,"My Design Portfolio Part F
Heat Press Holders
The heat press holders are an arch shape with a flat top. The flat top is to keep the heat press flat on the holder. The chosen arch shape would be good for holding the weight of the heat press.
The Attachment
The heat press holders will be able to attach using a nut and bolt for easier storage and so they don't get lost while in storage. While in use you can separate the two holders.",0,2,rules bypassed,"The student asserts that the arch shape is good for holding the weight of the heat press and that the flat top keeps the heat press flat on the holder, which suggests some consideration of design viability. However, the evidence is largely speculative and lacks concrete support such as testing, measurements, or expert input. There is no explicit connection to design requirements or discussion of risks, constraints, or failure modes.","The student provides a basic judgment about the design's viability by stating that the arch shape is suitable for supporting the heat press's weight and that the flat top helps keep the heat press stable. This shows some initial reasoning about the design's functionality. However, the viability judgment is quite limited and lacks depth. There is no clear connection made between the design features and specific design requirements, which weakens the argument for the design's realism and practicality.

Additionally, the evidence provided is mostly descriptive and speculative without credible support such as testing data, expert opinions, or detailed analysis of potential risks or failure modes. The discussion of the attachment method is practical but does not include evaluation of its effectiveness or constraints. To improve, the student should explicitly link design features to key requirements, provide concrete evidence or reasoning supporting the design's ability to meet those requirements, and consider potential risks or limitations. Including simple calculations, stakeholder feedback, or references to similar proven designs would strengthen the viability judgment. Furthermore, discussing how the design addresses storage and use constraints more thoroughly would enhance the overall evaluation.",2
Case032_2.docx,,"Element F
Although, the pond is somewhat easy to plan and construct, it will take some time to build the desired concept and get it started on growing the plants. Therefore, the aquaponics pond is very capable of working, with little to no problems. This is very realistic for the reason that it models a working relationship between the animals and plants, which are in the aquaponics pond system.  Due to the reason that the pump has to constantly be running, this uses a lot of energy. This a concern because the school's cost of electricity increases. 
https://nasep.arizona.edu/news/ua-project-trains-native-american-high-school-students-build-aquaponic-systems
https://www.kentuckyteacher.org/subjects/science/2016/05/understanding-ecosystems-through-aquaponics/",2,3,rules bypassed,"The student asserts that the aquaponics pond is capable of working with little to no problems and is realistic because it models a working relationship between animals and plants. They acknowledge a constraint related to energy consumption and increased electricity costs. However, the evidence is limited to qualitative reasoning and two external links without explanation of their relevance. The connection to design requirements is implied but not explicit, and the risk discussion is minimal.","The student provides a clear judgment that the aquaponics pond design is viable and realistic, highlighting the symbiotic relationship between animals and plants as a key factor supporting this viability. This demonstrates an understanding of the fundamental concept behind the design, which is a strength. Additionally, the student identifies a relevant constraint—the continuous energy consumption of the pump and its impact on electricity costs—showing some awareness of practical limitations.

However, the response lacks explicit connections between the viability judgment and specific design requirements, which weakens the overall argument. The evidence provided is mostly qualitative and general, with no detailed data, expert input, or direct testing results to substantiate the claims. The external links are included but not integrated into the reasoning, reducing their effectiveness as credible evidence. Furthermore, the discussion of risks and failure modes is minimal and could be expanded to strengthen the evaluation.

To improve, the student should explicitly link viability claims to key design requirements, such as sustainability or cost-effectiveness. Incorporating specific evidence from the provided sources or other credible references would enhance support. A more thorough analysis of potential risks, constraints, and mitigation strategies would also improve the depth of the evaluation. Finally, clarifying how the design addresses these challenges would make the viability judgment more convincing.",3
Case033_3.docx,,"Element F
Although, the pond is somewhat easy to plan and construct, it will take some time to build the desired concept and get it started on growing the plants. Therefore, the aquaponics pond is very capable of working, with little to no problems. This is very realistic for the reason that it models a working relationship between the animals and plants, which are in the aquaponics pond system.  Due to the reason that the pump has to constantly be running, this uses a lot of energy. This a concern because the school's cost of electricity increases. 
https://nasep.arizona.edu/news/ua-project-trains-native-american-high-school-students-build-aquaponic-systems
https://www.kentuckyteacher.org/subjects/science/2016/05/understanding-ecosystems-through-aquaponics/",3,3,rules bypassed,"The student asserts that the aquaponics pond is capable of working and realistic, citing the modeled relationship between animals and plants as evidence. They acknowledge a constraint related to energy consumption and cost, showing some awareness of risks. However, the evidence is limited to qualitative reasoning and two external links without explanation of their relevance. The connection to design requirements is implied but not explicit, and the support is partial rather than comprehensive.","Your design viability judgment shows a reasonable understanding of the aquaponics system's potential to function, particularly by highlighting the symbiotic relationship between animals and plants. This demonstrates a basic grasp of the system's biological foundation, which is a strength in your evaluation. Additionally, you recognize an important constraint—the energy consumption of the pump and its impact on electricity costs—indicating some consideration of practical limitations.

However, the connection between your viability judgment and specific design requirements could be made clearer. Explicitly linking how the system meets key requirements such as sustainability, cost-effectiveness, or ease of maintenance would strengthen your argument. The evidence you provide is mostly qualitative and somewhat vague; the external links are not integrated into your reasoning, so their credibility and relevance are unclear. Furthermore, a more detailed discussion of potential risks, failure modes, or mitigation strategies would improve the robustness of your evaluation.

To enhance your assessment, consider explicitly connecting your viability claims to design requirements, elaborating on how the system addresses these needs. Incorporate specific evidence or examples from your sources to support your claims. Discuss potential challenges in more detail and propose ways to manage them. Finally, clarifying the relevance of your references will help demonstrate credible support for your design's viability.",3
Case034_4.pdf,,"Element F

Consideration of Design Viability

A difficulty that might occur would be trying to accommodate the size of the reservoir under the

structure. Since the current size of the structure can only accommodate a 30” by 60” box that would not

be enough for the hydroponics unit to work at its best. We may need to reconsider some things such as the

amount of material and resizing the structure to be able to fit a 3 gallon box under the structure. We plan

to address this problem by putting the water basin on the floor while the actual structure of the

hydroponics sits on the table. Which leads us to our second possible difficulty that might occur when

trying to build our prototype would be the water from the basin not pumping properly up to the structure

where the plants are planted. Since the design that we plan to build is on a CAD software and it has the

water basin located on the floor and the actual hydroponics structure is on the table that our stakeholder

wants it to be placed on. We are worried that the water pump would not be powerful enough to pump the

water from a low point to a high point. This of course would alter the price of the whole project whether it

is requiring more material to build, increasing the price/budget or requiring less material to build it,

decreasing the price/budget and it may also take extra time and thinking to find a better solution/better

place to put the water basin. Our plans to address this obstacle is possibly putting the water basin next to

the hydroponics and making the PVC pipes detachable/disassemble so it can accommodates our

stakeholders criteria of it being easy to put into storage. Another difficulty may be if our design can

accommodate the type of plants our stakeholder wants to grow. She wants to grow plants such as

strawberries, tomatoes, and bell peppers, which can grow up to between 1 foot to 10 feet tall. Our current

design had not taken into account the size and height of the plants being growing, which is an issue. We

plan to address this obstacle by installing removal trellises so that our stakeholder can use the trellises at

her own discretion. This allows our stakeholders to plant a wider variety of plants and does not just limit

them to plants that meet the height of the trellis or if they do not, plants that require trellis like small herbs

then they can remove the trellis. Generally speaking the removable trellises would satisfy our user’s needs

since it gives them more freedom to plant a variety of plants. Budget is a potential issue. Cedar planks are

the material we want to use for the wall portions of the structure, but the price of the planks may be over

our budget. With this in mind, we need to come up with alternative materials that fit our budget but still

have the same results we wanted from the cedar planks. Another obstacle is time. The plan is to have a

working design ready for the stakeholders by the end of the school year. This potentially may not happen.

To address this we could put in extra hours during the school day, working during a free period, rather

than just doing work during our class period. We could also take work home and get things done there and

bring it back ready to move ahead. As a solution to the budget issue. We have decided instead of using

Cedar Wood which is slightly over our budget, we would use an alternative wood called treated Pine

Wood for the structure of our hydroponics unit since it has similar resistance to decay, insects, and other

deteriorating factors as the cedar wood and it being within our budget it is an great alternative for Cedar

Wood. Additionally, the treated pine wood is lighter than cedar wood so it would accommodate the users'

needs. With these adjustments in mind. The user of the hydroponics would have an end result of a

waterproof hydroponic unit that looks aesthetically pleasing. Also they will know they will not have to

worry about the damages or problems that would occur with a non-waterproof material. Some obstacles

that we may encounter in this process are measurements being incorrect, features of the unit not being

correctly shown in the design, additions to design that change other aspects, and unexpected changes that

we may have to make to the design. With that in mind our team may have to alter the design because of

feedback from some of our stakeholders, which means the team would have to take their feedback and

implement it into the 3D model. Our team should be able to address these problems further by doing

group evaluations and collaborations to see how we as a team can solve the problem. The team have

confirmed that this tactic works with many group sessions having been conducted by both teams to

achieve the goal of an exceptional 3D design of the hydroponic unit. In order to ensure an up to standard

design the team will need to collaborate as a group on problems, which will address any type of obstacle

that comes our way.",4,4,rules bypassed,"The student provides a generally realistic viability judgment supported by multiple specific considerations tied to design requirements such as size constraints, plant height accommodation, budget, and material choice. They identify credible risks like pump power, budget limits, and time constraints, and propose concrete solutions such as relocating the water basin, using removable trellises, and substituting cedar with treated pine wood. The discussion explicitly connects these viability concerns to stakeholder needs and design constraints, demonstrating awareness of tradeoffs and constraints. However, the evidence is mostly qualitative and based on logical reasoning rather than quantitative testing or formal validation, which limits the score from reaching 5.","Your design viability judgment demonstrates a strong understanding of the key constraints and challenges your hydroponics unit must address. You clearly identify realistic obstacles such as size limitations, water pump capacity, plant height variability, budget constraints, and time management. Importantly, you connect these challenges directly to stakeholder requirements and propose thoughtful, practical solutions like relocating the water basin, using removable trellises, and selecting treated pine wood as a budget-friendly alternative to cedar. This shows good awareness of tradeoffs and design constraints.

While your reasoning is logical and credible, the evidence remains largely qualitative and speculative without quantitative data or formal testing results. Including measurements, cost estimates, or prototype testing outcomes would strengthen your viability claims. Additionally, deeper analysis of risks such as pump performance or structural stability would improve your assessment. To enhance your work, consider providing specific data or expert input to support your material and design choices, elaborating on how you will validate pump capacity, and detailing contingency plans for unexpected design changes. Overall, your evaluation is well thought out and grounded in stakeholder needs, but adding more concrete evidence and risk analysis will make your viability judgment even stronger.",4
Case035_4.pdf,,"Element F

Consideration of Design Viability

A difficulty that might occur would be trying to accommodate the size of the reservoir under the

structure. Since the current size of the structure can only accommodate a 30” by 60” box that would not

be enough for the hydroponics unit to work at its best. We may need to reconsider some things such as the

amount of material and resizing the structure to be able to fit a 3 gallon box under the structure. We plan

to address this problem by putting the water basin on the floor while the actual structure of the

hydroponics sits on the table. Which leads us to our second possible difficulty that might occur when

trying to build our prototype would be the water from the basin not pumping properly up to the structure

where the plants are planted. Since the design that we plan to build is on a CAD software and it has the

water basin located on the floor and the actual hydroponics structure is on the table that our stakeholder

wants it to be placed on. We are worried that the water pump would not be powerful enough to pump the

water from a low point to a high point. This of course would alter the price of the whole project whether it

is requiring more material to build, increasing the price/budget or requiring less material to build it,

decreasing the price/budget and it may also take extra time and thinking to find a better solution/better

place to put the water basin. Our plans to address this obstacle is possibly putting the water basin next to

the hydroponics and making the PVC pipes detachable/disassemble so it can accommodates our

stakeholders criteria of it being easy to put into storage. Another difficulty may be if our design can

accommodate the type of plants our stakeholder wants to grow. She wants to grow plants such as

strawberries, tomatoes, and bell peppers, which can grow up to between 1 foot to 10 feet tall. Our current

design had not taken into account the size and height of the plants being growing, which is an issue. We

plan to address this obstacle by installing removal trellises so that our stakeholder can use the trellises at

her own discretion. This allows our stakeholders to plant a wider variety of plants and does not just limit

them to plants that meet the height of the trellis or if they do not, plants that require trellis like small herbs

then they can remove the trellis. Generally speaking the removable trellises would satisfy our user’s needs

since it gives them more freedom to plant a variety of plants. Budget is a potential issue. Cedar planks are

the material we want to use for the wall portions of the structure, but the price of the planks may be over

our budget. With this in mind, we need to come up with alternative materials that fit our budget but still

have the same results we wanted from the cedar planks. Another obstacle is time. The plan is to have a

working design ready for the stakeholders by the end of the school year. This potentially may not happen.

To address this we could put in extra hours during the school day, working during a free period, rather

than just doing work during our class period. We could also take work home and get things done there and

bring it back ready to move ahead. As a solution to the budget issue. We have decided instead of using

Cedar Wood which is slightly over our budget, we would use an alternative wood called treated Pine

Wood for the structure of our hydroponics unit since it has similar resistance to decay, insects, and other

deteriorating factors as the cedar wood and it being within our budget it is an great alternative for Cedar

Wood. Additionally, the treated pine wood is lighter than cedar wood so it would accommodate the users'

needs. With these adjustments in mind. The user of the hydroponics would have an end result of a

waterproof hydroponic unit that looks aesthetically pleasing. Also they will know they will not have to

worry about the damages or problems that would occur with a non-waterproof material. Some obstacles

that we may encounter in this process are measurements being incorrect, features of the unit not being

correctly shown in the design, additions to design that change other aspects, and unexpected changes that

we may have to make to the design. With that in mind our team may have to alter the design because of

feedback from some of our stakeholders, which means the team would have to take their feedback and

implement it into the 3D model. Our team should be able to address these problems further by doing

group evaluations and collaborations to see how we as a team can solve the problem. The team have

confirmed that this tactic works with many group sessions having been conducted by both teams to

achieve the goal of an exceptional 3D design of the hydroponic unit. In order to ensure an up to standard

design the team will need to collaborate as a group on problems, which will address any type of obstacle

that comes our way.",4,4,rules bypassed,"The student provides a generally realistic viability judgment supported by multiple specific considerations tied to design requirements, such as accommodating reservoir size, water pump capacity, plant height, budget constraints, and material selection. They identify credible risks and constraints (e.g., pump power, budget limits, plant height) and propose concrete solutions like relocating the water basin, using removable trellises, and substituting cedar with treated pine wood. The discussion explicitly connects these viability concerns to stakeholder needs and design requirements, demonstrating awareness of tradeoffs and constraints. However, the evidence is mostly qualitative and based on logical reasoning rather than quantitative testing or formal validation, which limits the score to 4 rather than 5.","Your design viability judgment demonstrates a strong understanding of the key challenges and constraints involved in your hydroponics unit. You effectively identify several realistic obstacles, such as the size limitations of the reservoir, the water pump’s capacity to move water vertically, plant height accommodation, budget constraints, and material durability. Your proposed solutions, including relocating the water basin, using removable trellises, and selecting treated pine wood as a budget-friendly alternative, show thoughtful consideration of stakeholder needs and design requirements.

The connection between your viability assessment and specific design requirements is clear and well articulated. You also acknowledge potential risks and tradeoffs, such as cost implications and time constraints, which strengthens your evaluation. However, your evidence remains largely qualitative and based on logical reasoning rather than quantitative data or formal testing. To improve, consider incorporating measurements or calculations related to pump capacity, material costs, or plant growth dimensions. Additionally, including feedback from stakeholders or experts and outlining contingency plans for identified risks would enhance the credibility of your viability judgment.

Overall, your response is thorough and realistic but would benefit from more concrete evidence and explicit validation steps to fully demonstrate the design’s viability.",4
Case036_3.docx,,,3,0,rules bypassed,The document provides no explicit judgment about the design's viability or realism. It only contains a title and instructions without any evaluation or evidence supporting whether the design is realistic or viable.,"The submission lacks a clear judgment regarding the viability or realism of the proposed design. It does not provide any evaluation or reasoning about whether the design will meet its intended purpose or satisfy design requirements. Without such a judgment, it is difficult to assess the design's potential success or challenges.

Additionally, the response does not connect the design to any specific requirements, nor does it present credible evidence such as testing results, stakeholder input, or risk analysis. There is no discussion of constraints, possible failure modes, or tradeoffs, which are critical for understanding design viability. The absence of these elements limits the ability to evaluate the design's feasibility or practicality.

To improve, the student should explicitly state whether the design is realistic and viable, supported by specific evidence or reasoning. They should link this judgment to key design requirements to demonstrate relevance. Including credible evidence such as prototype testing, expert feedback, or cost analysis would strengthen the argument. Finally, discussing potential risks or constraints and how they are addressed would provide a more comprehensive viability assessment.",0
Case037_3.docx,,,3,0,rules bypassed,The document provides no explicit judgment about the design's viability or realism. It only contains a title and instructions without any evaluation or evidence supporting whether the design is realistic or viable.,"The submission lacks a clear judgment regarding the viability or realism of the proposed design. It does not provide any evaluation or discussion that connects the design to its requirements or addresses whether it is likely to succeed in practice. Without such an assessment, it is difficult to understand the feasibility or practicality of the design concept.

Additionally, the response does not include any credible evidence such as testing results, expert input, cost analysis, or risk considerations that would support a viability claim. There is also no mention of potential constraints, failure modes, or tradeoffs, which are important for a comprehensive viability evaluation.

To improve, the student should explicitly state whether the design is realistic and viable, supported by specific evidence or reasoning. They should connect this judgment to one or more key design requirements to demonstrate relevance. Including any available data, stakeholder feedback, or analysis of risks and constraints would strengthen the argument. Finally, discussing possible failure modes and how the design addresses them would provide a more thorough and credible viability assessment.",0
Case038_1.pdf,,"- Within our meetings, minimal solutions were discussed. We decided that we

definitely wanted to replace the wheels in order to make the chariot faster and
move as smoothly as possible on turf.

- Both stakeholders agreed that treaded tires would be beneficial, though
we are also working to keep the chariot as lightweight as possible.
- We are discussing ways to adjust the handlebars and make it more

accessible, though we are struggling due to the desire to keep the chariot
light.
In order to be successful in our adjustments we have measured and
ridden on the chariot to see how it moves and what the measurements are
- None of this is able to be completed at school because none of us can weld and

-

we will be left with no chariot if we even try

- During our meeting with Seggy, we didn’t gain a lot of knowledge and didn’t know
how to proceed from there. When we met with Mr. Beretta, he wasn’t extremely
informed about the structure of the chariot and therefore could not provide much
help to us.

- Out of nowhere, while assisting us in removing the tires from the chariot,
the maintenance guys ended up being our most beneficial stakeholders.
They informed us that having taller, more treaded tires would be the best
option and that getting a bigger axle would help too.
It was interesting for us to see that throughout our two meetings, this one
quick encounter with the maintenance guys was our most informative
conversation. We took this new knowledge with us as we went to shop for
tires.

-",1,3,rules bypassed,"The student provides a somewhat realistic viability judgment supported by specific stakeholder input, particularly from maintenance staff recommending taller, treaded tires and a bigger axle. They also mention efforts to measure and ride the chariot to understand its movement. However, the evidence is incomplete and partially weak, as key challenges like welding limitations and lack of expert guidance are noted without clear resolution. The connection to design requirements such as speed, smooth movement on turf, and light weight is mentioned but not explicitly linked to viability. Overall, the judgment is partially supported but lacks comprehensive evidence and risk mitigation.","Your design viability judgment shows promise through the inclusion of specific stakeholder input, especially from the maintenance team, which adds credibility to your choice of taller, treaded tires and a larger axle. This demonstrates an understanding of practical considerations and a willingness to incorporate expert advice. Additionally, your efforts to measure and test the chariot’s movement indicate an attempt to ground your design decisions in real-world observations.

However, the connection between your viability judgment and the key design requirements—such as improving speed, ensuring smooth movement on turf, and maintaining a lightweight structure—is not explicitly articulated. Furthermore, while you acknowledge significant constraints like the inability to weld and limited expert support, the document lacks a clear plan to address these risks or failure modes, which weakens the overall viability assessment.

To improve, explicitly link your design choices to specific requirements and explain how these choices meet those needs. Provide more detailed evidence or reasoning about how you will overcome constraints like welding limitations. Consider discussing potential risks and how you plan to mitigate them. Finally, incorporating more expert input or testing results would strengthen your viability judgment.",3
Case039_2.pdf,,"- Within our meetings, minimal solutions were discussed. We decided that we

definitely wanted to replace the wheels in order to make the chariot faster and
move as smoothly as possible on turf.

- Both stakeholders agreed that treaded tires would be beneficial, though
we are also working to keep the chariot as lightweight as possible.
- We are discussing ways to adjust the handlebars and make it more

accessible, though we are struggling due to the desire to keep the chariot
light.
In order to be successful in our adjustments we have measured and
ridden on the chariot to see how it moves and what the measurements are
- None of this is able to be completed at school because none of us can weld and

-

we will be left with no chariot if we even try

- During our meeting with Seggy, we didn’t gain a lot of knowledge and didn’t know
how to proceed from there. When we met with Mr. Beretta, he wasn’t extremely
informed about the structure of the chariot and therefore could not provide much
help to us.

- Out of nowhere, while assisting us in removing the tires from the chariot,
the maintenance guys ended up being our most beneficial stakeholders.
They informed us that having taller, more treaded tires would be the best
option and that getting a bigger axle would help too.
It was interesting for us to see that throughout our two meetings, this one
quick encounter with the maintenance guys was our most informative
conversation. We took this new knowledge with us as we went to shop for
tires.

-",2,3,rules bypassed,"The student provides a clear viability judgment that replacing the wheels with treaded tires and a bigger axle is beneficial and likely to improve performance. This judgment is supported by specific stakeholder input from maintenance personnel, who are identified as credible sources with practical experience. The team also measured and tested the chariot by riding it, which adds some concrete evidence. However, the evidence is incomplete and somewhat weak, as there is no detailed analysis of how these changes meet design requirements such as weight constraints or accessibility. The struggles with welding and lack of expert guidance highlight risks and constraints but are not fully addressed. Overall, the viability claim is plausible but only partially supported.","Your design viability judgment shows a good start by incorporating practical stakeholder input, especially from the maintenance team, which adds credibility to your decision to use treaded tires and a bigger axle. The fact that you measured and tested the chariot by riding it demonstrates an effort to gather concrete evidence, which strengthens your evaluation. However, the connection between your design changes and specific design requirements, such as maintaining a lightweight structure and improving accessibility, could be made more explicit. Additionally, while you acknowledge challenges like welding limitations and lack of expert advice, these risks and constraints are not fully analyzed or integrated into your viability assessment.

To improve your evaluation, consider explicitly linking how your proposed modifications meet or impact key design requirements. Providing more detailed evidence, such as measurements of weight changes or performance improvements, would strengthen your argument. Addressing potential failure modes or constraints, like welding difficulties, with possible mitigation strategies would also enhance your viability judgment. Finally, seeking additional expert input or alternative solutions to overcome current limitations could provide a more comprehensive and realistic assessment of your design's viability.",3
Case040_2.docx,,,2,0,rules bypassed,The student document contains no discussion or judgment about the viability or realism of the proposed design.,"The submission does not provide any evaluation or judgment regarding the viability or realism of the proposed design. Without any discussion of how the design meets requirements, addresses constraints, or considers risks and potential failure modes, it is impossible to assess whether the design is practical or achievable. The absence of credible evidence such as testing data, expert input, or cost analysis further limits the ability to judge the design's feasibility.

A strong viability judgment should explicitly connect the design to one or more key requirements and provide clear, specific evidence supporting its feasibility. This might include referencing prototype results, stakeholder feedback, or known performance metrics. Additionally, acknowledging potential risks or constraints and explaining how the design mitigates them would strengthen the evaluation.

To improve, please include a clear statement about whether the design is realistic and viable. Support this with concrete evidence such as test results, expert opinions, or cost estimates. Explicitly link your viability judgment to the design requirements and discuss any risks or constraints. Finally, avoid simply describing the design; focus on evaluating its likelihood of success based on credible information.",0
Case041_0.docx,,,0,0,rules bypassed,The student document contains no discussion or judgment about the viability or realism of the proposed design.,"The submission does not provide any evaluation or judgment regarding the viability or realism of the proposed design. Without any discussion of how the design meets requirements, addresses constraints, or considers risks, it is impossible to assess whether the design is practical or achievable. The absence of credible evidence such as testing data, expert input, or analysis of potential failure modes further limits the ability to judge the design's feasibility.

To improve, the student should explicitly state whether they believe the design is realistic and viable, supported by specific evidence. This could include references to how the design meets key requirements, results from prototype testing, or feedback from stakeholders. Additionally, discussing potential risks, constraints, or failure modes and how these are mitigated would strengthen the viability judgment. Including quantitative or qualitative evidence linked directly to design goals will make the evaluation more credible and convincing.

In summary, the student should focus on providing a clear, evidence-based viability judgment that connects directly to design requirements and includes consideration of risks or constraints. This will demonstrate a deeper understanding of the design's practicality and improve the overall quality of the documentation.",0
Case042_3.pdf,,"Element F: Consideration of Design Viability

● The hockey stick will be kept in the hole above where the persons legs will be,

and the piece of pvc that the hockey stick is inside will be able to adjust to hit the
puck better, and there’s an adaptor on the main body of the device that can
adjust the device to fit any wheelchair.

● The device is small and light enough to carry and fit into a car or closet for

storage, it's easy to work as well

● Adaptive floor hockey equipment - wheelchair hockey stick holder. YouTube.
(2020, November 10). https://youtu.be/do-zZAKmh4c?si=w3eur7nfTIZtqRod
● Some extra features that make our design better could be its adaptability to fit to

any wheelchair and the ability to move around the hockey stick",3,2,rules bypassed,"The student asserts that the design is adaptable, small, and light, and references a YouTube video as a form of evidence. However, the viability discussion is largely speculative and lacks concrete, credible evidence such as testing results, stakeholder input, or detailed connection to design requirements. The response mostly describes features without evaluating risks, constraints, or failure modes.","The student's submission provides a basic judgment about the design's viability by highlighting adaptability to any wheelchair and portability, which are positive aspects. However, the viability claims are mostly speculative and lack detailed, credible evidence to convincingly support the design's realism. The reference to a YouTube video is noted but not integrated into a clear argument about how it validates the design's feasibility.

The response does not explicitly connect the viability judgment to specific design requirements, such as user needs, safety constraints, or performance criteria. Additionally, there is no discussion of potential risks, constraints, or failure modes that might affect the design's success. This limits the strength of the viability evaluation and leaves the reader uncertain about the design's practical implementation.

To improve, the student should provide explicit connections between the design features and key requirements, such as adjustability for different wheelchair models or ease of use. Including evidence from testing, expert feedback, or cost analysis would strengthen the credibility of the viability claim. Furthermore, discussing possible challenges or limitations and how they might be addressed would demonstrate a deeper understanding of design constraints and risks.",2
Case043_3.pdf,,"Element F: Consideration of Design Viability

● The hockey stick will be kept in the hole above where the persons legs will be,

and the piece of pvc that the hockey stick is inside will be able to adjust to hit the
puck better, and there’s an adaptor on the main body of the device that can
adjust the device to fit any wheelchair.

● The device is small and light enough to carry and fit into a car or closet for

storage, it's easy to work as well

● Adaptive floor hockey equipment - wheelchair hockey stick holder. YouTube.
(2020, November 10). https://youtu.be/do-zZAKmh4c?si=w3eur7nfTIZtqRod
● Some extra features that make our design better could be its adaptability to fit to

any wheelchair and the ability to move around the hockey stick",3,2,rules bypassed,"The student asserts that the design is adaptable, small, and easy to use, which suggests some viability. However, the evidence is largely descriptive and speculative, lacking concrete or credible support such as testing, measurements, or stakeholder input. There is no explicit connection to design requirements or consideration of risks and constraints.","The student's design viability judgment shows an initial understanding of the design's potential by highlighting features like adaptability to any wheelchair and portability. These points suggest the design could be practical and user-friendly, which is a positive start. However, the response primarily describes the design features without providing concrete evidence or reasoning to support the claim that the design is realistic and viable. There is no mention of testing, stakeholder feedback, or how the design meets specific requirements, which weakens the overall viability argument.

Additionally, the response lacks discussion of potential risks, constraints, or failure modes that could impact the design's success. Without this analysis, it is difficult to assess whether the design will function as intended in real-world conditions. To improve, the student should explicitly link the design's features to key requirements, provide evidence such as prototype testing or expert input, and consider possible challenges or limitations. Including these elements would strengthen the viability judgment and demonstrate a more thorough evaluation of the design's practicality.",2
Case044_2.pdf,,"Element F: Consideration of Design Viability

● The hockey stick will be kept in the hole above where the persons legs will be,

and the piece of pvc that the hockey stick is inside will be able to adjust to hit the
puck better, and there’s an adaptor on the main body of the device that can
adjust the device to fit any wheelchair.

● The device is small and light enough to carry and fit into a car or closet for

storage, it's easy to work as well

● Adaptive floor hockey equipment - wheelchair hockey stick holder. YouTube.
(2020, November 10). https://youtu.be/do-zZAKmh4c?si=w3eur7nfTIZtqRod
● Some extra features that make our design better could be its adaptability to fit to

any wheelchair and the ability to move around the hockey stick",2,2,rules bypassed,"The student asserts that the design is adaptable to any wheelchair and is small and light enough for storage and transport, which suggests some consideration of realism. However, the evidence is largely descriptive and speculative, lacking concrete or credible support such as testing, measurements, or stakeholder input. There is no explicit connection to design requirements or discussion of risks, constraints, or failure modes.","The student provides a basic judgment that the design is adaptable and portable, which indicates some awareness of design viability. However, the response primarily describes features of the design rather than critically evaluating whether it is realistic or viable. The claims about adaptability and ease of use are not supported by concrete evidence such as testing results, expert feedback, or detailed measurements. This limits the strength of the viability judgment.

Additionally, the response does not explicitly connect the viability claims to specific design requirements, which weakens the argument for the design’s practicality. There is also no discussion of potential risks, constraints, or failure modes that might affect the design’s success. Including such considerations would demonstrate a deeper understanding of viability challenges.

To improve, the student should provide specific evidence supporting the design’s adaptability and portability, such as prototype testing or stakeholder input. Explicitly linking these claims to key design requirements would strengthen the argument. Furthermore, discussing possible risks or limitations and how they might be mitigated would enhance the credibility of the viability judgment. Finally, avoiding vague or purely descriptive statements in favor of evaluative reasoning will improve the overall quality of the response.",2
Case045_2.pdf,,"We scheduled a meeting with Ms. Shao to discuss her needs and preferences. After we
got the general idea we proceeded to create a prototype visualizing our solution. After
the prototype was completed we scheduled another meeting with Ms. Shao to discuss
the potential changes and improvements. She was positively surprised with our
creativity and added some suggestions that we implemented later into our project. It is
important to stay open-minded and flexible while discussing projects with your
stakeholders.

Our solution is based on rainwater. It is going to include a barrel - for water storage,
mesh - for filtration, and a pipe with drain holes - for the chickens to be able to use.
Everything is going to be sealed with silicone, preventing the water from spilling.

We gathered all of our materials and after sketches, our design became simple to make.
We have to measure everything out correctly, cut the pipes, and adjust the elements to
create our final product.

Ms. Shao (head of the chicken club) and Mr. Beam (engineering teacher) were
extremely helpful, giving us advice on materials, solutions as well as improvements that
concluded in the final product. They were always supporting us, giving us live feedback
and suggestions when needed.",2,3,rules bypassed,"The student makes a clear viability claim that the design is realistic and implementable, supported by stakeholder input from Ms. Shao and Mr. Beam, and a prototype development process. However, the evidence is partial and somewhat general, lacking explicit connection to specific design requirements or detailed consideration of risks, constraints, or failure modes.","Your design viability judgment demonstrates a solid foundation by incorporating stakeholder feedback and iterative prototyping, which are important steps in validating a design's practicality. The involvement of Ms. Shao and Mr. Beam provides credible qualitative evidence that your design is feasible and responsive to user needs. This shows good engagement with experts and end-users, which strengthens your viability claim.

However, the connection between your viability judgment and specific design requirements is not explicitly stated. While you describe the components and assembly process, there is limited discussion on how these elements meet key requirements or address potential risks such as water leakage, durability, or maintenance challenges. Additionally, the evidence provided is mostly descriptive and lacks quantitative or test-based support that would further substantiate the design’s realism.

To improve, explicitly link your viability claims to major design requirements and constraints. Include more detailed evidence such as measurements, material properties, or prototype test results. Discuss potential risks or failure modes and how your design mitigates them. Finally, consider providing more specific examples of how stakeholder feedback influenced design decisions to strengthen the credibility of your viability judgment.",3
Case046_4.pdf,,"We scheduled a meeting with Ms. Shao to discuss her needs and preferences. After we
got the general idea we proceeded to create a prototype visualizing our solution. After
the prototype was completed we scheduled another meeting with Ms. Shao to discuss
the potential changes and improvements. She was positively surprised with our
creativity and added some suggestions that we implemented later into our project. It is
important to stay open-minded and flexible while discussing projects with your
stakeholders.

Our solution is based on rainwater. It is going to include a barrel - for water storage,
mesh - for filtration, and a pipe with drain holes - for the chickens to be able to use.
Everything is going to be sealed with silicone, preventing the water from spilling.

We gathered all of our materials and after sketches, our design became simple to make.
We have to measure everything out correctly, cut the pipes, and adjust the elements to
create our final product.

Ms. Shao (head of the chicken club) and Mr. Beam (engineering teacher) were
extremely helpful, giving us advice on materials, solutions as well as improvements that
concluded in the final product. They were always supporting us, giving us live feedback
and suggestions when needed.",4,3,rules bypassed,"The student makes a clear viability claim that the design is realistic and implementable, supported by stakeholder input from Ms. Shao and Mr. Beam, and describes specific design elements like rainwater collection and sealing with silicone. However, the evidence is partial and somewhat general, lacking explicit connection to design requirements or detailed consideration of risks, constraints, or failure modes.","Your design viability judgment demonstrates a solid foundation by incorporating stakeholder feedback and expert advice, which adds credibility to your claim that the design is realistic. The description of specific components such as the rainwater barrel, mesh filtration, and silicone sealing shows thoughtful consideration of how the design will function in practice. This stakeholder engagement and material selection provide a reasonable basis for believing the design can work.

However, the connection between your viability judgment and the specific design requirements could be strengthened. While you mention helpful input and adjustments, there is no explicit discussion of how the design meets key requirements or addresses potential risks and constraints, such as water contamination, durability, or maintenance challenges. Additionally, the evidence provided is mostly qualitative and lacks concrete data or testing results that would further support your claims.

To improve, consider explicitly linking your design features and stakeholder feedback to the core requirements of the project. Include a discussion of possible failure modes or constraints and how your design mitigates them. Providing preliminary test results or measurements, even simple ones, would also enhance the credibility of your viability judgment. Finally, clarifying how you plan to ensure the design’s long-term functionality would strengthen your evaluation.",3
Case047_5.pdf,,"MyDesign Portfolio

Element F: Consideration of Design Viability

Template Instructions This template is designed for technical writing and succinctness.
Replace placeholders with precise details from your project, and ensure your responses are
backed by credible evidence to fully meet the rubric's criteria.

F1. Design Viability Judgment

● Design Overview: Briefly outline your proposed design.

All the spools will be stored on the top and side shelves on vertical and horizontal pegs
organized by size, color, or whatever criterion Mr. L wants it to be organized by. The top
shelf will be built from plywood and laid across the existing scaﬀold, which is 144 in x 21 in,
so the actual plywood will need to be about an inch smaller on each side. Vertical pegs will
have a diameter of 1 inch and will be spaced 9 inches apart, making a grid of 16 x 2 vertical
pegs on the shelf, each peg is 16 inches tall. The vertical pegs will serve as long term
storage that can store the bulk of the spools. The horizontal pegs will serve as short term
storage to allow students to have easy access to the spools to swap out with the existing
spools. There will be one horizontal shelf compared to two vertical shelves. The pegs will be
1.5 inches in diameter.

● Viability Evaluation: Assess the viability of your design. Provide a realistic judgment

backed by evidence.

○ Evidence: List evidence supporting viability (e.g., prototype testing, cost

analysis, expert opinions).

○ Justification: Concisely link each piece of evidence to specific design

requirements and practical applications.

In discussion with Mr. L, he told us that he liked our design and saw it as an
extremely viable solution to the filament storage problem, specifically surrounding

the design requirements of easy organization, and ability to store 200 spools
effectively (see element J). We did a full cost analysis in element D, where we
determined that we would need PVC pipe, wood, screws and washers, and 3D
printer filament, coming out at a total cost of $55.44, which is very reasonable for
practical application and around the $50 requested. In element I, we can see that
our prototype passed every test, meeting every design requirement, proving itself
to be effective and a good design to build fully. In total, the design is very viable,
and although individual parts might be able to be tweaked a bit, on the whole it is
an effective and realistic solution.

Risk Assessment

● Identified Risks: List key risks related to your design (technical, financial, operational).
● Mitigation Strategies: Outline strategies to mitigate these risks with supporting

rationale. Reference expert advice or credible data as necessary.

● The shelf or pegs may not support the weight of the spools, leading to potential collapse.

○ Mitigation: thorough testing of weight-bearing capacity for prototype, calculating

the load bearing capacity of the wood.

● Actual costs may exceed the estimated budget due to unforeseen expenses.

○ Mitigation: fully think through all the steps of building the final product, carefully
figure out the price for everything involved, and create an accurate budget.

● There could be difficulty in installing the shelf and pegs correctly.

○ Mitigation: completely measure the dimensions of the steel shelf beforehand and

implement them into the design completely.

Expert Feedback

● Consultations: Summarize expert feedback on your design’s viability.

● Feedback Implementation: Describe adjustments made based on expert feedback,

ensuring responses remain technical and focused.

From the expert review we got a good idea of what solution to filament storage they use at
NOVA Fab Labs, and we adapted our design accordingly. We kept the actual storage system
very close to the 3D printers for the convenience of everyone in the classroom in the design.
This decision was based on how they use boxes close to the printers at NOVA Fab Labs, and
the convenience that it brings. We switched to dowels/pipes that can be screwed into the shelf
using 3D printed connections in the design, also for ease of access which was emphasized in
the feedback of the expert reviewer and what they do in their labs. We switched from wooden
dowels to cheaper and lighter PVC, which will work better for our design in this context, and
which is validated by the use of the cheapest possible materials for storage in the labs.",5,5,rules bypassed,"The student provides a clearly realistic and well-supported viability judgment. The design is explicitly linked to key requirements such as easy organization and the capacity to store 200 spools. Multiple credible pieces of evidence support viability: expert stakeholder feedback from Mr. L endorsing the design, a detailed cost analysis confirming budget feasibility, and prototype testing results demonstrating the design meets all requirements. Additionally, the student identifies specific risks (weight support, cost overruns, installation challenges) and proposes concrete mitigation strategies, showing thoughtful consideration of constraints and potential failure modes. The design adjustments based on expert feedback further strengthen the viability argument.","Your design viability judgment is strong and well-articulated, demonstrating a clear understanding of how your proposed solution meets the major design requirements. You effectively connect your design to the need for easy organization and sufficient storage capacity, which anchors your viability claim in practical goals. The inclusion of multiple credible evidence sources—expert feedback, cost analysis, and prototype testing—provides a robust foundation for your judgment, enhancing the credibility of your conclusions.

Your risk assessment is thorough and shows a mature awareness of potential challenges, with thoughtful mitigation strategies that reflect practical engineering considerations. The incorporation of expert advice and subsequent design adaptations further demonstrate responsiveness and iterative improvement, which are key to realistic design viability.

To improve, consider providing more quantitative details from prototype testing to strengthen evidence further. Clarify how the cost analysis accounts for potential unforeseen expenses beyond the initial estimate. Including more explicit links between each piece of evidence and specific design requirements would enhance clarity. Finally, expanding on how the design addresses long-term durability or maintenance could provide a more comprehensive viability evaluation.",5
Case048_3.pdf,,"MyDesign Portfolio

Element F: Consideration of Design Viability

Template Instructions This template is designed for technical writing and succinctness.
Replace placeholders with precise details from your project, and ensure your responses are
backed by credible evidence to fully meet the rubric's criteria.

F1. Design Viability Judgment

● Design Overview: Briefly outline your proposed design.

All the spools will be stored on the top and side shelves on vertical and horizontal pegs
organized by size, color, or whatever criterion Mr. L wants it to be organized by. The top
shelf will be built from plywood and laid across the existing scaﬀold, which is 144 in x 21 in,
so the actual plywood will need to be about an inch smaller on each side. Vertical pegs will
have a diameter of 1 inch and will be spaced 9 inches apart, making a grid of 16 x 2 vertical
pegs on the shelf, each peg is 16 inches tall. The vertical pegs will serve as long term
storage that can store the bulk of the spools. The horizontal pegs will serve as short term
storage to allow students to have easy access to the spools to swap out with the existing
spools. There will be one horizontal shelf compared to two vertical shelves. The pegs will be
1.5 inches in diameter.

● Viability Evaluation: Assess the viability of your design. Provide a realistic judgment

backed by evidence.

○ Evidence: List evidence supporting viability (e.g., prototype testing, cost

analysis, expert opinions).

○ Justification: Concisely link each piece of evidence to specific design

requirements and practical applications.

In discussion with Mr. L, he told us that he liked our design and saw it as an
extremely viable solution to the filament storage problem, specifically surrounding

the design requirements of easy organization, and ability to store 200 spools
effectively (see element J). We did a full cost analysis in element D, where we
determined that we would need PVC pipe, wood, screws and washers, and 3D
printer filament, coming out at a total cost of $55.44, which is very reasonable for
practical application and around the $50 requested. In element I, we can see that
our prototype passed every test, meeting every design requirement, proving itself
to be effective and a good design to build fully. In total, the design is very viable,
and although individual parts might be able to be tweaked a bit, on the whole it is
an effective and realistic solution.

Risk Assessment

● Identified Risks: List key risks related to your design (technical, financial, operational).
● Mitigation Strategies: Outline strategies to mitigate these risks with supporting

rationale. Reference expert advice or credible data as necessary.

● The shelf or pegs may not support the weight of the spools, leading to potential collapse.

○ Mitigation: thorough testing of weight-bearing capacity for prototype, calculating

the load bearing capacity of the wood.

● Actual costs may exceed the estimated budget due to unforeseen expenses.

○ Mitigation: fully think through all the steps of building the final product, carefully
figure out the price for everything involved, and create an accurate budget.

● There could be difficulty in installing the shelf and pegs correctly.

○ Mitigation: completely measure the dimensions of the steel shelf beforehand and

implement them into the design completely.

Expert Feedback

● Consultations: Summarize expert feedback on your design’s viability.

● Feedback Implementation: Describe adjustments made based on expert feedback,

ensuring responses remain technical and focused.

From the expert review we got a good idea of what solution to filament storage they use at
NOVA Fab Labs, and we adapted our design accordingly. We kept the actual storage system
very close to the 3D printers for the convenience of everyone in the classroom in the design.
This decision was based on how they use boxes close to the printers at NOVA Fab Labs, and
the convenience that it brings. We switched to dowels/pipes that can be screwed into the shelf
using 3D printed connections in the design, also for ease of access which was emphasized in
the feedback of the expert reviewer and what they do in their labs. We switched from wooden
dowels to cheaper and lighter PVC, which will work better for our design in this context, and
which is validated by the use of the cheapest possible materials for storage in the labs.",3,5,rules bypassed,"The student provides a clearly realistic and well-supported viability judgment, strongly tied to major design requirements such as organization and storage capacity. Multiple credible pieces of evidence are presented, including expert feedback from Mr. L endorsing the design's viability, a detailed cost analysis within budget constraints, and prototype testing results confirming the design meets all requirements. The student also demonstrates awareness of risks and constraints by identifying potential structural, financial, and installation challenges and proposing mitigation strategies. The design adjustments based on expert advice further strengthen the viability argument.","The student's design viability judgment is a strong aspect of this submission. They effectively link the design's realism to key requirements, such as the ability to store 200 spools and ease of organization, supported by credible evidence including expert endorsement, cost analysis, and prototype testing results. This multi-faceted evidence base convincingly demonstrates that the design is practical and achievable within the project's constraints.

Additionally, the student shows a thorough understanding of potential risks by identifying structural, financial, and installation challenges and proposing thoughtful mitigation strategies. The incorporation of expert feedback from a relevant stakeholder and adaptation of the design accordingly further enhances the credibility and realism of the solution.

To improve, the student could provide more quantitative details from prototype testing to strengthen the evidence. Including specific load calculations or test results would clarify the design’s structural viability. Also, referencing more expert opinions or industry standards could broaden the support base. Finally, explicitly linking each mitigation strategy to the associated risk with more technical detail would deepen the risk analysis. Overall, the submission demonstrates a well-reasoned and credible viability judgment with room for more detailed evidence.",5
Case049_0.pdf,,"G8/ P1

Group Members: Zachary Simmons, Richard Johnson, Frank Calhoun,

Immanuel Korkoyah

Element F:",0,0,rules bypassed,The student document contains no discussion or judgment about the viability or realism of the proposed design.,"The submission does not provide any evaluation or judgment regarding the viability or realism of the proposed design. Without any discussion of how the design meets requirements, addresses constraints, or considers risks, it is impossible to assess whether the design is practical or achievable. The absence of any credible evidence, such as testing data, expert input, or analysis of potential failure modes, leaves the viability completely unaddressed.

A strong design viability judgment should explicitly connect the design’s feasibility to one or more key requirements, demonstrating an understanding of how the design will function in real-world conditions. Additionally, credible evidence such as prototype results, cost analysis, or stakeholder feedback would greatly strengthen the argument. Consideration of risks, constraints, and possible failure modes is also essential to show awareness of challenges and how they might be mitigated.

To improve, please include a clear statement about whether the design is realistic and viable. Support this judgment with specific evidence or reasoning linked to design requirements. Discuss any known risks or constraints and how the design addresses them. Finally, avoid submitting documents without substantive content on viability, as this is critical for evaluating the design’s potential success.",0
Case050_0.pdf,,"G8/ P1

Group Members: Zachary Simmons, Richard Johnson, Frank Calhoun,

Immanuel Korkoyah

Element F:",0,0,rules bypassed,The student document contains no discussion or judgment about the viability or realism of the proposed design. It only lists group members and the element heading without any content.,"The submission does not provide any evaluation or judgment regarding the viability or realism of the proposed design. Without any discussion or evidence, it is impossible to assess whether the design is practical or meets the necessary requirements. A strong viability judgment should clearly state whether the design is realistic and provide credible evidence supporting this claim.

Additionally, the response lacks any connection to design requirements, risk analysis, constraints, or potential failure modes. These elements are critical to demonstrating a thorough understanding of the design's feasibility and potential challenges. Including such considerations would strengthen the viability assessment and show thoughtful engineering reasoning.

To improve, the team should explicitly state their judgment on the design's viability and support it with specific evidence such as testing results, expert input, or cost analysis. They should also link their viability claims directly to key design requirements to demonstrate relevance. Finally, discussing possible risks, constraints, or failure modes would provide a more comprehensive and credible evaluation of the design's practicality.",0
Case051_4.pdf,,"Fruit Fly

Team: Cheesecake

Element F: Consideration of Design Viability

Our boarding school residents need a way to remove fruit flies from their dormitories.

This is because residents are irritated by the fruit flies and they could also pose a health risk. The

fruit flies are attracted to a food item that was left in the dormitories a few weeks ago. Fruit flies

have a short reproduction time so the quicker they are removed the easier it will be because there

are less flies to remove. Quality of life in the dormitories would also improve if the fruit flies

were to be removed.

Our solution will address our stakeholders' problem by getting rid of the flies. Our

prototype design was very promising; it's easily maintainable, lightweight, and durable. The

funnel shaped insert will allow the flies to go into the trap without them being able to leave. The

bottom of our design screws off as well, this allows the vinegar and dead flies to be easily

cleaned out.

We know our design is going to be easy to build because we are going to 3D print it. We

also made a prototype design using TinkerCAD. One thing we did to go above and beyond the

design requirement was that we added the screw off the bottom to make it easy to clean. Our

expert, Mr. S, said that our design needed to be able to withstand the conditions of the boys

dorm. The trap needs to have a neutral odor and cant add inconvenience to the life of the

residents. Mr. S is a dorm duty member and has lived on campus for years.",4,4,rules bypassed,"The student presents a generally realistic and viable design supported by credible evidence such as expert input from Mr. S, prototype development using TinkerCAD, and 3D printing feasibility. The design addresses key requirements like ease of cleaning, durability, and neutral odor, explicitly linking viability to stakeholder needs and environmental constraints.","The student's design viability judgment is strong in several respects. They clearly articulate how the design meets important requirements, such as being easy to maintain, lightweight, durable, and odor-neutral, which are critical for use in a dormitory setting. The inclusion of expert feedback from a dorm duty member with campus experience adds credibility and demonstrates awareness of real-world constraints. Additionally, the mention of a prototype created in TinkerCAD and plans for 3D printing shows practical consideration of build feasibility.

However, the evidence could be strengthened by including more detailed discussion of potential risks or failure modes, such as how the trap performs over time or under varying dorm conditions. The reasoning about why the funnel shape effectively traps flies is implied but not explicitly connected to viability. Future iterations could benefit from quantitative or observational data from prototype testing to further support claims. Also, expanding on how the design avoids inconvenience beyond odor neutrality would deepen the viability analysis.

To improve, the student should explicitly discuss possible limitations or challenges, provide more detailed expert insights or test results, and clearly link each design feature to specific requirements. Including a brief risk assessment and contingency plans would also enhance the overall viability judgment.",4
Case052_3.pdf,,"Fruit Fly

Team: Cheesecake

Element F: Consideration of Design Viability

Our boarding school residents need a way to remove fruit flies from their dormitories.

This is because residents are irritated by the fruit flies and they could also pose a health risk. The

fruit flies are attracted to a food item that was left in the dormitories a few weeks ago. Fruit flies

have a short reproduction time so the quicker they are removed the easier it will be because there

are less flies to remove. Quality of life in the dormitories would also improve if the fruit flies

were to be removed.

Our solution will address our stakeholders' problem by getting rid of the flies. Our

prototype design was very promising; it's easily maintainable, lightweight, and durable. The

funnel shaped insert will allow the flies to go into the trap without them being able to leave. The

bottom of our design screws off as well, this allows the vinegar and dead flies to be easily

cleaned out.

We know our design is going to be easy to build because we are going to 3D print it. We

also made a prototype design using TinkerCAD. One thing we did to go above and beyond the

design requirement was that we added the screw off the bottom to make it easy to clean. Our

expert, Mr. S, said that our design needed to be able to withstand the conditions of the boys

dorm. The trap needs to have a neutral odor and cant add inconvenience to the life of the

residents. Mr. S is a dorm duty member and has lived on campus for years.",3,4,rules bypassed,"The student presents a generally realistic and viable design supported by credible evidence including a prototype made in TinkerCAD, plans to 3D print the design, and expert input from a dorm duty member familiar with the environment. The design addresses key requirements such as ease of maintenance, durability, and neutral odor, with explicit mention of a screw-off bottom for cleaning and a funnel shape to trap flies. The expert's feedback on environmental conditions and user convenience further supports viability. However, the evidence lacks quantitative testing or detailed risk analysis, so the support is adequate but not comprehensive.","The student provides a solid judgment on the viability of their fruit fly trap design, demonstrating a clear understanding of the problem and how their solution meets stakeholder needs. The design is linked explicitly to important requirements such as ease of cleaning, durability, and odor neutrality, which are critical for use in a dormitory setting. The inclusion of expert input from a dorm duty member adds credibility and shows awareness of environmental constraints and user convenience.

While the evidence is credible and specific, it primarily relies on qualitative expert feedback and prototype modeling rather than quantitative testing or detailed risk assessment. The student could strengthen their viability judgment by including data from physical testing or simulations to demonstrate effectiveness and durability under real conditions. Additionally, discussing potential failure modes or limitations, such as how the trap performs over time or under varying fly populations, would improve the depth of analysis.

To enhance the design viability evaluation, the student should consider conducting and reporting prototype tests, explicitly addressing risks or constraints, and providing more detailed evidence of how the design meets all key requirements. Including these elements would provide a more comprehensive and convincing viability judgment.",4
Case053_3.pdf,,"A Self-Closing Gate Conundrum

#1 Victory Royale

Element F: Consideration of Design Viability

Student G’s family needs a self-closing mechanism that closes their family’s gate on its

own because his family does not want unwanted animals and people to get inside their fence gate

because it is a safety concern that could cause injury. This happens because student G’s gate can

not close on its own.

Our solution will be realistic to construct, because our group will buy the main

components of our design and assemble them together by putting the end of the spring through

the galvanized hanger straps hole, then put cut cloth around the galvanized hanger strap then we

are done. The spring that we will use for our prototype is a tension spring which when

compressed closes the gate. When the spring is compressed it wants to return to its original state

which is when the spring has no force acting upon itself.

A few features of our design that go beyond our design requirements are how far our

tension can bend before breaking. The strength needed to break the clamp that is connected to

the gate and the spring.",3,3,rules bypassed,"The student asserts that the design is realistic and describes the use of a tension spring and assembly method, providing a plausible mechanism for self-closing. There is a partial connection to design requirements, such as safety concerns and gate closure, and some mention of strength and bending limits. However, the evidence is limited to a basic description without quantitative data, testing results, or detailed risk or constraint analysis.","The student presents a clear judgment that the proposed self-closing gate design is realistic and achievable, which is a strength in demonstrating awareness of the design’s purpose. The explanation of using a tension spring and the assembly process shows an understanding of how the design could function, linking it to the requirement of closing the gate automatically to enhance safety. This connection to the design requirement is a positive aspect of the response.

However, the evidence supporting viability is somewhat limited and largely descriptive. The student does not provide quantitative data, testing outcomes, or detailed analysis of potential risks, constraints, or failure modes. For example, while the strength and bending capacity of components are mentioned, no specific measurements or evaluations are given. This limits the credibility and depth of the viability judgment.

To improve, the student should include specific evidence such as measurements of spring force, testing results, or stakeholder feedback. Additionally, discussing potential risks or failure modes and how the design addresses them would strengthen the viability argument. Finally, explicitly linking these points back to the key design requirements would provide a more robust and convincing evaluation.",3
Case054_3.pdf,,"A Self-Closing Gate Conundrum

#1 Victory Royale

Element F: Consideration of Design Viability

Student G’s family needs a self-closing mechanism that closes their family’s gate on its

own because his family does not want unwanted animals and people to get inside their fence gate

because it is a safety concern that could cause injury. This happens because student G’s gate can

not close on its own.

Our solution will be realistic to construct, because our group will buy the main

components of our design and assemble them together by putting the end of the spring through

the galvanized hanger straps hole, then put cut cloth around the galvanized hanger strap then we

are done. The spring that we will use for our prototype is a tension spring which when

compressed closes the gate. When the spring is compressed it wants to return to its original state

which is when the spring has no force acting upon itself.

A few features of our design that go beyond our design requirements are how far our

tension can bend before breaking. The strength needed to break the clamp that is connected to

the gate and the spring.",3,3,rules bypassed,"The student asserts that the design is realistic and describes using a tension spring and galvanized hanger straps, which provides some specific evidence of viability. The explanation of how the spring works to close the gate shows partial understanding and connection to the design requirement of self-closing. However, the evidence is incomplete and lacks quantitative data, testing results, or detailed risk or constraint analysis. The mention of strength and bending before breaking is vague and not supported by measurements or expert input.","The student presents a clear judgment that their self-closing gate design is realistic and achievable, which is a strength in demonstrating awareness of design viability. They connect the design to the key requirement of automatically closing the gate, explaining the role of the tension spring and how it functions to return to its original state to close the gate. This shows a reasonable understanding of the mechanism and its purpose.

However, the evidence provided to support this viability judgment is limited and somewhat vague. While the student mentions components like the tension spring and galvanized hanger straps, there is no quantitative data, testing, or stakeholder input to substantiate the claim that the design will reliably meet the requirements. Additionally, the discussion of strength and bending before breaking is not supported by measurements or analysis, and there is no explicit consideration of risks, constraints, or potential failure modes.

To improve, the student should include specific evidence such as prototype testing results or measurements of spring force and durability. They should also explicitly link how these factors meet the safety and functionality requirements. Including a discussion of possible risks or failure modes and how the design addresses them would strengthen the viability judgment. Finally, referencing expert advice or cost considerations could further support the design’s realism.",3
Case055_1.pdf,,"PART F. Consideration of Design’s Viability

The main considerations in the mural designs were in regard to connecting a healthy diet

to the schools’ mascots. Hurley Elementary-Middle School has a Confederate soldier as its
mascot, which can be quite controversial. In order to avoid controversy, we decided to include
the soldier without the flag. Instead, he carries a sword that says “Hurley.” We also had to
consider how kids would interpret the murals. Due to the wide range of ages within the schools,
we had to do very simple designs to prevent confusion among the young kids. Food may also be
a sensitive subject for some, so we tried to keep our designs neutral and scientific, showing
concepts such as the 5 food groups.",1,2,rules bypassed,"The student discusses some considerations related to the design's context and audience, such as avoiding controversy with the mascot and simplifying designs for younger children. However, the discussion is largely speculative and lacks concrete, credible evidence or explicit connection to design requirements. There is no mention of testing, stakeholder input, cost, or risk analysis, and the viability judgment is vague and unsupported.","The student's discussion shows an awareness of some contextual factors that could impact the design's acceptance, such as the sensitivity around the mascot and the need for simplicity to accommodate a wide age range. This indicates some initial thought about the design's viability in terms of social and user considerations. However, the response falls short of providing a clear, well-supported judgment about whether the design is realistic and viable overall.

The connection between the viability considerations and specific design requirements is weak. While the student mentions avoiding controversy and simplifying designs, these points are not explicitly linked to formal requirements or supported by credible evidence such as stakeholder feedback, cost analysis, or risk assessment. The response lacks concrete evidence or detailed reasoning that would strengthen the viability claim.

To improve, the student should explicitly connect viability judgments to key design requirements, provide evidence such as stakeholder input or expert opinions, and discuss potential risks or constraints more thoroughly. Including specific examples of how the design meets requirements or addresses challenges would also enhance credibility. Finally, considering possible failure modes or limitations would demonstrate a deeper understanding of design viability.",2
Case056_2.pdf,,"PART F. Consideration of Design’s Viability

The main considerations in the mural designs were in regard to connecting a healthy diet

to the schools’ mascots. Hurley Elementary-Middle School has a Confederate soldier as its
mascot, which can be quite controversial. In order to avoid controversy, we decided to include
the soldier without the flag. Instead, he carries a sword that says “Hurley.” We also had to
consider how kids would interpret the murals. Due to the wide range of ages within the schools,
we had to do very simple designs to prevent confusion among the young kids. Food may also be
a sensitive subject for some, so we tried to keep our designs neutral and scientific, showing
concepts such as the 5 food groups.",2,2,rules bypassed,"The student discusses some considerations related to the design's context and audience, such as avoiding controversy with the mascot and simplifying designs for younger children. However, the discussion is largely speculative and lacks concrete, credible evidence or explicit connection to design requirements. There is no mention of testing, stakeholder input, cost, or risk analysis to support viability.","The student's discussion shows an awareness of some contextual factors that could affect the design's acceptance, such as the sensitivity around the mascot and the need for simplicity to accommodate a wide age range. This indicates some initial thought about the design's viability in terms of audience appropriateness. However, the response falls short of providing a clear, evidence-based judgment on whether the design is realistic and viable. The viability discussion is mostly speculative and does not include concrete evidence such as stakeholder feedback, testing results, or cost considerations.

Additionally, the response does not explicitly connect the viability considerations to specific design requirements, which weakens the overall argument. There is also no mention of potential risks, constraints, or failure modes that might impact the design's success. To improve, the student should provide explicit links between viability and design requirements, incorporate credible evidence such as expert or stakeholder input, and discuss possible risks or constraints. Including some form of validation or proof-of-concept reasoning would also strengthen the viability judgment.",2
Case057_0.pdf,,"Element F
My solution will help filter water to remove contaminants and my solution uses cheap, easy to
get materials. I did not add any extras as it would increase cost.",0,2,rules bypassed,"The student asserts that the design uses cheap, easy-to-get materials and avoids extras to reduce cost, which suggests some consideration of viability. However, the evidence is vague and speculative without concrete support, testing, or explicit connection to design requirements.","Your design viability judgment shows an initial awareness of practical considerations, such as using inexpensive and accessible materials and avoiding additional features to keep costs low. This is a positive start, as cost and material availability are important factors in design viability. However, your explanation lacks specific evidence or detailed reasoning to convincingly demonstrate that the design will realistically meet the intended requirements. For example, you do not provide any data, testing results, or expert input to support the claim that your water filter will effectively remove contaminants.

Additionally, there is no explicit connection between your viability judgment and the key design requirements, such as contaminant removal efficiency or durability. You also do not discuss potential risks, constraints, or failure modes that could affect the design’s success. To improve, consider including specific evidence such as test results or comparisons to proven filtration methods. Explicitly link your viability claims to the design requirements and address possible challenges or limitations. Providing a more detailed rationale with credible support will strengthen your evaluation and demonstrate a deeper understanding of your design’s feasibility.",2
Case058_1.pdf,,"Element F
My solution will help filter water to remove contaminants and my solution uses cheap, easy to
get materials. I did not add any extras as it would increase cost.",1,2,rules bypassed,"The student asserts that the design uses cheap, easy-to-get materials and avoids extras to reduce cost, which suggests some consideration of viability. However, the evidence is vague and speculative without concrete support, testing, or explicit connection to design requirements.","Your design viability judgment shows an initial awareness of cost constraints by emphasizing the use of inexpensive, readily available materials and avoiding additional features that could increase cost. This is a positive start, as cost is often a critical design requirement. However, the explanation lacks specific evidence or detailed reasoning to convincingly demonstrate that the design is realistic and viable. For example, there is no discussion of how effectively the materials will filter contaminants, nor any mention of testing, stakeholder input, or potential risks and failure modes.

To strengthen your viability judgment, consider explicitly linking your design choices to key requirements such as contaminant removal efficiency, durability, or user safety. Providing evidence such as test results, expert feedback, or comparisons to proven solutions would also enhance credibility. Additionally, discussing possible constraints or risks—like material limitations or maintenance challenges—and how you plan to address them would show deeper understanding. Finally, elaborating on why avoiding extras improves viability beyond cost, such as simplifying maintenance or improving reliability, would make your argument more compelling.",2
Case059_4.pdf,,"Element F

We used a matrix to combine our ideas and calculate which idea is the most
viable and cost effective to conclude our rose mechanism idea that was used. To create
our ideas, we researched other methods used to create the rose in Beauty and Beast
and used that information to come up with five ideas each.

One of the biggest problems we encountered was time. We were on a time

restraint and received materials late which caused our team to lose more time. Due to
this problem, our team leader decided to use the motors from remote cars that were
already set up allowing us to save time. Another benefit to using the remote motors from
toy cars is our team already knew they worked. After talking to an engineering student
at Duke, we used her suggestion of using an individual motor for each scene which
allowed us to be more confident in our design. We utilized this idea by having one rose
petal connected to individual motors via string.

Another issue we faced from materials delivering late was extra, unused time. In

order to address this, we used the time to document, update elements and daily
journals. After this, our extra time allowed for team building which significantly increased
our team communication.

Overall our design will fulfill our design requirements. It is controlled via remote,

so the rose will stay on the stand for the duration of the play. Because we used parts
from a car, we know that they already work, reducing the risk of hazard of crew
members and decreasing the risk of mechanical or operational issues. It will also come
with the battery packs so once the batteries are put in, it will have access to the amount
of volts required. Our visual design of the flower will allow it to be 1.5 feet tall, have
three red petals and a green stem.",4,4,rules bypassed,"The student provides a generally realistic viability judgment supported by credible evidence such as using motors from remote cars known to work, expert input from an engineering student, and consideration of power supply via battery packs. The design is explicitly connected to requirements like remote control operation, size, and safety. Constraints like time and material delays are acknowledged with adaptive solutions, showing awareness of risks.","The student presents a solid judgment on the viability of their rose mechanism design, demonstrating a clear understanding of its realism and feasibility. They effectively link the design to key requirements, such as remote control operation, size constraints, and safety considerations, which strengthens the credibility of their viability claim. The use of motors from remote cars, which are known to function reliably, and the incorporation of expert advice from an engineering student provide concrete evidence supporting the design’s practicality.

The response also shows awareness of constraints and risks, including time limitations and late material delivery, and describes adaptive strategies to mitigate these challenges. However, the evidence could be strengthened by including more detailed discussion of potential failure modes or mechanical risks beyond general safety assurances. Additionally, while expert input is mentioned, elaborating on how this advice was integrated into the design would improve clarity.

To enhance the viability judgment, the student should provide more explicit connections between design choices and specific requirements, include a brief risk analysis or contingency plan, and offer some preliminary test results or proof-of-concept observations. Clarifying how the design addresses possible operational issues would further solidify the argument for its realism and viability.",4
Case060_3.pdf,,"Element F

We used a matrix to combine our ideas and calculate which idea is the most
viable and cost effective to conclude our rose mechanism idea that was used. To create
our ideas, we researched other methods used to create the rose in Beauty and Beast
and used that information to come up with five ideas each.

One of the biggest problems we encountered was time. We were on a time

restraint and received materials late which caused our team to lose more time. Due to
this problem, our team leader decided to use the motors from remote cars that were
already set up allowing us to save time. Another benefit to using the remote motors from
toy cars is our team already knew they worked. After talking to an engineering student
at Duke, we used her suggestion of using an individual motor for each scene which
allowed us to be more confident in our design. We utilized this idea by having one rose
petal connected to individual motors via string.

Another issue we faced from materials delivering late was extra, unused time. In

order to address this, we used the time to document, update elements and daily
journals. After this, our extra time allowed for team building which significantly increased
our team communication.

Overall our design will fulfill our design requirements. It is controlled via remote,

so the rose will stay on the stand for the duration of the play. Because we used parts
from a car, we know that they already work, reducing the risk of hazard of crew
members and decreasing the risk of mechanical or operational issues. It will also come
with the battery packs so once the batteries are put in, it will have access to the amount
of volts required. Our visual design of the flower will allow it to be 1.5 feet tall, have
three red petals and a green stem.",3,4,rules bypassed,"The student presents a generally realistic and viable design supported by credible evidence such as using motors from remote cars known to work, expert input from an engineering student, and a design that meets key requirements like remote control and safety. The design is explicitly connected to requirements including size, control, and safety, and addresses constraints like time and material delays. However, the evidence is somewhat limited to qualitative reasoning and lacks formal testing or quantitative validation.","The student provides a solid judgment on the viability of their rose mechanism design, demonstrating a clear understanding of its realism and feasibility. They effectively link the design to key requirements such as remote control operation, size specifications, and safety considerations by reusing proven components like remote car motors and incorporating expert advice. This connection strengthens the credibility of their viability claim.

The evidence presented is credible, relying on known working parts and stakeholder input, which adds confidence to the design's success. The student also acknowledges constraints such as time limitations and material delivery delays, showing awareness of project risks and how they influenced design decisions. However, the discussion would benefit from more detailed evidence such as prototype testing results or quantitative performance data to further substantiate viability.

To improve, the student should include specific test outcomes or measurements demonstrating the design’s functionality. They could also elaborate on potential failure modes and mitigation strategies to deepen risk analysis. Additionally, clarifying how the design meets all critical requirements quantitatively would strengthen the argument. Finally, integrating more detailed expert feedback or stakeholder validation would enhance the overall credibility of the viability judgment.",4
Case061_5.pdf,,"MyDesign Portfolio

Element F: Consideration of Design Viability

Template Instructions This template is designed for technical writing and succinctness.
Replace placeholders with precise details from your project, and ensure your responses are
backed by credible evidence to fully meet the rubric's criteria.

F1. Design Viability Judgment

● Design Overview: We want to connect the blast gate to a lever using a bike wire so that

the student can use a lever to open the blast gate

● Viability Evaluation: Our design is very viable since all you need is to cut out some

wood and connect them to bike wires.

○ Evidence: The prototype that we made was somewhat similar to our design and

focused on the same goal: to open the blast gate.

Risk Assessment

● Identified Risks: The risks that we may encounter is not finishing it on time, there being
too much friction to open the blast gate, and the bike wire fraying after a couple of uses.

● Mitigation Strategies: Some strategies that I could use to mitigate these risks are buy
better quality bike wire, sand down the wood, and work faster and more efficiently.

Expert Feedback

● Consultations: Our expert said that our prototype was very viable and he would like to

use that sort of design for his room.

● Feedback Implementation: Some adjustments that were made because of expert

feedback were trying to make the bike wire move more smoothly and stop them from
fraying.",5,3,rules bypassed,"The student makes a clear viability claim that the design is 'very viable' and provides some supporting evidence including a prototype similar to the design and expert feedback endorsing viability. However, the evidence is somewhat limited and qualitative, lacking detailed connection to specific design requirements or quantitative data. The risk assessment and mitigation strategies show awareness of potential issues but are general and not strongly tied to evidence of success.","The student presents a generally positive judgment about the design's viability, supported by a prototype and expert feedback. This demonstrates a reasonable understanding that the design could work in practice. The inclusion of a risk assessment and mitigation strategies further indicates awareness of potential challenges, which strengthens the viability discussion. However, the connection between the viability judgment and specific design requirements is not explicit, limiting the strength of the argument. The evidence provided is mostly qualitative and somewhat vague, such as stating the prototype was 'somewhat similar' and the expert 'would like to use that sort of design,' without detailed data or measurements. The risk analysis identifies plausible issues but lacks depth in how these risks impact overall viability or how mitigation strategies have been tested or validated. To improve, the student should explicitly link viability claims to key design requirements, provide more concrete evidence such as test results or measurements, and deepen the risk analysis by explaining how identified risks affect functionality and how mitigation efforts have been or will be verified. Additionally, clarifying how expert feedback was incorporated to enhance viability would strengthen the argument.",3
Case062_3.pdf,,"MyDesign Portfolio

Element F: Consideration of Design Viability

Template Instructions This template is designed for technical writing and succinctness.
Replace placeholders with precise details from your project, and ensure your responses are
backed by credible evidence to fully meet the rubric's criteria.

F1. Design Viability Judgment

● Design Overview: We want to connect the blast gate to a lever using a bike wire so that

the student can use a lever to open the blast gate

● Viability Evaluation: Our design is very viable since all you need is to cut out some

wood and connect them to bike wires.

○ Evidence: The prototype that we made was somewhat similar to our design and

focused on the same goal: to open the blast gate.

Risk Assessment

● Identified Risks: The risks that we may encounter is not finishing it on time, there being
too much friction to open the blast gate, and the bike wire fraying after a couple of uses.

● Mitigation Strategies: Some strategies that I could use to mitigate these risks are buy
better quality bike wire, sand down the wood, and work faster and more efficiently.

Expert Feedback

● Consultations: Our expert said that our prototype was very viable and he would like to

use that sort of design for his room.

● Feedback Implementation: Some adjustments that were made because of expert

feedback were trying to make the bike wire move more smoothly and stop them from
fraying.",3,3,rules bypassed,"The student makes a clear viability claim that the design is 'very viable' and provides some supporting evidence including a prototype similar to the design and expert feedback endorsing viability. However, the evidence is partial and somewhat vague, lacking detailed connection to specific design requirements or quantitative data. The risk assessment and mitigation strategies show awareness of potential issues but are not strongly tied to evidence of successful resolution.","Your design viability judgment demonstrates a reasonable understanding of the feasibility of your proposed solution. You clearly state that the design is viable and support this with a prototype that aligns with your concept, as well as positive expert feedback. This shows you have engaged with practical aspects of your design and sought external validation, which strengthens your argument.

However, the connection between your viability judgment and specific design requirements could be more explicit. For example, explaining how the prototype meets functional needs or performance criteria would clarify the design’s realism. Additionally, while you identify risks such as friction and wire fraying and propose mitigation strategies, these are somewhat general and lack evidence of successful implementation or testing.

To improve, consider providing more detailed evidence such as measurements or test results from your prototype that demonstrate functionality. Explicitly link your viability claims to key design requirements to show how your solution meets them. Strengthen your risk analysis by documenting how mitigation strategies were tested or validated. Finally, including more precise expert feedback or multiple expert opinions could further support your viability judgment.",3
Case063_2.pdf,,"Element F: Consideration of Design Viability:

We have our fan and now we just need to create the adapter, hose, and control system.
Our envisioned design seems quite feasible. Once the adapter is done we can attach it
and then attach the hose to the adapter. Because of how long this project is taking we
are going to leave the control system for another project.",2,2,rules bypassed,"The student asserts that the design 'seems quite feasible' and outlines the next steps, but provides no concrete evidence, testing, or connection to design requirements. The viability discussion is vague and speculative without credible support.","The student's design viability judgment is limited and largely speculative. While they express a general belief that the design is feasible, this assertion lacks supporting evidence such as testing results, expert input, or detailed reasoning tied to specific design requirements. The description of the design steps, such as creating the adapter and hose, is more of a plan than an evaluation of whether the design will realistically meet its goals.

There is no explicit connection made between the design's feasibility and any key requirements or constraints, nor is there any discussion of potential risks, failure modes, or tradeoffs. The decision to defer the control system to a future project further weakens the viability argument, as it leaves a critical component unaddressed without justification.

To improve, the student should provide specific evidence supporting the feasibility claim, such as referencing prior successful use of similar components or preliminary tests. They should explicitly link the design's viability to one or more key requirements and discuss potential risks or challenges. Including a brief analysis of constraints or failure modes would also strengthen the judgment. Finally, addressing how the control system impacts overall viability would provide a more complete evaluation.",2
Case064_1.pdf,,"Element F: Consideration of Design Viability:

We have our fan and now we just need to create the adapter, hose, and control system.
Our envisioned design seems quite feasible. Once the adapter is done we can attach it
and then attach the hose to the adapter. Because of how long this project is taking we
are going to leave the control system for another project.",1,2,rules bypassed,"The student asserts that the design 'seems quite feasible' and outlines the next steps, but provides no concrete evidence or connection to design requirements. The viability discussion is vague and speculative without credible support or risk consideration.","The student's judgment about the design's viability is tentative and lacks substantive support. While they express a general sense that the design is feasible, this assertion is not backed by any specific evidence such as testing results, expert input, or detailed reasoning tied to design requirements. The response primarily describes the planned components and next steps rather than evaluating whether the design will realistically meet its goals.

There is no explicit connection made between the design's viability and any key requirements, nor is there discussion of potential risks, constraints, or failure modes. This limits the credibility of the viability claim and leaves the reader uncertain about the design's practicality. The mention of postponing the control system to a future project further weakens the viability argument, as a critical subsystem is not yet addressed.

To improve, the student should provide concrete evidence supporting feasibility, such as referencing prior successful use of similar adapters or hoses, or preliminary tests. Explicitly linking the design to specific requirements would strengthen the argument. Additionally, discussing potential risks or challenges and how they might be mitigated would demonstrate deeper consideration of viability. Finally, addressing the control system's role and timeline would provide a more complete viability assessment.",2
Case065_2.docx,,"Element F
When brainstorming the design for the ball holder, we need to figure out what it is going to cost and see how we are going to clip it to the bike. After analyzing the size of the bike, we produced the clip that goes on the bike.",2,1,rules bypassed,"The student describes aspects of the design process, such as cost considerations and clipping the holder to the bike, but does not provide any evaluation or judgment about the design's realism or viability. There is no credible evidence or connection to design requirements presented.","The student's submission provides a brief description of the design process, mentioning cost considerations and the physical attachment of the ball holder to the bike. However, it lacks a clear judgment on whether the proposed design is realistic or viable. The response does not connect the design to any specific requirements or constraints, nor does it provide credible evidence such as measurements, testing, or stakeholder input to support viability.

Without explicit evaluation or supporting evidence, the submission falls short of demonstrating an understanding of the design's feasibility. There is no discussion of potential risks, constraints, or failure modes, which are critical for assessing viability. To improve, the student should explicitly state whether the design is expected to work and explain why, referencing relevant design requirements. Including concrete evidence such as cost estimates, size measurements, or feedback from potential users would strengthen the argument. Additionally, considering possible challenges or limitations and how they might be addressed would provide a more comprehensive viability assessment.",1
Case066_2.docx,,"Element F
When brainstorming the design for the ball holder, we need to figure out what it is going to cost and see how we are going to clip it to the bike. After analyzing the size of the bike, we produced the clip that goes on the bike.",2,1,rules bypassed,"The student describes aspects of the design process, such as cost considerations and clipping the holder to the bike, but does not provide any evaluation or evidence supporting the design's realism or viability.","The student's submission provides a brief description of the design process, mentioning cost considerations and the physical attachment of the ball holder to the bike. However, it lacks a clear judgment about whether the proposed design is realistic or viable. There is no explicit evaluation of how the design meets specific requirements or any credible evidence supporting its feasibility. The response primarily describes design features without assessing potential risks, constraints, or failure modes.

To strengthen the viability judgment, the student should explicitly connect the design to key requirements, such as durability, ease of attachment, or cost-effectiveness. Including concrete evidence, such as measurements, cost estimates, stakeholder feedback, or prototype testing results, would provide a more credible basis for the design's realism. Additionally, discussing potential risks or constraints, like the clip's strength or compatibility with different bike sizes, would demonstrate a deeper understanding of design viability.

Recommendations for improvement include: 1) providing specific evidence supporting the design's feasibility, 2) explicitly linking the design to one or more requirements, 3) addressing possible risks or failure modes, and 4) offering reasoning that explains why the design is expected to work in practice. These steps will help create a more convincing and comprehensive viability judgment.",1
Case067_5.pdf,,"Name: I Forgot Again Team Date: 4/5/24 Class: Engineering

MyDesign Portfolio

Element F: Consideration of Design Viability

Judgment about Design Viability (F1)

Use as many rows as needed. Remember, this chart below may help you organize your
ideas, but you will need to execute the “credible evidence.”

Design Viability Description

Connection to Design
Requirement

Credible Evidence?

The solution ﬁts the car
properly.

Our solution can ﬁt the
car with measurements.

We measured out the car
console, and it ﬁts a 12-inch
by 8-inch by 6-inch model.

Our solution prioritizes the
safety of the items inside.

The solution has sturdy
materials that will last
over time and break if
necessary to protect the
items held.

The materials are used for
the same purpose of
keeping items safe in transit
in other solutions and are
proven to work.

The driver isn’t distracted while
driving with our solution.

Does not interfere with
the regular functions of
the car or the driver’s
safety.

Our studies found that 90%
of drivers have been
distracted by items falling;
having their items safe in
our prototype will remove
this fear and thus drivers
will be less distracted.

MyDesign Portfolio - Element G Initial Template

1",5,4,rules bypassed,"The student provides a clear viability judgment that the design fits the car, prioritizes safety, and reduces driver distraction. They support this with specific measurements of the car console and the model, reference to material suitability based on similar uses, and a study about driver distraction. However, the evidence is only partially convincing as it lacks direct testing or detailed analysis of risks, constraints, or failure modes.","The student presents a thoughtful judgment about the design's viability, addressing key design requirements such as fitting the car, ensuring safety, and minimizing driver distraction. This shows a good understanding of the design goals and a logical connection between the design features and the intended outcomes. The inclusion of specific measurements and reference to material use in similar applications adds credibility to the viability claim.

However, the evidence provided is somewhat limited and lacks depth. While the measurements and material references are helpful, there is no direct testing or demonstration of the design's performance under real conditions. The mention of a study on driver distraction is relevant but indirect, as it does not confirm the prototype's effectiveness in reducing distraction. Additionally, there is no discussion of potential risks, constraints, or failure modes that could impact viability.

To improve, the student should include direct testing results or prototype evaluations to strengthen evidence. They should also analyze possible risks or failure scenarios and how the design addresses them. Providing more detailed connections between evidence and specific design requirements would enhance clarity. Finally, incorporating stakeholder feedback or expert opinions could further support the viability judgment.",4
Case068_3.pdf,,"Name: I Forgot Again Team Date: 4/5/24 Class: Engineering

MyDesign Portfolio

Element F: Consideration of Design Viability

Judgment about Design Viability (F1)

Use as many rows as needed. Remember, this chart below may help you organize your
ideas, but you will need to execute the “credible evidence.”

Design Viability Description

Connection to Design
Requirement

Credible Evidence?

The solution ﬁts the car
properly.

Our solution can ﬁt the
car with measurements.

We measured out the car
console, and it ﬁts a 12-inch
by 8-inch by 6-inch model.

Our solution prioritizes the
safety of the items inside.

The solution has sturdy
materials that will last
over time and break if
necessary to protect the
items held.

The materials are used for
the same purpose of
keeping items safe in transit
in other solutions and are
proven to work.

The driver isn’t distracted while
driving with our solution.

Does not interfere with
the regular functions of
the car or the driver’s
safety.

Our studies found that 90%
of drivers have been
distracted by items falling;
having their items safe in
our prototype will remove
this fear and thus drivers
will be less distracted.

MyDesign Portfolio - Element G Initial Template

1",3,4,rules bypassed,"The student provides a clear viability judgment that the design fits the car, prioritizes safety, and reduces driver distraction. They support this with specific measurements of the car console and model size, reference to material suitability based on similar uses, and a study about driver distraction. However, the evidence is only partially convincing as it lacks direct testing or detailed analysis of risks, constraints, or failure modes. The connection to design requirements is present but not deeply elaborated.","Your design viability judgment demonstrates a solid understanding of how your solution addresses key design requirements such as fitting the car, ensuring safety, and minimizing driver distraction. The inclusion of specific measurements to confirm fit and the reference to materials commonly used for protection provide a reasonable basis for believing the design is realistic. Additionally, citing a study about driver distraction adds some stakeholder relevance to your argument.

However, the evidence provided is somewhat limited and could be strengthened. While you mention measurements and material suitability, there is no direct testing or prototype validation to confirm these claims. Furthermore, the discussion lacks explicit consideration of potential risks, constraints, or failure modes that might affect viability. For example, how the materials behave under stress or how the design might perform in different driving conditions is not addressed.

To improve, consider including actual prototype testing results or detailed simulations to support your claims. Expanding on how your design mitigates specific risks or constraints would also enhance credibility. Finally, explicitly linking each piece of evidence to the corresponding design requirement will clarify the strength of your viability judgment.",4
Case069_0.pdf,,,0,0,rules bypassed,The student document contains no content related to design viability judgment or evidence.,"Your submission currently lacks any discussion or evaluation of the viability of your proposed design. A strong design viability judgment is essential to demonstrate that your concept is realistic and can meet the project requirements. Without this, it is difficult to assess whether your design will function as intended or address potential challenges.

To improve, begin by explicitly stating whether you believe your design is realistic and viable. Support this judgment with credible evidence such as test results, expert feedback, cost analysis, or comparisons to similar successful designs. Make sure to connect your viability claims directly to one or more key design requirements to show relevance. Additionally, consider discussing potential risks, constraints, or failure modes and how your design addresses or mitigates them.

Including these elements will strengthen your evaluation and provide a clearer rationale for your design choices. Specific recommendations include: 1) Provide a clear statement on design viability; 2) Include concrete evidence or reasoning supporting this judgment; 3) Link your viability discussion explicitly to design requirements; and 4) Address possible risks or limitations. These steps will enhance the credibility and completeness of your design assessment.",0
Case070_0.pdf,,,0,0,rules bypassed,The student document contains no content related to design viability judgment or evidence.,"Your submission currently lacks any discussion or evaluation of the viability of your proposed design. A strong design viability judgment is essential to demonstrate that your concept is realistic and can meet the project requirements. Without this, it is difficult to assess whether your design will function as intended or address potential challenges.

To improve, begin by explicitly stating whether you believe your design is viable and realistic. Support this judgment with credible evidence such as test results, expert feedback, cost analysis, or comparisons to similar successful designs. Make sure to connect your viability claims directly to one or more key design requirements to show relevance. Additionally, consider discussing potential risks, constraints, or failure modes and how your design addresses or mitigates them.

Including these elements will strengthen your evaluation and provide a clearer rationale for your design choices. Specific recommendations: 1) Add a clear statement about the design’s viability. 2) Provide concrete evidence or reasoning supporting this judgment. 3) Link your viability discussion explicitly to design requirements. 4) Address possible risks or limitations and how they are managed. These steps will enhance the credibility and completeness of your design viability assessment.",0
Case071_3.pdf,,"Element F

When group 6 first started brainstorming the idea of the Enchanted mirror, the

members ranked each idea on consistency, cost, and design, and then voted on it. After

voting, the group came up with the idea of making a mirror out of the wood provided by

Ms. Moody and installing LEDs.

Ms. Moody’s main requirements were that it was remote controlled and that it

“looked good”. The budget given was around 60 dollars. With the budget and

requirements in mind, we decided to use the wood provided by the theater for the outside

of the mirror and plexiglass provided by Mr. Kiser as the diffuser. After deciding this, we

did research into cheap but well performing remote controlled LEDs. We looked into

reviews and videos on how the LEDs performed and how they worked and decided to

purchase some off amazon. After the LEDs arrived, we made sure they were remote

controlled and that they had some decent range. Both were true and the range was about

30ft. After this we installed the LEDs into the mirror and tested it. We had to make a hole

in the back of the mirror so that the LED sensor could be hit by the infrared light. After

this, we brought it to the stage where we tested its longevity angles in which we would

turn it on and distance again. We found the the battery source was not viable and ordered

a battery pack with a on and off switch to ensure it would not go into power saving mode.

After installing the the new pack, we determined that the mirror worked and got it

checked by Ms. Moody who said she liked it.

Objective:

Make a magic mirror the looks good and can be turned on by a remote control

Procedure:

1. Open mirror

2. Install batteries in pack

3. Turn on the pack

4. Close mirror

5. Position yourself behind the mirror

6. Direct remote control at the back of the mirror

7. Hit the on button on the remote control

8. Adjust the colors

9. Direct remote control at the back of the mirror

10. When done hit the off button",3,4,rules bypassed,"The student provides a generally realistic and viable design supported by credible evidence such as budget adherence, use of provided materials, and testing of remote-controlled LEDs including range and battery pack functionality. The design meets key requirements of being remote controlled and aesthetically pleasing, confirmed by stakeholder approval. The student documents iterative testing and problem-solving (e.g., battery pack replacement) demonstrating awareness of constraints and risks.","The student presents a solid judgment on the viability of their enchanted mirror design, clearly linking it to the main requirements of remote control functionality and visual appeal. The design is realistic, leveraging available materials and a reasonable budget, which strengthens the viability claim. The inclusion of testing the LED range and battery pack performance provides credible evidence that the design functions as intended. Additionally, the student’s iterative approach to resolving the battery issue shows practical consideration of constraints and potential failure modes.

While the response effectively connects viability to requirements and includes stakeholder feedback, it could be improved by providing more quantitative data from testing, such as battery life duration or specific performance metrics of the LEDs. Further discussion of potential risks, such as durability or long-term maintenance, would enhance the evaluation. Including a brief comparison of alternative solutions or tradeoffs considered would also deepen the viability analysis.

To improve, the student should document more detailed test results, explicitly address possible failure modes or limitations, and discuss how the design balances cost, aesthetics, and functionality. This would provide a more comprehensive and convincing viability judgment.",4
Case072_0.pdf,,"Element F: our product will keep the stakeholder's plants watered at a constant rate it will be a
cleaner and safer way to keep vegetation watered. It does this via the center pipe which expels
water into the four towers, which will fall and re-enter the center tub.",0,1,rules bypassed,"The student asserts that the product will keep plants watered at a constant rate and be cleaner and safer, but provides no supporting evidence or evaluation of whether the design will realistically achieve these goals.","The student's submission includes a basic description of the design and an assertion that it will maintain a constant watering rate and be cleaner and safer. However, the response lacks a clear evaluation of the design's viability. There is no credible evidence, such as testing data, stakeholder input, or analysis of constraints, to support the claim that the design will function as intended. Additionally, the response does not explicitly connect the viability judgment to specific design requirements, which weakens the overall argument for feasibility.

To improve, the student should provide concrete evidence or reasoning that supports the design's ability to meet its goals. This could include referencing similar existing systems, stakeholder feedback confirming the design's practicality, or preliminary test results. Furthermore, explicitly linking the design's features to key requirements would strengthen the viability judgment. Including consideration of potential risks, constraints, or failure modes would also demonstrate a deeper understanding of design challenges and enhance credibility.

Overall, the student should move beyond describing the design and asserting its success by incorporating specific, credible evidence and thoughtful analysis to convincingly argue for the design's realism and viability.",1
Case073_3.pdf,,"Element F: our product will keep the stakeholder's plants watered at a constant rate it will be a
cleaner and safer way to keep vegetation watered. It does this via the center pipe which expels
water into the four towers, which will fall and re-enter the center tub.",3,1,rules bypassed,The student asserts that the design will keep plants watered in a cleaner and safer way but provides no supporting evidence or evaluation of whether the design is realistic or viable.,"The student's submission presents a basic description of the design concept, highlighting that the product will water plants consistently and safely by using a center pipe to distribute water to four towers. However, the response lacks a clear judgment on the design's viability. There is no discussion of how the design meets specific requirements, nor is there any credible evidence such as testing data, stakeholder input, or risk analysis to support the claim that the design is realistic or effective.

To strengthen the viability judgment, the student should explicitly connect the design features to key requirements, such as consistent watering rates or safety standards. Including evidence like prototype testing results, expert feedback, or cost considerations would also enhance credibility. Additionally, discussing potential risks or failure modes—such as water flow issues or maintenance challenges—and how the design addresses them would demonstrate a deeper understanding of viability.

Recommendations for improvement include: 1) providing specific evidence or examples that support the design's effectiveness; 2) linking the design's features directly to stakeholder needs or requirements; 3) acknowledging possible constraints or risks and how they are mitigated; and 4) moving beyond description to evaluate whether and why the design will work in practice.",1
Case074_2.pdf,,"Element F: Consideration of Design Viability

When designing the way the water filter would look and stand I had to make sure that it could
stand up on its own without falling over. In order to do this I would have to make the base be
larger than the top since it would be top heavy from the materials. Then I would have to make
sure the base would not collapse from the weight that would be on it. I decided to use a one
gallon bottle that would sit under the filter and cut some of the top off of the bottle to make sure
the filter would fit snugly into the bottle and not tip over. By doing this the filter would not tip over
and the bottle under the filter would catch the filtered water so it wouldn’t drip out everywhere.

As far as the filter itself I just had to make sure everything was in the right order and make sure
nothing would fall out of the bottom. I did this by using cotton and a piece of cloth at the bottom
of the filter where the lid goes on and making sure the cloth was over the hole at the bottom. I
then used a rubber band to put around the cloth and lid so the cloth would stay and not fall off.
By doing this none of the materials would fall out of the bottom. This would ensure that as long
as the rubber band was on tightly, only water would come out of the bottom.",2,3,rules bypassed,"The student discusses some aspects of design viability, such as ensuring the filter stands without tipping and preventing materials from falling out, but the evidence is largely speculative and lacks concrete support. There is no explicit connection to design requirements or credible evidence like testing, measurements, or expert input. The reasoning is vague and does not address risks, constraints, or failure modes in depth.","Your design viability judgment shows an initial understanding of some practical considerations, such as making the base larger to prevent tipping and securing the filter materials to avoid leakage. These points indicate you are thinking about how the design might function in reality, which is a good start. However, the discussion remains mostly descriptive and speculative without clear evidence or testing to support the claims. For example, you mention using a one-gallon bottle as a base but do not provide any measurements, weight estimates, or tests to confirm stability. Similarly, the method to keep materials from falling out is described but not evaluated for effectiveness or potential failure.

To strengthen your viability judgment, try to explicitly link your design choices to specific requirements, such as stability under certain weights or preventing contamination. Including simple tests or measurements, even qualitative observations, would provide credible evidence. Additionally, consider discussing possible risks or failure modes, like what might happen if the rubber band loosens or if the bottle base is uneven. Finally, reflecting on constraints such as material availability or cost could deepen your analysis. These improvements will help make your viability assessment more convincing and grounded in evidence.",3
Case075_2.pdf,,"Element F: Consideration of Design Viability

When designing the way the water filter would look and stand I had to make sure that it could
stand up on its own without falling over. In order to do this I would have to make the base be
larger than the top since it would be top heavy from the materials. Then I would have to make
sure the base would not collapse from the weight that would be on it. I decided to use a one
gallon bottle that would sit under the filter and cut some of the top off of the bottle to make sure
the filter would fit snugly into the bottle and not tip over. By doing this the filter would not tip over
and the bottle under the filter would catch the filtered water so it wouldn’t drip out everywhere.

As far as the filter itself I just had to make sure everything was in the right order and make sure
nothing would fall out of the bottom. I did this by using cotton and a piece of cloth at the bottom
of the filter where the lid goes on and making sure the cloth was over the hole at the bottom. I
then used a rubber band to put around the cloth and lid so the cloth would stay and not fall off.
By doing this none of the materials would fall out of the bottom. This would ensure that as long
as the rubber band was on tightly, only water would come out of the bottom.",2,3,rules bypassed,"The student makes a clear viability judgment that the design will stand without tipping over and that materials will not fall out of the filter. This is supported by specific design choices such as using a larger base (a one-gallon bottle) to prevent tipping and securing the cloth with a rubber band to prevent material loss. However, the evidence is largely qualitative and lacks concrete testing, measurements, or stakeholder input. The connection to design requirements is implicit but not explicitly stated, and there is no discussion of risks, constraints, or failure modes beyond basic assumptions.","Your design viability judgment demonstrates a reasonable understanding of the practical challenges your water filter must overcome, such as stability and containment of filter materials. You provide specific design features, like using a one-gallon bottle as a stable base and securing the cloth with a rubber band, which supports your claim that the filter will stand upright and prevent material loss. This shows thoughtful consideration of how the design might function in practice.

However, your response would be stronger if you explicitly connected these viability claims to specific design requirements, such as stability under expected loads or preventing contamination. Additionally, the evidence you provide is mostly descriptive and lacks quantitative or empirical support, such as testing results or measurements. There is also limited discussion of potential risks or failure modes, like what might happen if the rubber band loosens or if the bottle base is insufficiently stable on uneven surfaces.

To improve, consider explicitly linking your viability judgments to key design requirements, provide evidence from testing or measurements, discuss possible failure scenarios, and explore constraints such as material durability or user handling. Including these elements will make your viability assessment more credible and comprehensive.",3
Case076_1.pdf,,"Shower project

Team OH-J

Element F: Consideration of Design Viability

In the boys dorms the dorm residents need a place to put their toiletries because there is

not a built-in shelf in the communal showers and setting things on the floor is unsanitary. Solving

the problem can help the dorm students place their toiletries somewhere without having to set it

down on the ground. The problem is that there is nowhere to hang your shampoo and that leads

to people putting it on the ground.

It will hold an adequate amount of toiletries and will stay in place if cost efficient Is

elevated to an appropriate height. Our proposed solution will work because it will be cost

efficient and elevated at the proper height. It will also stay in place so that if someone bumps into

the caddy, it will not fall or break off. The solution will be realistic because we are going to 3D

print the design. By using the 3D printer we have more access to parts that will not be hard to

make. We can also use tinker cad to make a design come true.

Our design is measurable so that if someone needs to find a place to hang it on the wall

they can easily measure the shower caddy. We also added holes on the sides and bottom so that

our caddy would be able to drain the water that got inside after a shower. It is a built-in caddy

that will attach to the wall in the shower. It will be 6 inches in width, 12 inches of length and 6

inches tall. It will be a permanent solution though if needed is easy to remove

The experts said that the idea is good and we can always think about adding onto the

thing in the future. The expert is qualified because he was an aeronautical engineer for his job.

He also knows a lot about engineering so he gave us good tips which helped with our prototype.",1,3,rules bypassed,"The student makes a clear viability claim that the design will work because it is cost efficient, elevated at the proper height, and will stay in place. They provide some specific supporting elements such as dimensions, drainage holes, and the use of 3D printing to access parts easily. Additionally, expert input from an aeronautical engineer is cited as supporting the design. However, the evidence is incomplete and somewhat weak: the expert's relevance is not fully explained, no testing or cost analysis is provided, and risks or constraints are not explicitly considered. The connection to design requirements is implied but not explicitly linked.","Your design viability judgment shows a good start by asserting that the shower caddy will be cost efficient, stable, and appropriately sized, which are important considerations for a practical solution. Including specific design features like drainage holes and exact dimensions helps ground your claims in concrete details. Additionally, referencing expert feedback adds some credibility to your judgment, indicating you sought external input.

However, the connection between your viability claims and the core design requirements could be made more explicit. For example, clearly linking how your design meets the requirement to hold toiletries without falling or breaking would strengthen your argument. The evidence provided is somewhat limited; there is no quantitative cost analysis, testing data, or detailed risk assessment. Also, the expert’s background in aeronautical engineering is noted, but how their advice directly supports your shower caddy’s viability is unclear.

To improve, consider including specific cost estimates or prototype testing results to support your claims. Explicitly connect each viability claim to a design requirement. Discuss potential risks or failure modes, such as how the caddy will handle water exposure or user bumps. Finally, clarify the expert’s role and how their feedback influenced your design decisions.",3
Case077_3.pdf,,"F

Design Viability Description

The solution is inexpensive

The solution is easy to make

Connection to Design 
Requirement 

Design would cost the 
same or a little more 
than the traditional 
uniform.

It’s just like making a 
gps dress but shorter.

Credible Evidence? 

A used dress is about 30-50 
dollars plus a pair of khakis 
which prices vary

The solution keeps the tradition The shirt is made out of 

the traditional GPS 
summer dress.

The solution is reasonable.

Provides warmth, allows 
students to have an 
option and feel 
comfortable in their 
uniform.

“50% of the sophomore 
class said that they wanted 
an additional uniform 
option.”",3,3,rules bypassed,"The student makes a clear viability claim that the design is inexpensive, easy to make, and reasonable, supported by specific evidence such as cost estimates for used dresses and khakis, and stakeholder input indicating 50% of sophomores want an additional uniform option. The design is connected to requirements like cost and tradition. However, the evidence is partial and somewhat weak, lacking detailed cost analysis, manufacturing feasibility, or risk considerations, and the reasoning is mostly qualitative without addressing constraints or failure modes.","The student provides a reasonable judgment about the design's viability, emphasizing affordability, ease of production, and alignment with tradition. The inclusion of cost estimates for used dresses and khakis, along with stakeholder input from the sophomore class, strengthens the claim that the design is realistic and meets some user needs. This shows an understanding of key design requirements such as cost and user acceptance.

However, the evidence presented is somewhat limited and qualitative. The cost information is broad and lacks detailed analysis, and there is no discussion of potential risks, manufacturing constraints, or possible failure modes. The viability judgment would be stronger with more concrete data, such as precise cost breakdowns, material sourcing feasibility, or testing results. Additionally, explicitly linking these viability aspects to all major design requirements would improve clarity.

To enhance this evaluation, the student should provide more detailed and quantitative cost evidence, consider potential risks or constraints in production, and discuss how the design addresses possible failure modes. Including expert or stakeholder validation beyond a simple survey percentage and clarifying how the design meets all key requirements would also strengthen the viability judgment.",3
Case078_2.pdf,,"F

Design Viability Description

The solution is inexpensive

The solution is easy to make

Connection to Design 
Requirement 

Design would cost the 
same or a little more 
than the traditional 
uniform.

It’s just like making a 
gps dress but shorter.

Credible Evidence? 

A used dress is about 30-50 
dollars plus a pair of khakis 
which prices vary

The solution keeps the tradition The shirt is made out of 

the traditional GPS 
summer dress.

The solution is reasonable.

Provides warmth, allows 
students to have an 
option and feel 
comfortable in their 
uniform.

“50% of the sophomore 
class said that they wanted 
an additional uniform 
option.”",2,3,rules bypassed,"The student makes a clear viability claim that the design is inexpensive, easy to make, and reasonable, supported by specific evidence such as cost estimates of used dresses and khakis, and stakeholder input indicating 50% of sophomores want an additional uniform option. The design is connected to requirements like cost and tradition. However, the evidence is partial and somewhat weak, lacking detailed cost analysis, manufacturing feasibility, or risk considerations. The reasoning is plausible but not fully convincing or comprehensive.","Your design viability judgment demonstrates a good start by addressing key aspects such as cost, ease of making the design, and alignment with tradition. You provide specific cost estimates for used dresses and khakis, which helps ground your claim in real-world data. Additionally, including stakeholder input that half of the sophomore class desires an additional uniform option strengthens the argument that the design meets user needs. These points show a reasonable connection between your design and important requirements.

However, the evidence could be more robust. While you mention cost and tradition, there is limited discussion of potential risks, constraints, or failure modes that might affect viability, such as manufacturing challenges or durability concerns. The cost evidence is somewhat general and could be supported by more detailed pricing or supplier information. Also, the reasoning would benefit from clearer explanations of how the design meets all major requirements beyond cost and tradition.

To improve, consider providing more detailed cost breakdowns and sourcing information, explicitly addressing possible risks or constraints, and linking your viability judgment more directly to all key design requirements. Including any prototype testing or expert feedback would also strengthen your evidence base.",3
Case079_0.pdf,,"Consideration of design viability

The proposed design was carefully reviewed based on several relevant extra- functional
considerations; a judgment about design viability based on those considerations — the
capacity of the proposed solution to address the problem — is clearly realistic and well
supported with credible evidence.

During the considerations for different designs, we looked over a variety of different options

when it came to aesthetic, maintainability, and extended use. We started by the four of us

creating a list of 5 ideas each for ways of dropping the roses, including electromagnets, motors,

strings/hooks, and fire. Then we narrowed the list of twenty down to 5 and created a decision

matrex seen below. We then ranked each of the designs by 4 criteria, Simplicity 1-5, Cost 1-5,

consistency 1-5, and remote controllability either true or false, being worth 10 points. We then

ranked the designs and totalled the points, picking the highest number of points. After this we

moved on to aaesthetics and the actual details of the string design which we settled on. We

decided that we needed to use hooks for ease of use, as we thought other ways would be to

inconsistent. After reviewing the string we had to use we also decided that we wanted the string

to be hidden, leading to the use of the kid wind pipe. We also determined that we would not be

able to make the design remote controlled, leading to us having to consider other solutions,

including a person hidden under the base of the set. We also decided to use air dry clay and

green paint to make the design look more rose like.",0,2,rules bypassed,"The student asserts that the design is realistic and viable but provides only vague and largely speculative support. The document describes brainstorming, decision matrices, and design choices but lacks concrete evidence such as testing, measurements, expert input, or explicit linkage to design requirements. There is no clear discussion of risks, constraints, or failure modes. The viability judgment is present but inadequately supported.","The student demonstrates an initial effort to judge the viability of their proposed design by describing the selection process and some design features. However, the viability judgment is largely asserted without strong supporting evidence. While the document mentions considerations like aesthetics, maintainability, and remote controllability, it does not explicitly connect these to specific design requirements or provide credible evidence such as testing results, cost analysis, or expert feedback. This weakens the overall persuasiveness of the viability claim.

Additionally, the response lacks a thorough analysis of potential risks, constraints, or failure modes that could impact the design's success. Without this, it is difficult to assess how realistic or robust the design truly is. The use of decision matrices and brainstorming is helpful for idea generation but does not substitute for concrete evidence of viability.

To improve, the student should explicitly link their viability judgment to key design requirements and provide specific evidence supporting the design’s feasibility. Including risk assessments or discussing how constraints were addressed would strengthen the evaluation. Finally, incorporating any testing, stakeholder input, or cost considerations would provide more credible support for the design’s viability.",2
Case080_0.pdf,,"Consideration of design viability

The proposed design was carefully reviewed based on several relevant extra- functional
considerations; a judgment about design viability based on those considerations — the
capacity of the proposed solution to address the problem — is clearly realistic and well
supported with credible evidence.

During the considerations for different designs, we looked over a variety of different options

when it came to aesthetic, maintainability, and extended use. We started by the four of us

creating a list of 5 ideas each for ways of dropping the roses, including electromagnets, motors,

strings/hooks, and fire. Then we narrowed the list of twenty down to 5 and created a decision

matrex seen below. We then ranked each of the designs by 4 criteria, Simplicity 1-5, Cost 1-5,

consistency 1-5, and remote controllability either true or false, being worth 10 points. We then

ranked the designs and totalled the points, picking the highest number of points. After this we

moved on to aaesthetics and the actual details of the string design which we settled on. We

decided that we needed to use hooks for ease of use, as we thought other ways would be to

inconsistent. After reviewing the string we had to use we also decided that we wanted the string

to be hidden, leading to the use of the kid wind pipe. We also determined that we would not be

able to make the design remote controlled, leading to us having to consider other solutions,

including a person hidden under the base of the set. We also decided to use air dry clay and

green paint to make the design look more rose like.",0,2,rules bypassed,"The student asserts that the design is realistic and viable but provides largely speculative and vague support. The document describes brainstorming, decision matrices, and design choices but lacks concrete evidence such as testing, measurements, or explicit linkage to design requirements. There is no clear discussion of risks, constraints, or failure modes, and the viability judgment is not strongly supported by credible evidence.","The student's consideration of design viability shows an initial effort to evaluate different concepts and select a preferred approach. The use of brainstorming and decision matrices demonstrates a structured process for narrowing options. However, the viability judgment is mostly asserted rather than convincingly demonstrated. The response lacks explicit connection between the design's viability and specific design requirements, which weakens the argument for realism.

Credible evidence such as prototype testing, cost analysis, or stakeholder feedback is absent, limiting the strength of the viability claim. Additionally, there is no discussion of potential risks, constraints, or failure modes that might affect the design's success. This omission reduces confidence in the design's practical feasibility.

To improve, the student should explicitly link viability judgments to key design requirements and provide concrete evidence supporting the design's functionality and feasibility. Including risk assessments or identifying possible failure points would strengthen the evaluation. Finally, incorporating results from prototype testing or expert feedback would provide credible support for the design's realism and viability.",2
Case081_5.pdf,,"Name: LeBroners

Date: 04/12/24

Class: 3

MyDesign Portfolio
Element F Initial Template

Element F: Consideration of Design Viability

Judgment about Design Viability (F1)

Design Viability Description

Connection to Design
Requirement

Credible Evidence?

The solution is inexpensive

The design does not
cost more than $20

(Cost breakdown table added
below)

The proposed solution is
durable.

The solution is safe.

The solution is quiet.

Clothes are frequently
washed and the
drawstring coming out
mainly occurs during
wash. The item must be
waterproof.

The design seeks to
solve a problem and
must not cause any
damage.

The design must not
make irritating noise or
bang against washers
causing a nuisance.

The proposed idea is
modeled based on the
popular Croc Jibbitz, which
is certiﬁed by Croc to be
waterproof and durable.
According to wikiHow,
“Jibbitz are water-resistant
and can withstand splashes
and exposure to water.”

The solution is going to be
Rubber, a stretchy and soft
material that will not cut the
wearer, tear the clothing,
harm washers, or set oﬀ
detectors.

The rubber material is sure
to be below 1 decibel. In
comparison, a rubber bullet
is extremely silent while
being ﬁred at high power.
Our solution is untouched

MyDesign Portfolio - Element G Initial Template

1

Name: LeBroners

Date: 04/12/24

Class: 3

and is guaranteed to be
even less noisy.

Supply List and Costs:

- Croc gibbet (for 30 jibbitz about $7)
- Velcro (cable catcher - $2.87 each)
- Super glue (non meltable 0.110z - $6.31)

Item

Croc jibbit

Velcro

Super Glue

Total Cost

Cost each

# needed

$0.23

$2.87

$6.31

~20

1

1

Total

$6.99

$2.87

$6.31

$16.17

MyDesign Portfolio - Element G Initial Template

2",5,4,rules bypassed,"The student provides a generally realistic and viable design supported by credible evidence linked to key design requirements such as cost, durability, safety, noise, and waterproofing. The cost breakdown demonstrates the design meets the budget requirement. The use of Croc Jibbitz as a model, supported by a wikiHow citation about water resistance and durability, adds credible analogical evidence. The choice of rubber material is justified with safety and noise considerations, including a comparison to a rubber bullet's silence. These points explicitly connect to design requirements and support viability. However, the evidence is mostly qualitative and analogical rather than quantitative or test-based, and there is limited discussion of potential risks, constraints, or failure modes, which prevents a top score.","Your design viability judgment is strong in that it clearly addresses multiple key design requirements, including cost, durability, safety, noise, and waterproofing. You effectively use credible analogies, such as the Croc Jibbitz’s water resistance and the quietness of rubber materials, to support your claims. The detailed cost breakdown further strengthens your argument by showing the design is inexpensive and feasible within budget constraints. This connection between your viability judgment and specific design requirements is a notable strength.

However, your evidence is primarily qualitative and based on analogy rather than direct testing or quantitative data. There is limited discussion of potential risks, constraints, or failure modes, such as how the materials might perform under repeated washing or long-term wear. Including such considerations would enhance the credibility and completeness of your viability assessment. To improve, consider adding quantitative data or test results, explicitly discuss possible failure modes or constraints, and provide more detailed reasoning about how your design mitigates these risks. Additionally, clarifying how each piece of evidence directly supports specific requirements would further strengthen your evaluation.",4
Case082_3.pdf,,"Name: LeBroners

Date: 04/12/24

Class: 3

MyDesign Portfolio
Element F Initial Template

Element F: Consideration of Design Viability

Judgment about Design Viability (F1)

Design Viability Description

Connection to Design
Requirement

Credible Evidence?

The solution is inexpensive

The design does not
cost more than $20

(Cost breakdown table added
below)

The proposed solution is
durable.

The solution is safe.

The solution is quiet.

Clothes are frequently
washed and the
drawstring coming out
mainly occurs during
wash. The item must be
waterproof.

The design seeks to
solve a problem and
must not cause any
damage.

The design must not
make irritating noise or
bang against washers
causing a nuisance.

The proposed idea is
modeled based on the
popular Croc Jibbitz, which
is certiﬁed by Croc to be
waterproof and durable.
According to wikiHow,
“Jibbitz are water-resistant
and can withstand splashes
and exposure to water.”

The solution is going to be
Rubber, a stretchy and soft
material that will not cut the
wearer, tear the clothing,
harm washers, or set oﬀ
detectors.

The rubber material is sure
to be below 1 decibel. In
comparison, a rubber bullet
is extremely silent while
being ﬁred at high power.
Our solution is untouched

MyDesign Portfolio - Element G Initial Template

1

Name: LeBroners

Date: 04/12/24

Class: 3

and is guaranteed to be
even less noisy.

Supply List and Costs:

- Croc gibbet (for 30 jibbitz about $7)
- Velcro (cable catcher - $2.87 each)
- Super glue (non meltable 0.110z - $6.31)

Item

Croc jibbit

Velcro

Super Glue

Total Cost

Cost each

# needed

$0.23

$2.87

$6.31

~20

1

1

Total

$6.99

$2.87

$6.31

$16.17

MyDesign Portfolio - Element G Initial Template

2",3,4,rules bypassed,"The student provides a generally realistic and viable design supported by credible evidence linked to key design requirements such as cost, durability, safety, noise, and waterproofing. The cost breakdown demonstrates the design meets the budget requirement. The use of Croc Jibbitz as a model, with cited water resistance and durability, supports viability. The choice of rubber material is justified for safety and noise reduction, with a plausible analogy to rubber bullets for noise level. However, the evidence is mostly qualitative and analogical rather than quantitative or test-based, and there is limited explicit discussion of risks or failure modes.","Your design viability judgment is strong in that it clearly addresses multiple important design requirements, including cost, durability, safety, noise, and waterproofing. You effectively connect your viability claims to these requirements, such as demonstrating the design will cost under $20 and referencing the water resistance and durability of Croc Jibbitz as a credible analogy. The choice of rubber material is well reasoned for safety and noise considerations, supported by a relevant comparison to rubber bullets.

However, your evidence is primarily qualitative and analogical rather than based on direct testing or quantitative data. While this is acceptable at this stage, including some preliminary test results or measurements would strengthen your claims. Additionally, your discussion would benefit from more explicit consideration of potential risks, constraints, or failure modes, such as how the materials might degrade over time or behave under washing conditions. 

To improve, consider adding quantitative evidence or prototype testing results, explicitly discuss possible failure modes and mitigation strategies, clarify how each design choice meets specific requirements, and provide more detailed cost justification. These steps will enhance the credibility and completeness of your viability judgment.",4
Case083_0.pdf,,"Element F: Consideration of Design Viability

""Design viability"" is the capacity of the proposed solution to solve the problem. Design viability
refers to how your design decisions are tethered to your design requirements. For example, if
one of your design requirements is that the total cost of the prototype cannot exceed X, then
you could present a table of costs for each component of your proposed design solution as
justification for why your design is likely to meet that requirement.

""Credible evidence"" means it shouldn't just be your hunch that this will work. Be creative about
how you validate the viability of your design. You should go beyond just having a stakeholder or
expert reviewer say that the design seems viable. For example, you could point to evidence that
a sub-system already functions, or you demo a proof of concept, or you've discussed with an
expert that said, ""I've seen something similar work in this other related situation..."", etc.

Use as many rows as needed. Remember, this chart below may help you organize your ideas,
but you will need to actually execute the “credible evidence.”

Name:
-

T.A.G. (Tracking And Guardian)

Description:

-

T.A.G. is a tracker used to efficiently, effectively, and successfully track from your device.
With the help of Microbit, we designed a device that can track family members and loved
ones and older people with disabilities. This device can track real-time location allowing
the guardian or caretaker to keep track of the person using the device. T.A.G. allows
features like SOS buttons for emergency situations and sets boundaries so if the person
using the device goes out of that boundary, that guardian or caretaker would be notified.
This tracker provides a peace of mind and well being of the people who use it.

Main Focus:

-

The main focus of T.A.G is to ensure the safety of the person using the device by
providing their live location and using other features to protect them.

Functions:

Tracking(From Guardians device)

-
- Notifies guardians in situations where there is suspicious activity
- SOS button
- Boundary settings
- Send signals to guardians device

Price:
-

$40-60

Images:

Stakeholders:

- Officer O’briant - The OPS school officer.

(Helped make major changes to change the main focus of the project. Change the tracking from
children being kidnaped to just an all around tracker.)

- School Teacher - Every OPS teacher in the school.

(Mr. Roberson has helped us come up with ideas and move forward with the project.After the
form was filled out by some of the teachers, we changed some of our focuses and they gave us
input on what we should do with our project)

- Students Parents - The Parents of all the students in our engineering class.

(They did nothing, thanks parents.)",0,1,rules bypassed,"The student describes the design features and intended functions of the T.A.G. tracker and mentions stakeholder involvement, but does not provide concrete or credible evidence supporting the design's viability. There is no explicit connection to design requirements, no demonstration of testing, cost breakdown, or risk analysis. The viability discussion is largely speculative and vague.","Your design concept for the T.A.G. tracker shows a thoughtful approach to addressing safety concerns by providing real-time location tracking and emergency features. The involvement of stakeholders such as a school officer and teachers indicates some level of input, which is a positive step toward understanding user needs. However, the document primarily describes the design and its intended functions without clearly evaluating whether the design is realistic or viable.

To strengthen your viability judgment, it is important to explicitly connect your design to specific requirements, such as cost limits, technical feasibility, or user constraints. Providing credible evidence—such as prototype testing results, cost analysis, or expert validation—would greatly enhance the persuasiveness of your claims. Additionally, discussing potential risks, constraints, or failure modes would demonstrate a deeper understanding of the challenges your design might face.

For improvement, consider including a detailed cost breakdown to show feasibility within budget, evidence of any prototype or proof-of-concept testing, and feedback from experts or users that specifically supports the design's viability. Also, addressing possible limitations or risks and how you plan to mitigate them will provide a more comprehensive and credible viability assessment.",1
Case084_2.pdf,,"Element F: Consideration of Design Viability

""Design viability"" is the capacity of the proposed solution to solve the problem. Design viability
refers to how your design decisions are tethered to your design requirements. For example, if
one of your design requirements is that the total cost of the prototype cannot exceed X, then
you could present a table of costs for each component of your proposed design solution as
justification for why your design is likely to meet that requirement.

""Credible evidence"" means it shouldn't just be your hunch that this will work. Be creative about
how you validate the viability of your design. You should go beyond just having a stakeholder or
expert reviewer say that the design seems viable. For example, you could point to evidence that
a sub-system already functions, or you demo a proof of concept, or you've discussed with an
expert that said, ""I've seen something similar work in this other related situation..."", etc.

Use as many rows as needed. Remember, this chart below may help you organize your ideas,
but you will need to actually execute the “credible evidence.”

Name:
-

T.A.G. (Tracking And Guardian)

Description:

-

T.A.G. is a tracker used to efficiently, effectively, and successfully track from your device.
With the help of Microbit, we designed a device that can track family members and loved
ones and older people with disabilities. This device can track real-time location allowing
the guardian or caretaker to keep track of the person using the device. T.A.G. allows
features like SOS buttons for emergency situations and sets boundaries so if the person
using the device goes out of that boundary, that guardian or caretaker would be notified.
This tracker provides a peace of mind and well being of the people who use it.

Main Focus:

-

The main focus of T.A.G is to ensure the safety of the person using the device by
providing their live location and using other features to protect them.

Functions:

Tracking(From Guardians device)

-
- Notifies guardians in situations where there is suspicious activity
- SOS button
- Boundary settings
- Send signals to guardians device

Price:
-

$40-60

Images:

Stakeholders:

- Officer O’briant - The OPS school officer.

(Helped make major changes to change the main focus of the project. Change the tracking from
children being kidnaped to just an all around tracker.)

- School Teacher - Every OPS teacher in the school.

(Mr. Roberson has helped us come up with ideas and move forward with the project.After the
form was filled out by some of the teachers, we changed some of our focuses and they gave us
input on what we should do with our project)

- Students Parents - The Parents of all the students in our engineering class.

(They did nothing, thanks parents.)",2,1,rules bypassed,"The student describes the design and its intended functions but provides no concrete evidence or data supporting the viability of the design. There is mention of stakeholder involvement, but no specific input or validation from these stakeholders is presented as evidence. The cost estimate is given, but no connection to cost requirements or constraints is made. No testing, proof of concept, or risk analysis is included. The viability discussion is largely speculative and lacks credible evidence.","The student provides a clear description of the T.A.G. device and its intended functions, demonstrating an understanding of the design's purpose and features. However, the viability judgment is weak because it lacks credible evidence to support the claim that the design is realistic and will function as intended. While stakeholders are named, their input is not explicitly linked to validating the design's feasibility or addressing potential challenges. Additionally, the cost estimate is presented without connecting it to any design requirements or budget constraints, missing an opportunity to demonstrate viability through cost analysis.

To strengthen the viability judgment, the student should include specific evidence such as prototype testing results, expert feedback with detailed comments, or demonstrations of key subsystems functioning. Explicitly linking the design to requirements, such as cost limits or performance criteria, would also improve the argument. Furthermore, discussing potential risks, constraints, or failure modes and how the design addresses them would show deeper consideration of viability. Finally, providing more detailed stakeholder input that directly supports the design's feasibility would enhance credibility and persuasiveness.",1
Case085_3.pdf,,"Element F
Raja Swaminathan

Design Viability:

-

For the automated bear feeder, there were some requirements for what the bear launcher

needed

1. The bear feeder needed enough power in order to be able to launch over

the gap between the bear feeder and the bear exhibit

2. The feeder must be controlled in the sense that it must be able to shoot to

different places around the exhibit so that the bears have to gain some

sense of foraging for food

3. The feeder must have the ability to launch food at varying times

throughout the day

4. Additionally, the bear feeder should ideally be able to shoot the bears food

autonomously

- Regarding our prototype, we noticed we had the following priorities covered

1. As our code worked, we were able to obtain the code of the time at any

moment in the day, and thus we can shoot the launcher at random times

2. Working in conjunction with the build team, we have gotten tests in which

the launcher shoots at a distance that is more than enough to get the food

into the bear exhibit

3. Additionally, we have displayed (as mentioned in previous elements) that

the motors we are using with the arduino are able to be spun, as tested

with a servo tester, and this means that we can rotate a spinning base

beneath the launcher and thus randomize the launch

4. The autonomous launching is the next step within our shooting and we

have been searching for ways to keep our arduino running at all times

without a computer.

a. We note that using a small 9 volt clock battery will work for

keeping the rtc on the arduino running at all times.

a. The following image shows the type of battery that will be used in

the RTC and a typical 12 volt 2 amp battery will be used for the

arduino, in the best case.

b. The type of battery (bottom right) is the ideal battery that is used",3,3,rules bypassed,"The student provides a clear viability judgment that the design can meet key requirements such as launching distance, timing control, and directional control. Specific evidence includes successful code to obtain time for randomized shooting, tests showing sufficient launch distance, and motor testing with a servo tester. However, the evidence is partial and somewhat informal, lacking detailed test data or quantitative results. The autonomous operation is acknowledged as a future step, with some preliminary battery power considerations but no demonstrated implementation. There is limited discussion of risks, constraints, or failure modes.","The student presents a generally clear judgment about the design's viability, linking it to important requirements such as power for launching, control over launch direction, and timing of launches. This connection to requirements strengthens the viability argument. The inclusion of specific supporting elements, such as code functionality for timing, motor testing, and launch distance tests, provides credible though somewhat limited evidence that the design can work as intended. However, the evidence is mostly qualitative and lacks detailed quantitative data or formal test results, which would enhance confidence in the design's realism.

The response would benefit from a more thorough discussion of potential risks, constraints, or failure modes, such as battery life limitations, mechanical reliability, or environmental factors affecting performance. Additionally, while the autonomous operation is identified as a next step, the lack of demonstrated implementation or testing reduces the strength of the viability claim in this area. To improve, the student should provide more detailed test data, explicitly address possible risks and constraints, and clarify how the design will handle these challenges. Including a plan or preliminary results for autonomous operation would also strengthen the viability judgment.",3
Case086_5.pdf,,"Element F
Raja Swaminathan

Design Viability:

-

For the automated bear feeder, there were some requirements for what the bear launcher

needed

1. The bear feeder needed enough power in order to be able to launch over

the gap between the bear feeder and the bear exhibit

2. The feeder must be controlled in the sense that it must be able to shoot to

different places around the exhibit so that the bears have to gain some

sense of foraging for food

3. The feeder must have the ability to launch food at varying times

throughout the day

4. Additionally, the bear feeder should ideally be able to shoot the bears food

autonomously

- Regarding our prototype, we noticed we had the following priorities covered

1. As our code worked, we were able to obtain the code of the time at any

moment in the day, and thus we can shoot the launcher at random times

2. Working in conjunction with the build team, we have gotten tests in which

the launcher shoots at a distance that is more than enough to get the food

into the bear exhibit

3. Additionally, we have displayed (as mentioned in previous elements) that

the motors we are using with the arduino are able to be spun, as tested

with a servo tester, and this means that we can rotate a spinning base

beneath the launcher and thus randomize the launch

4. The autonomous launching is the next step within our shooting and we

have been searching for ways to keep our arduino running at all times

without a computer.

a. We note that using a small 9 volt clock battery will work for

keeping the rtc on the arduino running at all times.

a. The following image shows the type of battery that will be used in

the RTC and a typical 12 volt 2 amp battery will be used for the

arduino, in the best case.

b. The type of battery (bottom right) is the ideal battery that is used",5,3,rules bypassed,"The student provides a clear viability judgment that the design can meet key requirements such as launching food over the gap, rotating the launcher, and shooting at random times. Specific supporting evidence includes successful code operation for timing, motor testing with a servo tester, and distance tests for launching. However, the evidence is incomplete and partially speculative, especially regarding autonomous operation and power supply, which are described as next steps rather than demonstrated. There is limited discussion of risks, constraints, or failure modes.","The student presents a generally clear judgment about the design's viability, linking it to important requirements such as power to launch food across the gap, controlled aiming, and timed launches. This connection to requirements strengthens the viability argument. The inclusion of specific evidence, such as code functionality for timing, motor testing with a servo tester, and distance tests, provides credible support that the design can meet some key functions. However, the evidence is partial and somewhat preliminary, especially regarding autonomous operation and continuous power supply, which remain future goals rather than demonstrated capabilities.

The response would benefit from a more thorough discussion of potential risks, constraints, or failure modes, such as battery life limitations or mechanical reliability. Additionally, more concrete test data or results would strengthen the viability claim. To improve, the student should provide explicit evidence of autonomous operation, include risk analysis or mitigation strategies, and clarify how the design addresses constraints. Including more detailed test results and discussing possible failure modes would also enhance the credibility and completeness of the viability judgment.",3
Case087_5.pdf,,"Element F
Raja Swaminathan

Design Viability:

-

For the automated bear feeder, there were some requirements for what the bear launcher

needed

1. The bear feeder needed enough power in order to be able to launch over

the gap between the bear feeder and the bear exhibit

2. The feeder must be controlled in the sense that it must be able to shoot to

different places around the exhibit so that the bears have to gain some

sense of foraging for food

3. The feeder must have the ability to launch food at varying times

throughout the day

4. Additionally, the bear feeder should ideally be able to shoot the bears food

autonomously

- Regarding our prototype, we noticed we had the following priorities covered

1. As our code worked, we were able to obtain the code of the time at any

moment in the day, and thus we can shoot the launcher at random times

2. Working in conjunction with the build team, we have gotten tests in which

the launcher shoots at a distance that is more than enough to get the food

into the bear exhibit

3. Additionally, we have displayed (as mentioned in previous elements) that

the motors we are using with the arduino are able to be spun, as tested

with a servo tester, and this means that we can rotate a spinning base

beneath the launcher and thus randomize the launch

4. The autonomous launching is the next step within our shooting and we

have been searching for ways to keep our arduino running at all times

without a computer.

a. We note that using a small 9 volt clock battery will work for

keeping the rtc on the arduino running at all times.

a. The following image shows the type of battery that will be used in

the RTC and a typical 12 volt 2 amp battery will be used for the

arduino, in the best case.

b. The type of battery (bottom right) is the ideal battery that is used",5,3,rules bypassed,"The student provides a clear viability judgment that the design can meet key requirements such as launching food over the gap, rotating the launcher, and shooting at random times. Specific evidence includes successful code to obtain time, tests showing sufficient launch distance, and motor testing with a servo tester. However, the evidence is partial and somewhat informal, lacking quantitative data or detailed test results. The autonomous operation is acknowledged as a future step, with only preliminary battery plans mentioned. There is limited discussion of risks, constraints, or failure modes.","The student presents a generally clear judgment about the design's viability, linking it to important requirements such as power to launch food across the gap, controlled aiming, and timed launches. This connection to requirements strengthens the viability argument. The inclusion of specific supporting elements, like code functionality for timing, motor testing, and launch distance tests, provides credible but somewhat limited evidence. However, the evidence lacks quantitative detail and formal test data, which would enhance confidence in the design's realism.

While the student acknowledges the need for autonomous operation and battery solutions, this aspect remains a future goal rather than a demonstrated capability. The response would benefit from a more thorough discussion of potential risks, constraints, or failure modes, such as battery life limitations or mechanical reliability. To improve, the student should provide quantitative test results, elaborate on how constraints are managed, include risk analysis, and clarify how autonomous operation will be reliably achieved. Adding these elements would create a stronger, more convincing viability judgment.",3
Case088_5.pdf,,"Element F: Design Viability

Risk Mitigation Plan:
Identification and Prioritize

1. Not having enough time to complete the project - Time is a crucial factor in our project. Our

design mainly focuses on combining engineering and art, which both take time.

2. Low performance - We understand that our limited knowledge on engineering tasks, tools, and

actions may affect our prototyping process. It could cause us to have set backs, depending on
what we struggle with.

3. High material costs - Our cost of materials can affect the outcome of the project.
4. The prototype being too heavy for magnets to hold up - Our prototype will consist of wood,

paper, the lightbox, and polycarbonate glass. Depending on our final design, the weight of all the
wood pieces combined would be around 2-3 lbs, the lightbox would be about 1 lbs, and the
polycarbonate glass would be about 1 lbs.

Performing a Risk Assessment
All of these events can have a high likelihood of happening. Most of these events connect and result in
our team not having enough time to fully complete and perfect our prototype.

Track risks

1. Monitoring a daily progress journal to ensure that everyone is doing their part in the project.
2. Being extra careful of the engineering supplies (saws, hammers, cutters) to avoid injuries,

studying the related skills and techniques needed to ensure the success of the tools.

3. Taking advantage of every resource we have to reduce the amount of money spent on the project.",5,3,rules bypassed,"The student provides a clear viability judgment by identifying specific risks such as time constraints, low performance due to limited knowledge, high material costs, and weight concerns. They offer some quantitative evidence regarding prototype weight and describe risk mitigation strategies like progress monitoring and careful tool use. However, the evidence is partial and somewhat general, lacking explicit connection to design requirements or detailed analysis of how these risks impact overall viability.","The student demonstrates a reasonable understanding of design viability by identifying key risks that could affect the success of their project. They acknowledge constraints such as time limitations, material costs, and prototype weight, which shows awareness of practical challenges. The inclusion of approximate weight estimates for prototype components adds some quantitative support, enhancing the credibility of their viability judgment.

However, the response would benefit from stronger connections between these risks and specific design requirements. For example, explaining how the weight limit relates to the magnets' holding capacity or how time constraints might affect critical milestones would clarify the design's realism. Additionally, while risk mitigation strategies are mentioned, they remain somewhat general and lack detailed plans or evidence of effectiveness.

To improve, the student should explicitly link viability considerations to key design requirements, provide more detailed and specific evidence supporting their claims, and elaborate on how their risk management approaches will concretely address potential failure modes. Including expert input or referencing prior successful prototypes could also strengthen the argument. Overall, the response shows promise but requires deeper analysis and stronger evidence to fully convince of the design's viability.",3
Case089_4.pdf,,"Element F: Design Viability

Risk Mitigation Plan:
Identification and Prioritize

1. Not having enough time to complete the project - Time is a crucial factor in our project. Our

design mainly focuses on combining engineering and art, which both take time.

2. Low performance - We understand that our limited knowledge on engineering tasks, tools, and

actions may affect our prototyping process. It could cause us to have set backs, depending on
what we struggle with.

3. High material costs - Our cost of materials can affect the outcome of the project.
4. The prototype being too heavy for magnets to hold up - Our prototype will consist of wood,

paper, the lightbox, and polycarbonate glass. Depending on our final design, the weight of all the
wood pieces combined would be around 2-3 lbs, the lightbox would be about 1 lbs, and the
polycarbonate glass would be about 1 lbs.

Performing a Risk Assessment
All of these events can have a high likelihood of happening. Most of these events connect and result in
our team not having enough time to fully complete and perfect our prototype.

Track risks

1. Monitoring a daily progress journal to ensure that everyone is doing their part in the project.
2. Being extra careful of the engineering supplies (saws, hammers, cutters) to avoid injuries,

studying the related skills and techniques needed to ensure the success of the tools.

3. Taking advantage of every resource we have to reduce the amount of money spent on the project.",4,3,rules bypassed,"The student provides a clear viability judgment by identifying specific risks such as time constraints, low performance due to limited knowledge, high material costs, and weight concerns related to magnets. They offer some quantitative evidence (weight estimates of components) and describe risk mitigation strategies like progress monitoring and skill development. However, the evidence is partial and lacks direct connection to design requirements or detailed analysis of how these risks impact overall viability. The support is credible but incomplete, resulting in a partially convincing viability assessment.","The student demonstrates a reasonable understanding of design viability by identifying key risks that could affect the success of their project. They thoughtfully consider factors such as time management, material costs, and the physical constraints of their prototype, including weight estimates for components. This shows an awareness of potential failure modes and constraints, which strengthens their viability judgment. However, the connection between these risks and specific design requirements is not explicitly made, limiting the clarity of how these factors influence the overall feasibility of the design.

While the risk mitigation strategies are practical and relevant, the evidence provided is somewhat general and lacks depth. For example, the weight estimates are helpful but not linked to testing or validation of whether magnets can reliably support the prototype. Additionally, the discussion of low performance due to limited knowledge is acknowledged but not addressed with concrete plans or expert input. To improve, the student should explicitly connect risks to design requirements, provide more detailed evidence or analysis of how risks will be managed, and consider including preliminary test data or expert consultation. Clarifying these points will enhance the credibility and completeness of their viability assessment.",3
Case090_0.docx,,"Element F
When brainstorming the design for the supply box. We need to see how to make a bow that can open, and we had to make a compartment that can hold pencils. We looked for similar supply boxes and found that some can spin so we added this feature to our design. After looking at other designs it helped create our own design.",0,1,rules bypassed,"The student describes design features and mentions looking at similar supply boxes, but does not provide any evaluation or credible evidence supporting the design's viability or realism.","Your description of the design process shows that you have considered existing supply boxes and incorporated features like a spinning compartment, which is a good start. However, your response does not include a clear judgment about whether your proposed design is realistic or viable. It mainly describes what the design will do rather than evaluating if it will work effectively or meet the design requirements.

To strengthen your viability judgment, try to include specific evidence or reasoning that supports why your design will function as intended. For example, you could explain how the spinning mechanism will reliably open the compartment or how the design meets size or durability requirements. Additionally, consider discussing any potential risks or constraints, such as material limitations or mechanical challenges, and how you plan to address them.

For improvement, focus on explicitly connecting your design features to the requirements they fulfill. Provide concrete examples or comparisons to existing products that demonstrate feasibility. Including stakeholder feedback or preliminary testing results would also enhance the credibility of your viability claims. Finally, reflecting on possible failure modes and how your design mitigates them will show a deeper understanding of design viability.",1
Case091_1.docx,,"Element F
When brainstorming the design for the supply box. We need to see how to make a bow that can open, and we had to make a compartment that can hold pencils. We looked for similar supply boxes and found that some can spin so we added this feature to our design. After looking at other designs it helped create our own design.",1,1,rules bypassed,"The student describes design features and mentions looking at similar supply boxes, but does not provide any evaluation or credible evidence supporting the design's viability or realism.","Your description of the design process shows that you have considered some features, such as a spinning compartment and a pencil holder, which is a good start. However, your response does not include a clear judgment about whether the design is realistic or viable. Simply describing design features or referencing similar products without explaining why your design will work or meet requirements does not provide sufficient evidence of viability.

To strengthen your evaluation, try to explicitly state whether you believe the design can be successfully built and used as intended. Connect your judgment to specific design requirements, such as size constraints, durability, or ease of use. Including credible evidence, such as feedback from potential users, cost considerations, or prototype testing results, would also improve your argument.

Additionally, consider discussing potential risks or challenges your design might face and how you plan to address them. This will demonstrate a deeper understanding of design viability. For future work, focus on providing clear reasoning supported by concrete evidence and linking your viability claims directly to the design requirements.",1
Case092_5.pdf,,"My Design: Adaptive Technology
Armin Zarbaft, Jared Wagner, John Estock

Element F: Consideration of Design Viability

Before we can start the manufacturing process, it is important to assess risks and potential failures. When considering potential
failures, we limited them to our infrastructure design phases 1 and 2, which includes covers for the middle island and covers for the
cubbies. Because we are planning on pushing off the phase 3 tactile panels, they were not considered. We have come up with the
following list of potential shortcomings and their proposed solutions.

Problems and Solutions:

Problems

Solutions

● There are potential issues with our current pocket door
design and its translation to the physical area currently
suiting the middle island and cubbies in the sensory area.

● We may need to make changes to existing infrastructure
● This includes removing shelving, changing position and

or shape of posts/supports, etc.

● We can remove and shorten the shelves, and move the

shelf supports to the back wall of the island so that there
is no interference with the pocket door design.

○ We could potentially replace the supports with
triangle supports, or supports that are supported
by vertical panels.

●

● Designed sliding panel cover not ‘fitting’ in cubbies and

their current infrastructures

●

● We originally planned on covering 4 cubbies, but after
talking with stakeholders, that was shortened to 2 or 3
cubbies as one could not be touched without
custodial/authority approval.

● There is one cubby in question pictured below, that

serves as both a tactile wall and a seating area for kids
interacting with the bubble tube, which cannot be moved.

● We may need to make changes to existing infrastructure
● We may have to remove and change the position of

shelving supports if they interfere with the sliding panel
design.

● We may have to attach the casing for the sliding cover to

the existing border of the cubbies.

● This would allow the cover to slide in and be seated on
the base of the casing, rather than sliding to the floor
below the cubby, or cutting into the shelf above.

● Ideally, we will have enough storage with the cubbies we

can work with.

● We have decided to not use the cubbies in the back as the
kids seem to be using the area enough that it would be a
major inconvenience to change.

● We will use some kind of shelving or stacked container
design inside the middle island and cubbies in order to
optimize the space for storage.

● If necessary, we can apply our cubby cover design to a

‘cubby’ on the left side of the back wall that is currently
storing items, but not at full capacity.

○ This ‘cubby’ having a cover would add some

consistency to the theme of the overall sensory
room.

●

● Timing of the project could be an issue because we need
to make sure that we deliver what we have promised to
the customer on time.

● The installation of the middle island covers and cubby
covers will be challenging when the kids are always in
the classroom the entire day.

● To make sure that we deliver the top priority of the

customer being the middle island cover, we splitted the
project into 2 phases, one being the middle island, and
second being the side cubbies.

● Splitting the project into 2 phases also allows us to install
the covers individually so that we don’t interrupt the
kid’s time in the sensory room.

● The doors on the middle island will only be able to hold
up to 30 pounds so leaving obvious points for the kids to
pull at the door could be a problem.

● We can put a panel on the doors that has the cut outs for
the tactile device while not reducing the structure of the
doors.

To further assess the viability of our project before manufacturing, we compiled a bill of materials, totaling the costs associated with
the infrastructure phases of our project.

Bill of Materials:

Item and Description

Cost

Pocket door

Actual pocket hinge

$57.99*4= $231.96

$31.99*4= $127.96

Bi-Fold Door Hinges Online (x3)

$4.96*3=$14.88

Purebond Birch Plywood

$79

Cubby wood

Wood Stain

Total value

$26*2= $52

$19.98

≈$525.44

When considering total cost, phase 1 would not include cubby wood and the wood stain is provided for by the school. This means that
our total spending will be less than the total value listed above. We discussed the costs and our manufacturing plan with our
supervisor/teacher and he deemed the cost suitable for our project, especially considering that our project focuses on infrastructure that
cleans up the sensory area as a whole and provides a platform for future sensory related projects in the sensory room. Room will be
freed on the back and side walls because of the storage room provided by the middle island, and eventually side cubbies.",5,4,rules bypassed,"The student provides a generally realistic and viable design judgment supported by credible evidence such as a detailed list of potential problems and corresponding solutions, a phased implementation plan to mitigate disruption, and a bill of materials with cost estimates reviewed by a supervisor. The discussion explicitly addresses constraints like infrastructure modifications, timing challenges, and weight limits on doors, showing awareness of risks and tradeoffs. The viability judgment is connected to design requirements such as fitting covers to existing cubbies, minimizing interference with classroom use, and cost suitability. However, the evidence is mostly qualitative and lacks quantitative validation or testing data, which prevents a top score.","Your design viability judgment demonstrates a solid understanding of the practical challenges and constraints involved in implementing your adaptive technology. You effectively identify specific risks such as interference with existing infrastructure, timing constraints due to classroom use, and weight limits on doors, and you propose thoughtful solutions to address these issues. The phased approach to installation and the detailed bill of materials, including cost estimates reviewed by your supervisor, provide credible evidence supporting the realism of your design. This shows a clear connection between your viability assessment and key design requirements, such as fitting the covers properly and maintaining usability of the sensory room.

To strengthen your viability evaluation further, consider incorporating quantitative data or prototype testing results to validate your assumptions about fit and structural integrity. Additionally, explicitly linking each risk and solution to specific design requirements would clarify how your design meets stakeholder needs. Including more detailed stakeholder feedback or expert input could also enhance credibility. Finally, discussing potential tradeoffs or alternative approaches in more depth would demonstrate a comprehensive understanding of design viability. Overall, your assessment is well-reasoned and credible but could benefit from more concrete evidence and explicit requirement connections.",4
Case093_4.pdf,,"Winchester, Bak-Boychuck, Simeral, Rarrick

Element F

Design Viability:

Design Requirement

Risk Assessment

Risk Mitigation

Changes color manually and
automatically

A color-changing pattern that
is too fast or too slow could
potentially not provide
adequate visual sensory for
the students. Also, not having
manual color-changing ability
could limit teachers’ and
students’ ability to express
themselves in the classroom.

Provides calming effects

The device could be
overstimulating or
understimulating and
negatively impact the
children’s experience.

Illuminates the sensory room The lights could be too bright

or too dim and detract from
the overall lighting of the
sensory room.

The fiber optic device that our
board utilizes comes with a
pre-programmed remote,
which gives users the ability
to choose the color. This
eliminates any of the potential
risks caused by static fiber
optic lights. Furthermore, if
the teachers happen to lose
the remote or it gets
damaged, they can download
an app on their iphone which
directly connects to the lights.

If the rate-of-flashing is too
fast or too slow, the teachers
can use their iphone or the
remote to manually change
the speed to suit the
students’ needs. Additionally,
the fiber optics have the
ability to twinkle, which
provides another way to
engage the students’ visual
sense. Moreover, teachers
can make custom patterns for
the fiber optics to cycle
through depending on the
students’ wants or needs.

The remote control that
controls the display on the
fiber optic lights can be
adjusted to fit the
environment and lighting in
the room. The remote can be
used to change the level of
illumination of the wave
board. Teachers / aids should
know how to use the remote
and control the illumination of
the sensory board.

Winchester, Bak-Boychuck, Simeral, Rarrick

Brightness can be altered

Room could be too bright to
notice a difference in
brightness.

Integrated into the room

The device could take up too
much space and not fit
cohesively into the sensory
room

Make sure the teachers/aids
know how to operate the
remote to change the
brightness. Turn off/on the
overhead light in the sensory
room depending on if they
want the fiber optics to be
brighter or darker.

If the fiber optic wave board
takes up too much space in
the sensory room or becomes
too much of a distraction or
overstimulating, the device
will be easily installable and
removable from the sensory
room.",4,4,rules bypassed,"The student provides a generally realistic and viable design judgment supported by credible evidence. They explicitly connect the design's features—such as manual and automatic color changing, adjustable brightness, and removable installation—to key design requirements like sensory engagement, calming effects, and room integration. The discussion includes specific risk assessments and mitigation strategies, such as using a pre-programmed remote and an app for control, adjusting flashing speed, and managing brightness to suit the sensory room environment. These points demonstrate clear awareness of constraints and potential failure modes.","The student presents a solid judgment on the design's viability, effectively linking the design features to the core requirements of sensory engagement, calming effects, and room integration. Their discussion of risk factors—such as overstimulation, brightness levels, and device size—shows thoughtful consideration of potential challenges. The inclusion of mitigation strategies, like remote and app controls for color and speed adjustments, adds credibility to the viability claim.

While the evidence is credible and specific, it primarily relies on qualitative reasoning and descriptions of existing components rather than quantitative data or formal testing results. The risk assessment is well articulated but could be strengthened by including stakeholder feedback or empirical validation. Additionally, the explanation of how the device’s removability addresses spatial constraints is a positive aspect that supports design realism.

To improve, the student should consider incorporating direct user or expert input to validate assumptions, provide quantitative measures of brightness or flashing rates, and clarify how the design meets safety standards. Including brief evidence of prototype testing or cost considerations would further enhance the viability argument. Overall, the response demonstrates a clear and credible viability judgment with room for deeper evidence integration.",4
Case094_4.pdf,,"1 weight

Two things could have made this design not viable, the weight and FEW being redone.
We talked to Ms. Bussey about how FEW was being redone and if this space would
have been changed. She said that the space should remain the same so we don't have
to worry about any dimension changes. The second thing that could make this art piece
not workable is the weight. When we talked to Ms Bussey she said that the maximum
weight is 15 lbs every time it connects to the ceiling. We are connecting it to the ceiling
in 4 different areas so its max weight is 60 lbs. Each sheet of mirrored acrylic is 1 lb and
we have 5 sheets. So the max weight would be 5 pounds of the acrylic (if we used all of
it).",4,4,rules bypassed,"The student provides a generally realistic viability judgment supported by credible evidence from a stakeholder (Ms. Bussey) regarding space constraints and weight limits. They explicitly connect the design to the ceiling weight requirement (15 lbs per connection, 4 connections, total 60 lbs max) and calculate the design weight (5 lbs), demonstrating the design meets this key requirement. This shows clear consideration of constraints and a realistic assessment of design viability.","The student presents a solid judgment on the design's viability by incorporating credible stakeholder input and quantitative evidence. They effectively reference a knowledgeable source, Ms. Bussey, to confirm that the installation space will remain unchanged, which addresses potential spatial constraints. Additionally, the student carefully considers the weight constraint by calculating the total allowable weight based on ceiling connection points and comparing it to the actual weight of the materials used. This explicit connection between the design and a major requirement strengthens the viability argument.

While the evidence is credible and relevant, the discussion could be improved by addressing other potential risks or failure modes, such as structural stability beyond weight limits or material durability. Including more detailed reasoning about how the design meets other functional or safety requirements would further enhance the viability judgment. Also, clarifying whether the weight calculation includes all components, not just the acrylic sheets, would provide a more comprehensive assessment.

To improve, the student should expand the viability discussion to cover additional constraints and risks, provide more detailed quantitative evidence where possible, and explicitly link all major design requirements to their viability claims. Including a brief mention of how uncertainties or potential changes will be managed would also strengthen the evaluation.",4
Case095_5.pdf,,"1 weight

Two things could have made this design not viable, the weight and FEW being redone.
We talked to Ms. Bussey about how FEW was being redone and if this space would
have been changed. She said that the space should remain the same so we don't have
to worry about any dimension changes. The second thing that could make this art piece
not workable is the weight. When we talked to Ms Bussey she said that the maximum
weight is 15 lbs every time it connects to the ceiling. We are connecting it to the ceiling
in 4 different areas so its max weight is 60 lbs. Each sheet of mirrored acrylic is 1 lb and
we have 5 sheets. So the max weight would be 5 pounds of the acrylic (if we used all of
it).",5,4,rules bypassed,"The student provides a generally realistic viability judgment supported by credible evidence from a stakeholder (Ms. Bussey) regarding space constraints and weight limits. They explicitly connect the design's weight to the ceiling connection limits and calculate the total weight of materials, showing the design meets the 60 lbs maximum. This demonstrates clear consideration of a major design requirement (weight constraint) and credible stakeholder input.","The student presents a solid judgment on the design's viability by addressing key constraints related to weight and spatial dimensions. They effectively incorporate credible evidence from a stakeholder, Ms. Bussey, who confirms that the space will remain unchanged and provides a maximum weight limit per ceiling connection. This input strengthens the realism of the design and ties directly to important design requirements, such as weight limits and installation feasibility.

The response clearly quantifies the weight of the materials relative to the allowable ceiling load, demonstrating thoughtful consideration of constraints and risks. However, the evaluation could be improved by discussing other potential risks or failure modes, such as structural integrity of the materials or installation challenges. Additionally, while the weight and space constraints are addressed, the student could enhance their viability judgment by including more evidence or reasoning about other design factors like durability or environmental conditions.

To improve, the student should explicitly link all major design requirements to their viability assessment, consider additional constraints or risks, and provide more comprehensive evidence or reasoning beyond stakeholder input and weight calculations. Including potential mitigation strategies for identified risks would also strengthen the evaluation.",4
