filename,source_type,text,K1_expert,K2_expert,K3_expert,K1,K2,K3,K1_flag,K2_flag,K3_flag,K1_rationale,K2_rationale,K3_rationale,K_rationale,narrative_feedback,expert_score,element_score_raw
Case001_502.pdf,,Placeholder text for scoring.,5,0,2,4,3,2,,,,,,,"The document references evaluation performed by a team member (Andrew) and mentions Design-A-Thon feedback, but no clear external stakeholders or demonstrably qualified field experts are identified or documented.The evaluation addresses some aspects of the design such as durability, attachment security, and color visibility, but the coverage is incomplete and lacks depth in analysis of multiple design or process aspects.The summary of evaluation results is somewhat specific and includes some details about test outcomes, but it is incomplete and overly general without thorough synthesis or integration of feedback into clear conclusions or improvement plans.","The student provides a generally clear and comprehensive summary of the major steps in their engineering design process, including role assignment, problem identification, ideation, prototype selection, construction, external feedback, and refinement. This overview helps the reader understand the flow of the project, though some phases like testing and evaluation are only briefly touched upon or implied rather than explicitly detailed.

The reflection includes consistent value judgments about key steps, highlighting what worked well and some challenges encountered, such as sliding poles and structural issues. The student explains some decisions and adaptations made in response to feedback, demonstrating an awareness of the iterative nature of design. However, some evaluations are somewhat superficial and could benefit from deeper analysis of why certain solutions succeeded or failed.

Lessons learned focus mainly on team communication and collaboration, which are important but somewhat generic. The reflections lack more technical or process-specific insights that would be clearly useful to future engineers beyond this project. To improve, the student should aim to provide more detailed summaries of all design phases, especially testing and evaluation; deepen their analysis of successes and failures with explanations; and offer more specific, transferable lessons learned related to engineering challenges and problem-solving strategies.",2.333333333,3
Case002_320.pdf,,Placeholder text for scoring.,3,2,0,3,1,0,,,,,,,"The document references evaluation by a team member (Andrew) and mentions Design-A-Thon feedback, but no clear external stakeholders or demonstrably qualified field experts are identified or documented.The evaluation addresses some aspects of the design such as durability, attachment security, and color visibility. However, the evaluation is limited mostly to prototype testing results without deeper analysis of the engineering design process or multiple aspects.The summary of evaluation is somewhat specific and includes some details about test outcomes and design changes, but it lacks thorough synthesis or integration of feedback into clear conclusions or trends.","The student provides a generally clear but somewhat sparse summary of the engineering design process. Key phases such as problem definition, research, prototyping, material selection, construction, and feedback are mentioned, but the descriptions are brief and lack comprehensive detail or explanation. This limits the reader's understanding of the challenges faced and the rationale behind decisions.

Value judgments are minimal and superficial. The only evaluative comment relates to a budget cut and a peer welding solution, but there is no discussion of what worked well, what did not, or why. This absence of critical reflection reduces the depth and usefulness of the document.

No lessons learned are explicitly stated, and the reflection does not offer insights that would benefit future engineers beyond this project. To improve, the student should provide more detailed summaries of each design phase, include thoughtful evaluations of successes and failures with explanations, and articulate clear, transferable lessons learned. Adding reflections on problem-solving strategies, decision-making rationale, and challenges encountered would strengthen the reflection and make it more valuable for future engineering work.",1.666666667,1.333333333
Case003_410.pdf,,Placeholder text for scoring.,4,1,0,3,1,0,,,,,,,No stakeholders or field experts are identified or documented in the evaluation.The evaluation addresses a single aspect of the design process—prototype performance and testing results—but is incomplete and overly general.The summary is sparse with few specifics or details and lacks thorough synthesis of evaluation feedback.,"The student provides a generally clear summary of the engineering design process, touching on key phases such as problem definition, research, prototyping, material selection, construction, evaluation, and delivery. However, the summary is somewhat sparse and lacks comprehensive detail or explanation of each step, which limits the reader’s understanding of the full process.

Value judgments are only partially present. The reflection includes a few mentions of challenges, such as budget cuts and the welding workaround, but these are not explored in depth. The student misses opportunities to analyze why certain decisions were effective or how challenges impacted the project outcomes, resulting in a superficial evaluation.

Lessons learned are minimally articulated and not clearly transferable to other engineering contexts. The reflection would benefit from more explicit discussion of insights gained and how these could inform future projects. To improve, the student should provide more detailed summaries of each design phase, include thoughtful evaluations of successes and failures, and clearly articulate lessons learned that are applicable beyond this specific project. Adding explanations of decision-making rationales and reflecting on the engineering process would strengthen the overall reflection.",1.666666667,1.333333333
Case004_110.pdf,,Placeholder text for scoring.,1,1,0,4,2,1,,,,,,,No stakeholders or field experts are identified or documented in the evaluation.The evaluation addresses a single aspect of the design process—prototype performance and testing results—but is incomplete and overly general.The summary is sparse with few specifics or details and lacks thorough synthesis of evaluation feedback.,"The student provides a generally clear summary of the engineering design process, covering key phases such as problem definition, ideation, prototyping, finalizing, and reflection. While the summary touches on each step, it often remains brief and lacks comprehensive detail that would deepen understanding of the process. Expanding on specific activities and decisions within each phase would strengthen the summary.

Value judgments are present but limited in depth. The student notes some successes, like the flexible prototype design and external feedback, but does not thoroughly analyze why these were effective or discuss challenges encountered. More explicit evaluation of what worked well, what did not, and the reasons behind these outcomes would enhance the reflection.

Lessons learned are minimally articulated and not clearly transferable beyond this project. To improve, the student should explicitly state lessons learned, explain their significance, and connect them to broader engineering design principles. Recommendations include providing more detailed summaries of each phase, offering deeper evaluative insights into project decisions, and clearly articulating lessons that future engineers can apply. This would create a more robust and useful reflection.",0.666666667,2.333333333
Case005_434.pdf,,Placeholder text for scoring.,4,3,4,4,3,3,,,,,,,"No stakeholders or field experts are explicitly identified or documented as providing evaluation feedback.The document contains some discussion of design elements and testing experiences, but no clear external evaluation addressing specific aspects of the design or engineering process is documented.There is no synthesis or summary of external evaluation feedback; the document mainly describes internal testing and observations without detailed or thorough external evaluation conclusions.","The student offers a clear and generally comprehensive summary of the engineering design process, touching on all major phases from problem definition through evaluation. The description includes stakeholder consultation, research, ideation, prototyping, testing, and feedback integration, which demonstrates a solid understanding of the process. However, some steps could be elaborated with more detail to achieve a more robust summary.

Value judgments are present throughout the reflection, with the student identifying strengths such as effective teamwork and quality materials, as well as challenges like distractions, communication delays, and creativity constraints. While these insights are helpful, the reflection would benefit from deeper analysis explaining why these factors influenced the project outcomes and how they might be addressed in future work.

The lessons learned section provides useful takeaways about client interaction, teamwork, adaptability, and creativity that are transferable to other engineering projects. Yet, some lessons remain somewhat general and could be strengthened by linking them more explicitly to engineering design principles or problem-solving strategies. To improve, the student should aim to provide more detailed summaries of each design phase, deepen evaluative reflections with causal explanations, and develop lessons learned that clearly connect to engineering practice and future projects.",3.666666667,3.333333333
Case006_000.pdf,,Placeholder text for scoring.,0,0,0,4,3,2,,,,,,,"No stakeholders or field experts are explicitly identified or documented as providing evaluation feedback.The document discusses some aspects of the design such as the handle, dispensing mechanism, and button, and mentions testing and observations about the dispenser's performance. However, the evaluation is incomplete and overly general, lacking detailed or comprehensive analysis.The summary of evaluation is sparse and lacks specific details or thorough synthesis. The reflection on the dispenser's occasional blockage is noted but not deeply analyzed or connected to broader design implications.","The student provides a generally clear and comprehensive summary of the engineering design process, covering key phases such as problem definition, research, ideation, prototype design, construction, testing, and evaluation. This allows the reader to follow the project’s progression and understand the main activities undertaken. However, some steps could be more fully developed to enhance completeness.

Value judgments are present throughout the reflection, with the student noting successes like effective research and challenges such as time constraints and limited expert feedback. While these evaluations identify what went well and what did not, they occasionally lack depth in explaining why certain decisions or outcomes were successful or problematic. More detailed analysis would strengthen the reflection.

Lessons learned are partially included and offer some useful insights, particularly regarding project management and stakeholder engagement. Yet, these lessons tend to be narrowly focused on this specific project and do not fully translate into broader, transferable advice for future engineering design. To improve, the student should aim to provide more detailed summaries of each phase, deepen evaluative reflections by explaining causes and effects, and develop lessons learned that are more generalizable and actionable for other engineers.",0,3
Case007_000.pdf,,Placeholder text for scoring.,0,0,0,4,3,2,,,,,,,"Only one stakeholder, Mr. Blanchard, is documented as providing feedback. No other stakeholders or demonstrably qualified field experts are mentioned.The evaluation feedback is mostly general praise about the design's appearance and functionality, with some mention of improvements like adding more 3M tape. However, it lacks detailed discussion of multiple specific aspects of the design or engineering process.The summary lists multiple feedback instances from the stakeholder but does not synthesize or analyze the feedback into clear conclusions or trends. The documentation is somewhat detailed but remains overly general and incomplete in integrating the feedback.","The student provides a generally clear and comprehensive summary of the engineering design process, covering all major phases from problem definition through evaluation. The description of each step is adequate, though some areas, such as the final design refinement and testing details, could be more fully developed to enhance clarity and completeness. This summary effectively outlines the project flow but occasionally lacks depth in explaining the nuances of each phase.

Value judgments are present throughout the reflection, with the student identifying successes like the usefulness of prior research and design matrices, as well as challenges such as time constraints and limited expert feedback. While these evaluations demonstrate awareness of project strengths and weaknesses, some reflections are somewhat superficial and would benefit from deeper analysis of why certain outcomes occurred and how they influenced the project.

Lessons learned are partially included and offer some useful insights, particularly regarding project management and the importance of diverse expert input. However, these lessons tend to be narrowly focused on this specific project and lack broader applicability or detailed guidance for future engineering design efforts. To improve, the student should aim to provide more detailed and transferable lessons, deepen evaluative reflections, and expand summaries to include finer details of each design phase.",0,3
Case008_011.pdf,,Placeholder text for scoring.,0,1,1,2,2,2,,,,,,,"Only one stakeholder, Mr. Blanchard, is documented as providing feedback. There is no mention of any other stakeholders or demonstrably qualified field experts.The evaluation feedback is mostly general praise about the design's appearance and functionality, with some mention of adding more 3M tape and confirming the design met requirements. However, it lacks detailed discussion of multiple specific aspects of the design or engineering process.The summary lists multiple feedback instances from the stakeholder but does not synthesize or analyze these comments into clear conclusions or trends. The summary is somewhat detailed but remains overly general and incomplete.","The reflection provides a limited summary of the engineering design process, focusing mainly on the planning and building phases. However, the summary is sparse and lacks comprehensive coverage of other important steps such as problem definition, ideation, testing, or evaluation. This limits the reader's understanding of the full project workflow.

The value judgments identify some successes and challenges, such as ease of design agreement and material limitations, but these reflections are brief and lack detailed explanation or analysis. The student does not clearly explain why certain outcomes were successful or problematic, which reduces the depth of insight.

Lessons learned are minimally articulated and remain quite general, focusing on the need to consider criteria and potential problems before building. These reflections are not sufficiently specific or actionable to be broadly useful to future engineers. To improve, the student should aim to provide a more complete summary of all design phases, offer deeper evaluative reflections explaining causes of success or failure, and develop more detailed, transferable lessons learned. Including specific examples and thoughtful analysis will strengthen the reflection and its value to others.",0.666666667,2
Case009_414.docx,,Placeholder text for scoring.,4,1,4,4,3,4,,,,,,,"The student provides a clear and comprehensive summary of the major steps of the engineering design process, including problem definition, ideation, selection and prototype design, prototype building, testing, and evaluation. Each step is described with relevant details about what was done and why, though some steps could be more elaborated for full robustness. | The student consistently provides value judgments for most major steps, such as recognizing the prototype falling apart and the challenges in noise testing. However, some evaluations are cursory or implicit, such as the acceptance of color as a low priority without deeper analysis of its impact, and limited discussion of failures or challenges beyond a few examples. | The lessons learned focus on time management and prioritization of design requirements, which are clearly useful and transferable to future engineering design projects. The reflection highlights the risk of overlooking lower priority but stakeholder-important features, providing a generalized insight beyond this specific project.","The student offers a clear and comprehensive summary of the engineering design process, covering multiple distinct phases such as problem definition, ideation, prototype design, building, testing, and evaluation. This structured approach helps the reader understand the progression and key activities of the project. While the summaries are detailed and informative, some phases could benefit from deeper elaboration to achieve a more robust overview.

Value judgments are present throughout the reflection, with the student acknowledging successes and challenges like prototype failures and testing difficulties. However, some evaluations are somewhat superficial or implicit, lacking thorough analysis of the impact or effectiveness of decisions. Expanding on why certain choices succeeded or failed would strengthen the evaluative depth.

The lessons learned are thoughtfully generalized, emphasizing time management and the importance of balancing high and low priority requirements. These insights are clearly useful to future engineers and demonstrate reflective thinking beyond the immediate project. To improve, the student could provide more explicit evaluations of all major steps, deepen the discussion of challenges and outcomes, and include additional transferable lessons related to design iteration or stakeholder engagement.",3,3.666666667
Case010_445.docx,,Placeholder text for scoring.,4,4,5,4,3,3,,,,,,,"The student provides a clear and comprehensive summary of the major steps of the engineering design process, including problem definition, ideation, selection and prototype design, prototype building, testing, and evaluation. Each step is described with relevant details about what was done and why, though some steps could be more elaborated for full robustness. | The student consistently provides value judgments for most major steps, such as recognizing the prototype falling apart and the challenges with noise testing. However, some evaluations are cursory or implicit, such as the acceptance of color as a low priority without deeper analysis, and limited discussion of the effectiveness of decisions beyond basic justification. | Lessons learned focus on time management and prioritization, which are summarized and mostly useful to future engineering design efforts. However, the reflections are somewhat general and could be expanded to include more substantive, transferable insights beyond this project.","The student provides a clear and generally comprehensive summary of the engineering design process, covering multiple distinct phases such as problem definition, ideation, prototype design, building, testing, and evaluation. This structured approach helps the reader understand the progression of the project and the rationale behind key decisions. However, some phases could benefit from deeper elaboration to achieve a more robust summary.

Value judgments are present throughout the reflection, with the student acknowledging challenges like prototype failure and noise testing difficulties. While these evaluations demonstrate awareness of project successes and limitations, some judgments are cursory or lack detailed analysis of the impact or effectiveness of decisions. Expanding on why certain choices succeeded or failed would strengthen this aspect.

The lessons learned section highlights important themes like time management and prioritization, which are relevant to future engineering projects. Yet, the insights remain somewhat general and could be enhanced by including more specific, actionable advice or broader engineering principles. To improve, the student should aim to provide more detailed evaluations of project outcomes, deepen the summary of each design phase, and develop lessons learned that clearly transfer to other engineering contexts.",4.333333333,3.333333333
Case011_054.pdf,,Placeholder text for scoring.,0,5,4,5,5,5,,,,,,,"The document identifies multiple stakeholders and field experts: Ms Brenan as a stakeholder, students as users, and experts from Drexel University. The Drexel experts are referenced as providing consensus on flow rate, implying demonstrable qualification. Thus, there are at least two stakeholders and two qualified field experts documented.The evaluation feedback addresses multiple aspects of the design and engineering process, including prototype performance (water flow, weight, safety), usability (student functionality, appearance), testing results (quantitative flow rate, weight, safety edges), and design decisions (handle colors, mirror addition). The evaluation also discusses constraints and improvement needs, showing comprehensive coverage.The synthesis summarizes evaluation results in a generally-specific, detailed, and thorough way. It integrates multiple evaluator comments into conclusions about strengths and weaknesses, such as flow rate adequacy, portability, safety concerns, and appearance. However, some synthesis is descriptive rather than deeply analytical, and some improvement suggestions are general rather than highly specific.","The student provides a clear and comprehensive summary of the major phases of the engineering design process, including problem definition, ideation, STEM justification, prototype building, testing, and evaluation. Each step is thoughtfully described with attention to successes and challenges, demonstrating a solid understanding of the process. However, some phases such as research are only implicitly addressed, and the summary could be more robust by explicitly including all key steps.

Value judgments are consistently and meaningfully provided, with clear reflections on what went well, what did not, and why. This evaluative reflection shows honest assessment and insight into the project’s strengths and weaknesses. Some explanations could be deepened to enhance understanding, but overall the student effectively connects outcomes to causes.

The lessons learned are well summarized and offer useful guidance for future engineers, emphasizing iteration, feedback, and system thinking. These transferable insights are valuable, though expanding with more specific examples or detailed analysis would strengthen their impact. To improve, the student should explicitly include all design phases in the summary, deepen the analysis of why outcomes occurred, and provide more detailed, specific lessons learned. Additionally, integrating reflections on research and feasibility earlier in the process would enhance completeness and usefulness.",3,5
Case012_333.pdf,,Placeholder text for scoring.,3,3,3,5,5,5,,,,,,,"The document identifies five stakeholders who operated the paddle, but they are all from the same classroom and no field experts are documented. The roles of these stakeholders are somewhat clear as users, but no demonstrably qualified experts are involved.The evaluation addresses some aspects of the design, such as usability (user operation success), durability (damage to tool), and safety (injury to users). However, the evaluation is incomplete and somewhat general, lacking depth in analysis or coverage of multiple design aspects.The summary of external evaluation is somewhat specific with some details (e.g., one user broke the string), but it is incomplete and overly general. There is no thorough synthesis or integration of feedback into clear conclusions or recommendations.","The student provides a clear and comprehensive summary of the major phases of the engineering design process, including problem definition, ideation, STEM justification, prototype building, testing, and evaluation. Each phase is thoughtfully described with reflections on successes and challenges, demonstrating a solid understanding of the process. While the summary is strong, some minor steps such as research are only implicitly referenced and could be more explicitly detailed to enhance completeness.

Value judgments are consistently and effectively integrated throughout the reflection. The student clearly articulates what went well, what did not, and why, providing meaningful insights into the design decisions and outcomes. Some areas, like chemical safety, are noted but could benefit from deeper analysis to strengthen the evaluative reflection.

The lessons learned are well summarized and offer useful guidance for future engineers, emphasizing iteration, feedback, and system thinking. These insights are transferable beyond the specific project, though expanding on examples or providing more substantive detail would increase their impact. To improve, the student should explicitly include all design phases, deepen analysis of challenges, and enrich lessons learned with concrete examples. Additionally, integrating more detailed reflections on research and feasibility considerations would further strengthen the reflection.",3,5
Case013_030.docx,,Placeholder text for scoring.,0,3,0,4,3,3,,,,,,,"The student provides a clear and comprehensive summary of the major steps of the engineering design process, including problem definition, brainstorming, idea selection, prototype design and building, testing, and evaluation. Each step is described with specific activities and reflections, though some summaries are brief or lack depth. | The student consistently provides value judgments for major steps, noting challenges (e.g., wiring concerns, organization issues), successes (testing worked on first try), and suggestions for improvement. However, some evaluations are cursory or general, such as expressing worry or lack of confidence without deeper analysis of impact. | Lessons learned are summarized and mostly useful to others, such as the importance of organization, measuring accurately, and recording data in real time. However, reflections are somewhat project-specific and could be more generalized to broader engineering design contexts.","The student provides a generally clear and adequately developed summary of most phases of the engineering design process, including problem definition, brainstorming, idea selection, prototype design and building, testing, and evaluation. This coverage demonstrates a good understanding of the project workflow, though some steps could be elaborated with more detail to strengthen the comprehensiveness.

Value judgments are present throughout the reflection, with the student honestly discussing challenges like wiring unfamiliarity and organizational difficulties, as well as successes such as the testing phase working on the first try. However, some evaluations remain superficial or overly general, lacking deeper analysis of why certain decisions succeeded or failed and their impact on the project outcome.

The lessons learned are thoughtful and include useful advice for future projects, such as the importance of early organization, accurate measurement, and real-time documentation. Yet, these lessons tend to be tied closely to this specific project rather than generalized to broader engineering design principles. To improve, the student should aim to provide more detailed summaries of each design phase, deepen evaluative reflections by explaining the reasons behind successes and failures, and articulate lessons learned in a way that clearly benefits future engineering efforts beyond this project.",1,3.333333333
Case014_333.pdf,,Placeholder text for scoring.,3,3,3,4,4,4,,,,,,,"The document identifies five stakeholders who operated the paddle, but they are all from the same classroom and no field experts are documented or demonstrably qualified.The evaluation addresses some aspects of the design such as usability (operator success and damage to tool) and safety (injury potential), but the coverage is incomplete and lacks depth in analysis or other design process aspects.The summary of external evaluation is somewhat specific with some details on trial results and possible bias, but it is incomplete, overly general, and lacks thorough synthesis or integration of evaluator feedback.","The student provides a clear and comprehensive summary of the major phases of the engineering design process, including problem definition, ideation, prototype design and building, testing, and evaluation. Each step is addressed with reflections on successes and challenges, demonstrating a solid understanding of the process. However, some steps could benefit from deeper detail to achieve a more robust and comprehensive summary.

Value judgments are consistently presented, with thoughtful explanations of what went well and what did not, as well as reasons behind these outcomes. The student effectively identifies challenges such as limited material information and restricted expert feedback, though some reflections, particularly on corrective actions and stakeholder engagement, are somewhat brief and could be elaborated.

The lessons learned are meaningful and clearly useful to future engineers, emphasizing early material knowledge, the value of multiple prototypes, thorough research, and the importance of multiple field experts. To improve, the student could provide more detailed examples in reflections, expand on corrective responses, and include stakeholder feedback insights. Additionally, integrating more analysis on how these lessons impact future design decisions would strengthen the reflection further.",3,4
Case015_222.pdf,,Placeholder text for scoring.,2,2,2,4,4,4,,,,,,,"The document references multiple people providing feedback on ease of use, appearance, and size, indicating involvement of multiple stakeholders. However, no field experts are identified or demonstrated as qualified.The evaluation addresses several aspects of the design including usability (ease of use), aesthetics (appearance), size, and performance under load (weight affecting rotation). These are clearly tied to design requirements and testing results.The summary provides some specific details about test results and implications, such as difficulty turning under weight and appearance improvements. However, it lacks thorough synthesis or integration of feedback into clear conclusions or trends across evaluators.","The student provides a clear and comprehensive summary of the major phases of the engineering design process, including problem definition, ideation, prototype design and building, testing, and evaluation. Each step is addressed with reflections on successes and challenges, demonstrating a solid understanding of the process. However, some summaries could be more detailed to achieve a fully robust overview of every step.

Value judgments are consistently included, with thoughtful explanations of what went well and what did not, along with reasons for these outcomes. This reflective approach strengthens the analysis, though a few areas would benefit from deeper evaluation rather than primarily descriptive statements.

The lessons learned section offers practical and transferable insights for future engineers, such as the importance of early material knowledge, multiple prototypes, thorough research, and expert involvement. These reflections are useful and relevant beyond this project. To improve, the student could provide more detailed summaries for all steps, deepen the analysis of challenges and successes, and expand lessons learned with specific examples or strategies. Additionally, engaging more with stakeholder feedback and testing limitations would enhance the reflection’s depth and applicability.",2,4
Case016_111.docx,,Placeholder text for scoring.,1,1,1,3,2,2,,,,,,,"The student provides a generally clear and adequately developed summary of most major steps of the engineering design process, including problem definition, ideation, design justification, prototype building, testing, and evaluation. However, the summaries are brief and lack depth or detail about what was actually done during each phase. | The student partially provides value judgments by noting some successes (e.g., testing was smooth) and challenges (e.g., debugging problems, design difficulties). However, these evaluations are cursory and lack detailed explanation of why outcomes occurred or how decisions impacted the project. | The lessons learned are included but are limited in scope and generality. The suggestion to consider the target age group and to make the design straightforward and easy to use is somewhat useful but remains project-specific and lacks broader engineering insight.","The student offers a generally clear summary of multiple phases of the engineering design process, including problem definition, ideation, design justification, prototype building, testing, and evaluation. While these summaries cover the major steps, they are brief and lack detailed descriptions of the activities or decisions made during each phase, limiting the comprehensiveness of the reflection.

Value judgments are present but are only partially developed. The student identifies some successes, such as smooth testing, and challenges, like debugging and design difficulties. However, these reflections are mostly descriptive and do not deeply analyze the reasons behind successes or failures, nor do they evaluate the effectiveness of decisions made throughout the project.

The lessons learned section includes some useful points, such as considering the target user group and aiming for straightforward design. Yet, these insights are somewhat narrow and tied closely to the specific project rather than offering broadly applicable engineering lessons. To improve, the student should provide more detailed summaries of each design phase, deepen evaluative reflections by explaining why outcomes occurred, and develop lessons learned that are transferable to future engineering projects. Including specific examples and linking reflections to engineering principles would strengthen the overall reflection.",1,2.333333333
Case017_110.pdf,,Placeholder text for scoring.,1,1,0,5,5,5,,,,,,,"No stakeholders or field experts are identified or documented as providing evaluation.The document discusses intended tests and their priorities but contains no actual evaluation data or feedback addressing design or engineering aspects.The summary is sparse and general, lacking specific details or thorough synthesis of any external evaluation.","The student presents a clear and comprehensive summary of the engineering design process, effectively covering all major phases from concept development through compliance testing. Each step is described with sufficient detail to understand the progression and rationale behind the project’s evolution. This thoroughness demonstrates a strong grasp of the design workflow.

Value judgments are well integrated throughout the reflection, with the student thoughtfully evaluating what went well and why each step was critical to the project’s success. The explanations go beyond surface-level descriptions, providing insight into the importance of iterative prototyping, stakeholder engagement, and manufacturing optimization. This evaluative depth strengthens the reflection.

The lessons learned are particularly strong, offering transferable insights that future engineers can apply broadly. They emphasize process-focused strategies such as early stakeholder involvement, continuous feedback loops, and rigorous testing, which are valuable beyond this specific project. To improve, the student could include more discussion of challenges or failures encountered, provide examples of how lessons were applied in practice, and deepen analysis of trade-offs made during material selection or manufacturing. Overall, the reflection is thoughtful and useful, with minor opportunities to enhance critical evaluation and specificity.",0.666666667,5
Case018_244.docx,,Placeholder text for scoring.,2,4,4,4,3,3,,,,,,,"The student provides a clear and comprehensive summary of the major steps of the engineering design process, including defining the problem, ideation, prototype design, building, testing, and evaluation. Each step is described with what went well and what did not, showing an understanding of the process phases. However, some summaries lack depth or critical analysis, and some details are sparse or vague, preventing a full robust and comprehensive summary. | The student consistently provides value judgments for major steps, discussing successes (e.g., clear stakeholder definition, effective prototype assembly), challenges (e.g., blurry pictures, missing stakeholder names), and reasons for outcomes. However, some evaluations are cursory or lack depth, such as limited critical analysis in element B and vague comments on documentation lapses. The value judgments are present but not always robust or fully developed. | Lessons learned are summarized and mostly useful to others attempting engineering design, focusing on the critical importance of proper documentation, clear pictures, and accurate measurements. These insights are transferable beyond the project. However, the reflections are somewhat limited in scope and could be expanded to include broader engineering design process insights.","The student provides a generally clear and adequately developed summary of multiple phases of the engineering design process, including problem definition, ideation, prototype design, building, testing, and evaluation. The reflection identifies what went well and what did not in each phase, demonstrating a solid understanding of the project’s progression. However, some summaries lack depth and critical analysis, and certain details are vague or incomplete, which limits the comprehensiveness of the reflection.

Value judgments are consistently present for major steps, with the student discussing successes, challenges, and reasons for outcomes. While these evaluations show honest reflection, some are cursory or lack robust explanation, such as limited critical analysis in early stages and vague comments on documentation issues. Strengthening these evaluations with more detailed reasoning would enhance the reflection’s depth.

The lessons learned focus on the importance of proper documentation, clear visuals, and accurate measurements, which are useful and transferable to future engineering projects. Expanding these lessons to include broader insights about teamwork, testing, or design iteration would increase their value. To improve, the student should provide more detailed summaries with critical analysis, deepen value judgments by explaining impacts and lessons from successes and failures, and broaden lessons learned to cover wider engineering design principles.",3.333333333,3.333333333
Case019_334.docx,,Placeholder text for scoring.,3,3,4,4,3,3,,,,,,,"The student provides a clear and comprehensive summary of the major steps of the engineering design process, including defining the problem, ideation, selection and prototype design, prototype building, testing, and evaluation. Each step is described with what went well and what could have been improved, showing an understanding of the process phases. However, some summaries lack depth or critical analysis, and some details are sparse or vague. | The student consistently provides value judgments for major steps, discussing successes (e.g., clear stakeholder definition, effective prototype assembly), challenges (e.g., blurry pictures, missing stakeholder names), and reasons for outcomes. However, some evaluations are cursory or lack depth, such as limited critical analysis in element B and vague comments on documentation lapses. The value judgments are present but not robust or fully developed across all steps. | Lessons learned are summarized and mostly useful to others attempting engineering design, focusing on the importance of proper documentation, clear pictures, and accurate measurements. These insights are generalized beyond the project but could be more substantive and detailed to enhance transferability. The reflection lacks multiple or diverse lessons that would deepen usefulness for future engineers.","The student provides a generally clear and comprehensive summary of the engineering design process, covering multiple distinct phases such as problem definition, ideation, prototype design, building, testing, and evaluation. The reflection identifies what went well and what did not, demonstrating an understanding of the project’s progression. However, some summaries could benefit from deeper critical analysis and more detailed descriptions to strengthen clarity and completeness.

Value judgments are consistently present for major steps, with the student acknowledging successes and challenges, such as effective stakeholder identification and issues with documentation and visual aids. While these evaluations show honest reflection, some are cursory or lack detailed reasoning, limiting their impact. Expanding on why certain decisions succeeded or failed would improve the evaluative depth.

The lessons learned focus on the importance of thorough documentation and clear visual records, which are useful and transferable to future engineering projects. Nonetheless, the reflection would be stronger with more substantive and varied lessons that address broader engineering design challenges. To improve, the student should provide more detailed summaries with critical insights, deepen evaluative commentary on project decisions, and develop richer, more generalized lessons learned that future engineers can apply.",3.333333333,3.333333333
Case020_445.pdf,,Placeholder text for scoring.,4,4,5,4,4,5,,,,,,,"The document identifies dormitory residents as stakeholders who provided evaluation feedback. No field experts are mentioned, and only one stakeholder group is documented.The evaluation addresses multiple aspects of the design, including prototype performance (weight capacity, waterproofing), usability (placement and accessibility), and design constraints (size and stability). However, the evaluation lacks depth in some areas and does not cover the engineering design process comprehensively.The summary provides some specific details about the evaluation results and identifies a needed improvement (leveling the device). However, it is somewhat general and lacks thorough synthesis or integration of multiple evaluator perspectives.","The student provides a clear and comprehensive summary of the engineering design process, effectively covering major phases such as brainstorming, research, prototyping, testing, evaluation, and team coordination. The summary demonstrates a good understanding of the project’s progression and highlights key challenges and adaptations. However, some phases like ideation and construction could be more explicitly detailed to achieve a fully robust summary.

The reflection includes consistent value judgments about what went well and what did not, with thoughtful explanations of why certain decisions or outcomes were successful or problematic. The student candidly discusses challenges such as prototype failures and the importance of expert feedback, though some reflections, particularly on team coordination, could be more deeply analyzed.

The lessons learned are a strong aspect of the reflection, offering substantive and transferable insights useful to future engineers. They emphasize critical elements like deep problem definition, planning for iteration, communication, expert input, and design flexibility. To improve, the student could provide a more detailed summary of all design phases, deepen analysis of all project steps including team dynamics, and connect reflections more explicitly to engineering principles. Additionally, integrating specific examples when discussing lessons learned would enhance their applicability.",4.333333333,4.333333333
Case021_525.pdf,,Placeholder text for scoring.,5,2,5,4,3,4,,,,,,,"The document identifies dormitory residents as stakeholders who provided evaluation feedback. No field experts are mentioned, and only one stakeholder group is documented.The evaluation feedback addresses some aspects of the design, such as prototype performance (weight capacity, waterproofing), usability (placement and accessibility), and design constraints (size and stability). However, the evaluation is somewhat general and lacks depth in multiple aspects.The summary provides some specific details about the design's strengths and a single improvement area (levelness). However, it is somewhat general and lacks thorough synthesis or integration of multiple evaluator perspectives.","The student provides a well-structured and generally comprehensive summary of the engineering design process, covering key phases such as problem definition, research, ideation, prototyping, testing, and improvement. The descriptions are clear and allow the reader to follow the project’s progression, though some steps could benefit from more elaboration to achieve a fully robust summary.

Value judgments are present throughout the reflection, with the student acknowledging both successes and challenges, such as the bias in concept selection and the usefulness of expert feedback. However, some evaluations are somewhat superficial or lack detailed analysis explaining why certain outcomes occurred, which limits the depth of reflection.

The lessons learned are thoughtful and relevant, particularly regarding budgeting and the importance of physics understanding and mentorship. These insights are valuable for future engineering projects beyond this specific case. To improve, the student could provide more detailed analysis of decision impacts, expand reflections on less-developed steps like improvement, and include additional lessons learned that address broader engineering process challenges. Enhancing the depth of evaluation and broadening lessons would strengthen the overall reflection.",4,3.666666667
Case022_221.pdf,,Placeholder text for scoring.,2,2,1,4,3,2,,,,,,,No stakeholders or field experts are identified or documented as evaluators.The evaluation feedback is general and focuses on testing outcomes and trial-and-error but lacks clear connection to specific aspects of the design or engineering process.The summary is sparse and provides few specific details or thorough synthesis of evaluation feedback.,"The student offers a generally clear and comprehensive summary of the engineering design process, covering key phases such as problem definition, ideation, prototype design, construction, testing, and evaluation. Each step is described with sufficient clarity to understand the progression of the project, though some steps could benefit from more detailed explanation to strengthen the overall summary.

The reflection includes consistent value judgments about what went well and what challenges were encountered at various stages. While these insights demonstrate honest evaluation, some reflections are brief and lack deeper analysis of the reasons behind successes or difficulties. Expanding on these explanations would improve the quality of the reflection.

Lessons learned are thoughtfully included and provide useful advice for future engineers, particularly regarding buoyancy control and drainage in underwater robotics. However, these lessons are somewhat specific to the project context. To enhance their usefulness, the student should aim to generalize lessons to broader engineering principles and processes. Additionally, incorporating more reflections on the design process itself would strengthen the transferability of insights.

To improve, the student should: 1) provide more detailed summaries for all design steps, 2) deepen the analysis of successes and failures by explaining causes, 3) generalize lessons learned to apply beyond this project, and 4) include reflections on how the design process could be improved overall.",1.666666667,3
Case023_444.pdf,,Placeholder text for scoring.,4,4,4,4,4,3,,,,,,,No stakeholders or field experts are identified or documented in the evaluation.No external evaluation feedback is documented that addresses any aspect of the design or engineering design process.No synthesis or summary of external evaluation is present.,"The student offers a generally clear and comprehensive summary of the engineering design process, covering key phases such as problem definition, ideation, prototype design, construction, testing, and evaluation. Each step is described with sufficient clarity to understand the progression of the project, though some summaries are brief and could benefit from more elaboration to fully capture the complexity of the process.

Value judgments are present throughout the reflection, with the student noting what went well and what challenges were encountered at various stages. This demonstrates an honest evaluation of the project, though some reflections lack depth in explaining why certain outcomes occurred, which would strengthen the analysis and provide more insight into the design decisions.

The lessons learned section includes practical advice on buoyancy and drainage that would be useful to future engineers working on similar projects. However, these lessons are somewhat specific to this ROV project and could be expanded to include more generalizable insights about the engineering design process. To improve, the student should aim to provide more detailed explanations in their reflections, deepen the analysis of successes and failures, and broaden lessons learned to apply across engineering contexts. Additionally, including more explicit connections between steps and their impact on the overall project would enhance the coherence and usefulness of the reflection.",4,3.666666667
Case024_111.pdf,,Placeholder text for scoring.,1,1,1,3,2,1,,,,,,,No stakeholders or field experts are named or documented as providing evaluation feedback.No external evaluation feedback is documented that addresses any aspect of the design or engineering design process.No synthesis or summary of external evaluation is present.,"The student provides a generally clear summary of the engineering design process, touching on key phases such as problem definition, ideation, planning, prototype construction, and testing. While the summary covers most steps, it lacks comprehensive detail and depth, particularly in the testing and evaluation phases, which limits the overall clarity and completeness.

Value judgments are present but limited. The student identifies that the code integration was successful and that the prototype size was problematic, yet these reflections are brief and lack analysis of underlying causes or implications. This limits the usefulness of the evaluation for understanding project successes and challenges.

Lessons learned are minimally articulated and tend to be generic recommendations rather than specific, thoughtful insights. The reflections on planning and documentation are useful but not sufficiently developed to guide future engineers effectively. To improve, the student should provide more detailed summaries of each design phase, offer deeper analysis of what worked and why, and develop lessons learned that are specific, reflective, and transferable. Including explanations of decision impacts and challenges would strengthen the reflection and its value to others.",1,2
Case025_222.pdf,,Placeholder text for scoring.,2,2,2,3,2,1,,,,,,,"The document references two types of evaluators: zookeepers and human participants simulating bears. The zookeepers provided bite force data, indicating some field expertise, but their qualifications are not fully demonstrated. The human participants are stakeholders in the sense of user testing but are not clearly identified as stakeholders or experts. Thus, there is evidence of two stakeholders or field experts, but not multiple or clearly demonstrably qualified experts.The evaluation addresses multiple clear aspects of the design and engineering process, including prototype performance (durability, size, and capacity), testing results (time to access, durability under simulated forces), usability (ease of access, ergonomics), and analysis of these results. The document provides detailed testing procedures and results, covering functional, durability, and usability testing.The synthesis summarizes the evaluation results in a generally-specific, detailed, and thorough way. It integrates findings from different tests and participants, discusses limitations, and draws conclusions about design effectiveness and durability. However, the synthesis could be more explicitly integrative and highlight trends or patterns across evaluator feedback more clearly to reach the highest level.","The student provides a generally clear summary of the engineering design process, covering key phases such as problem definition, ideation, planning, prototype construction, and testing. While the summary touches on most steps, it lacks depth and completeness, especially regarding evaluation and iteration phases. More detailed descriptions of each step would strengthen the overall clarity and comprehensiveness.

Value judgments are present but limited. The student identifies a success in the code working with the sensor and a challenge with the prototype size and incomplete project status. However, these reflections are brief and do not explore the reasons behind successes or failures, reducing their usefulness for understanding the design process.

Lessons learned are minimally articulated and somewhat generic, focusing on planning, testing, and documentation. These insights could be more specific and tied to the project’s unique challenges to better support future engineers. To improve, the student should provide more detailed summaries of all design phases, offer deeper analysis of what worked and why, and develop specific, transferable lessons learned that reflect on the engineering process rather than just project events.",2,2
Case026_112.pdf,,Placeholder text for scoring.,1,1,2,3,2,1,,,,,,,"The document references two stakeholders: zookeepers and human participants simulating bears. The zookeepers provided bite force data, indicating some field expertise, but their qualifications are not fully demonstrated. The human participants include one design team member and one unaffiliated individual, serving as stakeholders. No multiple demonstrably-qualified field experts are documented.The evaluation addresses multiple clear aspects of the design and engineering process, including prototype performance (durability, ease of access), testing results (time to open/close, PSI handling), analysis of data, and usability feedback from participants. The document covers baseline measurements, functional testing, durability, and user interaction comprehensively.The summary synthesizes evaluation results in a generally-specific, detailed, and thorough way, discussing trends such as durability exceeding requirements, usability challenges, and design intentions. However, some synthesis could be deeper, especially regarding limitations and future improvements.","The student provides a generally clear summary of the engineering design process, covering key phases such as problem definition, ideation, planning, prototype construction, and testing. While the summary touches on most steps, it lacks comprehensive detail and depth, particularly in the testing and evaluation phases. This limits the overall clarity and robustness of the project overview.

Value judgments are present but limited. The student acknowledges successes, such as the code functioning with the sensor, and challenges, like the oversized prototype and incomplete project. However, these reflections are brief and lack analysis of underlying causes or implications, reducing their effectiveness in guiding future improvements.

Lessons learned are partially included, focusing on planning, testing, and documentation. Although these points are relevant, they are somewhat generic and lack specificity or deeper insight that would make them broadly useful to other engineers. To improve, the student should provide more detailed summaries of each design phase, offer richer evaluative reflections explaining why outcomes occurred, and develop more thoughtful, transferable lessons learned. Including specific examples and analysis would strengthen the reflection and its value to future projects.",1.333333333,2
Case027_111.docx,,Placeholder text for scoring.,1,1,1,3,2,2,,,,,,,"The student provides a generally clear and adequately-developed summary of multiple steps including goal setting, design ideation with multiple concepts, prototype building, testing methods, and reflection on the design process. However, the summaries lack depth and detailed explanation of each phase. | The student partially provides value judgments by noting successes (working prototype), challenges (material issues, multiple redesigns), and some evaluation of testing outcomes. However, the judgments are somewhat cursory and lack detailed analysis of why outcomes occurred or the effectiveness of decisions. | Lessons learned are included in part, such as the importance of considering users and the design process helping to stay on track. These are somewhat useful to others but are stated in a general and minimally developed way, limiting their transferability.","The student’s reflection provides a generally clear summary of several key phases of the engineering design process, including goal definition, ideation of multiple designs, prototype construction, testing, and overall reflection. While these steps are identifiable, the summaries are somewhat sparse and lack detailed explanation of what was done and why at each stage. Expanding on the specifics of each phase would strengthen the clarity and comprehensiveness.

Value judgments are present but limited. The student notes successes such as completing a working prototype and challenges like material limitations and redesigns. However, these evaluations are brief and do not deeply analyze the reasons behind successes or failures, nor do they assess the effectiveness of decisions in detail. More thorough evaluation of project outcomes would improve this aspect.

Lessons learned touch on the importance of considering users and the benefits of following the design process, which are useful insights. Yet, these reflections are general and minimally developed, reducing their usefulness to future engineers. To improve, the student should provide more detailed, transferable lessons, elaborate on the rationale behind design choices, and deepen the evaluation of project phases to enhance both understanding and reflection quality.",1,2.333333333
Case028_222.docx,,Placeholder text for scoring.,2,2,2,3,3,2,,,,,,,"The student provides a generally clear and adequately-developed summary of most steps, including goal setting, design ideation and selection, prototype building, and testing. However, the summaries lack depth and detailed explanation of each phase, and some steps are only sparsely described. | The student consistently provides value judgments for major steps, noting successes such as finishing a working prototype and challenges like needing to change the design multiple times and material limitations. However, some evaluations are cursory and lack detailed explanation of why outcomes occurred or how decisions impacted the project. | Lessons learned are partially included, such as the importance of considering users and environment and the value of the design process to stay on track. These insights are somewhat useful to others but are presented in a general and somewhat vague manner, limiting their transferability.","The reflection provides a generally clear summary of the engineering design process, covering key phases such as defining the project goal, brainstorming and selecting designs, building a prototype, and testing it. While these steps are identifiable, the descriptions are often brief and lack detailed explanation of the activities and decisions within each phase. Expanding on what was done and why during each step would strengthen the summary.

The student offers consistent value judgments by acknowledging both successes, like completing a working prototype, and challenges, such as material limitations and multiple design changes. However, some evaluations are superficial and do not fully explore the reasons behind outcomes or the effectiveness of decisions. More in-depth analysis of what worked well and what did not, with explanations, would improve the reflection.

Lessons learned touch on important ideas like considering the user and environment and the benefits of following the design process. These insights are somewhat useful but remain general and could be made more actionable and transferable to future projects. To improve, the student should provide more detailed summaries of each design phase, deepen evaluative commentary on project decisions and outcomes, and articulate lessons learned that clearly apply to broader engineering contexts.",2,2.666666667
Case029_222.pdf,,Placeholder text for scoring.,2,2,2,3,3,2,,,,,,,"The document references one named individual, Mr. Roberson, who provided feedback and is presumably a field expert, though his qualifications are not demonstrated. Additionally, stakeholders are mentioned but not identified or described. Thus, there is evidence of two evaluators but only one named and no clear demonstration of multiple qualified experts.The evaluation feedback addresses some aspects of the design, such as the basin, pump, overall height, and plant growth considerations. However, the feedback is somewhat general and lacks detailed data or comprehensive analysis. The evaluation touches on testing and future data collection but is incomplete and vague.The summary of the external evaluation is somewhat specific and includes some details about design elements needing improvement. However, it is incomplete, overly general in parts, and lacks thorough synthesis or integration of multiple evaluator comments into clear conclusions or trends.","The student provides a generally clear summary of the engineering design process, touching on key phases such as problem definition, ideation, prototype design, construction, testing, and evaluation. While the summary covers most steps, it often lacks depth and detail, resulting in a somewhat sparse overview rather than a robust, comprehensive reflection. More elaboration on each phase would strengthen the clarity and completeness of the summary.

Value judgments are present but limited in scope and depth. The student identifies successes like teamwork and idea quality, as well as challenges such as motor inadequacy. However, the reflection does not fully explore why these outcomes occurred or how they influenced the project’s progress. Providing more detailed analysis of decisions and their impacts would enhance the evaluative quality.

Lessons learned focus on teamwork and preparation but remain fairly generic and minimally developed. To be more useful to future engineers, reflections should include specific insights or strategies that can be applied broadly in engineering design. To improve, the student should aim to provide more detailed summaries of each design phase, deepen the analysis of successes and failures, and articulate lessons learned with greater specificity and transferability.",2,2.666666667
Case030_223.pdf,,Placeholder text for scoring.,2,2,3,3,3,2,,,,,,,"Only one evaluator, Mr. Roberson, is mentioned. His role as a field expert or stakeholder is not clearly demonstrated or qualified.The evaluation feedback addresses some aspects of the design, such as basin, pump, and height, and mentions testing and analysis. However, the feedback is incomplete and lacks detailed data.The summary is somewhat specific and includes some details about design issues and future questions, but it is incomplete, overly general, and lacks thorough synthesis or integration of multiple evaluator comments.","The student offers a generally clear summary of the engineering design process, touching on key phases such as problem definition, ideation, prototype construction, testing, and evaluation. While the summary covers most steps, it often lacks depth and detail, particularly in describing the ideation and evaluation stages. This limits the comprehensiveness of the reflection.

Value judgments are present but tend to be superficial. The student acknowledges successes like teamwork and idea quality, as well as challenges such as motor inadequacy. However, the reflection does not deeply analyze why these outcomes occurred or how decisions influenced the project’s trajectory, which weakens the evaluative insight.

Lessons learned focus on teamwork and preparation but remain broad and somewhat generic. They offer some usefulness to future engineers but would benefit from more specific, actionable insights that extend beyond this project. To improve, the student should provide more detailed summaries of each design phase, deepen the analysis of successes and failures by explaining causes and effects, and articulate lessons learned with clear, transferable advice. Including reflections on problem-solving strategies and design trade-offs would also enhance the value of the reflection.",2.333333333,2.666666667
Case031_324.pdf,,Placeholder text for scoring.,3,2,4,4,3,4,,,,,,,"Only one stakeholder group, the senior class, is documented as providing evaluation feedback. No field experts or demonstrably qualified evaluators are mentioned.The evaluation feedback addresses some aspects of the design, such as cleanliness and usability of bathroom trashcans and storage, but the coverage is limited and somewhat general.The summary lists survey results and quotes but lacks synthesis or integration of feedback into clear conclusions or detailed analysis.","The student offers a clear and comprehensive summary of the major phases of the engineering design process, including problem definition, research, ideation, prototype design, and construction. This summary effectively outlines the group’s approach and key activities, providing a solid understanding of the project’s progression. However, the reflection would benefit from including later phases such as testing and evaluation to present a more complete picture.

Value judgments are consistently provided for major steps, with thoughtful discussion of successes and challenges. The student explains what went well, such as effective measuring and quick problem-solving, and what did not, like misaligned holes and attachment issues. While these reflections are helpful, some lack deeper analysis or exploration of underlying causes, which would strengthen the evaluative aspect.

The lessons learned are substantive and clearly useful to future engineers, emphasizing interest in the project, communication, seeking help, and resilience. These insights are broadly applicable and demonstrate thoughtful reflection. To improve, the student could provide more detailed connections between lessons and engineering principles, expand evaluation to all project phases, and deepen analysis of challenges encountered. Including explicit reflection on testing and evaluation phases would also enhance completeness.",3,3.666666667
Case032_555.pdf,,Placeholder text for scoring.,5,5,5,4,3,4,,,,,,,"The evaluation includes input from one clear stakeholder group, the senior class, but no demonstrably qualified field experts are documented.The evaluation addresses some aspects of the design, such as cleanliness and usability of bathroom trashcans, but the feedback is somewhat general and lacks depth on engineering design process aspects.The summary provides some specific survey results and quotes but lacks thorough synthesis or integration of feedback into clear conclusions or actionable insights.","The student offers a well-structured and mostly comprehensive summary of the engineering design process, covering key phases such as problem definition, research, ideation, prototype design, and construction. This clarity helps readers understand the project’s flow and the team’s approach. However, the summary could be strengthened by including later phases like testing and evaluation to provide a full picture.

Value judgments are present and address both successes and challenges, such as the effective improvisation during construction and the issues with hole alignment. While these reflections are helpful, they sometimes lack depth in explaining why certain decisions led to success or failure, which would enhance the evaluative quality.

The lessons learned section is a strong point, offering practical and transferable advice for future engineers, including the importance of engagement, communication, seeking help, and resilience. To improve, the student could provide more detailed analysis of lessons and connect them more explicitly to engineering principles. Additionally, expanding reflections on testing and evaluation phases and deepening the rationale behind value judgments would further enrich the reflection.",5,3.666666667
Case033_050.pdf,,Placeholder text for scoring.,0,5,0,4,4,3,,,,,,,"No stakeholders or field experts are identified or documented as providing evaluation.The evaluation addresses the performance aspect of the design by comparing tire measurements and race times, but it is limited to a single aspect and lacks depth or coverage of other design or engineering process aspects.The summary provides some specific details about the testing results and conclusions about tire performance, but it is somewhat general and incomplete, lacking thorough synthesis or integration of multiple evaluation perspectives.","The student provides a clear and generally comprehensive summary of the engineering design process, covering key phases such as problem definition, brainstorming, idea selection, prototype design and building, testing, and evaluation. Each step is described with enough detail to understand the flow and decisions made, though some phases could benefit from deeper elaboration, particularly regarding research and ideation beyond brainstorming. Overall, the summary effectively communicates the project’s progression.

Value judgments are consistently integrated throughout the reflection, with thoughtful discussion of what went well, what challenges arose, and what might be done differently. The student identifies specific issues like time management difficulties and resource limitations, providing insight into why certain outcomes occurred. However, some reflections are somewhat general or lack deeper analysis, which could strengthen the evaluative quality.

Lessons learned are presented and mostly useful to future engineers, especially regarding project management and testing constraints. Yet, some lessons remain project-specific or generic, limiting their transferability. To improve, the student could provide more explicit connections between lessons and broader engineering principles, deepen analysis of failures, and expand reflections on earlier phases like research. Additionally, incorporating more detailed explanations of decision rationales would enhance the reflection’s value.",1.666666667,3.666666667
Case034_233.docx,,Placeholder text for scoring.,2,3,3,3,3,3,,,,,,,"The student provides a generally clear and adequately-developed summary of multiple distinct engineering design phases including problem definition, ideation, building, testing, and troubleshooting. However, some phases are described with more detail than others, and the summary lacks robustness and comprehensive coverage of each step. | The student consistently provides value judgments for major steps, discussing challenges (e.g., difficulty finding a solution, drilling mistakes), successes (locking mechanism working), and reflections on effectiveness (e.g., adding tape to align holes). Some evaluations are cursory or implicit rather than deeply analytical. | Lessons learned are summarized and mostly useful to others, such as the importance of not rushing with tools and researching before disassembly. However, some lessons are somewhat project-specific and could be more generalized for broader engineering design contexts.","The reflection provides a generally clear and adequately developed summary of several key phases of the engineering design process, including problem definition, ideation, building, testing, and troubleshooting. While the student touches on multiple steps, the summaries vary in depth and detail, limiting the overall comprehensiveness. More explicit and balanced coverage of each phase would strengthen the process summary.

The student offers consistent value judgments by acknowledging challenges faced, such as difficulties in drilling and aligning the locking mechanism, as well as successes like the functional lock and the addition of helpful features. However, some evaluations are brief or implied rather than fully explored, which reduces the depth of critical reflection.

Lessons learned are thoughtfully included and provide useful advice for future engineering projects, such as the importance of careful tool use and preliminary research. Yet, some lessons remain tied closely to this specific project rather than being broadly applicable. To improve, the student should aim to provide more robust summaries of all design phases, deepen evaluative commentary on decisions and outcomes, and generalize lessons learned to enhance their relevance for future engineers.",2.666666667,3
Case035_444.docx,,Placeholder text for scoring.,4,4,4,4,4,4,,,,,,,"The student provides a clear and comprehensive summary of the major steps in the design process, including problem definition, ideation, building, and testing. Each phase is described with sufficient detail to understand what was done and the challenges faced. However, the summary is not fully robust or comprehensive for every step, as some phases (e.g., ideation) are less detailed. | The student consistently provides value judgments for major steps, discussing challenges (e.g., difficulty finding a solution, drilling mistakes), successes (locking mechanism working), and improvements (adding tape for alignment, locking side-to-side movement). Some judgments are reflective and evaluative, though a few are somewhat cursory or general. | Lessons learned are summarized and clearly useful to future engineering design efforts, such as the importance of not rushing with tools, understanding internal mechanisms before modifying, and the value of research to save time. These lessons are generalized beyond the specific project and provide practical advice for future designers.","The student provides a clear and comprehensive summary of the major phases of the engineering design process, including problem definition, ideation, building, and testing. The reflection effectively outlines what was done during each phase and highlights key challenges and decisions, though some phases could benefit from more detailed explanation to achieve a fully robust summary.

The value judgments throughout the reflection are thoughtful and consistent, addressing both successes and difficulties encountered. The student evaluates the effectiveness of their decisions, such as the drilling approach and the addition of alignment tape, demonstrating an understanding of what worked well and what could be improved. However, some evaluations are somewhat general and could be deepened with more specific analysis.

The lessons learned are well articulated and transferable, emphasizing important engineering principles like careful tool use, the benefit of prior research, and understanding internal mechanisms. These insights are valuable for future engineering projects beyond this specific design. To improve, the student could provide a more detailed summary of each design phase, deepen evaluative reflections with specific examples, and expand lessons learned to include broader problem-solving strategies. Including reflections on teamwork or communication could also enhance the overall reflection.",4,4
Case036_411.pdf,,Placeholder text for scoring.,4,1,1,4,4,4,,,,,,,"No evaluators, stakeholders, or field experts are explicitly identified or documented in the evaluation.The evaluation addresses multiple aspects of the design, including prototype performance (dribble test), adjustability, fit on wheelchair, and iteration ideas for improvement.The summary provides somewhat specific and detailed feedback on tests and iteration ideas but lacks thorough synthesis or integration of evaluator comments into clear conclusions or trends.","The student provides a clear and generally comprehensive summary of the engineering design process, covering key phases such as problem definition, research, ideation, prototype design, construction, testing, and evaluation. The descriptions include relevant details like design constraints, user feedback, and prototype iterations, which help convey the project’s progression. However, some steps were not completed, and certain areas could benefit from deeper explanation to fully capture the complexity of the process.

Value judgments are present throughout the reflection, with the student noting successes and challenges, such as the failure of the initial wood prototype and the subsequent acrylic redesign. While these reflections demonstrate awareness of project dynamics, some evaluations are brief or lack detailed analysis of why outcomes occurred, limiting the depth of insight.

The lessons learned section offers useful takeaways about the value of a structured design process and iterative testing, which are applicable to future engineering projects. Yet, the reflections remain somewhat general and could be strengthened by including more specific, actionable insights. To improve, the student should aim to provide more detailed summaries of all process steps, deepen evaluative reflections by explaining causes and effects, and develop lessons learned that are more specific and broadly applicable.",2,4
Case037_301.pdf,,Placeholder text for scoring.,3,0,1,4,4,4,,,,,,,"No stakeholders or field experts are explicitly identified or documented in the evaluation.The evaluation addresses multiple aspects of the design, including prototype performance (dribble test), adjustability, fit on wheelchair, and iteration ideas for improvement.The summary provides some specific details about test results and iteration ideas but lacks thorough synthesis or integration of evaluator feedback into clear conclusions or trends.","The student presents a clear and generally comprehensive summary of the engineering design process, covering key phases such as problem definition, research, ideation, prototype design, construction, testing, and evaluation. The descriptions include relevant details like design constraints, stakeholder input, and iterative prototyping, which help convey the project’s progression. However, some steps, notably E and F, were not completed, and certain areas could benefit from deeper elaboration to fully capture the process.

The reflection includes consistent value judgments about what went well and what challenges were encountered, such as prototype failures and workflow management issues. While these insights demonstrate thoughtful consideration, some reflections are brief and lack thorough explanation of underlying causes or implications. Expanding on these points would strengthen the evaluative quality.

Lessons learned focus on the value of a structured design process and iterative testing, with a useful suggestion to include broader user feedback in future projects. These insights are relevant beyond this specific project but remain somewhat general. To improve, the student should aim to provide more specific, detailed lessons and clearer connections to future engineering work. Additionally, enhancing the depth of reflection on each step and completing all process phases would further enrich the overall reflection.",1.333333333,4
Case038_220.pdf,,Placeholder text for scoring.,2,2,0,4,3,1,,,,,,,"No stakeholders or field experts are identified or documented as providing evaluation.The evaluation is minimal and only generally notes that water flowed and was captured, without addressing specific design or engineering aspects.The summary is sparse, with few specifics or details, and lacks synthesis or thoroughness.","The student offers a generally clear summary of several key phases of the engineering design process, including problem definition, ideation and prototype design, prototype building, and testing. These summaries provide a basic understanding of the project’s progression but lack comprehensive coverage, notably omitting evaluation and deeper integration of all steps. Some descriptions are more detailed than others, resulting in an uneven overview.

The reflection includes value judgments about what went well and what challenges arose during each major step. While the student identifies successes and difficulties, the explanations often remain surface-level without thorough analysis of underlying causes or implications. This limits the depth of insight into the design process and decision-making.

Lessons learned are minimally articulated and do not clearly extend beyond the specific project context. The reflection would benefit from more explicit, thoughtful insights that future engineers could apply broadly. To improve, the student should aim to provide a more comprehensive summary of all design phases, deepen evaluative reflections by explaining why outcomes occurred, and develop clear, transferable lessons learned. Including a dedicated evaluation step and focusing on process improvements would strengthen the reflection’s usefulness and clarity.",1.333333333,2.666666667
Case039_321.pdf,,Placeholder text for scoring.,3,2,1,4,3,2,,,,,,,"No stakeholders or field experts are identified or documented as providing evaluation.The evaluation addresses a very limited aspect of the design—basic functionality of water flow and water capture—but lacks measured data or detailed analysis, making it incomplete and overly general.The summary is sparse and provides only minimal specifics about the evaluation, with no synthesis or detailed conclusions.","The student offers a generally clear and adequately developed summary of most phases of the engineering design process, including problem definition, ideation, prototype selection, building, testing, and evaluation. While the summaries cover key activities, some are sparse or lack comprehensive detail, and the research phase is only indirectly addressed. Enhancing the depth and completeness of each step’s summary would strengthen the overall reflection.

Value judgments are present throughout the reflection, with the student noting what went well and what challenges were encountered at various stages. However, some reflections are somewhat superficial, lacking detailed explanations of why certain outcomes occurred or how decisions impacted the project. More thorough analysis and critical evaluation would improve the insightfulness of the reflection.

The lessons learned focus on practical advice about measurement and product fit, which are useful but quite specific to this project. Expanding lessons to include broader engineering design principles or process insights would increase their value to future engineers. To improve, the student should aim to provide more comprehensive summaries, deepen evaluative reflections with clear reasoning, and develop transferable lessons that extend beyond the immediate project context.",2,3
Case040_544.pdf,,Placeholder text for scoring.,5,4,4,4,3,3,,,,,,,"No stakeholders or field experts are identified or documented in the evaluation.The evaluation addresses some aspects of the design, such as prototype performance and testing results, but the documentation is overly general and incomplete in analysis.The summary is sparse with few specifics or detailed synthesis; it mainly restates test success without deeper integration or thorough conclusions.","The student offers a generally clear and adequately developed summary of most phases of the engineering design process, including problem definition, ideation, prototype selection, building, testing, and evaluation. While the summaries cover key activities, some are sparse or lack comprehensive detail, and certain steps such as research are only indirectly addressed. Enhancing the depth and completeness of each phase summary would strengthen the overall reflection.

The reflection includes consistent value judgments about what went well and what challenges were encountered during major project steps. However, some evaluations are cursory and do not fully explore the reasons behind successes or difficulties. Providing more detailed analysis and explanation of outcomes would improve the insightfulness of the reflection.

The lessons learned focus on practical advice about measurement and product fit, which are useful but somewhat specific to this project. To increase their value for future engineers, the student should aim to include broader, transferable insights about the engineering design process. Overall, the reflection demonstrates honest evaluation and useful lessons but would benefit from deeper analysis and more comprehensive, process-focused summaries.",4.333333333,3.333333333
Case041_054.pdf,,Placeholder text for scoring.,0,5,4,5,4,4,,,,,,,"No stakeholders or field experts are identified or documented in the evaluation.The evaluation addresses some aspects of the design, such as prototype performance and testing results, but the documentation is overly general and lacks depth or multiple aspects.The summary is sparse and provides few specifics or detailed synthesis of the evaluation results.","The student provides a well-structured and clear summary of the engineering design process, covering key phases such as problem definition, ideation, prototype design, building, testing, and evaluation. Each phase includes both successes and challenges, which helps convey a comprehensive understanding of the project’s progression. However, some steps could benefit from deeper elaboration to achieve a more robust summary.

The reflection includes consistent value judgments, thoughtfully addressing what worked well and what did not, along with explanations for these outcomes. This evaluative approach strengthens the reflection by linking decisions and results, though a few minor areas receive only brief attention. The lessons learned section offers practical and transferable insights relevant to future engineering projects, emphasizing problem clarity, feasibility, testing, stakeholder involvement, and documentation.

To improve, the student could provide more detailed summaries for all steps to enhance completeness, deepen analysis of challenges to better explain root causes, and expand lessons learned with specific examples or strategies. Additionally, integrating more critical reflection on team dynamics or decision-making processes would enrich the evaluation. Overall, the reflection demonstrates thoughtful engagement with the engineering design process and offers valuable guidance for future projects.",3,4.333333333
Case042_444.pdf,,Placeholder text for scoring.,4,4,4,4,4,4,,,,,,,"No evaluators, stakeholders, or field experts are identified or documented in the provided text.No documentation of project evaluation addressing any aspect of the design or engineering design process is present.No summary or synthesis of external evaluation is provided.","The student provides a well-structured and clear summary of the engineering design process, covering all major phases from problem definition through evaluation. Each step includes both successes and challenges, which helps convey a comprehensive understanding of the project’s progression. However, some summaries could be more detailed to achieve a fully robust overview.

The reflection effectively offers value judgments by identifying what worked well and what did not, along with explanations for these outcomes. The discussion of challenges such as tool limitations and the need for stakeholder feedback demonstrates thoughtful evaluation. A few areas could benefit from deeper analysis to strengthen the reflection further.

The lessons learned are thoughtfully articulated and clearly useful to future engineers. They highlight key process considerations like defining clear constraints, balancing creativity with feasibility, realistic testing, and the importance of documentation. To improve, the student could provide more detailed explanations in some summaries, deepen the analysis of challenges, and include more specific examples in lessons learned to enhance transferability and insight.",4,4
Case043_323.pdf,,Placeholder text for scoring.,3,2,3,5,4,4,,,,,,,"No evaluators, stakeholders, or field experts are documented in the provided text.No external evaluation feedback or discussion of design aspects is present.No summary or synthesis of external evaluation is provided.","The reflection provides a clear and comprehensive summary of the engineering design process, covering key phases such as problem definition, ideation, prototyping, and evaluation. The student effectively communicates the project context and constraints, and the summary is well-structured and informative. However, some phases like testing and evaluation could be expanded with more detailed descriptions to achieve a fully robust summary.

The value judgments throughout the reflection are thoughtful and consistent, particularly regarding material choices, safety considerations, and the iterative nature of prototyping. The student explains why certain decisions were made and how challenges were addressed, though a few areas receive only brief commentary. Expanding on what did not work or unexpected difficulties would strengthen the evaluative depth.

Lessons learned are well articulated and clearly useful to future engineers, highlighting the importance of clear requirements, collaboration, and adaptability. These insights are transferable beyond this specific project, though some reflections could benefit from deeper analysis to enhance their generalizability. To improve, the student should provide more detailed summaries of all design phases, include more critical evaluation of setbacks or failures, and elaborate lessons learned with specific examples applicable to diverse engineering contexts.",2.666666667,4.333333333
Case044_022.pdf,,Placeholder text for scoring.,0,2,2,3,3,3,,,,,,,"No stakeholders or field experts are explicitly identified or documented as providing evaluation.The evaluation addresses some aspects of the design such as size, effectiveness in trapping flies, and odor, but the analysis is incomplete and lacks depth.The summary of evaluation is somewhat specific and includes some details about fly trap size and fly capture results, but it is incomplete and overly general without thorough synthesis.","The student provides a generally clear and adequately developed summary of key engineering design phases including problem definition, construction, testing, and evaluation. While the summaries cover most major steps, some phases such as research and ideation are not explicitly addressed, and the descriptions occasionally lean toward narrative rather than comprehensive reflection. Expanding on earlier phases and providing more detailed summaries would strengthen the overall project overview.

The reflection includes consistent value judgments about what went well and what could be improved, particularly in construction and problem-solving. The student honestly discusses challenges like material imperfections and staining difficulties, but some evaluations are brief or lack deeper analysis of why certain decisions succeeded or failed. More thorough explanations of the reasoning behind outcomes would enhance the evaluative quality.

Lessons learned are thoughtfully summarized and include useful insights on budgeting, teamwork, and adapting to unexpected problems. However, some lessons are narrowly focused on this project’s specifics and could be made more transferable by connecting them to general engineering principles. To improve, the student should aim to provide more comprehensive process summaries, deepen evaluative reflections with cause-effect analysis, and articulate lessons that clearly benefit future engineering efforts beyond this project.",1.333333333,3
Case045_333.pdf,,Placeholder text for scoring.,3,3,3,3,3,3,,,,,,,"No stakeholders or field experts are explicitly identified or documented as providing evaluation.The evaluation addresses some aspects of the design such as size, effectiveness in trapping flies, and odor, but the evaluation is incomplete and lacks depth.The summary of evaluation is somewhat specific and includes some details about size and fly capture, but it is incomplete and overly general without thorough synthesis.","The student offers a generally clear and adequately developed summary of the engineering design process, touching on key phases such as budgeting, material adaptation, teamwork, problem solving, and expert feedback. While the summary covers many important aspects, it lacks a fully comprehensive overview of all major design steps, such as ideation and testing, which could strengthen the overall reflection.

The value judgments provided are thoughtful and consistent for most major steps, including what went well and areas for improvement like staining and problem-solving approaches. However, some reflections, particularly regarding expert feedback and surprises, are somewhat superficial and could benefit from deeper analysis to better explain why certain outcomes occurred.

Lessons learned are relevant and mostly transferable, especially regarding budgeting, adapting to material constraints, and teamwork. Yet, some insights remain narrowly focused on this specific project without broader application to future engineering challenges. To improve, the student should aim to provide a more comprehensive process summary, deepen evaluative reflections with explanations of causes and effects, and articulate lessons learned with greater emphasis on their applicability to future projects. Additionally, integrating more explicit discussion of ideation and testing phases would enhance completeness and usefulness.",3,3
Case046_011.docx,,Placeholder text for scoring.,0,1,1,3,2,1,,,,,,,"The student provides a generally clear and adequately-developed summary of multiple steps in the design process, including problem identification (fruit waste), prototype development (vacuum sealer with alternative materials), and testing (attempted sealing and observed failure). However, the summary lacks depth and detail about other phases such as research, stakeholder engagement, or iteration. | The student partially provides value judgments by acknowledging prototype failure due to lack of proper materials and the bag not sealing completely. However, the evaluation is somewhat superficial and limited, with minimal discussion of successes or detailed reasons for outcomes. | Lessons learned are minimally included and mostly project-specific, such as using better materials and testing the design. There is little evidence that these reflections are generalized or clearly useful to others attempting engineering design in the future.","The student’s reflection offers a generally clear summary of key phases in the engineering design process, including identifying the problem of fruit waste, developing a prototype vacuum sealer, and conducting basic testing. While these steps are described, the summary lacks comprehensive detail and does not cover other important phases such as stakeholder engagement or iterative improvements, limiting its completeness.

Value judgments are present but limited. The student acknowledges prototype failure and material limitations, which shows some evaluative thinking. However, the reflection does not deeply analyze why certain decisions succeeded or failed, nor does it consistently assess the effectiveness of project steps. This results in a somewhat superficial evaluation.

Lessons learned are mostly specific to this project and focus on practical improvements like using better materials and testing. These insights are minimally generalized and may not be broadly useful to future engineers. To improve, the student should aim to provide a more structured and detailed summary of all design phases, deepen evaluative commentary on successes and failures, and articulate lessons learned that are transferable to other engineering contexts. Including stakeholder feedback and iterative design reflections would also strengthen the reflection.",0.666666667,2
Case047_322.docx,,Placeholder text for scoring.,3,2,2,3,2,2,,,,,,,"The student provides a generally clear summary of multiple phases: identifying the problem of fruit waste, developing a vacuum sealer prototype with available materials, and testing the prototype. However, the summary lacks depth and detail about each phase, and some steps are only briefly mentioned. | The student partially provides value judgments by acknowledging the prototype's failure due to lack of proper materials and the bag not sealing completely. However, the evaluation is somewhat superficial and lacks consistent, robust analysis of successes, failures, or reasons behind outcomes. | Lessons learned are included but are mostly project-specific, such as using better materials and testing the design. There is some indication these could be useful to others, but the reflections are not generalized or clearly framed as transferable engineering lessons.","The student’s reflection includes a generally clear summary of the engineering design process, touching on problem identification, prototype development, and testing phases. While these steps are identifiable, the summaries lack comprehensive detail and depth, limiting the clarity and robustness of the overall process understanding. More explicit descriptions of what was done during each phase would strengthen this aspect.

Value judgments are present but only partially developed. The student acknowledges prototype failure and material limitations, which shows some evaluative thinking. However, the reflection would benefit from more consistent and detailed analysis of what worked well, what did not, and why, to provide a stronger critical perspective on the project’s outcomes.

Lessons learned are included but remain largely specific to this project, such as using better materials and conducting tests. To enhance usefulness for future engineers, the student should aim to generalize these insights into broader engineering principles or strategies. Recommendations include expanding summaries to cover all major design phases clearly, deepening evaluative commentary on project decisions and results, and framing lessons learned as transferable knowledge applicable to other engineering challenges.",2.333333333,2.333333333
Case048_433.docx,,Placeholder text for scoring.,4,3,3,4,3,3,,,,,,,"The student provides a clear and comprehensive summary of the major steps of the engineering design process, including problem definition, ideation, prototype selection and design, building, testing, and evaluation. Each step is described with relevant details about what was done, though some steps (e.g., testing) are less developed due to project constraints. | The student consistently provides value judgments for major steps, discussing what went well (e.g., collaboration) and what did not (e.g., lack of materials, repeated research). However, some evaluations are cursory or general, and the reasoning behind outcomes is sometimes implied rather than explicitly analyzed. | Lessons learned are summarized and include useful insights such as the importance of research, teamwork, communication, and role assignment. These lessons are somewhat generalized and could benefit future engineers, though some reflections remain tied closely to this specific project context.","This reflection provides a generally clear and comprehensive summary of the engineering design process, covering multiple distinct phases such as problem definition, ideation, prototype design, building, testing, and evaluation. The student effectively outlines what was done at each stage, though some steps like testing are less detailed due to project limitations. This approach helps readers understand the progression of the project and the challenges encountered.

The student offers consistent value judgments about the project steps, identifying successes like collaboration and challenges such as material shortages and repeated research cycles. While these evaluations are helpful, some are somewhat general or lack deeper analysis of why certain outcomes occurred. More explicit reasoning about the effectiveness of decisions would strengthen this aspect.

The lessons learned section includes thoughtful reflections on teamwork, communication, research, and role assignment, which are applicable to future engineering projects. However, some insights remain closely tied to this specific project rather than fully generalized. To improve, the student could provide more detailed evaluations of decisions, expand on testing reflections, and further generalize lessons to benefit a wider engineering audience.",3.333333333,3.333333333
Case049_525.pdf,,Placeholder text for scoring.,5,2,5,5,4,5,,,,,,,"No evaluators, stakeholders, or field experts are explicitly identified or documented in the provided text.The document includes test procedures and results addressing prototype performance aspects such as durability, size, fit, and mass. However, these are presented as raw results without clear linkage to external evaluation or feedback from evaluators.The document lists test outcomes and some pass/fail statements but lacks any synthesis, summary, or integration of external evaluation feedback. There is no detailed or thorough reflection on evaluation results.","This reflection provides a clear and comprehensive summary of the engineering design process, effectively covering all major phases from problem definition through evaluation. The student describes each step with enough detail to convey the sequence and rationale behind their actions, demonstrating a solid understanding of the process. While some steps receive more elaboration than others, the overall summary is coherent and informative.

The value judgments throughout the reflection are thoughtful and consistent, highlighting both successes and challenges encountered during the project. The student explains why certain decisions were effective or problematic, such as the initial reliance on intuition rather than objective criteria and the benefits of iterative prototyping. This evaluative insight strengthens the reflection by connecting actions to outcomes.

The lessons learned section is a particular strength, offering substantive and transferable insights that future engineers can apply beyond this project. The emphasis on deep problem understanding, fostering creativity, objective decision-making, rapid prototyping, rigorous testing, and embracing feedback reflects a mature grasp of engineering design principles.

To improve, the student could provide more balanced detail across all process steps, deepen the analysis of some value judgments to include more specific examples, and avoid some minor repetition in lessons learned. Including explicit connections between lessons and earlier project experiences would also enhance coherence. Overall, this is a strong reflection demonstrating meaningful engagement with the engineering design process.",4,4.666666667
Case050_445.pdf,,Placeholder text for scoring.,4,4,5,5,4,5,,,,,,,"Only one stakeholder is mentioned, with no evidence of demonstrable qualification or multiple evaluators.Feedback is minimal and general, consisting mainly of vague positive comments on sticker designs without addressing specific design or engineering aspects.The summary is sparse and lacks specific details, thoroughness, or synthesis of evaluation feedback.","The student presents a well-structured and generally comprehensive summary of the engineering design process, covering all key phases from problem definition through evaluation. The descriptions are clear and organized, demonstrating a solid understanding of the process steps. However, some summaries could be expanded with more detail to achieve a fully robust overview.

The reflection includes consistent value judgments about the project steps, highlighting successes and challenges such as the need for thorough problem understanding and the drawbacks of subjective decision-making. These insights show thoughtful evaluation, though a few areas could benefit from deeper analysis to fully explain why certain outcomes occurred.

The lessons learned are a strong aspect of this reflection. They are specific, insightful, and clearly applicable to future engineering projects, emphasizing process-focused strategies like iterative prototyping and rigorous testing. To improve, the student could provide more detailed summaries for some steps, deepen the analysis of value judgments especially for less-discussed phases, and ensure all reflections explicitly connect to why outcomes were successful or not. Including more examples or evidence to support evaluations would also strengthen the reflection.",4.333333333,4.666666667
Case051_404.docx,,Placeholder text for scoring.,4,0,4,4,3,3,,,,,,,"The student provides a clear and comprehensive summary of the major steps of the engineering design process, including problem definition, ideation, design selection, prototype building, testing, and evaluation. Each step is described with sufficient detail to understand what was done, though some steps (e.g., testing) are less elaborated. | The reflection includes some value judgments, such as the choice of the rolling shade design being more efficient and simpler, and the evaluators' feedback being positive despite the prototype not running. However, some evaluations are cursory or implied rather than explicitly analyzing successes, failures, or challenges in depth. | Lessons learned are summarized and include useful advice about following the engineering design process, planning, teamwork, and iteration. These insights are generally applicable to future engineering design efforts, though the reflection could be more substantive and detailed to fully maximize transferability.","The student provides a clear and generally comprehensive summary of the engineering design process, covering multiple distinct phases such as problem definition, ideation, design selection, prototype building, testing, and evaluation. This allows the reader to understand the progression of the project and the team's approach. However, some phases, particularly testing, could be described with more depth to enhance clarity and completeness.

Value judgments are present but somewhat limited. The student notes reasons for design choices and mentions positive feedback from evaluators, yet deeper analysis of what worked well, what challenges were faced, and why certain outcomes occurred is mostly lacking. Expanding on these reflections would strengthen the evaluative aspect of the document.

The lessons learned section offers useful, generalized advice about the importance of planning, teamwork, and iteration in engineering design, which can benefit future designers. Still, the reflections could be more detailed and substantive to better support transferability. To improve, the student should provide more explicit evaluations of project successes and failures, elaborate on testing outcomes, and develop lessons learned with richer, more actionable insights applicable beyond this project.",2.666666667,3.333333333
Case052_321.pdf,,Placeholder text for scoring.,3,2,1,4,3,2,,,,,,,"No stakeholders or field experts are identified or documented in the evaluation.The evaluation mentions testing results related to nitrate and ammonia levels, which is an aspect of prototype performance, but the feedback is minimal and overly general.The summary is sparse, providing only basic test results without detailed synthesis or integration of feedback.","The student offers a clear and generally comprehensive summary of the engineering design process, covering key phases such as problem definition, ideation, prototype design and building, testing, and evaluation. This provides a solid overview of the project steps, though some areas, particularly testing and evaluation, could benefit from more detailed explanation to enhance clarity and completeness.

Value judgments are present throughout the reflection, with the student acknowledging successes like timely detection and notification, as well as challenges such as testing constraints and manual intervention requirements. However, these reflections tend to be somewhat superficial, lacking deeper analysis of underlying causes or implications, which limits the insightfulness of the evaluation.

The lessons learned section is brief and somewhat generic, emphasizing iteration and learning from mistakes without offering specific, actionable insights that would be broadly useful to future engineers. To improve, the student should aim to provide more detailed reflections on each phase, analyze the reasons behind successes and failures more thoroughly, and articulate lessons learned that are specific, thoughtful, and transferable. Including more nuanced evaluation and richer lessons would strengthen the overall reflection and its value to others.",2,3
Case053_444.pdf,,Placeholder text for scoring.,4,4,4,4,3,4,,,,,,,"No stakeholders or field experts are identified or documented in the evaluation.The evaluation mentions testing results related to nitrate and ammonia levels, which addresses a single aspect of prototype performance, but the feedback is minimal and lacks depth.The summary is sparse, providing only brief test results without detailed synthesis, specific insights, or thorough conclusions.","The student provides a generally clear and comprehensive summary of the engineering design process, covering key phases such as problem definition, stakeholder analysis, ideation, prototype development, testing, and evaluation. The summary effectively outlines the project’s progression and highlights important activities, though some steps could benefit from more detailed explanation to enhance completeness.

Value judgments are present throughout the reflection, with the student acknowledging both successes and challenges, such as difficulties in prioritizing design requirements and the inconclusive nature of initial testing. However, some evaluations are brief and lack deeper analysis, particularly regarding the implications of expert feedback and prototype limitations. Expanding on why certain decisions were made or why outcomes occurred would strengthen the reflection.

The lessons learned section offers practical advice on rapid prototyping and stakeholder engagement, which are useful to future engineers. Yet, these lessons remain somewhat general and could be improved by linking them more explicitly to engineering design principles or common pitfalls. To enhance this reflection, the student should provide more detailed summaries of all process steps, deepen evaluative commentary with reasons behind successes and failures, and develop lessons learned that are more specific and broadly applicable.",4,3.666666667
Case054_333.pdf,,Placeholder text for scoring.,3,3,3,4,3,4,,,,,,,"Only one group of evaluators is documented: group members who sat in different theater rows to rate light visibility. No external stakeholders or demonstrably qualified field experts are identified.Evaluation addresses multiple aspects of the design such as motor function, light visibility, and reliability testing. However, the documentation is somewhat incomplete and lacks depth in analysis.The summary provides some specific details about tests and observations but is incomplete and overly general. There is limited synthesis or integration of evaluator feedback into clear conclusions or trends.","The student offers a generally clear and comprehensive summary of the engineering design process, covering key phases such as problem definition, stakeholder analysis, ideation, prototyping, testing, and evaluation. The summary effectively outlines the project’s progression and highlights important activities, though some steps could benefit from more detailed explanation to enhance completeness.

Value judgments are present throughout the reflection, with the student acknowledging both successes and challenges, such as difficulties in prioritizing design requirements and the inconclusive results of prototype testing. However, some evaluations are brief and lack deeper analysis of why certain outcomes occurred, which limits the insightfulness of the reflection.

The lessons learned section provides practical advice on rapid prototyping and stakeholder engagement, which are useful to future engineers. Yet, these lessons remain somewhat generic and could be strengthened by linking them more explicitly to engineering design concepts and broader applicability.

To improve, the student should aim to provide more detailed summaries of each design phase, deepen the analysis of successes and failures by explaining underlying reasons, and develop lessons learned that clearly connect to transferable engineering principles. Including more specific examples and reflections on decision-making would also enhance the overall quality of the reflection.",3,3.666666667
Case055_231.docx,,Placeholder text for scoring.,2,3,1,3,3,2,,,,,,,"The student provides a generally clear and adequately-developed summary of most major steps in the engineering design process, including defining the problem, ideation, STEM justification, prototype building, testing, and evaluation. Each step is described with some detail about what was done and challenges faced, meeting the threshold for a score of 3. | The student consistently provides value judgments for major steps, discussing what went well and what did not, along with reasons for outcomes. However, some evaluations are cursory or lack depth, such as vague statements about research going 'pretty well' or testing being 'somewhat okay.' The reflection includes some analysis but is not robust or thorough across all steps. | Lessons learned are included but are mostly project-specific and somewhat vague. The student mentions teamwork, design, and building experience and critiques the course structure as 'redundant' and 'busy work,' but these insights are not clearly generalized or framed as transferable lessons for future engineering design efforts.","The student provides a generally clear and adequately developed summary of multiple phases of the engineering design process, including problem definition, ideation, STEM justification, prototype building, testing, and evaluation. This coverage demonstrates a solid understanding of the project workflow, though some steps could benefit from more detailed explanation to enhance clarity and comprehensiveness.

Value judgments are present throughout the reflection, with the student noting successes and challenges in various phases. However, some evaluations are superficial or lack depth, such as vague assessments of research and testing. More explicit analysis of why certain decisions succeeded or failed would strengthen the reflection.

The lessons learned section includes some useful observations about teamwork and design experience but remains largely project-specific and lacks clear generalization to future engineering contexts. To improve, the student should focus on providing more detailed summaries of each design phase, deepen evaluative commentary by explaining the impact of decisions, and develop lessons learned that are broadly applicable to other engineering projects. Additionally, avoiding vague language and supporting reflections with specific examples will enhance the overall quality of the reflection.",2,2.666666667
Case056_331.docx,,Placeholder text for scoring.,3,3,1,3,3,2,,,,,,,"The student provides a generally clear and adequately-developed summary of most major engineering design phases, including defining the problem, ideation, STEM justification, prototype building, testing, and evaluation. Each phase is described with some detail about what was done and challenges faced, meeting the threshold for a score of 3. | The student consistently provides value judgments for major steps, discussing what went well and what did not, along with reasons for outcomes. However, some evaluations are cursory or lack depth, such as vague statements about research going 'pretty well' or testing being 'somewhat okay.' This supports a score of 3 rather than higher. | Lessons learned are included but are mostly project-specific and somewhat vague. The student notes teamwork and design experience and critiques the process as redundant and busy work, suggesting more prototyping. However, these reflections are not clearly generalized or framed as transferable lessons for future engineers.","The student provides a generally clear and adequately developed summary of multiple key phases of the engineering design process, including problem definition, ideation, STEM justification, prototype building, testing, and evaluation. This demonstrates a solid understanding of the project workflow, though some phases could be described with more depth and clarity to enhance comprehensiveness.

Value judgments are present throughout the reflection, with the student noting successes and challenges in various steps and offering reasons for outcomes. However, some evaluations are superficial or vague, limiting insight into the effectiveness of decisions. More detailed and critical analysis would strengthen the reflection.

The lessons learned section includes some useful observations about teamwork and the design experience but remains largely project-specific and lacks clear generalization for future engineering efforts. To improve, the student should focus on articulating transferable lessons, deepen evaluative commentary on project decisions, and provide more detailed summaries of each design phase. Additionally, expanding reflections on challenges and how they might be addressed in future projects would enhance the overall quality and usefulness of the reflection.",2.333333333,2.666666667
Case057_110.pdf,,Placeholder text for scoring.,1,1,0,4,3,2,,,,,,,"The document references feedback from 3 students, who are stakeholders as users, but no field experts or demonstrably qualified evaluators are documented.The evaluation addresses some aspects of the design, such as prototype performance (opening time) and usability (student feedback), but the coverage is limited and incomplete for other aspects.The summary of the external evaluation is somewhat specific and includes some detail about test results and implications, but it lacks thoroughness and synthesis across multiple evaluators or aspects.","The student provides a generally clear and comprehensive summary of the engineering design process, covering key phases such as problem definition, research, ideation, prototype construction, testing, and iteration. The narrative effectively outlines the progression of the project and highlights important milestones. However, some steps could be described with greater depth and clarity to enhance understanding of the process flow.

Value judgments are present throughout the reflection, with the student acknowledging challenges like material failure and the benefits of external input. These reflections demonstrate awareness of what worked and what did not, though some evaluations are brief and would benefit from deeper analysis explaining the reasons behind successes and failures.

Lessons learned are mentioned, particularly regarding adapting to setbacks and incorporating feedback, but they remain somewhat specific to this project. To improve, the student should aim to articulate lessons in a way that is broadly applicable to future engineering design efforts. Recommendations include expanding on the rationale behind design decisions, providing more detailed evaluations of outcomes, and explicitly connecting lessons learned to general engineering principles. This will strengthen the reflection’s usefulness and insightfulness.",0.666666667,3
Case058_220.docx,,Placeholder text for scoring.,2,2,0,3,3,2,,,,,,,"The student provides a generally clear and adequately-developed summary of multiple steps: identifying the problem, generating ideas, selecting a design, prototyping, and testing. However, the summary lacks depth in some phases and does not fully elaborate on all major engineering design steps. | The student consistently provides value judgments for major steps, discussing successes (e.g., size determination, idea process, team collaboration) and challenges (e.g., prototype building difficulties, glue issues, hinge problems). Some evaluations are cursory or lack detailed analysis of why outcomes occurred. | Lessons learned are included and some are useful, such as using the correct glue and testing multiple hinge types. However, these lessons are mostly project-specific and not clearly generalized or framed to benefit future engineering design efforts broadly.","The student offers a generally clear summary of the engineering design process, covering problem identification, ideation, prototyping, and team collaboration. While multiple phases are mentioned, the descriptions are somewhat sparse and lack comprehensive detail about each step’s activities and outcomes. Expanding on the design iteration and testing phases would strengthen the process summary.

Value judgments are present and include reflections on what went well, such as effective size determination and team dynamics, as well as challenges like prototype assembly and material issues. However, some evaluations are brief and could benefit from deeper analysis of why certain difficulties arose and how they impacted the project’s success.

Lessons learned are noted, particularly regarding material selection and prototype testing, but they remain largely specific to this project. To improve, the student should aim to generalize these insights to broader engineering contexts, making them more useful for future designers. Recommendations include elaborating on each design phase with specific actions taken, providing more thorough evaluations of decisions and outcomes, and framing lessons learned as transferable principles rather than project-specific observations.",1.333333333,2.666666667
Case059_220.pdf,,Placeholder text for scoring.,2,2,0,3,2,2,,,,,,,"No stakeholders or field experts are identified or documented as providing evaluation.The evaluation feedback addresses prototype performance (airspeed measurement) and iterative improvement but is minimal and overly general.The summary is sparse, providing only brief notes on airspeed results without detailed synthesis or integration of multiple evaluator comments.","The student provides a generally clear summary of several important steps in the engineering design process, including research, site selection, expert consultation, and planning. However, the summary lacks comprehensive coverage of all phases, such as ideation, prototype design, testing, and evaluation, which limits the completeness of the reflection. The narrative style sometimes leans toward storytelling rather than structured process description.

Value judgments are present but are mostly descriptive and superficial. The student notes challenges like plant restrictions and difficulties in expert engagement but does not deeply analyze the causes or implications of these issues. This limits the insight into what worked well or poorly and why, reducing the reflection’s evaluative strength.

Lessons learned focus on teamwork, planning, and communication skills, which are useful but remain somewhat generic and project-specific. To improve, the student should aim to provide a more structured and comprehensive summary of all design phases, deepen the analysis of successes and failures with explanations, and articulate lessons learned that are broadly applicable to future engineering projects. Including more explicit evaluation and transferable insights will strengthen the reflection’s value.",1.333333333,2.333333333
Case060_221.pdf,,Placeholder text for scoring.,2,2,1,3,2,2,,,,,,,No stakeholders or field experts are identified or documented as providing evaluation feedback.No external evaluation feedback is documented that addresses any aspect of the design or engineering design process.No summary or synthesis of external evaluation is present.,"The student provides a generally clear summary of several important steps in the engineering design process, including research, site selection, expert consultation, and planning. However, the summary lacks depth and completeness, with minimal discussion of ideation, prototype design, testing, or evaluation phases. Some steps are only briefly mentioned, which limits the comprehensiveness of the reflection.

Value judgments are present but tend to be descriptive rather than analytical. The student notes challenges such as plant restrictions and difficulties in contacting experts, but does not deeply explore why certain approaches were successful or how setbacks influenced the project trajectory. This limits the insightfulness of the reflection.

Lessons learned focus on teamwork, planning, and communication skills, which are useful but presented in a general way without specific examples or actionable advice for future engineers. To improve, the student should provide a more detailed and structured summary of all design phases, include deeper analysis of successes and failures, and articulate specific, transferable lessons learned. Adding reflections on testing and evaluation, and explaining the rationale behind decisions would strengthen the reflection significantly.",1.666666667,2.333333333
Case061_223.pdf,,Placeholder text for scoring.,2,2,3,4,3,2,,,,,,,No stakeholders or field experts are identified or documented as providing evaluation feedback.No external evaluation feedback is documented that addresses any aspect of the design or engineering design process.No summary or synthesis of external evaluation is present.,"The student provides a generally clear summary of the engineering design process, covering key phases such as problem definition, ideation, prototype design and building, testing, and evaluation. While the summary touches on most steps, some descriptions are brief and lack depth, limiting the overall comprehensiveness. More detailed explanations of each phase would strengthen the clarity and completeness of the reflection.

Value judgments are present but only partially developed. The student identifies successes, such as the effective light and sound detection, and challenges, like the water distribution issue. However, the reflection lacks deeper analysis explaining why these outcomes occurred or how they influenced the project. Expanding on these points with specific reasoning would enhance the evaluative quality.

Lessons learned are included but remain somewhat generic and project-specific. Suggestions about goal setting, cost consideration, and reviewing previous designs are useful but could be made more actionable and broadly applicable. To improve, the student should provide more detailed, process-focused insights and clearly articulate how these lessons can guide future engineering projects. Additionally, elaborating on the rationale behind design decisions and outcomes would provide richer reflection and greater value to others.",2.333333333,3
Case062_111.pdf,,Placeholder text for scoring.,1,1,1,3,2,2,,,,,,,"No stakeholders or field experts are identified or documented in the evaluation.The evaluation is minimal and only mentions that shelves held more than 10 pounds, which is a very limited aspect of the design process and lacks depth.There is no synthesis or summary of external evaluation; the documentation is minimal and lacks detail or specificity.","The student provides a generally clear summary of the engineering design process, covering key phases such as problem definition, ideation, prototype design, building, testing, and evaluation. While the summary touches on most steps, it often lacks depth and detail, resulting in a somewhat sparse overview rather than a robust, comprehensive reflection. Some phases, like prototype building and testing, could benefit from more elaboration to enhance clarity.

Value judgments are present but limited in scope and depth. The student identifies successes, such as the effective light and sound detection, and challenges, like the water distribution failure. However, the explanations for these outcomes are brief and do not fully explore underlying reasons or implications, reducing the strength of the evaluative reflection.

Lessons learned are included but tend to be generic and only partially useful to future engineers. Suggestions about goal setting and reviewing past designs are relevant but lack specificity and actionable detail. To improve, the student should provide more detailed summaries of each design phase, deepen the analysis of what worked and why, and offer more specific, transferable lessons that can guide future engineering projects.",1,2.333333333
Case063_211.pdf,,Placeholder text for scoring.,2,1,1,3,3,2,,,,,,,"No stakeholders or field experts are identified or documented in the evaluation.The evaluation mentions a test result about shelf weight capacity but provides minimal detail and does not address multiple aspects of the design or engineering process.The summary is sparse, with only a brief statement about the test outcome and no synthesis or detailed analysis of evaluation feedback.","The student provides a generally clear summary of several key phases of the engineering design process, including problem definition, ideation, selection, prototype design, and testing. While the summaries cover most steps, they tend to be brief and lack comprehensive detail, which limits the overall clarity and depth of the reflection. Expanding on each phase with more specific descriptions would strengthen the summary.

The reflection includes consistent value judgments about what went well and what did not, demonstrating honest evaluation of the project. The student identifies communication challenges, indecision, and testing failures, which shows awareness of project difficulties. However, explanations for why these issues occurred are often vague or superficial, reducing the insightfulness of the reflection. Providing more detailed analysis of causes and effects would improve this aspect.

Lessons learned are present and highlight important considerations such as ease of construction, testing, and planning. Yet, these lessons are somewhat general and lack specificity that would make them clearly useful to future engineers beyond this project. To enhance the reflection, the student should focus on more detailed, process-oriented lessons and provide concrete examples. Recommendations include elaborating on each design phase, deepening analysis of successes and failures, and articulating specific, transferable lessons learned.",1.333333333,2.666666667
Case064_110.pdf,,Placeholder text for scoring.,1,1,0,3,3,1,,,,,,,No stakeholders or field experts are identified or documented in the evaluation.No external evaluation feedback is documented that addresses any aspect of the design or engineering design process.No summary or synthesis of external evaluation is present.,"The student provides a generally clear and adequately developed summary of most phases of the engineering design process, including problem definition, ideation, prototype design, building, testing, and evaluation. While the summaries cover the major steps, some are sparse or lack sufficient detail to fully understand the process and decisions made. Expanding on each step with more comprehensive descriptions would strengthen the overall summary.

The reflection includes consistent value judgments about what went well and what did not, with some reasoning provided. However, several reflections are brief or vague, limiting the depth of insight into the causes of success or failure. More thorough analysis explaining why certain outcomes occurred would improve the evaluative quality.

Lessons learned are partially included but tend to be specific to this project and lack broader applicability. To enhance usefulness for future engineers, the student should focus on transferable insights and process-oriented lessons rather than only project-specific observations. Overall, the reflection shows honest evaluation but would benefit from more detailed summaries, deeper analysis, and more thoughtful, generalizable lessons learned. Recommendations include elaborating on each design phase, providing clearer explanations for successes and failures, and emphasizing lessons that apply beyond this project.",0.666666667,2.333333333
Case065_110.pdf,,Placeholder text for scoring.,1,1,0,3,3,1,,,,,,,No stakeholders or field experts are identified or documented in the evaluation.No external evaluation feedback is documented that addresses any aspect of the design or engineering design process.No summary or synthesis of external evaluation is present.,"The student provides a generally clear and adequately developed summary of the engineering design process, covering key phases such as problem definition, ideation, prototype design, building, testing, and evaluation. While the summaries touch on most steps, some are sparse or lack sufficient detail, which limits the overall comprehensiveness. The reflection would benefit from more thorough descriptions of each phase to enhance clarity.

Value judgments are present throughout the reflection, with the student identifying what went well and what did not, along with some reasoning. However, several reflections are somewhat superficial or vague, such as the issues with the detection system and the late start on coding. Expanding on these points with more detailed analysis would strengthen the evaluative aspect of the reflection.

Lessons learned are partially included but tend to be narrowly focused on this specific project, such as the suggestion to use sand instead of water. To improve, the student should aim to extract broader insights and transferable lessons that could benefit future engineering design efforts. Additionally, clearer articulation of why certain decisions succeeded or failed would enhance the usefulness of the reflection. Recommendations include providing more detailed summaries, deepening the analysis of successes and failures, and developing lessons learned that are applicable beyond this project.",0.666666667,2.333333333
Case066_220.pdf,,Placeholder text for scoring.,2,2,0,4,3,2,,,,,,,No stakeholders or field experts are identified or documented in the evaluation.The document describes testing procedures but does not include external evaluation feedback addressing design or engineering aspects.There is no summary or synthesis of external evaluation; no external evaluation is documented.,"The student offers a generally clear and adequately developed summary of the engineering design process, covering key phases such as problem definition, ideation, prototype design, building, testing, and evaluation. While the summary touches on each step, some are described only briefly, limiting the overall comprehensiveness and depth of understanding conveyed.

Value judgments are present throughout the reflection, with the student identifying successes and challenges, such as motor alignment working well and buoyancy issues during testing. The explanations provide some insight into why certain outcomes occurred, but several reflections are cursory and could benefit from deeper analysis to strengthen the evaluation.

The lessons learned section is minimal and somewhat generic, focusing mainly on the importance of testing without offering detailed, transferable insights for future engineering projects. To improve, the student should aim to provide more thorough summaries of each design phase, include richer evaluative commentary explaining the reasons behind successes and failures, and develop more specific, actionable lessons that future engineers can apply broadly. Additionally, expanding reflections to include more about the decision-making process and design trade-offs would enhance the overall quality of the reflection.",1.333333333,3
Case067_322.pdf,,Placeholder text for scoring.,3,2,2,4,4,2,,,,,,,"No stakeholders or field experts are identified or documented in the evaluation.The document contains only a description of testing procedures without any external evaluation feedback addressing design or engineering aspects.There is no summary or synthesis of external evaluation; no specific, detailed, or thorough conclusions are presented.","The student offers a generally clear and comprehensive summary of the engineering design process, covering key phases such as problem definition, ideation, prototype design, building, testing, and evaluation. The descriptions provide a good overview of the project’s progression, though some steps could benefit from more detailed explanation to achieve a more robust summary.

Value judgments are present throughout the reflection, with the student noting successes and challenges at various stages. The explanations of what went well and what did not are helpful, especially regarding sealing issues and buoyancy problems. However, some reflections are somewhat superficial and could be deepened by exploring the reasons behind outcomes more thoroughly.

The lessons learned section is brief and lacks specificity, limiting its usefulness to future engineers. To improve, the student should aim to provide more detailed, process-focused insights that apply broadly to engineering design. Additionally, expanding reflections on each step with clearer analysis and including more substantive lessons learned would strengthen the overall reflection. Incorporating these improvements will enhance the clarity, depth, and transferability of the student’s engineering design reflection.",2.333333333,3.333333333
Case068_111.pdf,,Placeholder text for scoring.,1,1,1,2,2,1,,,,,,,No stakeholders or field experts are identified or documented as providing evaluation feedback.No external evaluation feedback is documented; the text only describes internal testing procedures and results without external input.No summary or synthesis of external evaluation is present.,"The reflection provides a limited and somewhat sparse summary of the engineering design process. While it mentions ideation, prototype design, and evaluation phases, the descriptions are brief and lack depth, leaving out important steps such as problem definition, research, construction, and testing. This limits the reader’s understanding of the full process and the rationale behind design decisions.

The value judgments offered are partial and somewhat superficial. The student notes that their design was more complex and heavier than others and highlights the uniqueness of their locking hinges and adjustability feature. However, the reflection does not thoroughly analyze why these factors were strengths or weaknesses, nor does it explore the impact on project outcomes in detail.

Lessons learned are minimally articulated and tend to be specific to this project rather than broadly applicable. To improve, the student should provide a more comprehensive summary covering all key design phases, deepen their evaluative reflections by explaining the reasons behind successes and challenges, and articulate lessons learned that are transferable to future engineering projects. Including more detailed analysis and connecting reflections to engineering principles would strengthen the overall reflection.",1,1.666666667
Case069_333.pdf,,Placeholder text for scoring.,3,3,3,3,2,1,,,,,,,"The document references two stakeholders involved in the evaluation: the head of school and faculty. However, their roles are not elaborated beyond approval authority, and no field experts or demonstrably qualified evaluators are mentioned.The evaluation addresses aspects of the design, such as maintaining traditional uniform qualities and approval by school authorities. However, the feedback is limited to general comparisons and approval status without detailed analysis of prototype performance, usability, or iterative improvements.The summary of the external evaluation is somewhat specific in listing which traditional qualities were retained and the approval process, but it lacks thoroughness, detailed synthesis, or integration of multiple evaluator perspectives.","The student provides a generally clear summary of several key phases of the engineering design process, including problem definition, ideation, feedback collection, and evaluation. However, the summary lacks detail on important steps such as prototype development, construction, and testing, which limits the comprehensiveness of the reflection. The narrative tends to describe activities rather than deeply analyze the process.

Value judgments are present but limited in depth. The student acknowledges that the plan worked mostly well and that not all feedback can be satisfied, but there is little explanation of why certain decisions succeeded or failed. This results in a somewhat superficial evaluation that misses opportunities for richer insight.

Lessons learned are minimal and generic, focusing mainly on the importance of considering feedback and satisfying the majority. These reflections lack specificity and do not clearly offer guidance useful to future engineers beyond this project. To improve, the student should provide more detailed summaries of all design phases, offer specific evaluations of successes and challenges with explanations, and articulate thoughtful, transferable lessons learned. Including reflections on prototype development and testing, as well as deeper analysis of feedback outcomes, would strengthen the reflection significantly.",3,2
Case070_444.docx,,Placeholder text for scoring.,4,4,4,5,4,5,,,,,,,"The student provides a robust and comprehensive summary of multiple distinct engineering design phases: problem definition, ideation and selection, prototype building, and testing and evaluation. Each phase is described with clear details about what was done, decisions made, and outcomes observed. | The student consistently provides value judgments for major project steps, discussing successes (research and CAD design), challenges (prototype construction and team participation), and reasons for outcomes (simplicity of design, time management issues). Some evaluations are more cursory, such as the brief mention of prototype testing limitations. | Lessons learned are substantive and clearly generalized for future engineering design efforts, including the importance of time management, user-centered research, early prototyping, and team accountability. These insights are transferable and useful to others beyond this specific project.","The student provides a clear and comprehensive summary of the engineering design process, effectively covering multiple distinct phases from problem definition through testing and evaluation. This detailed recounting demonstrates a strong understanding of the project’s progression and the engineering steps involved. The summaries include specific actions and decisions, which enrich the reflection and provide a solid foundation for evaluation.

Value judgments are thoughtfully presented, with the student candidly discussing what went well, such as effective research and CAD modeling, as well as challenges like prototype construction difficulties and team coordination issues. The explanations for why certain outcomes occurred add depth to the reflection, though some evaluations could be expanded for greater insight.

The lessons learned are particularly strong, offering generalized and practical advice for future engineering projects. Emphasizing time management, user engagement, early prototyping, and team roles makes these reflections broadly applicable. To improve, the student could deepen evaluations of some project steps, explicitly link decisions to outcomes more consistently, and avoid overly descriptive passages. Additionally, integrating more critical analysis of design choices and their impact would enhance the reflection’s rigor and usefulness.",4,4.666666667
Case071_335.docx,,Placeholder text for scoring.,3,3,5,5,4,5,,,,,,,"The student provides a robust and comprehensive summary of multiple distinct engineering design phases: problem definition, ideation and selection, prototype building, and testing and evaluation. Each phase is clearly described with specific activities and outcomes, demonstrating a thorough understanding of the design process. | The student consistently provides value judgments for major project steps, discussing successes (research and CAD design), challenges (prototype construction and team participation), and reasons for outcomes (simplicity of design, time management issues). While most steps are evaluated robustly, some reflections on challenges are somewhat general and could be more deeply analyzed. | Lessons learned are substantive, generalized, and clearly useful to future engineering design efforts. The student highlights transferable insights such as the importance of time management, user-centered research, early prototyping, and team accountability, all of which are broadly applicable beyond this project.","The student provides a clear and comprehensive summary of the engineering design process, effectively covering four major phases: defining the problem, ideation and selection, prototype building, and testing and evaluation. Each phase is described with specific details about activities and decisions, demonstrating a strong grasp of the design workflow. This thoroughness helps readers understand the project’s progression and the rationale behind key steps.

The reflection includes thoughtful value judgments about what went well and what did not, such as successful research and CAD modeling, alongside challenges like prototype construction delays and team participation issues. The student also explains why these outcomes occurred, linking them to preparation, design simplicity, and time management. While most evaluations are insightful, some could benefit from deeper analysis to strengthen the reflection further.

The lessons learned are particularly strong, offering generalized and practical advice for future engineering projects. Emphasizing time management, user-centered research, early prototyping, and clear team roles provides valuable guidance for other designers. To improve, the student could enhance the depth of evaluation in some areas, avoid minor generalities in value judgments, and ensure all reflections explicitly connect to engineering design principles.",3.666666667,4.666666667
Case072_525.pdf,,Placeholder text for scoring.,5,2,5,5,4,5,,,,,,,"The evaluation involved at least two stakeholders: the person holding the rose and others scattered around the theater acting as audience members. However, no demonstrably qualified field experts are mentioned or identified.The evaluation addresses specific aspects of the design process, including visibility of the petal drop, mechanical reliability of the string and petal release system, and iterative design changes such as stacking petals and adjusting paperclip angles.The summary provides some specific details about testing outcomes and design challenges but lacks thorough synthesis or integration of feedback into clear conclusions or trends. The narrative is somewhat detailed but incomplete and somewhat general.","This reflection provides a clear and comprehensive summary of the engineering design process, effectively covering problem definition, ideation, prototype building, and testing phases. The student articulates key design requirements, choices made, and challenges encountered, demonstrating a strong understanding of the project’s progression. The summary is detailed and well organized, making it easy to follow the development of the design.

The value judgments are thoughtfully presented, with honest discussion of successes such as affordability and portability, as well as challenges like time management and mouthpiece design. The student explains reasons behind these outcomes, which adds depth to the reflection. However, some reflections could benefit from more elaboration, particularly regarding how challenges were addressed or mitigated.

The lessons learned are meaningful and applicable to future engineering projects, emphasizing the importance of structured processes, thorough testing, expert input, and balancing constraints. To improve, the student could provide more specific examples illustrating these lessons, deepen analysis of failures, and connect reflections more explicitly to engineering principles. Additionally, expanding on how feedback influenced design iterations would strengthen the reflection’s usefulness. Overall, this is a strong reflection with room for more detailed evaluative insight and transferable lessons.",4,4.666666667
Case073_555.pdf,,Placeholder text for scoring.,5,5,5,5,4,5,,,,,,,"No stakeholders or field experts are identified or documented in the evaluation.The evaluation addresses some aspects of the design such as prototype performance and testing results, but the analysis is overly general and lacks depth across multiple aspects.The summary of evaluation feedback is sparse and lacks synthesis; it mostly repeats test results with minimal interpretation or integration of findings.","This reflection provides a clear and comprehensive summary of the engineering design process, effectively covering problem definition, ideation, prototype building, and testing phases. The student articulates key design requirements, choices made, and challenges encountered, demonstrating a strong understanding of the project’s progression. The summary is detailed and well-organized, making it easy to follow the development of the design.

The value judgments are candid and mostly consistent, highlighting successes such as affordability and portability, as well as challenges like time management and mouthpiece design. The student thoughtfully explains reasons behind these outcomes, which adds depth to the reflection. However, some evaluations could benefit from deeper analysis to fully explore the implications of decisions and challenges.

The lessons learned are substantive and clearly useful to future engineers, emphasizing the importance of structured processes, thorough testing, expert feedback, and balancing constraints. These insights are transferable beyond this project, though expanding on specific examples or connecting lessons to broader engineering principles would strengthen their impact. To improve, the student could provide more detailed analysis of value judgments, include reflections on research or stakeholder engagement phases, and elaborate lessons with concrete applications. Overall, this is a strong reflection demonstrating thoughtful engagement with the engineering design process.",5,4.666666667
Case074_023.pdf,,Placeholder text for scoring.,0,2,3,3,3,3,,,,,,,"No evaluators, stakeholders, or field experts are explicitly identified or documented in the evaluation.The document addresses some aspects of the design such as prototype performance and testing results, but the evaluation is incomplete and overly general without clear linkage to multiple design or engineering process aspects.The summary of evaluation feedback is sparse and lacks synthesis; it mostly repeats test results and general observations without integrating or drawing thorough conclusions.","The student reflections offer a generally clear and adequately developed summary of several important phases of the engineering design process, including problem definition, planning and design, construction, and expert evaluation. While the summaries cover key activities and challenges, they lack comprehensive detail on all phases, particularly testing and final evaluation, which is understandable given the project is still in progress. The reflections would benefit from more thorough coverage of each step to provide a robust overview.

Value judgments are present and consistently address major steps, highlighting successes such as effective model creation and resin application, as well as challenges like time management and communication issues. However, some evaluations are cursory or overly general, with limited explanation of why certain decisions or outcomes were successful or not. More in-depth analysis would strengthen the reflection.

Lessons learned are thoughtfully summarized and generally useful to future engineers, emphasizing preparation, problem-solving, and teamwork. Yet, many insights remain specific to this project and could be expanded to include broader engineering principles. To improve, the student should aim to provide more comprehensive summaries of all design phases, deepen evaluative reflections by explaining causes and effects, and articulate lessons that are more broadly applicable to engineering design.",1.666666667,3
Case075_224.pdf,,Placeholder text for scoring.,2,2,4,3,3,2,,,,,,,"No stakeholders or field experts are identified or documented as providing evaluation feedback.The evaluation addresses some aspects of the design, such as prototype performance and testing results, but lacks completeness and depth in analysis.The summary provides some specific details about test outcomes but is incomplete and overly general without thorough synthesis or integration of findings.","The student reflections provide a generally clear and adequately developed summary of key engineering design phases such as planning, prototype development, construction, and expert evaluation. While the summaries cover most major steps, they lack depth in some areas and omit detailed discussion of testing and final evaluation, likely due to the project still being in progress. This results in a moderately comprehensive overview but leaves room for fuller articulation of the entire process.

Value judgments are present throughout the reflections, with students identifying successes like effective model creation and resin application, as well as challenges such as time management and communication issues. However, some evaluations are cursory or overly general, and the explanations for why certain decisions or outcomes were successful or not could be more thorough to deepen understanding.

Lessons learned include useful insights on preparation, problem-solving approaches, and material handling that can benefit future engineering projects. Yet, some reflections remain narrowly focused on this specific project or personal experiences, limiting their broader applicability. To improve, students should aim to provide more detailed summaries of all design phases, deepen their evaluative reflections by explaining causes and effects, and articulate lessons learned with a focus on transferable engineering principles. Enhancing these areas will strengthen the reflection’s clarity, depth, and usefulness to future engineers.",2.666666667,2.666666667
Case076_303.pdf,,Placeholder text for scoring.,3,0,3,3,3,2,,,,,,,"No stakeholders or field experts are identified or documented in the evaluation.The evaluation addresses some aspects of the design, such as prototype performance and usability, but the analysis is limited and lacks depth.The summary provides some details about test results and confirms design decisions, but it is somewhat general and lacks thorough synthesis or integration of feedback.","The student offers a generally clear summary of the engineering design process, touching on key phases such as problem definition, ideation, prototype design, construction, testing, and evaluation. While the summary covers most steps, some are only briefly described without detailed explanation, limiting the comprehensiveness of the reflection. Including more depth on research and testing would strengthen the summary.

Value judgments are present but somewhat limited. The student identifies what went well, such as meeting durability and sustainability goals, and acknowledges challenges like the prototype's bulkiness. However, the reflection lacks deeper analysis explaining why these outcomes occurred or how decisions influenced results. Expanding on these points would enhance the evaluative quality.

Lessons learned are included but focus mainly on material selection and its impact on size, which is somewhat specific to this project. To improve, the student should aim to extract broader, transferable insights that future engineers can apply across projects. Additionally, providing more detailed reflections on successes and failures and linking them to engineering principles would make the lessons more valuable.

Recommendations: 1) Elaborate on each design phase with more detail, especially research and testing. 2) Provide deeper analysis of why certain decisions succeeded or failed. 3) Develop lessons learned that are broadly applicable beyond this project. 4) Reflect on how tools and materials influenced the process and outcomes.",2,2.666666667
Case077_323.pdf,,Placeholder text for scoring.,3,2,3,3,3,2,,,,,,,"No stakeholders or field experts are named or referenced in the document. There is no indication of involvement or feedback from external evaluators.The document addresses multiple aspects of the design and engineering process, including time code testing, motor testing, and launcher mechanism testing. However, the evaluation is primarily descriptive and lacks completeness in some areas, such as motor connection and code development.The summary of the evaluation is somewhat specific and detailed in places but is incomplete and overly general in others. There is no clear synthesis or integration of findings across different tests, and no overarching conclusions or trends are drawn.","The student offers a generally clear summary of the engineering design process, touching on key phases such as problem definition, ideation, prototype design, construction, testing, and evaluation. While the summary covers most steps, some are only briefly described, limiting the comprehensiveness and depth of understanding conveyed. Expanding on each phase with more detail would strengthen the overall summary.

Value judgments are present but limited in scope. The student identifies some successes, like meeting durability and sustainability goals, and acknowledges challenges such as the prototype's bulkiness. However, the reflection lacks deeper analysis explaining why certain outcomes occurred or how decisions impacted the project. More thorough evaluation of both positive and negative aspects would enhance the reflection.

Lessons learned are included but tend to be general and specific to this project, such as the importance of material selection and tool quality. To improve, the student should aim to provide more thoughtful, transferable insights that future engineers can apply broadly. Recommendations include elaborating on each design phase, providing detailed reasoning behind successes and failures, and offering lessons that connect to wider engineering principles and practices.",2.666666667,2.666666667
Case078_342.pdf,,Placeholder text for scoring.,3,4,2,4,3,2,,,,,,,"No stakeholders or field experts are named or referenced in the document. There is no indication of involvement or feedback from external evaluators.The document addresses multiple aspects of the design and engineering process, including time code testing, algorithm testing, motor testing, and launcher mechanism testing. However, the evaluation is primarily descriptive and lacks completeness in some areas, such as motor connection and code development.The summary of the evaluation is somewhat specific and detailed in parts but is incomplete and overly general in others. There is no clear synthesis or integration of findings across tests, and no overarching conclusions or trends are drawn.","The reflection provides a generally clear and adequately developed summary of the engineering design process, covering key phases such as problem definition, brainstorming, prototype design, and evaluation. However, some steps like testing and construction are only briefly mentioned or lack detail, which limits the comprehensiveness of the summary. Expanding on these phases would strengthen the overall clarity and completeness.

The student offers consistent value judgments about major project steps, identifying successes such as effective stakeholder engagement and the utility of OnShape for prototyping. They also acknowledge challenges like time constraints and limited physical prototyping. While these reflections are helpful, some are cursory and would benefit from deeper analysis explaining why certain decisions succeeded or failed.

Lessons learned are present but tend to be general and somewhat project-specific. Insights about teamwork, time management, and prototyping approaches are useful but could be expanded with more specific examples and explanations to enhance their applicability to future engineering projects. To improve, the student should provide more detailed summaries of all design phases, deepen evaluative reflections with reasons behind outcomes, and develop lessons learned that clearly translate to broader engineering contexts.",3,3
Case079_321.pdf,,Placeholder text for scoring.,3,2,1,4,3,2,,,,,,,"No stakeholders or field experts are identified or documented in the evaluation.The evaluation addresses multiple aspects of the design such as timing, motor performance, launcher mechanism, and code testing. However, the analysis is somewhat incomplete and lacks depth in some areas.The summary provides some specific details about testing results and issues encountered but lacks thorough synthesis or integration of findings into clear conclusions or recommendations.","The reflection provides a generally clear and adequately developed summary of the engineering design process, covering key phases such as problem definition, brainstorming, prototype design, and evaluation. However, some steps, particularly testing, are only briefly mentioned, and the overall summary could be more balanced and detailed to fully capture the project’s progression.

The student offers consistent value judgments about what worked well and what challenges were faced, such as the usefulness of stakeholder feedback and the limitations imposed by time constraints. While these reflections are helpful, some are cursory and lack deeper analysis of why certain outcomes occurred or how they impacted the project.

Lessons learned are present but tend to be somewhat general or specific to this project, limiting their usefulness to future engineers. To improve, the student should aim to provide more comprehensive summaries of all design phases, deepen evaluative reflections by explaining causes and effects, and articulate lessons learned with broader applicability. Additionally, integrating more detailed discussion of testing and construction phases would strengthen the reflection’s completeness and usefulness.",2,3
Case080_002.pdf,,Placeholder text for scoring.,0,0,2,2,1,4,,,,,,,No stakeholders or field experts are identified or documented in the evaluation.The feedback is very general and does not clearly address specific aspects of the design or engineering design process.The summary is sparse and lacks specific details or thorough synthesis of external evaluation.,"The reflection provides a sparse summary of the engineering design process, touching mainly on testing, design finalization, and construction phases. However, it lacks a clear and comprehensive overview of the entire project workflow, including earlier stages such as problem definition, research, or ideation. This limits the reader’s understanding of the full process and how each step contributed to the final outcome.

Value judgments are present but are somewhat superficial and partial. The student identifies some challenges, such as the weight of the tether and the need for more test time, and acknowledges the benefit of simplicity underwater. However, these reflections do not fully explain why these issues occurred or how they influenced design decisions, reducing the depth of evaluative insight.

The lessons learned are practical and relevant, especially regarding testing conditions and design simplicity, which can benefit future engineers. Yet, the reflections would be stronger with more detailed analysis and broader applicability beyond this specific project. To improve, the student should provide a more comprehensive summary of all design phases, deepen the evaluation of successes and failures with explanations, and expand lessons learned to include transferable insights. Including reflections on earlier design stages and linking lessons to engineering principles would also enhance the reflection’s value.",0.666666667,2.333333333
Case081_001.pdf,,Placeholder text for scoring.,0,0,1,2,2,4,,,,,,,"No stakeholders or field experts are identified or documented in the evaluation.The feedback is very general and does not clearly address specific aspects of the design or engineering design process.The summary is sparse, with few specifics or detailed synthesis of external evaluation.","The reflection provides a limited and somewhat sparse summary of the engineering design process, primarily focusing on testing and design finalization phases. The summary lacks comprehensive coverage of all major steps such as problem definition, ideation, or evaluation, which would strengthen understanding of the project’s progression. The value judgments offered are brief and general, with statements like 'simplicity wins underwater' and 'more test time = fewer failures' lacking detailed explanation or analysis of why these insights were significant. This limits the depth of reflection on what went well or poorly and why. The lessons learned section is the strongest part of the reflection, offering practical and relevant insights such as the importance of submersion testing and the impact of tether weight. These lessons are useful to future engineers but would benefit from more elaboration to enhance their transferability beyond this specific project. To improve, the student should provide a clearer, step-by-step summary of the entire design process, include more detailed evaluations of successes and challenges, and expand lessons learned with explanations of their broader engineering implications. Adding specific examples and reasoning would make the reflection more insightful and valuable.",0.333333333,2.666666667
Case082_322.pdf,,Placeholder text for scoring.,3,2,2,4,4,3,,,,,,,No stakeholders or field experts are named or referenced as providing evaluation or feedback.No documented external evaluation feedback is present that addresses any aspect of the design or engineering design process.No summary or synthesis of external evaluation is provided.,"The student presents a clear and generally comprehensive summary of the engineering design process, covering key phases such as problem definition, research, ideation, prototype design, construction, testing, and evaluation. The summaries provide a good overview of the project steps, though some sections lean more toward description than in-depth analysis. Strengthening the connection between each step and its impact on the project outcome would enhance clarity and completeness.

Value judgments are consistently included, with thoughtful examples of successes and challenges, such as the choice of materials and design changes. However, some reflections are somewhat superficial and would benefit from deeper exploration of the reasons behind successes or failures. Expanding on the rationale for decisions and their consequences would improve the evaluative quality.

The lessons learned section offers useful insights into teamwork, project management, and creativity that are transferable to other engineering contexts. Yet, the reflections remain somewhat general and could be enriched by more specific, process-oriented lessons. To improve, the student should focus on providing more detailed analysis of design decisions, explicitly link reflections to engineering principles, and offer concrete examples of how lessons can guide future projects.",2.333333333,3.666666667
Case083_324.pdf,,Placeholder text for scoring.,3,2,4,4,3,4,,,,,,,"The document identifies two stakeholders, Ms. Brennan and other teachers, as evaluators. However, their specific roles as stakeholders or field experts are not clearly defined, nor is there evidence of demonstrable qualifications.The evaluation feedback includes a visual assessment and gathering of student opinions, which relate to integration and usability aspects of the design. However, the feedback is vague and lacks detailed analysis or coverage of multiple design or engineering process aspects.The summary of external evaluation is sparse and lacks specificity, detail, or thorough synthesis. It mainly states that the group will ask for assessments without integrating or analyzing the feedback.","The student offers a generally clear and adequately developed summary of key engineering design phases, including problem definition, ideation and selection, prototype building, and some evaluation. While the summary touches on important steps, it lacks comprehensive detail and does not explicitly address all phases such as research or testing, which would strengthen the overall process understanding.

Value judgments are present and consistent, with the student identifying successes like accurate measuring and cutting, as well as challenges such as time management and incomplete painting. However, some reflections are brief and would benefit from deeper analysis explaining why certain decisions or outcomes were effective or problematic.

The lessons learned focus on planning, measurement accuracy, and time management, which are relevant and useful to future engineers. Yet, these insights remain somewhat general and could be enhanced by providing more specific examples or elaborating on how these lessons apply broadly across engineering projects.

To improve, the student should aim to provide a more comprehensive and detailed summary of all design phases, deepen evaluative reflections by explaining causes and effects of successes and failures, and develop more specific, transferable lessons learned. Including explicit discussion of testing and evaluation phases and linking reflections to engineering principles would also strengthen the reflection.",3,3.666666667
Case084_334.pdf,,Placeholder text for scoring.,3,3,4,4,3,4,,,,,,,"The document names multiple evaluators including teachers and specific individuals (Mrs. Seltzer, Vogel, Bussey), but their stakeholder or field expert roles are not clearly defined or demonstrated as qualified field experts.The evaluation feedback addresses several aspects of the design such as prototype performance (hanging stability, tangling), usability (string length evenness), and design improvements (removal of burn marks, hole placement). However, the coverage is somewhat general and lacks depth in analysis.The summary lists feedback and next steps but lacks thorough synthesis or integration of multiple evaluator comments into clear conclusions or trends. The summary is somewhat specific but incomplete and overly general in parts.","The student offers a generally clear and adequately developed summary of key engineering design phases, including problem definition, ideation and selection, prototype building, and evaluation. While the summary touches on important steps, it lacks comprehensive detail and does not explicitly address all phases such as testing, which would strengthen the overall reflection.

The reflection includes consistent value judgments about what went well and what did not, particularly highlighting measuring accuracy and time management challenges. However, some evaluations are brief and would benefit from deeper analysis explaining why certain decisions or outcomes were successful or problematic.

Lessons learned are thoughtfully included and provide useful advice for future engineers, emphasizing planning, measurement verification, and time management. These insights are relevant beyond the specific project but could be enhanced with more specific examples or elaboration to increase their applicability. To improve, the student should aim to provide a more comprehensive process summary, deepen evaluative reflections with explanations, and develop more detailed, transferable lessons learned. Additionally, explicitly addressing all design phases and including testing and evaluation steps would create a more robust reflection.",3.333333333,3.666666667
Case085_204.docx,,Placeholder text for scoring.,2,0,4,4,2,3,,,,,,,"The student provides a clear and comprehensive summary of the major steps of the engineering design process, including problem definition, ideation, prototype design, building, testing, and evaluation. Each step is described with relevant details, though some steps (e.g., evaluation) are less developed. | The reflection includes some value judgments, such as noting the inability to test the prototype and the importance of testing for gathering real data. However, most evaluations are cursory or implied rather than explicit, and there is limited discussion of successes, failures, or reasons for outcomes. | Lessons learned are summarized and include generalizable insights about the importance of setting goals, considering energy use, safety, insulation, and the engineering process itself. While mostly useful to future engineers, the reflections are somewhat general and could be more substantive.","The student provides a clear and comprehensive summary of the engineering design process, covering multiple distinct phases such as problem definition, ideation, prototype design, building, testing, and evaluation. This demonstrates a solid understanding of the process and what was done at each stage. However, some steps, particularly evaluation, could be more fully developed to enhance clarity and completeness.

Value judgments are present but limited in depth. The student acknowledges challenges like the inability to test the prototype and the importance of testing, but the reflection lacks detailed evaluation of what worked well or poorly and why. More explicit discussion of successes, failures, and decision effectiveness would strengthen this aspect.

The lessons learned section offers general insights about the engineering process that are useful beyond this project, such as the importance of goal-setting and readiness to adjust designs based on data. To improve, the student should provide more specific, substantive lessons and deeper evaluative reflection. Recommendations include elaborating on the evaluation phase, explicitly assessing project decisions and outcomes, and expanding lessons learned to include concrete advice for future engineers.",2,3
Case086_032.pdf,,Placeholder text for scoring.,0,3,2,3,3,4,,,,,,,"No stakeholders or field experts are named or referenced in the document. There is no indication of involvement or feedback from external evaluators.The document addresses multiple aspects of the design and engineering process, including time code testing, motor testing, and launcher mechanism testing. However, the evaluation is primarily descriptive and lacks completeness in some areas, such as motor connection and code development.The summary of the evaluation is somewhat specific and detailed in places but is incomplete and overly general in others. There is no clear synthesis or integration of findings across different tests, and no overarching conclusions or trends are drawn.","The student provides a generally clear and adequately developed summary of most phases of the engineering design process, including problem definition, ideation, prototype building, testing, and evaluation. While the summaries cover the major steps, some are brief or lack depth, particularly in the STEM and justification phase. Expanding on these areas would strengthen the overall project overview.

Value judgments are present throughout the reflection, with honest assessments of what went well and what challenges were faced. The student acknowledges issues such as rushing early stages, lack of planning, and teamwork difficulties. However, some reflections are somewhat cursory and would benefit from deeper analysis of why certain outcomes occurred and how they affected the project.

The lessons learned are thoughtful and clearly useful to future engineers, highlighting the importance of thorough research, precise prototyping, and embracing failure as a learning tool. To improve, the student should provide more detailed summaries of all design phases, deepen evaluative reflections by explaining causes and effects more fully, and expand lessons learned with specific examples or strategies. These enhancements would make the reflection more comprehensive, insightful, and valuable for others.",1.666666667,3.333333333
Case087_223.pdf,,Placeholder text for scoring.,2,2,3,3,3,4,,,,,,,"No stakeholders or field experts are named or referenced in the document. There is no indication of involvement or feedback from external evaluators.The document addresses multiple aspects of the design and engineering process, including time code testing, algorithm testing, motor testing, and launcher mechanism testing. However, the evaluation is primarily descriptive and lacks completeness in some areas, such as motor connection and code development.The summary of the evaluation is somewhat specific and detailed in parts but is incomplete and overly general in others. There is no clear synthesis or integration of findings across tests, and no overarching conclusions or trends are drawn.","The student provides a generally clear and adequately developed summary of most phases of the engineering design process, including problem definition, ideation, design justification, prototyping, testing, and evaluation. While the summaries cover the major steps, some phases, such as the STEM research, are minimally addressed, and the depth of explanation varies. Enhancing completeness and detail in all phases would strengthen the overall summary.

Value judgments are present throughout the reflection, with honest discussion of successes and challenges, such as the rushed problem definition and prototype difficulties. However, some reflections are somewhat superficial or lack deeper analysis of causes and implications. Expanding on why certain decisions led to outcomes and how challenges were addressed would improve evaluative insight.

The lessons learned are thoughtful and clearly useful to future engineers, highlighting the importance of thorough research, careful prototyping, and embracing failure as a learning tool. To improve, the student could provide more specific examples and elaborate on how these lessons might be applied in different contexts. Additionally, integrating more reflection on teamwork and communication could offer a more holistic view of the design process.",2.333333333,3.333333333
Case088_000.pdf,,Placeholder text for scoring.,0,0,0,3,3,2,,,,,,,"No stakeholders or field experts are identified or documented in the evaluation.The evaluation addresses multiple aspects of the design such as timing, motor performance, launcher mechanism, and code testing. However, the analysis is somewhat incomplete and lacks depth in some areas.The summary provides some specific details about testing results and issues encountered but lacks thorough synthesis or integration of findings into clear conclusions or recommendations.","The student provides a generally clear and adequately developed summary of the engineering design process, covering key phases such as research, ideation, prototype testing, evaluation, and construction. The discussion of previous years’ designs and the rationale for selecting coffin-style bracing demonstrates an understanding of iterative design. However, some phases like problem definition and detailed testing methods are only briefly mentioned or implied, limiting the comprehensiveness of the summary.

Value judgments are present and consistently address major project steps, particularly in critiquing prior bracing methods and the choice to weld instead of bolt. The explanations for these decisions show thoughtful reflection, though some areas, such as the electric motor and engine levelers, receive more descriptive than evaluative treatment. This reduces the depth of insight into what worked well or poorly and why.

Lessons learned are included but tend to be project-specific and lack broader applicability. While the student notes the benefits of welding and prototype testing, these insights could be expanded to offer more general guidance for future engineering projects. To improve, the student should provide a more comprehensive summary of all design phases, deepen evaluative reflections with clear explanations of successes and failures, and articulate lessons learned that are transferable beyond this project.",0,2.666666667
Case089_554.pdf,,Placeholder text for scoring.,5,5,4,3,3,2,,,,,,,No stakeholders or field experts are identified or documented in the evaluation.The feedback is very general and does not clearly address specific aspects of the design or engineering design process.The summary is sparse and lacks specific details or thorough synthesis of external evaluation.,"The student offers a generally clear and comprehensive summary of the engineering design process, effectively covering key phases such as research, ideation, prototype testing, and construction. The evolution of the bracing techniques and the rationale behind motor and engine leveler choices are well articulated, providing a solid overview of the project’s development. However, some phases like problem definition and detailed testing methods could be more explicitly described to enhance completeness.

Value judgments are thoughtfully integrated throughout the reflection, with clear explanations of what worked and what did not in previous designs. The student successfully identifies the shortcomings of earlier approaches and justifies their design decisions, such as choosing welding over bolts and implementing coffin-style bracing. Nonetheless, some reflections lean more toward description than deep analysis, and a few steps receive only cursory evaluation.

Lessons learned are relevant and offer useful insights, particularly regarding structural integrity and real-time adjustment mechanisms. To improve, the student should aim to generalize these lessons more explicitly for future engineering projects, deepen evaluative analysis, and include a more detailed summary of all design phases. Additionally, incorporating explicit reflections on problem definition and testing would strengthen the overall reflection.",4.666666667,2.666666667
Case090_101.pdf,,Placeholder text for scoring.,1,0,1,3,2,2,,,,,,,"No stakeholders or field experts are identified or documented in the evaluation.The feedback is very general and does not clearly address specific aspects of the design or engineering design process.The summary is sparse, with few specifics or detailed synthesis of external evaluation.","The student provides a basic summary of the engineering design process, mentioning key phases like problem definition, ideation, testing, and construction. However, the summaries are sparse and lack comprehensive detail, making it difficult to fully understand the progression and rationale behind decisions. More thorough descriptions of each step would strengthen the reflection.

Value judgments are present but limited. The student identifies some challenges, such as the motor's power and roof weight, and acknowledges the impact of weather. Yet, these reflections are somewhat superficial and do not deeply analyze why certain choices were effective or problematic. Expanding on the reasoning behind successes and failures would improve the evaluative quality.

The lessons learned section includes some useful points, like the importance of multiple design iterations and considering environmental factors. However, these insights are fairly general and tied closely to this specific project. To enhance usefulness for future engineers, lessons should be more detailed and broadly applicable. Recommendations include providing more detailed summaries of each design phase, offering deeper analysis of project outcomes, and articulating lessons learned that are transferable to other engineering contexts.",0.666666667,2.333333333
Case091_444.pdf,,Placeholder text for scoring.,4,4,4,5,4,4,,,,,,,No stakeholders or field experts are named or referenced as providing evaluation or feedback.No documented external evaluation feedback is present that addresses any aspect of the design or engineering design process.No summary or synthesis of external evaluation is provided.,"The student presents a clear and comprehensive summary of the engineering design process, covering key phases such as problem definition, ideation, prototype design, building, testing, and evaluation. Each step is described with sufficient detail to understand the project’s progression, though some areas could benefit from more depth to achieve a fully robust summary. The inclusion of specific challenges and successes adds clarity to the narrative.

Value judgments are consistently integrated throughout the reflection, with thoughtful discussion of what went well and what did not, along with explanations for these outcomes. This evaluative approach strengthens the reflection by providing insight into the decision-making process and project dynamics. However, a few reflections could be expanded to deepen the analysis and provide a more robust critique.

The lessons learned section offers useful and transferable insights for future engineering projects, emphasizing the importance of iterative testing, stakeholder feedback, and practical feasibility considerations. To improve, the student could provide more specific examples illustrating these lessons and explore their broader implications. Additionally, expanding reflections on early expert involvement and design feasibility could enhance the overall depth. Strengthening these areas will make the reflection more insightful and valuable for future engineering endeavors.",4,4.333333333
Case092_233.pdf,,Placeholder text for scoring.,2,3,3,5,4,4,,,,,,,"The document identifies two stakeholders, Ms. Brennan and other teachers, as evaluators. However, their specific roles as stakeholders or field experts are not clearly defined, nor is there evidence of demonstrable qualifications.The evaluation feedback includes a visual assessment and gathering of student opinions, which relate to integration and usability aspects of the design. However, the feedback is vague and lacks detailed analysis or coverage of multiple design or engineering process aspects.The summary of external evaluation is sparse and lacks specificity, detail, or thorough synthesis. It mainly states that the group will ask for assessments without integrating or analyzing the feedback.","The student presents a clear and comprehensive summary of the engineering design process, covering key phases such as problem definition, ideation, prototype design, construction, testing, and evaluation. Each step is described with sufficient detail to understand the project’s progression, though some areas could benefit from more elaboration to achieve a fully robust summary. The inclusion of specific design challenges and stakeholder involvement strengthens the narrative.

Value judgments are effectively integrated throughout the reflection, with consistent discussion of what went well and what did not, accompanied by explanations that reveal thoughtful analysis. This evaluative approach helps clarify the reasoning behind design decisions and outcomes, although a few steps could be explored with greater depth to enhance insight.

The lessons learned section offers practical and transferable advice for future engineering projects, emphasizing the importance of iterative testing, expert feedback, and balancing creativity with feasibility. These reflections demonstrate an understanding of the engineering process beyond the immediate project. To improve, the student could provide more detailed examples in lessons learned, deepen the evaluation of some project steps, and expand on the rationale behind certain decisions to enrich the reflection further.",2.666666667,4.333333333
Case093_441.pdf,,Placeholder text for scoring.,4,4,1,4,2,1,,,,,,,"The document names multiple evaluators including teachers and specific individuals (Mrs. Seltzer, Vogel, Bussey), but their stakeholder or field expert roles are not clearly defined or demonstrated as qualified field experts.The evaluation feedback addresses several aspects of the design such as prototype performance (hanging stability, tangling), usability (string length evenness), and design improvements (removal of burn marks, hole placement). However, the coverage is somewhat general and lacks depth in analysis.The summary lists feedback and next steps but lacks thorough synthesis or integration of multiple evaluator comments into clear conclusions or trends. The summary is somewhat specific but incomplete and overly general in parts.","The student provides a well-structured and detailed summary of key phases in the engineering design process, particularly research, planning, and prototyping. The inclusion of expert interviews and criteria weighting demonstrates thoughtful engagement with the project. However, the summary lacks coverage of later phases such as testing and evaluation, which would provide a more robust and comprehensive overview.

Value judgments are limited and mostly confined to the prototyping phase, where some insights about design challenges are shared. The reflection would benefit from deeper analysis of what worked well or poorly in all phases, including reasons behind successes or failures. This would strengthen the evaluative aspect of the reflection.

Lessons learned are present but are narrowly focused on specific project details without broader applicability. To improve, the student should aim to generalize lessons to benefit future engineering efforts, provide more thorough evaluations of each phase, and include reflections on testing and evaluation. Additionally, explicitly discussing both successes and challenges across all steps would enhance the depth and usefulness of the reflection.",3,2.333333333
Case094_311.pdf,,Placeholder text for scoring.,3,1,1,4,4,3,,,,,,,"The document names multiple evaluators including teachers and specific individuals (Mrs. Seltzer, Vogel, Bussey), but their stakeholder or expert roles are not clearly defined or demonstrated as qualified field experts.The evaluation feedback addresses several aspects of the design such as prototype performance (hanging stability, tangling), usability (string length evenness), and design improvements (removal of burn marks, hole placement). However, the coverage is somewhat general and lacks depth in analysis.The summary lists feedback points and next steps but lacks synthesis or integration of multiple comments into clear conclusions or trends. The summary is somewhat specific but incomplete and overly general without thorough reflection.","The student provides a clear and generally comprehensive summary of the engineering design process, covering key phases such as problem definition, brainstorming, idea selection, prototype design and building, and testing. Each phase is addressed with structured reflections on what went well, what didn’t, and potential improvements, which helps convey a solid understanding of the project flow. However, some phases, like idea selection and prototype design, are less developed, and research is notably absent, which could enhance completeness.

Value judgments are consistently presented, with thoughtful explanations of successes and challenges. The student effectively identifies factors contributing to positive outcomes and areas needing improvement, such as time management during brainstorming and building. While most reflections are meaningful, a few are somewhat cursory or overly general, especially in the middle phases.

Lessons learned are relevant and mostly useful to future engineers, particularly regarding project management and stakeholder involvement. Yet, some insights are narrowly focused on this project’s specifics, such as 3D printing constraints, limiting broader applicability. To improve, the student should aim to deepen reflections on all phases, explicitly connect lessons to general engineering principles, and include research activities. Additionally, expanding on why certain decisions succeeded or failed would strengthen evaluative depth and transferability.",1.666666667,3.666666667
Case095_020.pdf,,Placeholder text for scoring.,0,2,0,4,4,3,,,,,,,"The document references feedback from five students who rated the authenticity test, but these individuals are not clearly identified as stakeholders or field experts, nor is there evidence of demonstrable qualifications.The evaluation addresses multiple aspects of the design such as security, ease of application, sound quality, drop resistance, and authenticity. However, the documentation is mostly descriptive and lacks depth in analysis or connection to the engineering design process.The summary of the external evaluation is somewhat specific and includes some details about test results and user ratings, but it is incomplete and overly general. There is minimal synthesis or integration of feedback across tests.","The student provides a clear and generally comprehensive summary of the engineering design process, covering key phases such as problem definition, brainstorming, idea selection, prototype design, building, and testing. Each step is addressed with reflections on successes, challenges, and potential improvements, which helps convey an understanding of the project flow. However, some phases, particularly idea selection and prototype design, receive less detailed treatment, which slightly limits the overall robustness of the summary.

Value judgments are consistently presented for major steps, with thoughtful explanations of what went well and what did not. The student identifies specific issues like time management during brainstorming and underestimated building time, demonstrating reflective insight. Yet, a few reflections are somewhat cursory or overly positive without deeper analysis, especially in stages with fewer complications.

Lessons learned are included and generally useful, such as enforcing stricter schedules and resource planning for testing. Still, some lessons are narrowly focused on this project’s context, reducing their transferability. To improve, the student should aim to provide more detailed summaries for all phases, deepen evaluative reflections by explaining underlying causes of successes and failures, and articulate lessons learned that clearly connect to broader engineering design principles. Including more critical analysis and generalizable insights will enhance the reflection’s value for future engineers.",0.666666667,3.666666667
Case096_110.pdf,,Placeholder text for scoring.,1,1,0,3,2,2,,,,,,,"The document references feedback from five students who rated the authenticity test, but these individuals are not clearly identified as stakeholders or field experts, nor is there evidence of demonstrable qualifications.The evaluation addresses multiple aspects of the design such as security, ease of application, sound quality, drop resistance, and authenticity. However, the documentation is mostly descriptive and lacks depth in analysis or connection to the engineering design process.The summary of the external evaluation is somewhat specific and includes some details about test results and user ratings, but it is incomplete and overly general. There is minimal synthesis or integration of feedback across tests.","The student provides a basic summary of the project steps, including problem definition, research, and procurement decisions. While these steps are mentioned, the summary lacks depth and does not fully capture the design or evaluation phases, limiting the comprehensiveness of the reflection. Expanding on each step with more detail would strengthen the summary.

Value judgments are present but limited. The student notes following advice and budget considerations, yet these reflections are superficial and do not explain the impact of these decisions on the project’s success or challenges. More thorough evaluation of what worked well and what did not, with reasons, would improve the reflection.

The lessons learned focus on teamwork and flexibility, which are relevant but presented in a general way. To be more useful to future engineers, lessons should include specific insights related to engineering design processes and problem-solving. Overall, the reflection would benefit from deeper analysis, clearer explanations, and more detailed lessons that connect directly to engineering practice.",0.666666667,2.333333333
Case097_321.pdf,,Placeholder text for scoring.,3,2,1,3,2,2,,,,,,,"The document references feedback from five students who rated the authenticity test, but these individuals are not clearly identified as stakeholders or field experts, nor is there evidence of demonstrable qualifications.The evaluation addresses multiple aspects of the design such as security, ease of application, sound quality, drop resistance, and authenticity. However, the documentation is mostly descriptive and lacks depth in analysis or connection to the engineering design process.The summary of the external evaluation is somewhat specific and includes some details about test results and user ratings, but it is incomplete and overly general. There is minimal synthesis or integration of feedback across tests.","The student provides a basic summary of the project steps, including problem definition, research, and procurement. However, the summary is sparse and lacks comprehensive detail about the full engineering design process, such as ideation, construction, testing, or evaluation. This limits the reader's understanding of the project’s progression and challenges.

Value judgments are present but are brief and somewhat superficial. The student notes following advice and managing funds but does not elaborate on the impact of these decisions or reflect on what worked well or what could be improved. This limits insight into the decision-making process and lessons from successes or failures.

The lessons learned are general and focus on teamwork and adaptability, which are useful but not deeply connected to engineering design principles. To improve, the student should provide a more detailed and structured summary of all design phases, include specific reflections on what went well or poorly with reasons, and articulate lessons learned that are clearly applicable to future engineering projects. Adding explanations and examples would strengthen the reflection and make it more valuable to others.",2,2.333333333
Case098_212.pdf,,Placeholder text for scoring.,2,1,2,4,3,3,,,,,,,"The document references feedback from five students who rated the authenticity test, but these individuals are not clearly identified as stakeholders or field experts, nor is there evidence of demonstrable qualifications.The evaluation addresses multiple aspects of the design such as security, ease of application, sound quality, drop resistance, and authenticity. However, the documentation is mostly descriptive and lacks depth in analysis or connection to the engineering design process.The summary of the external evaluation is somewhat specific and includes some details about test results and user ratings, but it is incomplete and overly general. There is minimal synthesis or integration of feedback across tests.","The student offers a generally clear and adequately developed summary of the engineering design process, touching on key phases such as problem definition, ideation, prototype design, construction, testing, and evaluation. While the narrative covers most steps, some are described with limited depth, and the research phase is only briefly mentioned. Expanding on each phase with more detailed explanations would strengthen the summary.

The reflection includes consistent value judgments about project challenges, such as material choices, measurement errors, and battery issues. These insights demonstrate awareness of what went well and what did not, though some reflections are somewhat superficial and could benefit from deeper analysis of the causes and implications of these outcomes.

Lessons learned emphasize the importance of thorough testing and persistence, which are useful takeaways. However, the lessons are somewhat generic and lack specific, actionable advice that future engineers could apply broadly. To improve, the student should provide more detailed evaluations of decisions, connect lessons learned to engineering principles, and offer concrete strategies for overcoming common design challenges. Including more thorough reflections on each phase and focusing on transferable insights will enhance the overall quality of the reflection.",1.666666667,3.333333333
Case099_333.pdf,,Placeholder text for scoring.,3,3,3,4,3,2,,,,,,,"Evaluation is documented from one group of evaluators identified as 'five students' who provided ratings. Their stakeholder role is implied but not explicitly stated, and no field experts or demonstrably qualified evaluators are documented.The evaluation addresses multiple aspects of the design such as security, ease of application, accuracy, attachment, sound quality, drop resistance, and authenticity. However, the documentation is largely descriptive and lacks depth in analysis or connection to the engineering design process.The summary of external evaluation is somewhat specific and includes some details (e.g., ratings and observations), but it is incomplete and overly general. There is little synthesis or integration of evaluator feedback into meaningful conclusions or trends.","The student offers a generally clear and adequately developed summary of the engineering design process, covering key phases such as problem definition, research, ideation, prototype design, construction, testing, and evaluation. While the summary touches on most steps, some areas like prototype building are only briefly mentioned, limiting the comprehensiveness of the reflection. Greater detail and depth in these sections would strengthen the overall summary.

The reflection includes consistent value judgments about what went well and what did not, highlighting successes like diverse design perspectives and challenges such as durability and mechanical issues. However, explanations for why certain outcomes occurred are sometimes superficial, reducing the depth of insight. More thorough analysis of causes and effects would enhance the evaluative quality.

Lessons learned are present but tend to be project-specific and minimally developed, focusing on particular obstacles without broader applicability. To improve, the student should aim to articulate lessons that are transferable to other engineering contexts, provide clearer rationale for successes and failures, expand summaries with more detail, and deepen reflections on how challenges were addressed. These steps will make future reflections more useful and insightful for both the student and others.",3,3
