filename,source_type,text,K1_expert,K2_expert,K3_expert,K1,K2,K3,K1_flag,K2_flag,K3_flag,K1_rationale,K2_rationale,K4_rationale,inferred_requirements,narrative_feedback,expert_score,element_score_raw
Case001_410.pdf,,Placeholder text for scoring.,4,1,0,4,3,2,,,,"The student provides a clear and comprehensive summary of the major steps of the engineering design process, including problem definition, ideation, prototype selection, construction, testing, and evaluation. Most steps are described with adequate detail, though some phases like research and evaluation could be more fully developed.","Value judgments are consistently provided for major steps, such as difficulties in finding experts, challenges in prioritizing criteria, and issues with prototype durability. However, some reflections are cursory or lack depth, and explanations of why certain decisions were successful or unsuccessful are sometimes brief.","Lessons learned are included, such as the need to agree on a design earlier to avoid indecision. However, these lessons are somewhat project-specific and only partially useful to others. The reflections lack broader insights or detailed advice that would clearly benefit future engineering design efforts.",,"This reflection provides a generally clear and comprehensive summary of the engineering design process, covering key phases such as problem definition, ideation, prototype selection, construction, testing, and evaluation. The student effectively outlines the sequence of activities and describes challenges encountered, which helps convey the project’s progression. However, some phases, particularly research and evaluation, could be expanded with more detail to strengthen the overall summary.

The student offers consistent value judgments about the project steps, identifying what went well and what was difficult, such as struggles with expert feedback and prototype durability issues. While these reflections demonstrate awareness of project challenges, some evaluations are brief and lack deeper analysis of why certain outcomes occurred or how decisions impacted the project’s success.

Lessons learned are present but tend to be narrowly focused on this specific project, such as agreeing on a design earlier. To improve, the student should aim to provide more transferable insights that future engineers can apply broadly. Recommendations include elaborating on the research phase, deepening evaluative reflections with explanations of cause and effect, and expanding lessons learned to include process-oriented advice. These steps will enhance the reflection’s clarity, depth, and usefulness for future engineering design efforts.",1.666666667,3
Case002_544.pdf,,Placeholder text for scoring.,5,4,4,4,3,2,,,,"The student provides a clear and comprehensive summary of the major steps of the engineering design process, including problem definition, ideation, prototype selection, construction, testing, and evaluation. Most steps are described with adequate detail, though some phases like research and evaluation could be more fully developed.","Value judgments are consistently provided for major steps, such as difficulties in finding experts, challenges in prioritizing criteria, and issues with prototype durability. However, some reflections are cursory or lack depth, and explanations for why certain decisions were successful or unsuccessful are sometimes brief or implied rather than explicit.","Lessons learned are included, such as the need to agree on a design earlier to avoid indecision. However, these lessons are somewhat general and specific to this project, with limited discussion on how they might apply broadly to future engineering design efforts.",,"The reflection provides a generally clear and comprehensive summary of the engineering design process, covering key phases such as problem definition, ideation, prototype selection, construction, testing, and evaluation. The student effectively outlines the sequence of activities and describes the main challenges encountered, which helps readers understand the project flow. However, some phases, particularly research and evaluation, could benefit from more detailed explanation to enhance completeness.

The student offers consistent value judgments about the project steps, identifying what went well and what did not, such as difficulties in expert consultation and prototype durability issues. While these reflections demonstrate awareness of project challenges, they occasionally lack depth and detailed reasoning behind decisions or outcomes. More explicit analysis of why certain approaches succeeded or failed would strengthen the reflection.

Lessons learned are present but tend to be project-specific and somewhat general, such as agreeing on a design earlier. To improve, the student should aim to articulate lessons that are transferable and useful to future engineers beyond this project. Recommendations include expanding reflections on research and evaluation phases, providing deeper analysis of successes and failures, and developing more thoughtful, broadly applicable lessons learned.",4.333333333,3
Case003_021.pdf,,Placeholder text for scoring.,0,2,1,2,2,2,,,,"The summary is sparse and only touches on a few aspects of the design process, such as the effect of cardboard texture and the mirror shape, without a clear or comprehensive overview of the full project steps.","Value judgments are partially provided, noting what went well (mirror shape and arc) and what did not (wrinkles on cardboard causing blur), but explanations are brief and lack depth or robust analysis.",Lessons learned are included but are limited in scope and specificity. The insight about accounting for material texture and testing placement is somewhat useful but not fully developed or generalized for broader engineering contexts.,,"The reflection provides a limited summary of the engineering design process, mentioning only a few elements such as the impact of cardboard texture and the mirror’s shape. However, it lacks a clear, comprehensive overview of the major project steps like problem definition, ideation, prototyping, and testing. This sparse summary makes it difficult to fully understand the progression and decisions made throughout the project.

Value judgments are present but are somewhat superficial. The student identifies what went well and what did not, yet the explanations are brief and do not deeply analyze why certain outcomes occurred or how they influenced the project. This limits the reflection’s insightfulness and the opportunity to learn from successes and failures.

The lessons learned are somewhat useful, particularly the note about considering material properties and testing placement. However, these lessons are narrowly focused on this specific project and lack broader applicability or detailed guidance for future engineering efforts. To improve, the student should provide a more thorough summary of all design phases, offer deeper evaluative commentary on decisions and outcomes, and develop lessons learned that are more generalizable and actionable for future projects.",1,2
Case004_220.pdf,,Placeholder text for scoring.,2,2,0,2,2,2,,,,"The summary is sparse and only touches briefly on a few aspects of the design process, such as the effect of cardboard texture and the mirror shape. It lacks a clear, comprehensive overview of multiple engineering design phases.","Value judgments are partially provided, noting what went well (mirror shape and arc) and what did not (wrinkles causing blur). However, explanations are limited and some points are only cursorily addressed.","Lessons learned are included but are somewhat specific to this project (cardboard texture, testing location). They offer some usefulness to future engineers but lack broader, substantive insights.",,"The reflection provides a sparse summary of the design process, mentioning only a few elements such as the impact of cardboard texture and the mirror’s shape. It does not comprehensively cover key phases like problem definition, ideation, or testing, resulting in a limited understanding of the overall project journey. The summary would benefit from a clearer and more detailed description of each major step.

Value judgments are present but only partially developed. The student identifies what went well and what did not, such as the mirror’s shape being successful and the wrinkles causing a blurred effect. However, these reflections lack depth and explanation, reducing their impact. More thorough analysis of why certain outcomes occurred would strengthen the evaluation.

Lessons learned are somewhat useful but remain narrowly focused on this specific project’s issues. The insight about testing the mirror in its intended location is practical, yet the reflection misses opportunities to generalize lessons for broader engineering design contexts. To improve, the student should provide a more comprehensive process summary, deepen evaluative reflections with explanations, and articulate lessons that are transferable to future projects.",1.333333333,2
Case005_024.pdf,,Placeholder text for scoring.,0,2,4,3,3,3,,,,"The summary covers several key steps including prototype construction, testing, evaluation, planning, and research. However, the descriptions are somewhat general and lack detail on each step, resulting in an adequately developed but not comprehensive summary.","The student provides consistent value judgments on major steps, noting what worked well (prototype dispensing, button, latch) and what did not (wooden rest causing tipping). However, some evaluations are cursory and lack deeper explanation of why outcomes occurred.","Lessons learned are summarized and mostly useful to future students, emphasizing planning, background research, and prototyping benefits. Yet, the reflections are somewhat generic and could be more specific or detailed to enhance transferability.",,"The student provides a generally clear summary of several important phases of the engineering design process, including prototype construction, testing, evaluation, planning, and research. While the summary touches on these steps, it lacks depth and comprehensive detail that would fully convey the complexity and progression of the project. Expanding on each phase with more specific descriptions would strengthen the clarity and completeness.

Value judgments are present and consistent for major steps, highlighting successes such as the prototype’s dispensing mechanism and identifying weaknesses like the instability caused by the wooden rest. However, some reflections are somewhat superficial and would benefit from deeper analysis explaining why certain outcomes occurred and how decisions impacted the project’s success or failure.

The lessons learned focus on planning, research, and prototyping, which are useful and transferable to future engineering projects. Yet, these insights remain somewhat generic and could be enhanced by including more specific examples or nuanced reflections. To improve, the student should provide more detailed summaries of each design phase, deepen evaluative reflections with explanations of causes and effects, and develop lessons learned that are more specific and actionable for future engineers.",2,3
Case006_224.pdf,,Placeholder text for scoring.,2,2,4,3,3,3,,,,"The student provides a generally clear and adequately developed summary of several key steps including prototype construction, testing, planning, and risk assessment. However, some steps such as ideation, research, and evaluation are not explicitly summarized, and the summary lacks comprehensive detail on each phase.","Value judgments are consistently provided for major steps, such as what worked well (prototype dispensing, button, latch) and what did not (wooden rest causing tipping). The reflection includes reasons for success and failure, but some evaluations are somewhat cursory and lack deeper analysis.","Lessons learned are summarized and mostly useful to future students, emphasizing planning, background research, and prototyping benefits. However, the lessons are somewhat general and could be more specific or detailed to enhance transferability.",,"The student provides a generally clear and adequately developed summary of several important engineering design steps, including prototype construction, testing, planning, and risk assessment. While these summaries cover key aspects of the project, some phases such as ideation and research are not explicitly addressed, limiting the comprehensiveness of the reflection. More detailed descriptions of each step would strengthen the overall summary.

The reflection includes consistent value judgments about what worked well and what did not, such as the effective dispensing mechanism and the problematic wooden rest causing tipping. The student explains reasons behind successes and failures, though some evaluations are brief and could benefit from deeper analysis to better understand underlying causes and implications.

Lessons learned focus on the importance of planning, background research, and prototyping, which are useful and transferable to future engineering projects. However, these lessons are somewhat general and could be enhanced by including more specific examples or insights. To improve, the student should aim to provide a more comprehensive summary of all design phases, deepen evaluative reflections with detailed reasoning, and articulate more specific, actionable lessons that future engineers can readily apply.",2.666666667,3
Case007_110.pdf,,Placeholder text for scoring.,1,1,0,2,2,1,,,,"The summary focuses mainly on testing results and some evaluation of humidity levels in different containers. Other key design steps such as problem definition, research, ideation, prototype design, and construction are not mentioned or summarized.","The student partially provides value judgments by interpreting humidity data and ranking container effectiveness. However, the reflection lacks discussion of what went well or poorly in the process, why outcomes occurred, or deeper analysis of decisions.",Lessons learned are minimally included and mostly specific to this project’s humidity testing results. There is little indication that these insights are generalized or clearly useful to future engineering design efforts.,,"The student’s reflection provides a sparse summary focused primarily on the testing phase, specifically humidity measurements inside various containers. While this offers some insight into the evaluation step, the reflection lacks coverage of other important design phases such as problem definition, ideation, and construction. This limits the comprehensiveness and clarity of the overall project summary.

Value judgments are partially present through the interpretation of humidity data and ranking of container effectiveness. However, the reflection does not discuss what aspects of the process went well or poorly, nor does it explain why certain outcomes were successful or unsuccessful. This limits the depth of evaluative insight.

Lessons learned are minimally addressed and remain narrowly tied to this specific project’s humidity results. The reflection would benefit from more thoughtful, generalized insights that could aid future engineers in similar design challenges.

To improve, the student should aim to summarize all major design phases clearly, provide balanced evaluations of successes and challenges with explanations, and articulate lessons learned that are transferable beyond this project. Including reflections on decision-making and process improvements would also strengthen the reflection.",0.666666667,1.666666667
Case008_224.pdf,,Placeholder text for scoring.,2,2,4,2,2,1,,,,"The summary focuses mainly on testing results and some evaluation of humidity levels in different containers, but it lacks coverage of other key design steps such as problem definition, ideation, prototype selection, or construction. The summary is sparse and limited to some testing outcomes.","There is partial value judgment regarding the effectiveness of the cigar box and lunch box in maintaining humidity levels, but the reflection is mostly descriptive and lacks deeper analysis of why some containers performed better or what could be improved.",Lessons learned are minimally included and mostly specific to this project’s humidity testing results. There is little indication that these lessons are generalized or clearly useful to others attempting engineering design in the future.,,"The reflection provides a limited summary of the engineering design process, focusing primarily on the testing phase and some evaluation of humidity levels inside various containers. While the student reports specific humidity percentages, the summary lacks coverage of other important design steps such as problem definition, ideation, or prototype construction, resulting in a sparse and narrowly focused overview.

Value judgments are partially present, with some recognition that the cigar box performed best in maintaining humidity levels. However, the reflection remains largely descriptive without deeper analysis of why certain materials or designs were more effective or what challenges were encountered. This limits the insight into the design process and decision-making.

Lessons learned are minimally articulated and specific to this project’s context, with little evidence that they are transferable or useful to future engineers. To improve, the student should provide a more comprehensive summary of all design phases, include thoughtful evaluation of successes and failures with explanations, and articulate lessons learned that offer broader engineering insights. Adding reflections on what could be improved and why would strengthen the value of the reflection for future design efforts.",2.666666667,1.666666667
Case009_555.pdf,,Placeholder text for scoring.,5,5,5,4,4,4,,,,"The summary clearly and comprehensively covers the major steps of the engineering design process, including problem definition, research, ideation, prototype selection, construction, testing, and evaluation. While detailed and mostly thorough, some steps such as testing and evaluation are less elaborated compared to others, preventing a full robust and comprehensive summary.","The student consistently provides value judgments for major project steps, discussing both positive and negative aspects. They reflect on challenges such as group dynamics, time management, and design decisions, as well as successes like material sourcing and project completion. Some reflections are more cursory or descriptive, lacking deeper analysis, which limits a perfect score.","Lessons learned are summarized and clearly useful to future engineering design efforts, emphasizing planning, time management, research importance, and group collaboration. The reflections go beyond this project, offering transferable advice. However, some lessons could be more deeply analyzed or expanded to reach a higher level of substance.",,"The student provides a clear and comprehensive summary of the engineering design process, effectively covering all major phases from problem definition through evaluation. The description of each step is detailed and logically organized, demonstrating a solid understanding of the process. However, some phases, particularly testing and evaluation, could benefit from more depth to achieve a fully robust summary.

Value judgments are thoughtfully integrated throughout the reflection, with the student candidly discussing both successes and challenges. They identify specific issues such as group coordination, time management, and design disagreements, as well as positive outcomes like efficient material sourcing and project completion. While these reflections are consistent and meaningful, some lack deeper analysis of underlying causes or implications.

The lessons learned section offers practical and transferable insights valuable to future engineering projects, especially regarding planning, research, and teamwork. These reflections show thoughtful consideration of process improvements. To enhance the reflection, the student could provide more detailed analysis of testing outcomes, expand on the impact of group dynamics, and offer more specific strategies for overcoming identified challenges. Additionally, integrating more explicit connections between lessons learned and their application in future projects would strengthen the usefulness of the reflection.",5,4
Case010_401.docx,,Placeholder text for scoring.,4,0,1,3,2,2,,,,"The student provides a generally clear and adequately developed summary of most steps in the engineering design process, including problem definition, ideation, prototype design, building, testing, and evaluation. However, some steps are described with more detail than others, and the summary lacks depth in evaluation and research phases.","Value judgments are partially provided, with some mention of what went well and what did not (e.g., prototype instability, gear torque issues). However, these reflections are often cursory and lack detailed explanation of why outcomes occurred or how decisions impacted the project.","Lessons learned are included and somewhat useful, focusing on iteration, design flaws, and weight considerations. However, they are mostly project-specific and lack broader, transferable insights or detailed reflection on improving the engineering design process in general.",,"The student offers a generally clear summary of the engineering design process, covering key phases such as problem definition, ideation, prototype design, building, testing, and evaluation. While the descriptions provide a basic understanding of the steps taken, some phases are more thoroughly explained than others, and the overall summary could benefit from deeper detail and clarity, especially regarding the evaluation phase.

Value judgments about the project steps are present but limited in depth. The student notes some successes and challenges, such as prototype instability and gear torque issues, but these reflections are often brief and lack thorough analysis of why certain outcomes occurred or how decisions influenced the project’s progress. This limits the insightfulness of the reflection.

Lessons learned focus on iteration and specific design challenges, which are useful but largely tied to this particular project. The reflections would be stronger if they included more generalizable insights applicable to future engineering design efforts. To improve, the student should provide more comprehensive summaries of each phase, deepen evaluative reflections by explaining causes and effects, and develop lessons learned that emphasize transferable engineering process improvements. Including more detailed analysis and broader reflections will enhance the usefulness and professionalism of the reflection.",1.666666667,2.333333333
Case011_434.docx,,Placeholder text for scoring.,4,3,4,4,3,3,,,,"The student provides a clear and comprehensive summary of the major steps of the engineering design process, including problem definition, ideation, design selection, prototype building, testing, and evaluation. Each step is described with sufficient detail to understand the activities undertaken, though some steps like evaluation are less developed.","Value judgments are consistently provided for most major steps, including what went well and what did not, such as prototype instability and gear torque issues. However, some reflections are cursory or lack depth, for example, the evaluation step is briefly mentioned without detailed analysis.","Lessons learned are summarized and mostly useful to future engineers, such as the importance of multiple iterations, addressing design flaws, and considering weight constraints. However, the reflections are somewhat general and focused on this specific project rather than broadly applicable engineering design principles.",,"The student provides a generally clear and adequately developed summary of the engineering design process, covering key phases such as problem definition, ideation, prototype design, building, testing, and evaluation. The descriptions offer insight into the activities and decisions made, though some steps, particularly evaluation, could be expanded for greater completeness. This summary helps the reader understand the progression of the project and the rationale behind design choices.

Value judgments are present throughout most steps, with the student noting successes and challenges like prototype instability and gear torque issues. While these reflections demonstrate awareness of project strengths and weaknesses, some are brief and lack deeper analysis of why certain outcomes occurred or how they influenced subsequent decisions. More thorough evaluation would strengthen the reflection.

The lessons learned section includes useful points about iteration, flaw identification, and weight considerations, which can inform future engineering efforts. However, the insights tend to be project-specific and could benefit from broader, more transferable reflections on the engineering design process. To improve, the student should provide more detailed evaluation of each step, connect lessons learned to general engineering principles, and expand the summary of later phases such as evaluation. Including specific examples of how reflections influenced design changes would also enhance the overall quality of the reflection.",3.666666667,3.333333333
Case012_343.pdf,,Placeholder text for scoring.,3,4,3,3,3,2,,,,"The summary covers several key steps including problem definition, ideation, prototype design, and evaluation. However, the descriptions are somewhat general and lack depth, with some steps like construction and testing missing due to the prototype not being built.","The student consistently provides value judgments for major steps, noting what went well (e.g., agreeing on a design quickly, team consensus) and what did not (e.g., poor time management, overly ambitious ideas). However, some reflections are cursory and lack detailed explanation.","Lessons learned focus mainly on time management and opportunity costs, which are useful but presented in a general and somewhat limited way. The reflections are partially useful but lack depth and broader applicability.",,"The student provides a generally clear summary of the engineering design process, touching on problem definition, ideation, prototype design, and evaluation. While these steps are identified, the summary lacks comprehensive detail and omits important phases such as construction and testing, which were not completed. This limits the completeness of the reflection.

Value judgments are present throughout the document, with the student noting successes like rapid consensus and challenges such as poor time management and overly ambitious goals. However, these reflections are somewhat superficial and would benefit from deeper analysis explaining why certain outcomes occurred and how they impacted the project.

The lessons learned focus on time management and opportunity costs, which are relevant but presented in a general manner. To improve, the student should provide more detailed and specific reflections on each phase, explain the reasons behind successes and failures more thoroughly, and expand lessons learned to include insights that are broadly applicable to future engineering projects. Including reflections on how to better manage scope and prototype development would also enhance the usefulness of the lessons.",3.333333333,2.666666667
Case013_123.pdf,,Placeholder text for scoring.,1,2,3,3,3,3,,,,"The summary covers most major steps of the design process including problem definition, ideation, prototype design, and evaluation. However, it is generally clear but somewhat sparse and lacks detail on research, construction, and testing phases.","Value judgments are consistently provided for major steps, noting what went well (problem selection, consensus) and what did not (time management, ambitious ideas). Some reflections are cursory and lack deeper explanation of why outcomes occurred.","Lessons learned are summarized and mostly useful, focusing on opportunity costs and time management. However, they are somewhat general and could be more specific or detailed to better guide future engineers.",,"The student provides a generally clear and adequately developed summary of the engineering design process, touching on key phases such as problem definition, ideation, prototype design, and evaluation. While the summary includes important steps, it lacks depth and detail in some areas, particularly regarding research, construction, and testing, which limits its comprehensiveness.

The reflection includes consistent value judgments about what went well and what did not, such as effective problem selection and team consensus, alongside challenges like time management and overly ambitious ideas. However, these evaluations are sometimes cursory and would benefit from deeper analysis explaining why certain outcomes occurred.

The lessons learned focus on opportunity costs and the importance of time management, which are relevant and useful to future engineering projects. Yet, these insights remain somewhat general and could be enhanced with more specific examples or actionable advice. To improve, the student should aim to provide a more detailed and complete process summary, deepen evaluative reflections by explaining causes and effects, and develop lessons learned that are more specific and broadly applicable. Including reflections on all design phases and elaborating on challenges and successes will strengthen the overall reflection.",2,3
Case014_322.pdf,,Placeholder text for scoring.,3,2,2,3,3,2,,,,"The summary covers most major steps of the design process including problem definition, ideation, prototype design, and evaluation. However, it is generally clear but somewhat sparse and lacks detail on research, construction, and testing phases.","Value judgments are consistently provided for major steps, noting what went well (e.g., agreeing on design quickly, team consensus) and what did not (e.g., time management, ambitious ideas). Some reflections are cursory and lack deeper explanation.","Lessons learned focus on opportunity costs and time management, which are somewhat useful to future engineers. However, reflections are brief and only partially useful, lacking broader insights or detailed analysis.",,"The student provides a generally clear summary of the engineering design process, touching on key phases such as problem definition, ideation, prototype design, and evaluation. While the summary includes most major steps, it lacks depth and detail, particularly regarding research, construction, and testing phases, which limits its comprehensiveness. Expanding on these areas would strengthen the overall summary.

The reflection includes consistent value judgments about what went well and what did not, such as effective team consensus and challenges with time management and ambitious goals. However, some evaluations are brief and lack deeper analysis of why certain outcomes occurred, which would enhance the insightfulness of the reflection.

Lessons learned focus on opportunity costs and time management, offering some useful advice for future projects. Yet, these lessons are somewhat general and project-specific, limiting their transferability. To improve, the student should provide more detailed, process-focused lessons that apply broadly to engineering design. Additionally, elaborating on the reasons behind successes and failures and including reflections on all design phases would create a more robust and valuable reflection.",2.333333333,2.666666667
Case015_411.pdf,,Placeholder text for scoring.,4,1,1,3,2,2,,,,"The student provides a generally clear and adequately developed summary of most major steps in the design process, including problem definition, requirements gathering, brainstorming, prototype construction, testing, and redesign. However, some steps are only briefly mentioned without detailed explanation.","Value judgments are partially provided. The student notes that the testing process was straightforward and gave confidence in the prototype, and mentions the importance of not dismissing ideas during brainstorming. However, reflections on what did not go well or why certain decisions were successful or unsuccessful are limited and somewhat superficial.","Lessons learned are included in part, such as the advice to write down all ideas during brainstorming to avoid premature dismissal. Some of these lessons could be useful to others, but overall the reflections are minimal and lack depth or broader applicability beyond this project.",,"The student provides a generally clear summary of the engineering design process, covering key phases such as problem definition, requirements gathering, brainstorming, prototype construction, testing, and redesign. While the summary touches on most steps, it lacks depth and detail in some areas, which limits the comprehensiveness of the reflection. Expanding on each phase with more specific descriptions would strengthen the summary.

Value judgments are present but limited. The student acknowledges the straightforward nature of testing and the importance of capturing all brainstorming ideas, but there is little critical evaluation of what went well or what challenges were encountered. More thorough analysis of successes and failures, including reasons behind outcomes, would enhance the reflection.

Lessons learned are minimally included and somewhat generic. The advice about brainstorming is useful, but additional insights related to prototype testing, redesign decisions, or stakeholder engagement would make the lessons more valuable to future engineers. To improve, the student should provide more detailed summaries, deeper evaluative reflections on project steps, and broader, transferable lessons learned that extend beyond this specific project.",2,2.333333333
Case016_444.pdf,,Placeholder text for scoring.,4,4,4,3,2,2,,,,"The student provides a generally clear and adequately developed summary of most major steps in the design process, including problem definition, requirements gathering, brainstorming, prototype construction, testing, and redesign. However, some steps are only briefly mentioned without detailed explanation.","Value judgments are partially provided. The student notes that the testing process was straightforward and gave confidence in the prototype, and mentions the importance of not dismissing ideas during brainstorming. However, reflections on what did not go well or why certain decisions were successful or unsuccessful are limited and somewhat superficial.","Lessons learned are included in part, such as the advice to write down all brainstorming ideas and not dismiss them prematurely. Some of these lessons could be useful to others, but the reflections are minimal and lack depth or broader applicability beyond this project.",,"The student provides a generally clear summary of the engineering design process, covering key phases such as problem definition, requirements gathering, brainstorming, prototype construction, testing, and redesign. While the summary touches on most steps, it lacks depth and detail in some areas, which limits the comprehensiveness of the reflection. Expanding on each phase with more specific descriptions would strengthen the summary.

Value judgments are present but limited. The student acknowledges the straightforward nature of testing and the importance of capturing all brainstorming ideas, yet there is little critical evaluation of what went well or poorly and why. More thorough analysis of successes and challenges would enhance the reflection and provide deeper insight into the design process.

Lessons learned are briefly mentioned, particularly regarding brainstorming practices, but they are minimal and somewhat generic. To improve, the student should aim to provide more substantive and transferable lessons that future engineers can apply broadly. Recommendations include elaborating on each design phase, critically evaluating outcomes with reasons, and offering detailed, process-focused lessons learned that extend beyond this specific project.",4,2.333333333
Case017_555.docx,,Placeholder text for scoring.,5,5,5,3,3,3,,,,"The student provides a generally clear and adequately developed summary of most major steps in the engineering design process, including research, design, construction, testing, and evaluation. However, some steps are described in a somewhat general or incomplete manner, and the summary lacks robust detail for each phase.","Value judgments are consistently provided for major steps, such as the decision to use a neutral color instead of multiple colors and the success of button size and spacing. However, some reflections are cursory or lack deep explanation of why certain outcomes were successful or unsuccessful.","Lessons learned are summarized and mostly useful to others, such as the importance of consulting experts and stakeholders throughout the process. Yet, the lessons are somewhat general and could be more substantive and detailed to better guide future engineering design efforts.",,"The reflection provides a generally clear and adequately developed summary of the engineering design process, covering key phases such as research, design, construction, testing, and evaluation. While the student touches on each step, some descriptions are broad and lack depth, which limits the comprehensiveness of the summary. More detailed explanations of each phase would strengthen the overall clarity.

The student offers consistent value judgments about the project, highlighting what worked well, such as the button size and spacing, and what was changed, like the color choice. However, some reflections are superficial and do not fully explain the reasoning behind decisions or outcomes. Expanding on why certain choices were effective or problematic would enhance the evaluative quality.

Lessons learned focus on the importance of consulting experts and stakeholders, which is a valuable insight for future engineers. Nonetheless, these lessons are somewhat general and could benefit from more specific, actionable advice. To improve, the student should provide more detailed summaries of each design phase, deepen the analysis of successes and failures, and articulate lessons that are more explicitly transferable to other engineering projects.",5,3
Case018_455.pdf,,Placeholder text for scoring.,4,5,5,4,4,4,,,,"The student provides a clear and comprehensive summary of the major steps of the project, including problem definition, ideation, prototype design, construction, testing, and evaluation. While the summary covers these phases well, some details are less developed, such as the research phase and deeper technical specifics.","The reflection consistently provides value judgments for major steps, discussing what went well (material choice, reuse of parts, iterative improvements) and what did not (connection inefficiencies, stability issues, assembly complexity). The explanations for successes and failures are clear but could be more robust in some areas.","Lessons learned are summarized and clearly useful to future engineers, emphasizing prototyping, early testing, material selection, connection methods, flexibility, time allocation, record keeping, planning, teamwork, and sustainability. The lessons are broadly applicable beyond this project, though some points are somewhat general.",,"The student provides a well-structured and generally comprehensive summary of the engineering design process, covering key phases such as problem definition, ideation, prototype design, construction, testing, and evaluation. The summary effectively communicates the project goals, design decisions, and construction challenges, though some phases like research receive less emphasis. Including more technical detail or deeper insights into early research could strengthen the summary further.

The value judgments are thoughtfully presented, with clear identification of what aspects of the project succeeded and which faced challenges. The student explains reasons behind successes, such as material choice and iterative improvements, and acknowledges shortcomings like connection inefficiencies and assembly complexity. This reflective evaluation demonstrates a good understanding of the design process, though some explanations could be expanded for greater depth.

The lessons learned are substantive and transferable, offering practical advice on prototyping, testing, material selection, connection methods, flexibility, and sustainability. These insights are valuable for future engineering projects beyond this specific case. To improve, the student could provide more detailed analysis of failures, incorporate more specific examples in lessons learned, and deepen the discussion of early project phases. Overall, the reflection shows strong engagement with the engineering design process and offers useful guidance for future work.",4.666666667,4
Case019_333.pdf,,Placeholder text for scoring.,3,3,3,4,4,4,,,,"The summary clearly and comprehensively covers the major steps of the project, including problem definition, ideation, prototype design, construction, testing, and evaluation. While the summary is detailed and well-organized, some steps like research are less explicitly described, and a few details could be more fully developed.","The student consistently provides value judgments for major steps, discussing what went well (material choice, reuse of parts, iterative improvements) and what did not (connection inefficiencies, assembly complexity). The explanations include reasons for successes and failures, though some reflections are somewhat general rather than deeply analytical.","Lessons learned are clearly summarized and include useful insights such as the importance of prototyping, early testing, material selection, connection methods, flexibility, time allocation, record keeping, planning, teamwork, and sustainability. These lessons are broadly applicable to future engineering design projects, though some could be more specific or elaborated.",,"The student provides a clear and comprehensive summary of the engineering design process, effectively covering key phases such as problem definition, ideation, prototype design, construction, testing, and evaluation. The description is well-structured and informative, though some steps like research could be more explicitly addressed to enhance completeness. Overall, the summary demonstrates a solid understanding of the project workflow.

Value judgments are thoughtfully integrated throughout the reflection. The student identifies both successes, such as material choice and iterative improvements, and challenges, including connection inefficiencies and assembly complexity. These evaluations include explanations of why certain outcomes occurred, contributing to a meaningful reflection. However, some reflections could benefit from deeper analysis to strengthen the evaluative insight.

The lessons learned are substantive and clearly useful to future engineers. They emphasize important process elements like prototyping, early testing, material selection, and teamwork, which are transferable beyond this project. To improve, the student could provide more specific examples within lessons learned and expand on how these insights might be applied in different contexts. Additionally, explicitly addressing all design phases and deepening the analysis of successes and failures would enhance the reflection’s overall quality.",3,4
Case020_420.pdf,,Placeholder text for scoring.,4,2,0,4,4,3,,,,"The student provides a clear and comprehensive summary of the major steps including problem definition, planning, decision matrix use, and three design iterations. However, some steps like testing and construction are only implied or briefly mentioned, limiting full robustness.","Value judgments are consistently provided for major steps, especially in the design iterations where complexity, feasibility, and improvements are discussed. Some reflections on why decisions were successful or not are present, though a few steps are less deeply analyzed.","Lessons learned are summarized and mostly useful to others, such as simplifying designs and addressing durability. However, reflections are somewhat project-specific and lack broader engineering insights or explicit transferability beyond this context.",,"The student offers a clear and comprehensive summary of the engineering design process, effectively covering problem definition, planning, use of a decision matrix, and multiple prototype iterations. This provides a solid overview of the project’s progression, though some phases like testing and construction could be more explicitly detailed to enhance completeness.

Value judgments are thoughtfully integrated, particularly in the evaluation of each design iteration. The student identifies what worked well and what challenges arose, such as complexity and feasibility issues, demonstrating reflective insight. However, some reflections could be deepened to explain the rationale behind decisions more fully.

Lessons learned are relevant and provide useful guidance for similar projects, especially regarding design simplification and durability improvements. Yet, these insights remain somewhat specific to this project and could be expanded to include broader engineering principles or transferable strategies. To improve, the student should explicitly address all key design phases, deepen evaluative reflections with more explanation, and articulate lessons learned with wider applicability to future engineering endeavors.",2,3.666666667
Case021_340.pdf,,Placeholder text for scoring.,3,4,0,4,4,3,,,,"The student provides a clear and comprehensive summary of the major steps in the project, including problem definition, planning, decision matrix use, and three design iterations. However, some steps like testing and construction are only implied or briefly mentioned, limiting full robustness.","Value judgments are consistently provided for major steps, especially in the design iterations where the student explains what was complex, impractical, or improved. However, some reflections are more descriptive than analytical, and a few steps receive only cursory evaluation.","Lessons learned are summarized and mostly useful to others attempting similar projects, such as simplifying mechanics and improving durability. Yet, the reflections lack deeper insight or broader applicability beyond this specific enrichment device project.",,"The student offers a generally clear and comprehensive summary of the engineering design process, covering key phases such as problem definition, planning, decision matrix application, and multiple design iterations. This provides a solid overview of the project’s progression, though some phases like testing and construction are only lightly touched upon, which limits the completeness of the summary.

Value judgments are thoughtfully integrated, particularly in the discussion of the three design iterations where the student identifies complexity and feasibility issues and explains how these were addressed in subsequent versions. However, some reflections tend to be more descriptive than analytical, lacking deeper explanation of why certain decisions succeeded or failed.

The lessons learned section includes useful takeaways about simplifying design and enhancing durability, which could benefit future engineers working on similar projects. Still, these insights remain somewhat project-specific and could be expanded to offer broader engineering design principles. To improve, the student should aim to provide more detailed reflections on all process steps, deepen analysis of successes and failures, and articulate lessons with wider applicability. Including explicit discussion of testing outcomes and construction challenges would also strengthen the reflection.",2.333333333,3.666666667
Case022_110.docx,,Placeholder text for scoring.,1,1,0,3,2,1,,,,"The summary covers most major steps including site selection, digging, installation of supports, and adding components, but lacks depth and clarity in some areas.","The student identifies some problems encountered (tube orientation, support hole size) and mentions a possible cause (measurement accuracy), but the value judgments are partial and lack detailed explanation or reflection on why these issues occurred or how they were resolved.","A minimal lesson learned is included about measurement accuracy, but it is vague and not clearly articulated as useful to future engineers beyond this project.",,"The student provides a generally clear summary of the main steps in the engineering design process, including site selection, excavation, installation, and problem-solving during construction. However, the summary is somewhat sparse and lacks comprehensive detail about each phase, which limits the reader's understanding of the full process. More elaboration on each step would strengthen the clarity and completeness of the reflection.

Value judgments are present but limited. The student notes specific issues encountered, such as the tube orientation and incorrect support hole sizes, and briefly suggests that measurement accuracy could have prevented problems. However, these reflections are cursory and do not fully explore why these challenges arose or how they impacted the project outcome. A deeper analysis of successes and failures would improve the evaluative quality.

Lessons learned are minimally addressed, with a vague mention of measurement accuracy. This insight is somewhat useful but lacks specificity and broader applicability to future engineering projects. To enhance the reflection, the student should provide more detailed, transferable lessons and explain how these insights can inform future design efforts. Additionally, expanding the summary and offering more thorough value judgments will create a more robust and instructive reflection.",0.666666667,2
Case023_433.docx,,Placeholder text for scoring.,4,3,3,3,2,1,,,,"The summary covers most major steps of the project including site selection, digging, installation of supports, and adding components. However, the descriptions are generally brief and lack depth or clarity in some areas.","The student identifies some problems encountered (e.g., tube width and support hole size) and mentions a corrective action (rotating the tub, fixing the hole). However, the value judgments are partial and somewhat superficial, lacking detailed explanation of why issues occurred or how decisions impacted outcomes.","The lessons learned are minimal and vague, limited to a single statement about needing more accurate measurements. This insight is somewhat useful but lacks elaboration or broader applicability to future engineering design projects.",,"The student provides a generally clear but somewhat sparse summary of the engineering design process, touching on key phases such as site selection, excavation, installation, and problem resolution. While the sequence of steps is evident, the descriptions lack depth and comprehensive detail, which limits the overall clarity and robustness of the summary.

Value judgments are present but only partially developed. The student notes specific problems encountered and some corrective actions taken, yet the reflection does not fully explore why these issues arose or how they influenced the project’s success. This limits the insightfulness of the evaluation and reduces its usefulness for understanding the design process.

Lessons learned are minimal and narrowly focused on measurement accuracy. While this is a relevant point, it is not sufficiently elaborated or generalized to benefit future engineers broadly. To improve, the student should provide more detailed summaries of each design phase, offer deeper analysis of successes and failures, and articulate lessons learned that are transferable beyond this project. Including explanations of decision impacts and broader reflections on the design process would strengthen the reflection significantly.",3.333333333,2
Case024_221.pdf,,Placeholder text for scoring.,2,2,1,3,3,3,,,,"The summary covers several key steps such as collaboration, ideation, planning, evaluation, and stakeholder communication. However, it lacks clear, detailed descriptions of each phase and omits explicit mention of problem definition, construction, and testing phases. The summary is generally clear but only adequately developed.","The reflection consistently provides value judgments on major steps, noting what worked well (team collaboration, task distribution, planning) and what did not (document sharing system, leadership assignment). Some judgments are cursory or lack deep explanation, such as the impact of diverse team dynamics and expert review feedback.","Lessons learned are summarized and mostly useful, such as the importance of team collaboration, attention to detail, group review, and stakeholder communication. However, some lessons are project-specific or lack broader engineering context, limiting their transferability.",,"The reflection provides a generally clear and adequately developed summary of several important phases of the engineering design process, including team collaboration, ideation, planning, evaluation, and stakeholder communication. However, it lacks comprehensive coverage of all typical design steps such as problem definition, construction, and testing, which would strengthen the overall project summary.

Value judgments are consistently present for major steps, highlighting successes like effective task distribution and planning, as well as challenges such as document management and leadership roles. While these evaluations are helpful, some lack depth and detailed explanation of why certain outcomes occurred, which would enhance the reflection's insightfulness.

The lessons learned are relevant and mostly useful to future engineering projects, emphasizing teamwork, attention to detail, and communication. Yet, some reflections remain specific to this project and could be expanded to offer broader applicability. To improve, the student should aim to provide a more comprehensive summary of all design phases, deepen the analysis of successes and failures with explanations, and articulate lessons learned with a focus on transferable engineering principles. Additionally, integrating reflections on testing and prototype construction would provide a more complete process overview.",1.666666667,3
Case025_322.pdf,,Placeholder text for scoring.,3,2,2,3,3,3,,,,"The student provides a generally clear and adequately developed summary of most steps in the project, including collaboration, design ideation, time management, document handling, expert feedback, and design selection. However, some steps are only briefly mentioned or described in a general way without detailed explanation.","Value judgments are consistently provided for major steps, such as the effectiveness of team collaboration, task distribution, document sharing challenges, and expert feedback. Some reflections are more cursory or general, lacking deeper analysis of why certain outcomes occurred or how specific decisions impacted the project.","Lessons learned are summarized and mostly useful to others, such as the importance of team collaboration, attention to detail, group document review, and stakeholder communication. However, some lessons are somewhat generic or project-specific without broader engineering context or deeper insight.",,"The reflection provides a generally clear and adequately developed summary of key phases in the engineering design process, including team collaboration, design ideation, time management, document handling, expert feedback, and design selection. While multiple steps are mentioned, some are described only briefly or in a general manner, limiting the comprehensiveness of the summary. Expanding on specific activities and decisions within each phase would strengthen the clarity and depth.

The student offers consistent value judgments about major project steps, identifying what worked well and what challenges arose, such as task distribution and document sharing issues. However, some evaluations are cursory and lack detailed explanation of why certain outcomes occurred or how decisions influenced the project’s success. More thorough analysis of successes and failures would enhance the reflection’s insightfulness.

Lessons learned are thoughtfully summarized and generally useful to future engineering teams, emphasizing collaboration, attention to detail, and stakeholder communication. Yet, some lessons remain somewhat generic or tied closely to this project’s context. To improve, the student should provide more specific, transferable insights and deeper reflection on how these lessons apply broadly. Additionally, organizing reflections by design phase and including more critical evaluation would improve the overall quality and usefulness of the reflection.",2.333333333,3
Case026_223.pdf,,Placeholder text for scoring.,2,2,3,3,2,2,,,,"The student provides a generally clear and adequately developed summary of most steps, including problem definition, brainstorming, and evaluation of the tire issue. However, some steps such as prototype construction and detailed testing are not explicitly described.","Value judgments are partially provided. The student notes what did not work (ordering wheels with incorrect measurements) and what worked (final solution met the purpose). However, these reflections are somewhat cursory and lack deeper analysis of why certain decisions succeeded or failed.","Lessons learned are included and somewhat useful, such as recognizing feasibility issues and the importance of communication with adults. However, these lessons are general and only partially useful to others attempting engineering design, lacking detailed insights or broader applicability.",,"The student provides a generally clear summary of key phases in the engineering design process, including problem definition, brainstorming, and evaluation of the tire issue. While these summaries cover the major steps, the reflection lacks detail on other important phases such as prototype construction and systematic testing, which would strengthen the comprehensiveness.

Value judgments are present but limited in depth. The student identifies some successes and failures, such as measurement errors and the eventual functional solution, but does not fully explore the reasons behind these outcomes or their implications. This limits the insightfulness of the reflection.

Lessons learned are included and touch on useful themes like feasibility and communication, but they remain somewhat general and project-specific. To improve, the student should aim to provide more detailed and process-focused reflections, explain why certain decisions succeeded or failed, and articulate lessons that can be broadly applied to future engineering projects. Including more phases of the design process and deeper evaluative commentary will enhance the overall quality and usefulness of the reflection.",2.333333333,2.333333333
Case027_332.pdf,,Placeholder text for scoring.,3,3,2,3,2,2,,,,"The student provides a generally clear and adequately developed summary of most steps, including problem definition, brainstorming, and some testing and evaluation. However, the summary is somewhat sparse and lacks detail on later phases such as construction or detailed testing procedures.","Value judgments are partially provided. The student notes what did not work well (ordering wheels with incorrect measurements) and what worked (final solution sufficed), but these reflections are brief and lack depth or explanation of why outcomes occurred.","Lessons learned are included but are general and somewhat vague. The student mentions feasibility of ideas and the importance of communication with adults, which could be useful to others, but the reflections lack specificity and detailed insight.",,"The student provides a generally clear summary of several key engineering design steps, including problem definition, brainstorming, and some aspects of testing and evaluation. However, the summary is somewhat sparse and lacks comprehensive detail about the entire process, such as prototype construction or systematic testing. Expanding on these phases would strengthen the overall project narrative.

Value judgments are present but limited in depth. The student identifies some challenges, like measurement errors when ordering parts, and acknowledges that the final solution was adequate. Yet, the reflections do not fully explore why certain decisions succeeded or failed, which reduces the evaluative quality of the reflection.

Lessons learned are included but remain broad and somewhat generic. The insights about feasibility and communication are relevant but could be made more specific and actionable for future engineers. To improve, the student should provide more detailed summaries of all design phases, deepen analysis of successes and failures with explanations, and articulate lessons learned that clearly transfer beyond this project. Including more thoughtful reflection on the engineering process will enhance the usefulness and professionalism of the documentation.",2.666666667,2.333333333
Case028_113.pdf,,Placeholder text for scoring.,1,1,3,2,2,2,,,,"The summary touches on some steps such as problem definition, research, and construction but is sparse and lacks detail or clarity about the process. Many steps are only briefly mentioned without development.","Value judgments are partially provided, noting that things ran smoothly and that trial and error was involved, but explanations are cursory and lack depth about why certain decisions succeeded or failed.","Lessons learned are included but are minimal and somewhat generic, focusing on trial and error and the importance of planning. They are somewhat useful but lack specificity or broader applicability.",,"The reflection provides a basic overview of the project steps, including problem definition, research, and construction. However, the summary is sparse and lacks comprehensive detail about each phase of the engineering design process. The description tends to be general and does not clearly articulate the sequence or depth of activities undertaken.

Value judgments are present but limited. The student notes that the process went smoothly and mentions trial and error, yet these reflections are superficial and do not explore the reasons behind successes or challenges. This limits the insight into the decision-making process and lessons from the project outcomes.

Lessons learned are briefly mentioned, emphasizing the importance of trial and error and planning. While these points are somewhat useful, they are generic and do not provide specific guidance or transferable insights for future engineering projects. To improve, the student should aim to provide a more detailed and structured summary of all key design phases, offer deeper evaluative reflections explaining why certain steps succeeded or failed, and articulate lessons learned with clear, actionable advice that can benefit others. Including more analysis and specificity will strengthen the reflection and its usefulness.",1.666666667,2
Case029_111.pdf,,Placeholder text for scoring.,1,1,1,2,2,2,,,,"The summary mentions problem definition, research, and construction phases but is sparse and lacks detail about each step. The description is brief and general without clear development of the process.","Some value judgments are present, such as noting trial and error and that things ran smoothly after ordering materials, but these reflections are partial and lack depth or explanation of why outcomes occurred.","Lessons learned are included but are minimal and somewhat generic (e.g., trial and error takes time, making lists and drawings is important). Some usefulness to future engineers is implied but not clearly articulated or expanded.",,"The student provides a basic summary of the engineering design process, touching on problem definition, research, and construction. However, the summary is sparse and lacks comprehensive detail or clarity about each phase. The description reads more like a brief narrative than a structured reflection on the steps taken. To improve, the student should aim to clearly outline each major phase and describe what was done in more depth.

Value judgments are present but limited. The student notes that the process involved trial and error and that things eventually worked out, but these reflections are superficial and do not explain why certain decisions were successful or what challenges were encountered. More thoughtful evaluation of successes and difficulties would strengthen this aspect.

Lessons learned are included but are minimal and somewhat generic, such as the importance of planning and patience. While these insights have some relevance to future projects, they lack specificity and depth. To enhance usefulness, the student should provide more detailed and transferable lessons that explain how these experiences can guide future engineering design efforts.

Recommendations: 1) Provide a clearer, more detailed summary of each design phase. 2) Include deeper analysis of what worked well and what did not, with reasons. 3) Expand lessons learned to be more specific and broadly applicable. 4) Reflect on how challenges were addressed to offer insights for future projects.",1,2
Case030_454.pdf,,Placeholder text for scoring.,4,5,4,4,4,3,,,,"The student provides a clear and comprehensive summary of the major steps of the engineering design process, including problem definition, ideation, selection and prototype design, prototype building, testing, and evaluation. Each step is described with sufficient detail to understand the activities and decisions made. However, some steps, such as ideation, are summarized more briefly and lack depth in describing the process.","The student consistently provides value judgments for the major project steps, discussing what went well, what did not go well, and reasons for successes and failures. The reflections are generally clear and thoughtful, especially regarding time management and prototype building challenges. Some minor steps receive less detailed evaluation, but overall the reflection is consistent and meaningful.","Lessons learned are summarized and include useful advice about time allocation and detailed CAD modeling to aid future design projects. However, the lessons are somewhat general and focused mainly on time management and prototyping rather than broader engineering design insights. The reflections could be more substantive and detailed to better support future engineers.",,"The student provides a clear and generally comprehensive summary of the engineering design process, covering all major phases from problem definition through evaluation. The descriptions of each step are adequate to understand the project flow, though some phases like ideation could benefit from more depth and elaboration. Overall, the summary effectively communicates the key activities and decisions made.

Value judgments are consistently presented for the major steps, with thoughtful reflections on what went well and what challenges were encountered. The student explains reasons behind successes and shortcomings, particularly highlighting issues with time management and prototype completion. This evaluative reflection demonstrates a good understanding of the project dynamics and areas for improvement.

The lessons learned focus primarily on time allocation and the importance of detailed CAD modeling, which are useful but somewhat narrow in scope. Expanding these reflections to include broader insights about the engineering design process would enhance their usefulness to future engineers. To improve, the student should provide more detailed summaries of all phases, deepen evaluative reflections with specific examples, and develop lessons learned that address a wider range of design process considerations.",4.333333333,3.666666667
Case031_553.pdf,,Placeholder text for scoring.,5,5,3,4,4,3,,,,"The student provides a clear and comprehensive summary of the major steps of the engineering design process, including problem definition, ideation, selection and prototype design, prototype building, testing, and evaluation. Each step is described with sufficient detail to understand the activities and outcomes, though some steps (e.g., ideation) are less developed than others.","The student consistently provides value judgments for the major steps, discussing what went well, what did not go well, and reasons for successes and failures. The reflections are generally clear and thoughtful, though a few steps (such as ideation and prototype building) are addressed with somewhat less depth or specificity.","Lessons learned are summarized and mostly useful to others attempting engineering design, focusing on time management and detailed CAD modeling to improve future projects. However, the lessons are somewhat general and could be more thorough and specific to the engineering design process as a whole.",,"The student provides a clear and generally comprehensive summary of the engineering design process, covering all major phases from problem definition through evaluation. The descriptions of each step are detailed enough to convey the project’s progression and key activities, though some phases like ideation could benefit from deeper elaboration. Overall, the summary effectively communicates the flow and rationale behind the design decisions.

Value judgments are thoughtfully integrated throughout the reflection, with the student identifying successes, challenges, and underlying reasons for outcomes at each major step. This evaluative approach demonstrates a good understanding of the project’s strengths and weaknesses, though some reflections could be expanded to provide more nuanced insights, especially regarding ideation and prototype building.

The lessons learned focus on important process considerations such as time allocation and detailed CAD modeling, which are useful to future engineers. However, these lessons are somewhat general and could be enhanced by including more specific, actionable advice that applies broadly across engineering design projects. To improve, the student should aim to deepen reflections on each phase, provide more detailed analysis of challenges, and develop lessons learned that are both specific and transferable to a wider engineering context.",4.333333333,3.666666667
Case032_100.pdf,,Placeholder text for scoring.,1,0,0,2,2,1,,,,"The summary mentions a few steps such as switching materials, cutting and measuring wood, trying different glues, and painting. However, it is sparse and lacks detail on many phases like problem definition, ideation, or evaluation.","Some value judgments are present, such as the 3D printer breaking and the caulk working best among glues. However, these reflections are brief and lack explanation of why outcomes occurred or deeper analysis.","Lessons learned are minimally included and mostly specific to this project (e.g., glue choice). There is little indication that these insights would be broadly useful to future engineers.",,"The reflection provides a sparse summary of the engineering design process, touching on prototype design, construction, and testing phases. However, it lacks a comprehensive overview of the entire process, omitting key steps such as problem definition, ideation, and evaluation. The description is mostly a sequence of events without detailed explanation or clarity.

Value judgments are present but limited. The student notes the failure of the 3D printer and the success of using caulk as glue, yet these points are not elaborated upon to explain why these outcomes occurred or how they influenced the project. This limits the depth of reflection and misses opportunities to analyze challenges and decisions critically.

Lessons learned are minimal and narrowly focused on this specific project, such as the choice of glue. They lack broader applicability or thoughtful insights that could benefit future engineering efforts. To improve, the student should provide a more detailed and structured summary of all design phases, offer deeper analysis of successes and failures, and articulate lessons learned that are transferable beyond this project. Including explanations of decision-making and problem-solving would strengthen the reflection significantly.",0.333333333,1.666666667
Case033_120.pdf,,Placeholder text for scoring.,1,2,0,2,2,1,,,,"The summary mentions a few steps such as switching from 3D printing to wood, cutting and measuring wood, testing different glues, and painting the final design. However, it is sparse and lacks detail about the overall process, omitting key phases like problem definition, research, and ideation.","The reflection includes some value judgments, such as the 3D printer breaking and the caulk working best among glues. However, these judgments are brief and lack explanation of why these outcomes occurred or their impact on the project.","Lessons learned are minimally included and mostly implicit, such as the need to switch materials and testing adhesives. There is little explicit reflection or insight that would be clearly useful to future engineers beyond this project.",,"The reflection provides a sparse summary of the engineering design process, focusing mainly on the construction and testing phases. While it mentions switching from 3D printing to wood and testing different adhesives, it lacks a comprehensive overview of all major steps such as problem definition, research, and ideation. This limits the reader’s understanding of the full project journey.

Value judgments are present but are brief and superficial. The student notes the 3D printer failure and that caulk worked best, but does not explain why these events were significant or how they influenced the project’s success. This reduces the depth of reflection and misses opportunities to analyze challenges and decisions.

Lessons learned are minimally articulated and mostly specific to this project’s circumstances. The reflection would benefit from more explicit, transferable insights that future engineers could apply in similar design contexts. To improve, the student should provide a clearer, more detailed summary of all design phases, deepen the evaluation of successes and failures with explanations, and explicitly state lessons learned that are broadly useful. Including reflections on problem definition and ideation, and explaining the rationale behind decisions, would strengthen the overall reflection.",1,1.666666667
Case034_322.pdf,,Placeholder text for scoring.,3,2,2,3,2,2,,,,"The summary covers most major steps of the engineering design process including problem definition, requirements gathering, brainstorming, prototype construction, testing, and redesign. However, the descriptions are generally clear but somewhat brief and lack depth in some areas, such as the testing and redesign phases.","Value judgments are partially provided. The student notes that testing was straightforward and gave confidence in the prototype, and mentions the challenge of dismissing ideas too early during brainstorming. However, these reflections are somewhat cursory and lack detailed explanation of what specifically went well or poorly and why.","Lessons learned are included but are minimal and somewhat generic, such as the importance of recording all ideas during brainstorming. While this insight is useful, it is not deeply developed or clearly linked to broader engineering design principles, limiting its usefulness to future engineers.",,"The student provides a generally clear summary of the engineering design process, touching on key phases such as problem definition, requirements gathering, brainstorming, prototype construction, testing, and redesign. While the summary covers most steps, it tends to be brief and lacks detailed explanation, especially regarding the testing and redesign phases. Expanding on these areas would improve clarity and comprehensiveness.

Value judgments are present but limited. The student identifies some positive aspects, such as the straightforward testing process and the importance of not dismissing ideas prematurely during brainstorming. However, these reflections are somewhat superficial and do not fully explore what went well or poorly or why certain decisions were successful or not. More detailed evaluation and explanation would strengthen this section.

Lessons learned are included but are minimal and somewhat generic. The insight about recording all ideas during brainstorming is useful but not deeply developed or clearly connected to broader engineering design practices. To improve, the student should provide more specific, thoughtful reflections that are transferable to other projects. Recommendations include elaborating on testing outcomes, providing detailed evaluations of each design phase, and offering more substantive lessons learned that highlight process improvements and engineering insights.",2.333333333,2.333333333
Case035_304.pdf,,Placeholder text for scoring.,3,0,4,3,2,2,,,,"The summary covers most major steps of the design process including problem definition, requirements gathering, brainstorming, prototype construction, testing, and redesign. However, the descriptions are generally clear but somewhat brief and lack depth in some areas, such as the testing and redesign phases.","Value judgments are partially provided. The student notes that the testing process was straightforward and gave confidence in the prototype, and mentions the challenge of dismissing ideas too early during brainstorming. However, these reflections are somewhat cursory and lack detailed explanation of what specifically went well or poorly and why.",Lessons learned are included but are minimal and somewhat generic. The main lesson about not dismissing ideas prematurely during brainstorming is useful but limited in scope and depth. There is little discussion of lessons that would clearly benefit future engineering design efforts beyond this project.,,"The student provides a generally clear summary of the engineering design process, touching on key phases such as problem definition, requirements gathering, brainstorming, prototype construction, testing, and redesign. While the summary includes most major steps, it tends to be brief and lacks detailed explanation or insight into each phase, especially during testing and redesign. Expanding on these areas would strengthen the comprehensiveness of the reflection.

Value judgments are present but limited. The student identifies some positive aspects, such as the straightforward testing process and the importance of recording all brainstorming ideas. However, these reflections are somewhat superficial and do not fully explore what worked well or what challenges were encountered and why. More detailed evaluation of successes and failures would enhance the depth of reflection.

Lessons learned are minimally included and somewhat generic, focusing mainly on brainstorming practices. To improve, the student should aim to provide more substantive and transferable lessons that future engineers can apply across projects. Recommendations include elaborating on testing outcomes, providing specific examples of design challenges and solutions, and reflecting on how these experiences inform future engineering work.",2.333333333,2.333333333
Case036_323.pdf,,Placeholder text for scoring.,3,2,3,3,3,2,,,,"The student provides a generally clear and adequately developed summary of most steps in the engineering design process, including problem definition, brainstorming, prototype design, construction, testing, and iteration. However, some steps are only briefly mentioned without much detail, and the summary lacks depth in certain areas such as testing and evaluation.","Value judgments are consistently provided for major steps, including reflections on disagreements during ideation, misunderstandings with the decision matrix, and challenges during prototype building and testing. However, some reflections are cursory and lack detailed explanation of why certain outcomes occurred or how decisions impacted the project.",Lessons learned are included but are somewhat general and partially useful. The advice to ensure team understanding before starting and to find the best solution before trying multiple ideas is helpful but lacks deeper insight or broader applicability to future engineering projects.,,"The student provides a generally clear and adequately developed summary of the engineering design process, covering key phases such as problem definition, ideation, prototype design, construction, testing, and iteration. While the summary touches on most steps, some are only briefly described, limiting the overall comprehensiveness and depth of understanding conveyed. Expanding on testing procedures and evaluation would strengthen the summary.

The reflection includes consistent value judgments about major project steps, highlighting what went well and challenges faced, such as team disagreements and prototype issues. However, some reflections are superficial and lack detailed analysis of why certain problems occurred or how decisions influenced outcomes. More thorough explanations would enhance the evaluative quality.

Lessons learned are present but somewhat general and only partially useful to future engineers. The advice to ensure team understanding and to carefully select solutions before experimenting is practical but could be expanded with more specific, transferable insights. To improve, the student should provide more detailed summaries of each design phase, deepen reflections on successes and failures with explanations, and develop lessons learned that offer broader guidance for future engineering projects.",2.666666667,2.666666667
Case037_444.pdf,,Placeholder text for scoring.,4,4,4,3,3,2,,,,"The student provides a generally clear and adequately developed summary of most major steps in the engineering design process, including problem definition, brainstorming, prototype design and construction, testing, and evaluation. However, some steps are only briefly mentioned or lack depth, such as testing and evaluation details.","Value judgments are consistently provided for major steps, including what went well (e.g., quick prototype design) and what did not (e.g., confusion about tension springs, testing delays). However, some reflections are cursory and lack deeper explanation of why outcomes occurred.","Lessons learned are included and partially useful, such as the importance of team understanding and protecting the fence from scratches. However, these lessons are somewhat generic and specific to this project, limiting their transferability to other engineering design contexts.",,"The student provides a generally clear and adequately developed summary of the engineering design process, covering key phases such as problem definition, ideation, prototype design, construction, testing, and evaluation. While the summary touches on most steps, some are only briefly described without detailed explanation, which limits the overall comprehensiveness. Expanding on testing procedures and evaluation outcomes would strengthen the summary.

The reflection includes consistent value judgments about what went well and what challenges arose, such as team disagreements, misunderstandings about components, and testing delays. However, some reflections are superficial and lack deeper analysis of why certain issues occurred or how they impacted the project. More thorough evaluation of decisions and outcomes would enhance the insightfulness of the reflection.

Lessons learned are present and offer some useful advice, like ensuring team understanding before starting and protecting materials during construction. Yet, these lessons are somewhat generic and tied closely to this specific project, reducing their usefulness for future engineering efforts. To improve, the student should provide more detailed, process-focused lessons that can be applied broadly. Additionally, clarifying technical misunderstandings and elaborating on testing results would improve the reflection’s depth and utility.",4,2.666666667
Case038_524.pdf,,Placeholder text for scoring.,5,2,4,4,3,2,,,,"The student provides a clear and comprehensive summary of the major steps of the engineering design process, including problem definition, research, ideation, prototype construction, testing, and evaluation. The summary covers key activities and decisions in each phase, though some details are more developed than others.","Value judgments are consistently provided for major steps, such as challenges in defining requirements, the usefulness of past designs, the choice of selection grid, and testing priorities. However, some reflections are cursory or lack depth, for example, the feedback section notes a desire for more critical feedback but does not analyze why it was lacking or how it impacted the project.","Lessons learned are included but are somewhat generic and brief. They emphasize collaboration, flexibility, and continuous learning, which are useful but lack specific insights or detailed explanation that would strongly benefit future engineers.",,"The student presents a generally clear and comprehensive summary of the engineering design process, covering key phases such as problem definition, research, ideation, prototype construction, testing, and evaluation. The description of each step includes relevant activities and decisions, providing a solid overview of the project workflow. However, some parts of the summary could be more detailed, especially regarding the rationale behind certain choices and the challenges encountered.

The reflection includes consistent value judgments about major project steps, highlighting what went well and some difficulties faced, such as estimating time for tasks and the challenge of obtaining critical feedback. While these reflections show awareness of project strengths and weaknesses, some evaluations are superficial and would benefit from deeper analysis of causes and implications.

Lessons learned are stated but remain quite general, focusing on collaboration, adaptability, and ongoing learning. These insights are useful but lack specificity and actionable detail that would make them more valuable to future engineers. To improve, the student should aim to provide more thorough explanations of decisions and challenges, incorporate more critical analysis of feedback and outcomes, and develop lessons learned that are more detailed and transferable across engineering contexts.",3.666666667,3
Case039_544.pdf,,Placeholder text for scoring.,5,4,4,4,3,2,,,,"The student provides a clear and comprehensive summary of the major steps of the engineering design process, including problem definition, research, ideation, prototype construction, testing, and evaluation. Each step is described with sufficient detail to understand the activities and decisions made, though some parts (e.g., requirements definition) are less developed or somewhat sparse.","The student consistently provides value judgments for most major steps, noting challenges (e.g., difficulty finding requirements, estimating time), successes (e.g., combining ideas, choice of selection grid), and limitations (e.g., lack of critical feedback). However, some reflections are cursory or lack deeper analysis of why certain outcomes occurred or how they impacted the project.","Lessons learned are included but are brief and somewhat generic, such as the importance of collaboration and adaptability. While these are useful, they lack depth and specific insights that would clearly benefit future engineers beyond this project.",,"This reflection provides a generally clear and comprehensive summary of the engineering design process, covering key phases such as problem definition, research, ideation, prototype construction, testing, and evaluation. The student effectively describes the sequence of activities and decisions, giving the reader a solid understanding of the project flow. However, some areas, like the requirements definition, are less detailed, and the summary could be strengthened by more balanced coverage of all steps.

The value judgments throughout the reflection are consistent and identify both successes and challenges, such as the usefulness of combining ideas and difficulties in estimating time or obtaining critical feedback. Yet, some evaluations are somewhat superficial and would benefit from deeper analysis explaining why certain decisions succeeded or failed and how these influenced the project outcomes.

The lessons learned section includes useful but general insights about collaboration, flexibility, and continuous learning. These lessons are somewhat vague and could be improved by providing more specific, actionable reflections that future engineers could apply. To enhance this reflection, the student should aim to provide more balanced and detailed summaries of all design phases, deepen evaluative commentary with explanations of causes and effects, and develop more specific, transferable lessons learned that go beyond generic statements.",4.333333333,3
Case040_000.pdf,,Placeholder text for scoring.,0,0,0,2,2,1,,,,"The summary is sparse and only touches briefly on the design and construction phases, with minimal detail and no mention of other key steps such as problem definition, research, or testing.","Some value judgments are made, such as the mural needing more artistic talent and the design being clear and engaging, but these are partial and lack depth or explanation of why outcomes were successful or unsuccessful.","Lessons learned are minimally included and mostly project-specific, such as wanting to collaborate with art classes in the future, with limited insight or usefulness for other engineering design projects.",,"The reflection provides a sparse summary of the project, primarily focusing on the design and construction phases with little detail. Important steps such as problem definition, research, ideation, and testing are not addressed, resulting in an incomplete overview of the engineering design process. This limits the reader's understanding of the full scope of the project.

Value judgments are present but are somewhat superficial and partial. The student notes that the mural could have benefited from more artistic talent and that the design is clear and engaging for children. However, these reflections lack deeper analysis or explanation of why certain decisions were effective or not, reducing the overall evaluative quality.

Lessons learned are minimally articulated and tend to be specific to this project, such as collaborating with art classes in the future. These insights are not clearly generalized or framed to benefit future engineering design efforts. To improve, the student should provide a more comprehensive summary covering all major design phases, offer detailed evaluations explaining successes and challenges, and articulate transferable lessons that can guide others in engineering design. Including reflections on problem definition, research, and testing would strengthen the reflection significantly.",0,1.666666667
Case041_222.pdf,,Placeholder text for scoring.,2,2,2,2,2,1,,,,"The summary is sparse and only touches briefly on the design and construction phases, with minimal detail and no mention of other key steps such as problem definition, research, or testing.","Some value judgments are made, such as the mural needing more artistic talent and the design being clear and eye-catching, but these are partial and lack depth or explanation of why these aspects succeeded or failed.","Lessons learned are minimally included and mostly project-specific, such as wanting to collaborate with art classes in the future, with limited insight or usefulness for other engineering design projects.",,"The reflection provides a sparse summary of the project, primarily focusing on the design and construction phases with little detail. Important steps such as problem definition, research, ideation, testing, and evaluation are not addressed, resulting in an incomplete overview of the engineering design process. This limits the reader's understanding of the full scope of the project.

Value judgments are present but superficial. The student notes that the mural could have benefited from more artistic talent and that the design is clear and engaging for children. However, these reflections lack depth and do not explain why certain decisions were successful or unsuccessful, nor do they critically analyze the outcomes. This reduces the effectiveness of the evaluation.

Lessons learned are minimal and mostly specific to this project, such as collaborating with art classes in the future. These insights are not clearly transferable to other engineering design contexts. To improve, the student should provide a more comprehensive summary covering all major design phases, offer deeper analysis of successes and challenges with explanations, and articulate lessons learned that are broadly applicable. Including reflections on testing and evaluation phases and explaining the rationale behind design choices would strengthen the reflection significantly.",2,1.666666667
Case042_423.pdf,,Placeholder text for scoring.,4,2,3,4,3,3,,,,"The student provides a clear and comprehensive summary of the major steps of the project, including problem definition, ideation, prototype selection, construction, testing, and evaluation. The summary covers key activities and decisions but lacks some depth in describing each step fully.","Value judgments are consistently provided for major steps, noting what worked well (e.g., controller and lighting) and what did not (e.g., petal lowering mechanism). However, some reflections are cursory or lack detailed explanation of why certain outcomes occurred.","Lessons learned are summarized and mostly useful to others, such as the importance of incremental testing and clearer stakeholder criteria. However, some lessons are project-specific and could be expanded with more generalizable insights.",,"The student offers a generally clear and comprehensive summary of the engineering design process, covering key phases such as problem definition, ideation, prototype selection, construction, testing, and evaluation. This provides a solid overview of the project’s progression, though some steps could benefit from deeper elaboration to enhance clarity and completeness.

The reflection includes consistent value judgments about what aspects of the project succeeded and which faced challenges. The student identifies specific successes, like the controller and lighting, and problems, such as the petal mechanism and stakeholder communication. However, some evaluations are brief and would be stronger with more detailed analysis explaining why certain decisions led to success or failure.

Lessons learned are thoughtfully summarized and offer useful advice for future engineering projects, particularly regarding incremental testing and clearer stakeholder engagement. To improve, the student should aim to provide more detailed explanations of outcomes, expand lessons to be more broadly applicable beyond this project, and deepen the summary of each design phase. Including more process-focused reflection rather than narrative description will also strengthen the overall reflection.",3,3.333333333
Case043_334.pdf,,Placeholder text for scoring.,3,3,4,4,3,3,,,,"The student provides a clear and comprehensive summary of the major steps of the project, including problem definition, ideation, prototype selection, construction, testing, and evaluation. While the summary is detailed and covers most phases, some steps like research and detailed design decisions are less elaborated.","The student consistently provides value judgments for major steps, noting what worked well (e.g., controller functionality, lighting) and what did not (e.g., petal lowering mechanism, petal weight). However, some judgments are cursory or lack deeper explanation of why certain outcomes occurred.","Lessons learned are summarized and mostly useful to future engineers, such as the importance of iterative testing and clearer stakeholder communication. However, some lessons are project-specific and could be expanded with more generalizable insights.",,"The student offers a generally clear and comprehensive summary of the engineering design process, covering key phases such as problem definition, ideation, prototype selection, construction, testing, and evaluation. The description includes specific details about design choices and challenges, which helps convey the project’s progression. However, some phases like research and detailed design rationale could be more fully developed to strengthen the overall summary.

Value judgments are present throughout the reflection, with the student identifying both successes and failures. For example, they note the effective controller and lighting system, as well as issues with the petal mechanism and weight. While these evaluations are helpful, some lack depth in explaining the underlying causes or implications, which would enhance understanding.

The lessons learned section includes practical insights such as the importance of incremental testing and clearer communication with stakeholders. These reflections are useful beyond the specific project but could be made more explicit and generalized to benefit future engineering efforts. To improve, the student should aim to provide more detailed explanations of design decisions, deepen evaluative reflections by analyzing causes and effects, and articulate lessons in a broader engineering context.",3.333333333,3.333333333
Case044_551.pdf,,Placeholder text for scoring.,5,5,1,4,3,2,,,,"The student provides a clear and comprehensive summary of the major steps of the engineering design process, including problem definition, ideation, prototyping, testing, and evaluation. Each step is described with relevant details, though some steps could be more fully developed for a robust summary.","Value judgments are consistently provided for major steps, noting what went well and what did not, such as issues with prototype stability and budget constraints. However, some reflections are cursory or lack deeper analysis of why certain outcomes occurred.","Lessons learned are included but are minimal and somewhat implicit. They focus mainly on specific project challenges rather than broader, transferable insights useful to future engineers.",,"This reflection offers a generally clear and adequately developed summary of the engineering design process, covering key phases such as problem definition, ideation, prototyping, testing, and evaluation. The student effectively recounts the sequence of activities and highlights important aspects of each step, though some areas could benefit from more detailed explanation to achieve a more robust summary.

The value judgments provided are consistent across major steps, with the student identifying successes and challenges, such as the stability issues in prototyping and budget limitations affecting design choices. However, the analysis often remains surface-level, lacking deeper exploration of the underlying reasons for successes or failures, which would strengthen the reflection.

Lessons learned are present but limited in scope and specificity. They tend to focus on project-specific issues rather than offering substantive, transferable insights that could guide future engineering design efforts. To improve, the student should aim to deepen evaluative commentary by explaining why outcomes occurred, expand the summary to include more comprehensive details, and articulate lessons learned that are broadly applicable to engineering design processes. Additionally, integrating more explicit reflections on how the process could be improved would enhance the usefulness of the reflection for future engineers.",3.666666667,3
Case045_343.pdf,,Placeholder text for scoring.,3,4,3,4,3,2,,,,"The student provides a clear and comprehensive summary of the major steps of the engineering design process, including problem definition, ideation, prototyping, testing, and evaluation. Each step is described with sufficient detail to understand the progression of the project, though some steps could be more robustly developed.","Value judgments are consistently provided for major steps, including what went well and what did not, with some explanation of why. However, a few steps are addressed in a somewhat cursory manner, and some reflections lack depth or detailed analysis.","Lessons learned are included but are minimal and somewhat general. They focus mostly on specific project challenges rather than broader, transferable insights useful to future engineers. The reflections lack thoroughness and specificity needed to be clearly useful beyond this project.",,"The student offers a clear and generally comprehensive summary of the engineering design process, covering key phases such as problem definition, ideation, prototyping, testing, and evaluation. The descriptions provide a good sense of the project’s flow and the team’s activities, though some steps could benefit from more detailed explanation to strengthen the overall summary.

Value judgments are present throughout the reflection, with the student noting successes and challenges at various stages. The explanations of what went well and what did not are helpful, but some reflections are brief or lack deeper analysis of underlying causes or implications. Expanding on these reflections would enhance understanding of the design decisions and outcomes.

Lessons learned are included but tend to be project-specific and somewhat general, limiting their usefulness to future engineers. To improve, the student should focus on extracting broader insights about the engineering design process that apply beyond this particular project. Additionally, providing more detailed and thoughtful evaluations and expanding the summary to cover all steps robustly would strengthen the reflection. Specific recommendations include elaborating on the rationale behind successes and failures, connecting lessons learned to general engineering principles, and ensuring all phases are equally well summarized.",3.333333333,3
Case046_020.pdf,,Placeholder text for scoring.,0,2,0,2,2,1,,,,"The summary mentions some steps such as research, adapter design, and nozzle evaluation, but it is sparse and lacks comprehensive coverage of the entire engineering design process.","The student partially provides value judgments, noting that the fan may not be centrifugal as expected and that the nozzle decreases system effectiveness, but explanations are brief and lack depth.",Lessons learned are minimally included and mostly specific to this project; they lack broader applicability or detailed insight useful to future engineers.,,"The reflection provides a limited summary of the engineering design process, touching on research, prototype design, and evaluation phases. However, the summary is sparse and lacks detail about other important steps such as problem definition, ideation, construction, and testing. This limits the reader’s understanding of the full project scope and progression.

Value judgments are present but are only partially developed. The student identifies some issues, such as uncertainty about the fan type and the negative impact of the nozzle on airflow, but these observations are brief and lack explanation of why these problems occurred or how they affected the overall design. This reduces the reflection’s depth and insight.

Lessons learned are minimal and narrowly focused on this specific project’s components without broader engineering insights. To improve, the student should provide a more comprehensive summary covering all major design phases, offer detailed evaluations explaining successes and failures, and articulate lessons that are transferable to other engineering contexts. Including reflections on testing outcomes and construction challenges would also strengthen the reflection’s usefulness and clarity.",0.666666667,1.666666667
Case047_110.pdf,,Placeholder text for scoring.,1,1,0,2,2,1,,,,"The summary mentions research, adapter design, and nozzle evaluation but is sparse and lacks comprehensive coverage of the full design process.","The student partially provides value judgments, noting some design flaws and inefficiencies, but the reflections are brief and lack detailed explanation or analysis.",Lessons learned are minimally included and mostly specific to this project without clear usefulness to others or broader engineering design contexts.,,"The student’s reflection provides a sparse summary of the project, touching on research, prototype design, and evaluation phases. However, the summary lacks depth and completeness, omitting key steps such as problem definition, ideation, construction, and testing. This limits the reader’s understanding of the overall design process and the student’s engagement with it.

Value judgments are present but are cursory and somewhat superficial. The student identifies that the fan type may have been misidentified and critiques the adapter and nozzle designs for their impact on airflow. However, these observations lack detailed reasoning or explanation of why these issues occurred or how they affected the project outcomes, reducing the reflection’s analytical strength.

Lessons learned are minimal and narrowly focused on this specific project’s components without broader applicability. To improve, the student should provide a more comprehensive summary covering all major design phases, deepen the analysis of successes and failures with clear reasoning, and articulate lessons that are transferable to future engineering projects. Including reflections on problem definition, testing results, and construction challenges would also enhance the reflection’s completeness and usefulness.",0.666666667,1.666666667
Case048_454.pdf,,Placeholder text for scoring.,4,5,4,4,3,3,,,,"The student provides a clear and comprehensive summary of the major steps of the engineering design process, covering all key phases from problem definition through evaluation. However, the summary is somewhat broad and lacks detailed elaboration on each step, preventing it from being fully robust and comprehensive.","Value judgments are consistently provided for major steps, including what went well and what did not, with some explanation of challenges faced. However, some steps are addressed only cursorily, and the explanations for why certain outcomes occurred are limited or somewhat superficial.","Lessons learned are summarized and mostly useful to others attempting engineering design, emphasizing understanding the process and differentiating between steps. Yet, the reflections are somewhat general and lack deeper, substantive insights that would make them clearly and robustly useful to future engineers.",,"The student offers a clear and generally comprehensive summary of the engineering design process, touching on all major phases such as problem definition, research, ideation, prototype selection, construction, testing, and evaluation. While the summary covers the breadth of the project steps, it tends to be broad and lacks detailed elaboration on specific activities or decisions within each phase. This limits the depth of understanding conveyed about the process.

The reflection includes consistent value judgments about what went well and what challenges were encountered at various stages. The student identifies difficulties in defining problems, measurements, and explaining processes, which shows honest evaluation. However, some reflections are cursory and do not fully explain why certain issues arose or how they impacted the project outcomes, reducing the overall insightfulness.

Lessons learned are presented in a summarized form and offer useful advice about understanding and applying the engineering design process. The emphasis on distinguishing between steps and applying vision to the process is helpful, but the lessons remain somewhat general and could be strengthened with more specific, actionable insights. To improve, the student should provide more detailed summaries of each step, deepen the analysis of successes and failures by explaining causes and effects, and develop lessons learned that are more specific and transferable to future projects.",4.333333333,3.333333333
Case049_444.pdf,,Placeholder text for scoring.,4,4,4,4,3,3,,,,"The student provides a clear and comprehensive summary of the major steps of the engineering design process, covering all key phases from problem definition through evaluation. The summary is organized and touches on each element, though some steps are described more briefly and lack depth, preventing a fully robust and comprehensive summary.","Value judgments are consistently provided for major steps, including what went well and what did not, with some explanation of why. However, a few steps are addressed in a cursory manner without deep analysis or detailed reasoning, limiting the robustness of the reflection.","Lessons learned are summarized and mostly useful to others attempting engineering design. The reflections emphasize understanding the process and distinguishing between steps, which is transferable. However, the lessons are somewhat general and lack specific, substantive insights that would make them clearly useful beyond this project.",,"The student provides a clear and generally comprehensive summary of the engineering design process, covering all major phases from problem definition to evaluation. The summary is well organized and demonstrates an understanding of the sequence and purpose of each step. However, some steps are described more briefly and lack detailed explanation, which limits the depth of the summary.

The value judgments include consistent reflections on what went well and what challenges were faced at each major step. The student explains some reasons behind successes and difficulties, but several reflections are somewhat cursory and lack deeper analysis. This reduces the overall strength of the evaluative reflection.

The lessons learned section offers useful advice about understanding and differentiating process steps, which can help future engineers navigate the design process. Yet, the lessons are fairly general and could be enhanced with more specific, substantive insights drawn from the project experience.

To improve, the student should provide more detailed summaries for all steps, deepen the analysis of successes and failures by explaining causes and implications, and develop more specific, actionable lessons learned that clearly apply beyond this project. Including concrete examples and linking reflections directly to engineering principles would strengthen the reflection overall.",4,3.333333333
Case050_010.pdf,,Placeholder text for scoring.,0,1,0,2,1,1,,,,The summary is sparse and only briefly mentions the design and construction phases without detail or clarity.,"Value judgments are minimal and overly general, with vague positive statements and a single suggestion for future change without explanation.",Lessons learned are minimally included and specific only to this project; they lack depth and broader applicability.,,"The reflection provides a very brief and sparse summary of the engineering design process, touching only on the design and construction phases. It lacks a clear and comprehensive overview of the project steps, omitting important phases such as problem definition, ideation, testing, and evaluation. This limits the reader's understanding of the full process undertaken.

Value judgments are minimal and overly general. The student notes that the design is aesthetically appealing and easy to use, but does not explain why these aspects were successful or how challenges were addressed. The mention of making the shelf less bulky and simplifying the design is a recommendation rather than a reflective evaluation of what went well or did not go well during the project.

Lessons learned are limited to a single, project-specific suggestion and lack thoughtful insight that could benefit future engineers. To improve, the student should provide a more detailed summary covering all major design phases, offer specific evaluations of successes and challenges with explanations, and reflect on lessons learned that are transferable to other engineering projects. Including analysis of decision-making and problem-solving would strengthen the reflection and make it more useful to others.",0.333333333,1.333333333
Case051_111.pdf,,Placeholder text for scoring.,1,1,1,2,2,1,,,,The summary is sparse and only briefly mentions the design and construction phases without detail or clarity on other steps.,"Value judgments are partially provided, noting the design is aesthetically appealing and easy to use, and mentioning a future change, but lacking depth or explanation.",Lessons learned are minimally included and limited to a single suggestion about making the shelf less bulky; usefulness to others is implied but not clearly articulated.,,"The reflection provides a very brief and sparse summary of the engineering design process, primarily touching on the design and construction phases. It lacks comprehensive coverage of other important steps such as problem definition, research, ideation, testing, or evaluation, which limits the clarity and completeness of the project overview. The summary would benefit from elaborating on each phase to give a fuller picture of the process.

Value judgments are present but superficial. The student notes that the design is aesthetically appealing and easy to use, and mentions a potential future change to reduce bulkiness. However, these reflections lack explanation or analysis of why these aspects were successful or problematic. More detailed evaluation of what went well and what challenges were encountered would strengthen the reflection.

Lessons learned are minimal and narrowly focused on a single design modification. The reflection does not clearly articulate how these lessons could be useful to future engineers beyond this project. To improve, the student should provide more thoughtful, process-oriented insights and explain how these lessons apply broadly. Recommendations include expanding the summary to cover all design phases, providing deeper evaluative commentary on successes and challenges, and articulating transferable lessons learned that can guide future engineering efforts.",1,1.666666667
Case052_010.pdf,,Placeholder text for scoring.,0,1,0,1,2,1,,,,The summary is overly general and mentions only the design phase in a vague manner without detailing any specific steps or phases of the engineering design process.,"A partial value judgment is provided, noting that the front-part design was rushed and that the overall outcome was good, but lacks depth, explanation, or consistent evaluation across multiple steps.","Lessons learned are minimally included and very general, with a vague statement about rushing the design, offering limited usefulness to others attempting engineering design.",,"The reflection provides a very limited and overly general summary of the engineering design process, focusing only on the design phase and lacking detail or clarity about other important steps such as problem definition, research, prototyping, or testing. This results in a weak overall project summary that does not comprehensively capture the process.

The value judgment is minimal and only partially addresses the project steps. While the student acknowledges that the front-part design was rushed and that the project turned out well overall, there is no explanation of why these outcomes occurred or how they impacted the project. This limits the depth and usefulness of the reflection.

Lessons learned are scarcely mentioned and are not clearly articulated in a way that would benefit future engineers. The reflection lacks specific, transferable insights or thoughtful analysis that could guide others in similar projects.

To improve, the student should provide a clearer and more comprehensive summary of multiple design phases, offer detailed evaluations explaining successes and failures, and articulate specific lessons learned that are broadly applicable. Including reflections on problem definition, prototyping, and testing would strengthen the summary and value judgments. Finally, focusing on transferable insights rather than vague statements will enhance the usefulness of the reflection.",0.333333333,1.333333333
Case053_111.pdf,,Placeholder text for scoring.,1,1,1,1,2,1,,,,The summary is overly general and mentions only the design phase in a vague manner without detail or clarity.,"A partial value judgment is provided, noting that the front-part design was rushed and that the overall outcome was good, but lacks depth and explanation.","Lessons learned are minimally included and very general, with no clear indication of usefulness to future engineers.",,"The reflection provides a very limited and overly general summary of the engineering design process, focusing only on the design phase with minimal detail. The description lacks clarity and comprehensiveness, making it difficult to understand the full scope of the project steps or how they were approached. This limits the usefulness of the summary for understanding the project workflow.

The value judgment is partially present but superficial. The student notes that the front-part design was rushed and that the project turned out well overall, but does not explain why these outcomes occurred or what impact the rushed design had on the project. This lack of depth reduces the insight into successes and challenges faced during the project.

Lessons learned are minimally addressed and are not clearly articulated in a way that would benefit future engineers. The reflection would be stronger with more specific, thoughtful insights that explain what could be improved and why. To improve, the student should provide a clearer, step-by-step summary of the design process, offer detailed evaluations of what worked and what did not, and articulate lessons learned that are transferable to other engineering projects.",1,1.333333333
Case054_232.docx,,Placeholder text for scoring.,2,3,2,4,3,2,,,,"The student provides a clear and comprehensive summary of the major steps of the engineering design process, including problem definition, ideation, prototype selection, building, testing, and evaluation. Each step is described with what went well and what did not, giving a good overview of the project progression. However, some summaries are more detailed than others, and a few steps could be more fully developed.","Value judgments are consistently provided for major steps, with clear statements of what went well and what did not. The student explains some reasons behind successes and failures, such as cost, weight, and complexity issues. However, some reflections are cursory or lack deeper analysis, and a few 'what didn’t go well' sections are brief or vague.","Lessons learned are included and touch on the importance of repetition, communication, and note-taking in the design process. However, these reflections are somewhat general and lack specific, actionable insights that would be clearly useful to other engineers. The lessons focus more on personal experience than on transferable engineering design process improvements.",,"The student provides a generally clear and comprehensive summary of the engineering design process, covering key phases such as problem definition, ideation, prototype selection, building, testing, and evaluation. Each step includes reflections on what went well and what did not, which helps convey the project’s progression. However, some steps are summarized more sparsely, and certain details could be expanded to strengthen the overall clarity and completeness.

Value judgments are present throughout the reflection, with consistent identification of successes and challenges. The student explains some reasons behind outcomes, such as cost and complexity concerns, but some reflections are brief or lack deeper analysis. Expanding on why certain decisions succeeded or failed would enhance the evaluative quality.

The lessons learned section offers general advice about repetition, communication, and note-taking, which are relevant to engineering design. Yet, these insights are somewhat vague and not clearly tied to specific process improvements or broadly applicable strategies. To improve, the student should provide more detailed, actionable lessons that future engineers can apply. Additionally, elaborating on the rationale behind successes and failures and ensuring all steps are equally well summarized would strengthen the reflection.",2.333333333,3
Case055_323.docx,,Placeholder text for scoring.,3,2,3,4,3,2,,,,"The student provides a clear and comprehensive summary of the major steps of the engineering design process, including problem definition, ideation, prototype selection, building, testing, and evaluation. Each step is described with what went well and what did not, giving a good overview of the project progression. However, some summaries are more detailed than others, and a few steps could be more fully developed.","Value judgments are consistently provided for major steps, with clear statements of what went well and what did not. The student explains some reasons behind successes and failures, such as cost, weight, and complexity issues. However, some reflections are cursory or lack deeper analysis, and a few points are overly general (e.g., 'Nothing' went wrong in problem definition).","Lessons learned are included and touch on the importance of repetition, communication, note-taking, and iterative thinking. While these are useful concepts, the reflections are somewhat vague and lack specific, actionable insights that would clearly benefit future engineers. The lessons are more general observations rather than detailed guidance applicable across engineering projects.",,"The student provides a generally clear and comprehensive summary of the engineering design process, covering key phases such as problem definition, ideation, prototype selection, building, testing, and evaluation. Each step includes reflections on what went well and what did not, which helps convey the project’s progression. However, some summaries are less developed, and certain steps could benefit from more detailed explanation to enhance clarity and completeness.

Value judgments are present throughout the reflection, with the student identifying successes and challenges at each stage. The explanations for why certain outcomes occurred are sometimes insightful, such as recognizing cost and weight issues affecting the design. Yet, some reflections are superficial or overly general, limiting the depth of evaluative insight.

The lessons learned section introduces important themes like repetition, communication, and iterative thinking, which are relevant to engineering design. Nonetheless, these lessons are somewhat vague and lack specific, actionable advice that future engineers could readily apply. To improve, the student should aim to provide more detailed summaries of all design phases, deepen the analysis of successes and failures by explaining underlying causes, and develop lessons learned that are specific, concrete, and broadly applicable. Additionally, avoiding overly general statements and including examples of how reflections influenced design decisions would strengthen the overall reflection.",2.666666667,3
Case056_224.pdf,,Placeholder text for scoring.,2,2,4,3,3,3,,,,"The student provides a generally clear and adequately developed summary of most major steps in the design process, including problem identification, ideation, prototype design, construction, testing, and evaluation. However, some steps are only briefly mentioned without much detail, and the summary lacks depth in certain areas.","Value judgments are consistently provided for major steps, such as noting what went well (material gathering, group work) and what did not (communication issues, incorrect 3D print size). However, some reflections are cursory and lack detailed explanation of why outcomes occurred.","Lessons learned are summarized and mostly useful to others, such as the importance of communication, iterative testing, and seeking help. Yet, the lessons are somewhat general and could be more explicitly connected to engineering design principles for broader applicability.",,"The student offers a generally clear and adequately developed summary of the engineering design process, covering key phases such as problem definition, ideation, prototype design, construction, testing, and evaluation. While the summary touches on most steps, it often lacks depth and detail, which limits the comprehensiveness of the reflection. Expanding on specific activities and decisions within each phase would strengthen the summary.

The reflection includes consistent value judgments about what went well and what challenges were encountered, such as communication difficulties and prototype sizing errors. However, some evaluations are brief and do not fully explain the reasons behind successes or failures. Providing more detailed analysis of these outcomes would enhance the insightfulness of the reflection.

Lessons learned are relevant and include important points about communication, iterative design, and collaboration, which are useful to future engineers. Nonetheless, these lessons are somewhat general and could be made more specific and explicitly tied to engineering design concepts. To improve, the student should aim to provide more detailed summaries of each design phase, deepen the analysis of project outcomes, and articulate lessons learned with clearer connections to engineering practices and future applications.",2.666666667,3
Case057_203.docx,,Placeholder text for scoring.,2,0,3,3,2,3,,,,"The student provides a generally clear and adequately developed summary of most steps including problem definition, ideation, prototype design, testing, and evaluation. However, some steps like testing and evaluation are only mentioned briefly without detail.","Value judgments are partially provided. The student notes some successes and challenges, such as survey results influencing design and time constraints, but explanations of what went well or poorly and why are limited and cursory.","Lessons learned are summarized and mostly useful to others, emphasizing the importance of considering diverse user needs and time management. However, reflections are somewhat general and could be more explicitly connected to engineering design principles.",,"The student offers a generally clear summary of the engineering design process, covering key phases such as problem definition, ideation, prototype design, testing, and evaluation. While the major steps are identified, the summaries for testing and evaluation lack depth and detail, limiting the comprehensiveness of the reflection. Expanding on these phases would strengthen the overall process summary.

Value judgments about the project steps are present but limited. The student mentions survey feedback and time constraints as factors influencing the design, yet the reflection on what specifically went well or poorly and the reasons behind these outcomes is brief and underdeveloped. More detailed analysis of successes and challenges would enhance the evaluative quality.

The lessons learned section includes useful insights about accommodating diverse user needs and managing project timelines, which are relevant to future engineering projects. However, the reflections tend to be somewhat general and could benefit from clearer connections to engineering design principles and processes.

To improve, the student should provide more detailed summaries of all design phases, especially testing and evaluation; offer deeper analysis of successes and failures with explanations; and develop lessons learned that explicitly link to engineering concepts and are broadly applicable. Including specific examples and reflections on decision-making would also enhance the reflection's usefulness.",1.666666667,2.666666667
Case058_201.docx,,Placeholder text for scoring.,2,0,1,3,2,3,,,,"The student provides a generally clear and adequately developed summary of most steps including problem definition, ideation, prototype design, testing, and evaluation. However, some steps like testing and evaluation are only mentioned without detail.","Value judgments are partially provided. The student notes some successes and challenges, such as survey results influencing design and time constraints, but explanations of what went well or poorly and why are limited and cursory.","Lessons learned are summarized and mostly useful to others, emphasizing the importance of considering diverse opinions and time management. However, reflections are somewhat general and tied closely to this specific project context.",,"The student offers a generally clear summary of the engineering design process, covering key phases such as problem definition, ideation, prototype design, testing, and evaluation. While the major steps are identified, the summaries for testing and evaluation lack depth and detail, limiting the comprehensiveness of the reflection. Expanding on these phases would strengthen the overall summary.

Value judgments about the project steps are present but limited. The student mentions survey feedback and time constraints as factors influencing the design, yet the reflection on what specifically went well or poorly and the reasons behind these outcomes is brief and underdeveloped. More detailed analysis of successes and challenges would enhance the evaluative quality.

The lessons learned include useful insights about incorporating diverse perspectives and managing project timelines, which are relevant to future engineering efforts. However, these reflections are somewhat general and closely tied to the project context rather than broadly transferable. To improve, the student should provide more detailed summaries of all design phases, deepen the evaluation of project successes and failures with clear reasoning, and develop lessons learned that are more explicitly applicable to a wide range of engineering projects.",1,2.666666667
Case059_044.pdf,,Placeholder text for scoring.,0,4,4,2,2,2,,,,"The summary mentions some steps such as project idea, construction, testing, problem solving, and teamwork, but the descriptions are sparse and lack detail or clarity about the process or outcomes.","Value judgments are partially provided, noting that the project failed and that rushing into building caused problems, but reflections are somewhat general and lack depth or explanation of why outcomes occurred.","Lessons learned are included, such as the need for a structured agenda and better teamwork, but they are somewhat generic and specific to this project without broader engineering insights.",,"The reflection provides a basic summary of several engineering design steps including the project idea, construction, testing, problem solving, and teamwork. However, the summary is sparse and lacks comprehensive detail or clarity about each phase, limiting the reader's understanding of the full process. More thorough descriptions of what was done and how would strengthen this section.

The student offers some value judgments, acknowledging the project’s failure and identifying issues like rushing into building and the need for better structure. While these points show some reflection, they are generally superficial and lack deeper analysis of why these problems occurred or how they impacted the project’s success. Expanding on these reflections with specific examples and reasoning would improve the evaluative quality.

Lessons learned focus on implementing a structured agenda and ensuring fair labor distribution. These insights are somewhat useful but remain narrowly tied to this project’s context. To enhance usefulness for future engineers, lessons should be more thoughtfully connected to general engineering practices and problem-solving strategies. Overall, the reflection would benefit from clearer, more detailed summaries, deeper evaluative insights, and broader, transferable lessons.",2.666666667,2
Case060_231.pdf,,Placeholder text for scoring.,2,3,1,2,2,2,,,,"The summary mentions some steps such as project idea, construction, testing, problem solving, and teamwork, but the descriptions are sparse and lack detail or clarity about the process. Many steps are only briefly touched upon without comprehensive explanation.","Value judgments are partially provided, noting that the project failed and that rushing into building caused problems. Some reflection on what went well (testing phase, teamwork) and what did not (lack of structure, rushing) is present but is cursory and lacks depth or explanation.","Lessons learned are included but are general and somewhat project-specific, such as implementing a structured agenda and ensuring fair labor distribution. These lessons have some usefulness but lack broader engineering insight or detailed reflection.",,"The reflection provides a sparse summary of the engineering design process, mentioning key phases like project idea, construction, testing, problem solving, and teamwork. However, the descriptions are brief and lack comprehensive detail, making it difficult to fully understand the steps taken or the rationale behind decisions. A more thorough and structured summary would improve clarity and completeness.

Value judgments are present but only partially developed. The student acknowledges the project’s failure and identifies some causes, such as rushing into building and lack of structure, as well as some successes like testing and teamwork. However, these reflections are cursory and lack deeper analysis of why certain outcomes occurred or how they impacted the project.

Lessons learned are included but remain general and somewhat specific to this project, such as the need for a structured agenda and equitable labor distribution. While these insights could help future teams, they would be more valuable if expanded to include broader engineering process lessons. To improve, the student should provide a more detailed process summary, deepen evaluative reflections with explanations, and develop transferable lessons that apply beyond this project.",2,2
Case061_335.docx,,Placeholder text for scoring.,3,3,5,3,3,3,,,,"The student provides a generally clear and adequately developed summary of most major steps in the engineering design process, including problem identification, ideation, prototype design and building, testing, and evaluation. However, some steps are described sparsely or with limited detail, and the summary lacks depth in certain areas such as testing and evaluation.","The student consistently provides value judgments for major steps, noting what went well (e.g., stakeholder agreement, successful prototype scaling) and what did not (e.g., initial print too small, bulky material). Some reflections are cursory or lack detailed explanation of why outcomes occurred, limiting the robustness of the evaluation.","Lessons learned are summarized and mostly useful to others attempting engineering design, emphasizing stakeholder communication, material selection, and iterative consultation. However, some reflections are somewhat general and could be more specific or detailed to enhance transferability.",,"The student provides a generally clear and adequately developed summary of the engineering design process, covering key phases such as problem identification, ideation, prototype design and building, testing, and evaluation. While the summary touches on each step, some descriptions are brief and could benefit from more detail to fully capture the complexity and learning at each stage.

Value judgments are present throughout the reflection, with the student noting successes like stakeholder agreement and prototype improvements, as well as challenges such as scaling issues and material bulkiness. However, some evaluations are cursory and would be strengthened by deeper analysis explaining why certain outcomes occurred and how decisions impacted the project.

The lessons learned section offers useful insights about the importance of stakeholder communication, material quality, and iterative feedback, which are broadly applicable to future engineering projects. To improve, the student could provide more specific examples and clearer connections between lessons and project experiences. Additionally, expanding reflections on testing and evaluation phases and incorporating more detailed reasoning about successes and failures would enhance the overall reflection quality.",3.666666667,3
Case062_334.docx,,Placeholder text for scoring.,3,3,4,3,3,3,,,,"The student provides a generally clear and adequately developed summary of most steps in the engineering design process, including problem identification, ideation, prototype design and building, testing, and evaluation. However, some steps are described sparsely or with limited detail, and the summary lacks robustness and comprehensiveness.","Value judgments are consistently provided for major steps, noting what went well (e.g., stakeholder agreement, successful prototype scaling) and what did not (e.g., initial print too small, bulky material). Some reflections are cursory or lack depth, such as vague statements about testing and evaluation without detailed analysis.","Lessons learned are summarized and mostly useful to others, emphasizing stakeholder communication, material selection, and iterative consultation. However, some lessons are somewhat general and could be more specific or detailed to enhance transferability.",,"The student provides a generally clear and adequately developed summary of the engineering design process, covering key phases such as problem identification, ideation, prototype design and building, testing, and evaluation. While the summary touches on all major steps, some descriptions are brief and lack depth, limiting the overall comprehensiveness. Expanding on each phase with more detailed explanations would strengthen the summary.

Value judgments are present throughout the reflection, with the student identifying successes like stakeholder agreement and prototype improvements, as well as challenges such as scaling issues and material bulkiness. However, some evaluations are cursory and would benefit from deeper analysis explaining why certain outcomes occurred and how decisions impacted the project.

The lessons learned section offers useful insights about the importance of stakeholder communication, material quality, and iterative feedback, which are relevant to future engineering projects. To improve, the student should provide more specific examples and actionable advice. Additionally, incorporating reflections on research and earlier planning stages could enhance the reflection’s completeness. Overall, focusing on richer detail, clearer explanations, and more transferable lessons will elevate the quality of the reflection.",3.333333333,3
Case063_200.pdf,,Placeholder text for scoring.,2,0,0,3,2,1,,,,"The summary covers most major steps of the engineering design process including problem definition, ideation, prototype design and construction, and testing. However, the descriptions are somewhat general and lack depth in some areas, such as research and evaluation phases.","Value judgments are partially provided, such as the stakeholder's advice influencing design changes and satisfaction with testing results. However, reflections on what went well or poorly and why are limited and mostly descriptive without deeper analysis.","Lessons learned are minimally included and mostly implicit. There is little explicit discussion of insights or advice useful to future engineers beyond this project, limiting transferability.",,"The student provides a generally clear summary of the engineering design process, touching on key phases such as problem definition, ideation, prototype design, construction, and testing. While the summary includes multiple steps, it tends to be descriptive rather than comprehensive, lacking detailed explanation of decisions or challenges encountered. Some phases like research and evaluation are not clearly addressed.

Value judgments are present but limited. The student notes the stakeholder's influence on design changes and expresses satisfaction with testing outcomes, yet there is minimal critical reflection on what worked well or what could be improved. The rationale behind decisions and outcomes is not deeply explored, which weakens the evaluative aspect of the reflection.

Lessons learned are only minimally articulated and do not clearly offer transferable insights for future engineering projects. To improve, the student should provide more detailed and analytical summaries of each design phase, explicitly discuss successes and challenges with reasons, and clearly state lessons learned that could benefit others. Including reflections on research and evaluation phases and explaining the impact of design choices would strengthen the reflection overall.",0.666666667,2
Case064_320.pdf,,Placeholder text for scoring.,3,2,0,3,1,0,,,,"The student provides a generally clear and adequately developed summary of most steps in the engineering design process, including problem definition, ideation, prototype design and construction, and testing. However, some steps are described briefly and lack depth or detail.","Value judgments are minimal and overly general. The student mentions satisfaction with testing results but does not critically evaluate what went well or what did not, nor do they explain why certain decisions were successful or unsuccessful.",No explicit lessons learned are included. The reflection lacks substantive or transferable insights useful to future engineers.,,"The student provides a generally clear summary of the engineering design process, touching on key phases such as problem definition, ideation, prototype design, construction, and testing. While the summary covers most steps, it tends to be descriptive rather than analytical, with limited detail on the rationale behind decisions or the challenges encountered. This results in a summary that is adequate but not robust or comprehensive.

Regarding value judgments, the reflection is minimal and lacks critical evaluation. The student notes satisfaction with testing outcomes but does not discuss what aspects worked well or poorly, nor do they explain the reasons behind these results. This limits the depth of reflection and misses opportunities to demonstrate thoughtful analysis of the design process.

The reflection does not include any lessons learned or insights that would be useful to future engineers. To improve, the student should provide more detailed and critical evaluations of each project step, explicitly discuss successes and challenges, and articulate lessons learned that are transferable beyond this specific project. Including explanations of why certain decisions were made and how problems were addressed would strengthen the reflection significantly.",1.666666667,1.333333333
Case065_322.pdf,,Placeholder text for scoring.,3,2,2,4,3,3,,,,"The student provides a clear and comprehensive summary of the major steps of the design process, including problem definition, brainstorming and prototype selection, prototype building, and expert evaluation. Each step is described with sufficient detail to understand the flow of the project, though some steps like testing are not explicitly mentioned.","Value judgments are consistently provided for major steps, such as the choice of Arduino over Raspberry Pi, the usefulness of the RTC module, and reflections from expert feedback. However, some evaluations are cursory or lack depth, for example, the challenges with randomization are mentioned but not deeply analyzed.","Lessons learned are summarized and mostly useful to others, such as insights about hardware choice, the importance of expert feedback, and challenges with algorithm implementation. However, the lessons are somewhat project-specific and could be more explicitly generalized for future engineering design efforts.",,"The student provides a clear and generally comprehensive summary of the engineering design process, covering key phases such as problem definition, brainstorming and prototype selection, prototype building, and expert evaluation. The descriptions help the reader understand the project flow and decisions made, though some typical phases like testing are not explicitly addressed. Including these would strengthen the completeness of the summary.

Value judgments are present throughout the reflection, with thoughtful comments on hardware choices and expert feedback. The student identifies some challenges, such as difficulties with randomization in the code, but these reflections could be deepened by explaining why these issues arose and how they influenced the project outcome. This would enhance the evaluative quality of the reflection.

Lessons learned are relevant and provide useful insights, especially regarding hardware selection and the importance of expert input. However, the lessons tend to be specific to this project and could be better generalized to benefit future engineers working on similar design challenges. To improve, the student should aim to explicitly connect lessons learned to broader engineering principles, provide more detailed analysis of successes and failures, and include reflections on all major design phases, including testing and iteration.",2.333333333,3.333333333
Case066_502.pdf,,Placeholder text for scoring.,5,0,2,4,3,3,,,,"The student provides a clear and comprehensive summary of the major steps of the project, including problem definition, brainstorming and prototype selection, prototype building, and expert evaluation. Each step is described with sufficient detail to understand the process, though some steps like testing are not explicitly mentioned.","Value judgments are consistently provided for major steps, such as the choice of Arduino over Raspberry Pi, the usefulness of the RTC module, and reflections on expert feedback. However, some evaluations are cursory or lack depth, for example, the challenges with randomization are mentioned but not deeply analyzed.","Lessons learned are summarized and mostly useful to others, such as insights about hardware choice, the importance of expert feedback, and challenges with algorithm implementation. However, reflections are somewhat project-specific and could be expanded to more generalizable engineering lessons.",,"The student provides a clear and generally comprehensive summary of the engineering design process, covering key phases such as problem definition, brainstorming and prototype selection, prototype building, and expert evaluation. The descriptions allow the reader to follow the project’s progression and understand the rationale behind major decisions. However, some phases like testing and iteration are not explicitly discussed, which would strengthen the completeness of the summary.

Value judgments are present throughout the reflection, with thoughtful comments on hardware selection and expert feedback. The student identifies what worked well and some challenges, such as the difficulty in implementing randomization. Yet, some evaluations are brief and could benefit from deeper analysis explaining why certain decisions succeeded or failed.

Lessons learned are relevant and provide useful insights for future engineering projects, especially regarding hardware choices and adapting to new requirements. To improve, the student should aim to include more detailed reflections on all phases of the design process, provide richer explanations of successes and failures, and generalize lessons learned to broader engineering contexts. Including explicit discussion of testing and iteration would also enhance the reflection’s value.",2.333333333,3.333333333
Case067_444.pdf,,Placeholder text for scoring.,4,4,4,4,3,3,,,,"The student provides a clear and comprehensive summary of the major steps of the design process, including problem definition, brainstorming/prototype selection, prototype building, and expert evaluation. Each step is described with sufficient detail to understand the progression of the project, though some steps like testing are not explicitly mentioned.","Value judgments are consistently provided for major steps, such as the choice of Arduino over Raspberry Pi, the challenges with randomization in code, and insights from expert feedback. However, some reflections are cursory or lack depth, for example, the brainstorming phase is described as requiring little effort without much analysis.","Lessons learned are summarized and mostly useful to others, such as the importance of expert feedback, the challenge of randomization in embedded systems, and data structure choices. However, some lessons are project-specific and could be expanded to be more broadly applicable.",,"The student provides a generally clear and comprehensive summary of the engineering design process, covering key phases such as problem definition, brainstorming and prototype selection, prototype building, and expert evaluation. The descriptions allow the reader to follow the project’s progression and understand the rationale behind major decisions. However, some phases like testing are not explicitly addressed, and certain steps could benefit from more detailed explanation.

Value judgments are present throughout the reflection, with the student discussing what went well, such as the choice of Arduino and the use of a hashmap, as well as challenges faced, like the complexity of randomizing timing in code. While these reflections demonstrate thoughtful consideration, some are brief or lack deeper analysis, particularly in the brainstorming phase where the decision process is described as minimal.

The lessons learned are relevant and provide useful insights for future engineering projects, especially regarding expert feedback and software design choices. To improve, the student should aim to include more detailed reflections on all phases of the design process, deepen the analysis of successes and challenges, and broaden lessons learned to emphasize transferable engineering principles. Additionally, explicitly addressing testing and evaluation phases would strengthen the overall reflection.",4,3.333333333
Case068_121.pdf,,Placeholder text for scoring.,1,2,1,2,2,2,,,,"The summary mentions some steps such as defining the problem, refining the idea, prototyping, and overcoming obstacles, but the descriptions are sparse and lack detail or clarity about the process.","There is partial value judgment, noting challenges like time management and communication, and mentioning perseverance and teamwork as positive factors, but these reflections are brief and lack depth or explanation.","Lessons learned are included, such as scientific, mathematical, and interpersonal skills, but they are general and not clearly articulated as useful or transferable insights for future engineering design.",,"The reflection provides a basic summary of the engineering design process, touching on problem definition, ideation, prototyping, and evaluation phases. However, the summary is sparse and lacks comprehensive detail about each step, making it difficult to fully understand the project journey. More explicit descriptions of what was done at each stage would strengthen the clarity and completeness of the summary.

Value judgments are present but limited. The student acknowledges challenges with time management and communication and highlights perseverance and teamwork as positive factors. Yet, these reflections are cursory and do not explore why certain decisions succeeded or failed, nor do they analyze the impact of these factors on the project outcome. Deeper evaluative insights would enhance the reflection’s usefulness.

Lessons learned are mentioned in general terms, including scientific, mathematical, and interpersonal skills, but they lack specificity and actionable insights for future engineers. To improve, the student should provide detailed, process-focused reflections, explain the reasons behind successes and failures, and articulate lessons that others can apply in different engineering contexts. Including more thorough summaries, richer evaluations, and concrete lessons will make the reflection more meaningful and transferable.",1.333333333,2
Case069_334.pdf,,Placeholder text for scoring.,3,3,4,2,2,2,,,,"The summary mentions some steps such as defining the problem, refining the idea, and prototyping, but the descriptions are sparse and lack detail about the process or other phases like research, testing, or evaluation.","There is partial value judgment, noting challenges and triumphs, and a specific mention of time management and communication as areas for improvement, but overall reflections on what went well or why outcomes occurred are limited and superficial.","Lessons learned are included but are general and somewhat vague, such as learning scientific principles and interpersonal relationships, with limited explanation or clear usefulness to future engineering design beyond this project.",,"The reflection provides a basic summary of the engineering design process, touching on problem definition, ideation, and prototyping. However, the summary is sparse and lacks comprehensive detail about each phase, such as research, testing, or evaluation. This limits the reader’s understanding of the full project journey and the specific steps taken.

Value judgments are partially present, with acknowledgment of challenges and successes, and a brief mention of time management and communication as areas needing improvement. Yet, the reflection does not deeply analyze why certain decisions were successful or unsuccessful, nor does it consistently evaluate major steps. This reduces the insightfulness of the reflection.

Lessons learned are included but remain general and somewhat vague, focusing on broad scientific and interpersonal skills without clear, actionable insights for future engineers. To improve, the student should provide a more detailed and structured summary of all key design phases, offer specific evaluations of what worked and why, and articulate lessons learned that are clearly transferable to other engineering contexts. Including concrete examples and deeper analysis would strengthen the reflection’s value and usefulness.",3.333333333,2
Case070_445.pdf,,Placeholder text for scoring.,4,4,5,4,4,3,,,,"The summary clearly and comprehensively covers the major steps of the project, including initial goals, construction challenges, installation, and final evaluation. However, some phases like research and ideation are only briefly mentioned or implied.","The reflection consistently provides value judgments on major steps, discussing what went well and what did not, such as time management issues, construction delays, and installation challenges. Some judgments could be more deeply analyzed.","Lessons learned are summarized and mostly useful to others, focusing on time management, preparation, and communication. However, some lessons are somewhat general and specific to this project context.",,"The student provides a clear and comprehensive summary of the major phases of the engineering design process, including problem definition, construction, installation, and evaluation. The description of the project’s progression and challenges is detailed, though earlier phases such as research and ideation receive less attention. This results in a strong but not fully robust overview of the entire process.

Value judgments are consistently present throughout the reflection, with thoughtful discussion of what went well and what did not, particularly regarding time management, construction difficulties, and installation preparation. The student explains reasons for delays and challenges, demonstrating a good level of evaluative insight. However, some reflections could benefit from deeper analysis to better understand root causes and decision impacts.

Lessons learned are relevant and mostly transferable, emphasizing the importance of organization, preparation, and communication with stakeholders. While these insights are useful, they occasionally remain somewhat general and tied closely to this specific project. To improve, the student could expand on earlier design phases, deepen evaluative reasoning, and articulate lessons in a more generalized way to benefit future engineering projects.",4.333333333,3.666666667
Case071_443.pdf,,Placeholder text for scoring.,4,4,3,4,3,3,,,,"The summary clearly and comprehensively covers the major steps of the engineering design process, including problem definition, research, ideation, design, construction, testing, and evaluation. While the summary is generally clear and covers all major phases, some details are sparse or could be more fully developed, such as the testing and evaluation phases.","The student provides consistent value judgments for most major steps, discussing successes and drawbacks with explanations. However, some reflections are cursory or lack deeper analysis, such as the explanation of why certain decisions were successful or unsuccessful, limiting the robustness of the evaluation.","Lessons learned are summarized and mostly useful to others, such as the importance of material research and staining techniques. However, some lessons are project-specific and lack broader engineering insight or deeper reflection on process improvements.",,"The student provides a generally clear and comprehensive summary of the engineering design process, covering key phases such as problem definition, research, ideation, design, construction, testing, and evaluation. The summary effectively outlines the project flow and major activities, though some phases, particularly testing and evaluation, could benefit from more detailed explanation to enhance completeness.

Value judgments are present throughout the reflection, with the student identifying both successes and drawbacks. The discussion of challenges like drilling and staining demonstrates honest evaluation, but some reflections lack depth in explaining why certain outcomes occurred or how decisions impacted the project. Strengthening these analyses would improve the critical reflection.

The lessons learned section includes useful insights, especially regarding material preparation and staining techniques, which can benefit future projects. However, many lessons are narrowly focused on this specific project rather than offering broader engineering process guidance. To improve, the student should aim to provide more detailed summaries of all design phases, deepen the analysis of successes and failures by explaining underlying causes, and articulate lessons that are transferable across engineering contexts. Additionally, expanding reflections on testing and evaluation would enhance the overall quality of the reflection.",3.666666667,3.333333333
Case072_324.pdf,,Placeholder text for scoring.,3,2,4,3,2,2,,,,"The student provides a generally clear and adequately developed summary of most steps in the engineering design process, including problem definition, brainstorming, prototype design and building, testing, and evaluation. However, some steps are briefly described and lack depth or detail.","Value judgments are partially provided. The student notes teamwork as a strength and mentions asking for help sooner as a lesson, but reflections on what went well or poorly during specific steps are limited and somewhat superficial.","Lessons learned are included in part and some are useful, such as the importance of teamwork, role assignment, and seeking help early. However, these lessons are somewhat general and not deeply connected to engineering design principles or broadly transferable.",,"The student offers a generally clear summary of the engineering design process, covering key phases such as problem definition, brainstorming, prototype design and building, testing, and evaluation. While the summary touches on each step, some descriptions are brief and lack detailed explanation, which limits the comprehensiveness of the reflection. Expanding on the rationale behind decisions and the challenges faced would strengthen this section.

Value judgments are present but limited in depth. The student identifies teamwork as a positive aspect and acknowledges the benefit of seeking help earlier, yet the reflection does not consistently analyze why certain steps succeeded or encountered difficulties. More detailed evaluation of specific project phases and outcomes would enhance the insightfulness of the reflection.

Lessons learned include useful points about collaboration and role division, which are relevant to future projects. However, these lessons are somewhat general and could be made more specific and actionable by linking them to engineering design strategies or problem-solving approaches. To improve, the student should provide more detailed summaries of each design phase, offer deeper evaluative commentary on successes and challenges, and articulate lessons learned that are clearly transferable to other engineering contexts.",3,2.333333333
Case073_433.pdf,,Placeholder text for scoring.,4,3,3,3,2,2,,,,"The student provides a generally clear and adequately developed summary of most steps in the engineering design process, including problem definition, brainstorming, prototype design and building, testing, and evaluation. However, some steps are briefly described without much detail, and the summary lacks depth in certain areas such as research and iteration specifics.","Value judgments are partially provided. The student notes teamwork as a strength and acknowledges the benefit of early help from Mr. Vogel, but reflections on what did not go well or why certain decisions were successful are limited and somewhat superficial.","Lessons learned are included in part and some are useful, such as the importance of teamwork, role division, and seeking help early. However, these lessons are somewhat generic and lack deeper insight or broader applicability beyond this project.",,"The student offers a generally clear summary of the engineering design process, covering key phases such as problem definition, brainstorming, prototype design and building, testing, and evaluation. While the summary touches on most steps, it often lacks depth and detail, particularly in the research and iteration phases. Expanding on these areas would strengthen the comprehensiveness of the reflection.

Value judgments are present but limited. The student identifies teamwork as a positive aspect and recognizes the benefit of early assistance with the laser cutter template. However, reflections on challenges or reasons behind successes are minimal and could be more thoughtfully developed to provide a balanced evaluation.

Lessons learned include useful points about teamwork, role assignment, and seeking help early, which are relevant to future engineering projects. Yet, these insights remain somewhat generic and could be enhanced by deeper analysis and more specific examples to increase their transferability.

To improve, the student should provide more detailed summaries of each design phase, especially research and iteration; offer balanced evaluations including challenges and rationale for decisions; and develop lessons learned with specific, actionable insights that apply broadly to engineering design. This will create a more robust and valuable reflection.",3.333333333,2.333333333
Case074_535.pdf,,Placeholder text for scoring.,5,3,5,4,3,2,,,,"The student provides a clear and comprehensive summary of the major steps of the engineering design process, including problem definition, research, ideation, prototype building, testing, and evaluation. Each step is described with sufficient detail to understand the activities and challenges encountered. However, some steps are summarized more briefly or generally, and the summary lacks a fully robust and detailed account of every phase.","Value judgments are consistently provided for most major steps, including challenges faced (e.g., difficulty finding resources, print failures), successes (e.g., achieving top stakeholder scores), and reflections on process difficulties. However, some evaluations are cursory or lack depth, such as vague statements about the Gantt chart or testing success without detailed explanation of why outcomes occurred.","Lessons learned are included and partially useful, noting the importance of the process and suggesting an additional step for feedback from everyday users. However, reflections are somewhat generic and project-specific, with limited substantive insights or transferable advice for future engineering design efforts.",,"The student provides a generally clear and comprehensive summary of the engineering design process, covering key phases such as problem definition, research, ideation, prototype building, testing, and evaluation. The descriptions offer insight into the activities and challenges encountered, though some steps are summarized more briefly or lack detailed explanation. This results in a solid but not fully robust overview of the project.

Value judgments are present throughout the reflection, with the student noting successes like stakeholder feedback and challenges such as difficulties in research and prototype failures. However, some evaluations are superficial or lack explanation of why certain outcomes occurred, limiting the depth of reflection. More detailed analysis of decisions and their impacts would strengthen this aspect.

The lessons learned section includes some useful points about the engineering design process and suggests improvements, but these reflections are somewhat generic and tied closely to the specific project. To improve, the student should provide more substantive, transferable insights that future engineers can apply broadly. Additionally, expanding evaluative commentary and providing a more detailed, step-by-step summary would enhance the overall reflection quality.",4.333333333,3
Case075_544.pdf,,Placeholder text for scoring.,5,4,4,4,3,2,,,,"The student provides a clear and comprehensive summary of the major steps of the engineering design process, including problem definition, research, ideation, prototyping, testing, and evaluation. Each step is described with sufficient detail to understand the activities and challenges encountered. However, some steps are summarized more briefly or generally, and the summary lacks robust detail for every phase.","Value judgments are consistently provided for most major steps, including challenges faced (e.g., difficulty finding resources, print failures) and successes (e.g., achieving top stakeholder scores). However, some reflections are cursory or lack depth in explaining why certain outcomes occurred or how decisions impacted the project.","Lessons learned are included and partially useful, such as recognizing the redundancy of early steps and the importance of feedback. However, reflections are somewhat generic and focused on this specific project context, with limited insight or actionable advice for future engineering design efforts beyond this case.",,"The student provides a generally clear and comprehensive summary of the engineering design process, covering key phases such as problem definition, research, ideation, prototyping, testing, and evaluation. The descriptions offer insight into the activities and challenges encountered, though some steps are summarized more briefly or lack detailed explanation. This results in a solid but not fully robust overview of the entire process.

Value judgments are present throughout the reflection, with the student noting successes like stakeholder feedback and challenges such as difficulties in research and prototype failures. However, these evaluations sometimes lack depth and fail to fully explain the reasons behind successes or setbacks, limiting the insight gained from the reflection.

The lessons learned section includes some useful observations about the engineering design process, such as the importance of each step and the potential benefit of broader feedback. Yet, these lessons are somewhat generic and tied closely to the specific project, reducing their transferability to other engineering contexts. To improve, the student should provide more detailed reflections on why certain decisions succeeded or failed, expand on lessons learned with specific, actionable advice for future projects, and ensure all process steps are summarized with balanced detail and clarity.",4.333333333,3
