filename,source_type,text,I1_expert,I2_expert,I3_expert,I4_expert,I1,I2,I3,I4,I1_flag,I2_flag,I3_flag,I4_flag,I1_rationale,I2_rationale,I3_rationale,I4_rationale,inferred_requirements,narrative_feedback,expert_score,element_score_raw
Case001_2422.pdf,,Placeholder text for scoring.,2,4,2,2,4,3,3,4,,,,,"The student tested most high-priority requirements such as handle comfort, assembly time, maximum bending angle, and forces related to cart movement and grip. Aesthetics were acknowledged but not tested due to lower priority.","The testing procedures are somewhat described, including use of a force plate and timing assembly, but details on controls, repeated trials, and exact measurement methods are limited or implied rather than explicit.","The analysis includes some quantitative data summaries and qualitative feedback, with partial use of tables and numerical results. However, visuals like graphs or charts are minimal or absent, and some analysis is narrative without strong data visualization.","The summary addresses several results and suggests next steps such as revising handle design, improving testing for bending angle, and considering weight-saving methods. However, some implications are general and could be more robust.",aesthetics of the cart; handle comfort; assembly time under 10 seconds; maximum bending angle during assembly; force required to start cart moving; force required to break grip of product; weight and volume considerations for final product,"This document demonstrates a solid effort to test several important design requirements, including handle comfort, assembly time, bending angle during assembly, and forces related to cart movement and grip. While aesthetics were recognized as a requirement, they were not tested due to lower priority, which is reasonable given the project constraints. The inferred requirements are well supported by the testing and analysis presented.

The testing procedures are described with some clarity, such as the use of a force plate and timing measurements, but lack detailed explanation of controls, repeated trials, or precise data collection methods. The analysis provides useful quantitative summaries and qualitative feedback, yet it would benefit from more comprehensive visual data representations like graphs or charts to strengthen the connection between data and conclusions.

The summary of data implications thoughtfully addresses several key results and suggests practical next steps for design improvements. To enhance the documentation, the student should provide clearer descriptions of testing protocols, include more detailed raw data or visualizations, expand analysis to explicitly link data trends to design goals, and develop more robust, specific implications for future design iterations. These improvements would increase the rigor and clarity of the testing and analysis, supporting stronger design decisions.",2.666666667,3.25
Case002_5322.pdf,,Placeholder text for scoring.,5,3,2,2,4,3,2,2,,,,,"The student tested most high-priority inferred requirements such as durability, handle comfort, security (cannot open from inside), portability, ease of cleaning, and handle functionality. However, some tests had limited sample sizes or incomplete data, and not all high-priority requirements were tested extensively.","The testing procedures are described with some clarity, including subject participation, rating scales, and qualitative feedback. However, details on controls, repeated trials, measurement methods, and raw data are limited or missing, reducing the demonstration of full comprehension of testing procedures.","The analysis includes some interpretation of results and feedback summaries, with partial data tables and qualitative comments. Visual evidence is limited to textual descriptions; no graphs, photos, or charts are provided, which limits the depth and clarity of the analysis.","The summary of data implications is partial and somewhat general. Some implications and next steps are mentioned (e.g., handle adjustments, weight limitations), but the discussion lacks a robust, comprehensive reflection on all major results and their impact on design improvements.",box durability under external and internal pressure; handle comfort and ergonomics; prevention of opening from inside; box portability by two people; ease of cleaning; handle folding ease and weight support,"This document demonstrates testing of several important design requirements, including box durability, handle comfort, security against opening from inside, portability, ease of cleaning, and handle functionality. While these requirements were not explicitly listed, they were clearly inferred from the testing focus. The tests involved multiple subjects and rating scales, providing some useful qualitative data. However, the sample sizes were small, and some tests lacked detailed quantitative data or repeated trials, limiting the robustness of the testing.

The testing procedures are described with reasonable clarity, including how data was gathered through subject ratings and observations. Yet, the document would benefit from more detailed descriptions of controls, measurement methods, and raw data presentation. The analysis provides some interpretation of results and feedback but relies heavily on narrative summaries without supporting visuals such as photos, graphs, or charts. This limits the depth of insight into design performance.

The summary of data implications touches on some next steps, such as improving handle sturdiness and acknowledging weight limitations, but it remains somewhat general and incomplete. To improve, the student should include more comprehensive raw data and visuals, clarify testing procedures with controls and repeated trials, expand analysis to connect results explicitly to design goals, and provide a more thorough reflection on how findings inform design changes.",3.333333333,3
Case003_5234.pdf,,Placeholder text for scoring.,5,2,3,4,4,3,3,3,,,,,"The student tested most high-priority requirements including durability, handle comfort, security (cannot open from inside), portability, ease of cleaning, and handle strength. Some tests involved multiple subjects and different conditions, covering a broad range of important design criteria.","Testing procedures are described with some clarity, such as using multiple subjects with varying strengths and rating scales for comfort and ease of cleaning. However, details on controls, repeated trials, and precise measurement methods are limited or absent, and raw data is minimal.","The analysis includes some interpretation and feedback from testers, but lacks detailed quantitative analysis or comprehensive visual data like charts or photos. The narrative is partially complete but often anecdotal and qualitative rather than data-driven.","The summary of data implications is developing, with some reflection on design trade-offs (e.g., heavier steel material affecting portability) and suggestions for handle improvements. However, implications are partial and do not fully address all test results or next steps comprehensively.",box durability under external and internal pressure; handle comfort and ergonomics; prevention of opening from inside; box portability by two people; ease of cleaning the box; folding handle functionality and strength,"This document demonstrates testing of several important design requirements, including box durability, handle comfort, security against opening from inside, portability, ease of cleaning, and handle strength. These tests involved multiple participants and practical scenarios, which strengthens the evidence that key design aspects were evaluated. However, some requirements were inferred rather than explicitly stated.

The testing procedures are described with moderate clarity, including the use of rating scales and multiple subjects to capture variability. Yet, the documentation lacks detailed methodology such as controls, repeated trials, or precise measurement techniques, limiting the rigor of the testing. Data collection is mostly qualitative with minimal raw data or quantitative metrics presented.

Analysis is somewhat limited, relying heavily on subjective feedback and brief summaries without detailed charts, graphs, or photos to support conclusions. The implications section shows some reflection on design trade-offs and potential improvements, but it remains partial and could better connect all results to specific next steps.

To improve, the student should provide clearer, more detailed testing procedures including controls and repeated trials; include quantitative data and visual evidence such as photos or charts; deepen the analysis by linking data trends explicitly to design goals; and expand the implications section to comprehensively address all major results and outline concrete next steps.",3.333333333,2.75
Case004_3110.docx,,Placeholder text for scoring.,3,1,1,0,4,3,2,3,,,,,"The student tested about half of the high-priority requirements inferred from the document: handle height, component fit, and strength of materials. However, testing was limited to a few key aspects and did not cover all major design requirements comprehensively.","The testing procedures are described in general terms but lack detail on data collection methods, controls, or repeated trials. The strength test procedure is somewhat explained, but quantitative data and measurement methods are missing.","The analysis is minimal and mostly narrative without supporting visuals such as photos, graphs, or tables. The student notes a design flaw and a fix but does not provide detailed data or thorough interpretation.","There is a developing summary of the test results and implications, including identification of a material flaw and a reinforcement solution. However, the implications are limited and do not fully address all results or next steps.","handle height fits users from 5' to 6'8""; components fit together properly; PVC strength sufficient to hold cart weight; steel reinforcement improves strength","This document demonstrates testing of several important design requirements, including handle height suitability, component fit, and material strength. These requirements were inferred from the testing descriptions rather than explicitly stated, which is acceptable but could be improved by clearly listing them. The tests conducted address key aspects but do not cover the full range of potential design criteria, resulting in partial coverage of high-priority requirements.

The testing procedures are described in broad terms, such as measuring handle height and applying force to test strength, but lack detailed explanation of data collection methods, controls, or repeated trials. The absence of quantitative data or measurement specifics limits the clarity and completeness of the testing process. Analysis is minimal and primarily narrative, with no supporting visuals like photos or graphs to illustrate results or trends. While the student identifies a material flaw and a reinforcement solution, the implications for design improvement and next steps are only partially developed.

To improve, the student should explicitly state all major design requirements and ensure tests cover them comprehensively. Detailed descriptions of testing procedures, including how data was gathered and controlled, would strengthen understanding. Incorporating visual evidence such as photos or charts would enhance analysis detail. Finally, a more robust summary connecting data to design changes and future steps would improve the overall quality of the testing documentation.",1.666666667,2
Case005_3333.pdf,,Placeholder text for scoring.,3,3,3,3,4,3,2,3,,,,,"The student tested about half of the high-priority requirements inferred from the document, including safety, aesthetics, entertainment, adaptability, and ease of use. Durability testing was planned but not yet completed. Testing involved stakeholder feedback and some physical tests, but not all high-priority requirements were fully tested.","The testing procedures are described in general terms with some specifics (e.g., placing lights out of reach, stakeholder interviews, rating scales), but details on controls, repeated trials, measurement methods, or raw data are minimal or missing. Data gathering methods are implied but not fully explained.","The analysis includes some narrative interpretation of results and a few summary statistics (average ratings), but lacks detailed visuals such as graphs or tables. The design analysis is partial, with some measurements and product choices described, but limited data support and minimal visual evidence.","The summary addresses some implications of the data, noting overall good performance and areas for improvement with next steps. However, the summary is somewhat general and does not fully address all major results or provide detailed design change plans.",Safety; Aesthetic appeal and mood creation; Durability; Entertainment and effectiveness; Adaptability to classroom needs; Ease of use,"This document demonstrates testing of several important design requirements, including safety, aesthetics, entertainment, adaptability, and ease of use, inferred from the testing descriptions. However, durability testing was not completed, limiting the coverage of all high-priority requirements. The testing procedures are described in broad terms, with some mention of stakeholder feedback and physical placement tests, but lack detailed explanation of data collection methods, controls, or repeated trials. This reduces clarity and completeness of the testing approach.

The design analysis provides some narrative interpretation and summary statistics, such as average stakeholder ratings, but is limited by the absence of detailed visuals like graphs or tables to support the findings. The summary of data implications identifies general strengths and areas for improvement, including next steps, but could be more robust by addressing all major results and linking them explicitly to design changes.

To improve, the student should provide more detailed descriptions of testing procedures, including controls and data collection methods; include raw data or visual evidence such as charts or tables; complete durability testing; and develop a more comprehensive summary of implications that clearly connects test results to specific design improvements.",3,2.5
Case006_0000.pdf,,Placeholder text for scoring.,0,0,0,0,3,2,1,2,,,,,"The student reports testing the AI tool iStar on several high-priority requirements including accuracy and speed of cancer tissue detection across multiple cancer types. However, only a general summary of these tests is provided without detailed evidence of testing all high-priority requirements.","The testing procedure is described in broad terms, mentioning evaluation by doctors and types of cancer tissues tested, but lacks details on how data was gathered, controlled variables, or repeated trials. The understanding of testing procedure is partial and overly general.","The analysis is minimal and narrative only, with no raw data, charts, graphs, photos, or tables to support the claims. The student provides a brief summary of results but no detailed analysis connecting data to design goals.","The summary of data implications is very limited and general, stating that iStar is efficient and reliable but not discussing specific implications for design improvements or next steps based on the data.",Detect cancer tissue accurately; Detect cancer tissue faster than doctors; Detect multiple types of cancer tissue,"The student’s documentation indicates that important design requirements were tested, such as the accuracy and speed of cancer tissue detection across multiple cancer types. These inferred requirements are relevant and high priority for the AI tool’s intended function. However, the evidence provided is quite general, lacking detailed descriptions of the tests conducted or comprehensive coverage of all critical requirements.

The testing procedure is described in broad strokes, mentioning evaluation by doctors and types of cancer tissues, but it lacks clarity and completeness. There is no information on how data was collected, controlled, or analyzed, which limits understanding of the testing rigor. The analysis is minimal and narrative only, with no supporting visuals or raw data to substantiate the claims. Similarly, the summary of data implications is brief and does not clearly connect results to design improvements or next steps.

To improve, the student should provide detailed descriptions of the testing procedures, including data collection methods and controls. Including raw data or visual evidence such as charts or tables would strengthen the analysis. Additionally, a more thorough interpretation of results and explicit discussion of implications for design refinement or future work would enhance the overall quality of the documentation.",0,1.75
Case007_0001.pdf,,Placeholder text for scoring.,0,0,0,1,3,2,1,1,,,,,"The student reports testing the AI tool iStar on multiple types of cancer tissue to evaluate efficiency and accuracy, which are high-priority requirements. However, only a general description of testing is provided without detailed evidence of all high-priority requirements being tested.","The testing procedure is described in broad terms, mentioning evaluation by doctors and types of cancer tissue tested, but lacks details on how data was gathered, controlled variables, or repeated trials.","The analysis is minimal and narrative only, with no raw data, charts, graphs, or other visuals to support claims. The claim of being 213 times faster is stated but not supported by detailed analysis.","The summary implies that iStar is efficient and reliable as a second opinion, but does not robustly connect data to design improvements or next steps.",detect cancer tissue accurately; detect cancer tissue quickly; differentiate cancerous from healthy tissue,"The document indicates that important design requirements such as accuracy and speed in detecting cancer tissue were tested, inferred from the description of evaluating multiple cancer types and efficiency. However, the evidence is limited to a general statement without detailed testing of all high-priority requirements, resulting in partial credit for testing coverage.

The testing procedure is described only in broad terms, mentioning evaluation by doctors and cancer types but lacking specifics on data collection methods, controls, or repeated trials. This limits clarity and completeness of the testing process. The analysis is minimal and narrative, with no supporting visuals or raw data to substantiate claims like the 213 times faster detection. This weakens the strength of the design analysis.

The summary of data implications is brief and general, suggesting iStar is efficient and reliable but without detailed reflection on how the data informs design improvements or next steps. To improve, the student should provide detailed descriptions of testing procedures including controls and data collection methods, include raw data or visual evidence such as charts or tables, expand analysis to interpret results in relation to design goals, and clearly articulate implications for design refinement or future work.",0,1.75
Case008_0000.pdf,,Placeholder text for scoring.,0,0,0,0,0,0,0,0,,,,,No evidence of any actual testing conducted on the high-priority requirements; only a statement that testing was not done.,"No description or evidence of testing procedures, data gathering, or analysis.",No analysis or data presented; only a claim that requirements were met without supporting evidence.,No summary or implications of data since no testing or analysis was performed.,Device is programmable to move based on sunlight; Device uses a battery,"The document identifies two inferred high-priority design requirements: programmability based on sunlight and battery usage. However, there is no evidence that any testing was actually conducted to verify these requirements. The student explicitly states that testing was not performed, which means the evaluation of important design requirements through testing is absent.

Furthermore, the document lacks any description of testing procedures, data collection methods, or analysis. Without these details, it is impossible to assess the student's understanding of testing or the reliability of any results. There is also no presentation of raw data, visuals, or detailed analysis to support claims about meeting requirements.

Finally, the document does not provide any summary of data implications or reflections on how the design could be improved based on test outcomes. To improve, the student should conduct and document actual tests on the key requirements, clearly describe the testing procedures and data collection, include detailed analysis supported by visuals, and summarize what the results mean for the design's success and next steps. Providing concrete evidence and thoughtful reflection will greatly strengthen the testing documentation.",0,0
Case009_5430.docx,,Placeholder text for scoring.,5,4,3,0,5,4,4,3,,,,,"The student conducted tests addressing all major high-priority requirements inferred from the document: noise level, size, durability, friction interruptions, and edge finish. Each requirement was tested with relevant data collected and results reported.","The testing procedures are generally clear, with identification of independent, dependent variables, controls, and repeated trials for most tests. Data gathering methods such as decibel measurement, timing interruptions, and visual inspection are described. Some minor details, such as exact measurement methods for damage or unfinished edges, are less explicit.","The analysis is generally detailed, summarizing results and interpreting them relative to design goals. The student provides numerical data and pass/fail conclusions for each design and test. However, visuals such as charts or graphs are absent, limiting the support for the analysis.","The student provides an overall summary of test results and some implications, such as noting sanding to remove unfinished edges and the effect of hand use on noise and friction. However, implications for design improvements or next steps are only partially developed and not consistently linked to all results.","prototype noise level no louder than 10 decibels; prototype dimensions within specified size ranges; prototype durability with no parts coming apart; prototype movement interruptions no more than 7 in 32 seconds; prototype edges free of rough, sharp, or loose edges","This Element I submission demonstrates a strong commitment to testing all major inferred design requirements, including noise level, size, durability, friction interruptions, and edge finish. The student clearly conducted multiple tests with relevant data collection and reported pass/fail outcomes, showing that important design aspects were meaningfully evaluated.

The testing procedures are generally well described, with clear identification of variables, controls, and repeated trials in most cases. Data gathering methods such as decibel measurement and timing interruptions are explained, though some procedural details could be more explicit, especially regarding damage assessment and edge inspection. The analysis effectively summarizes numerical results and relates them to design goals, but the absence of visual aids like graphs or charts limits the depth of data presentation.

The summary of data implications addresses some key findings, such as the need for sanding unfinished edges and the impact of hand use on noise and friction, but it could be expanded to more thoroughly discuss design improvements and next steps. To improve, the student should consider including visual data representations, provide more detailed procedural descriptions, and develop a more comprehensive reflection on how test results inform design changes and problem-solving.",4,4
Case010_4523.docx,,Placeholder text for scoring.,4,5,2,3,5,4,4,3,,,,,"The student conducted tests addressing all major high-priority requirements inferred from the document: noise level, size, durability, friction interruptions, and edge finish. Each requirement was tested with relevant data collected and results reported.","The testing procedures are clearly described with identification of independent, dependent variables, controls, and repeated trials for most tests. Data gathering methods and controls are generally well explained, though some tests (e.g., unfinished edges) lack detailed procedural description.","The analysis is generally detailed with numerical results summarized and interpreted for each design and test. Pass/fail conclusions are drawn based on data. However, visuals such as graphs or photos are absent, limiting support for the analysis.","The summary of data implications addresses many results and notes design strengths and weaknesses, such as noise levels and friction issues. Some implications for design changes are mentioned (e.g., sanding edges), but the discussion is somewhat limited and could be more comprehensive.",prototype noise level no louder than 10 decibels; prototype dimensions within specified size ranges; prototype parts remain connected under use; prototype movement has limited interruptions; prototype edges are smooth and free of roughness,"This Element I document demonstrates strong coverage of important design requirements, including noise level, size, durability, friction, and edge finish. The student clearly tested all these high-priority aspects, providing relevant data and pass/fail judgments for multiple prototype designs. This thorough testing shows a solid commitment to evaluating key functional criteria.

The testing procedures are generally well described, with clear identification of variables, controls, and repeated trials in most cases. This indicates a good understanding of testing methodology and data collection. However, some tests, such as the unfinished edges evaluation, would benefit from more detailed procedural explanation to strengthen clarity.

The analysis includes numerical results and logical interpretations, effectively connecting data to design goals. While the narrative is strong, the absence of visual aids like graphs, charts, or photos limits the depth of evidence supporting the analysis. The summary of data implications addresses several major results and suggests some next steps, but it could be expanded to more fully explore design improvements and problem-solving insights.

To improve, the student should consider adding visual data representations to enhance analysis clarity, provide more detailed descriptions of all testing procedures, especially for qualitative tests, and expand the implications section to comprehensively address all results and potential design modifications. Including raw data tables or photos would also strengthen the documentation.",3.666666667,4
Case011_0110.docx,,Placeholder text for scoring.,0,1,1,0,3,3,3,2,,,,,No evidence of any completed testing or data collection is present in the document.,"The document does not describe any testing procedures, data gathering methods, or analysis approaches.",No analysis or interpretation of data is provided; the document contains only headings without content.,There is no summary or discussion of data implications or next steps.,,"The submitted document lacks any evidence of completed testing or data collection, making it impossible to identify or infer any design requirements that were tested. Without actual test results or descriptions, it is unclear whether important design criteria were addressed. The absence of detailed testing procedures means there is no indication of how data was gathered or analyzed, which is critical for demonstrating understanding of the testing process. Furthermore, the document contains no analysis or interpretation of results, nor does it include any visual data such as tables, graphs, or photos to support design evaluation. This lack of analysis prevents assessment of how effectively the design met its goals. Finally, there is no summary of what the data implies for improving the design or solving the problem, leaving the document incomplete in terms of reflection and next steps. To improve, the student should conduct and document actual tests targeting key design requirements, clearly describe testing procedures including variables and controls, provide detailed analysis supported by visual data, and summarize the implications of the results with suggestions for design improvements or future work.",0.666666667,0
Case012_2222.docx,,Placeholder text for scoring.,2,2,2,2,3,3,3,2,,,,,No evidence of any tests conducted for design requirements; only headings and empty placeholders are present.,"No description or evidence of testing procedures, data gathering, or analysis is provided.","No analysis or visual data such as tables, graphs, or charts are included; the section is empty.",No summary or implications of data are presented; the document lacks any meaningful conclusions.,,"The submitted document does not provide any evidence of completed testing or data collection related to the design requirements. Because no tests are described or results presented, it is not possible to infer which design requirements were addressed or evaluated. This absence of testing severely limits the ability to assess the design's performance or effectiveness.

Additionally, the document lacks any description of testing procedures, data gathering methods, or analysis techniques. Without this information, it is unclear how the student approached testing or whether any systematic data collection occurred. The absence of raw data, tables, graphs, or other visual evidence further weakens the documentation and prevents meaningful interpretation of results.

No analysis or summary of findings is included, so there is no discussion of what the data might imply for improving the design or solving the problem. To improve, the student should conduct and document tests that address key design requirements, clearly describe the testing procedures and data collection methods, include detailed analysis supported by visual data, and provide a thoughtful summary of the implications of the results. Including these elements will strengthen the overall quality and completeness of the engineering design documentation.",2,0
Case013_5231.docx,,Placeholder text for scoring.,5,2,3,1,4,3,2,3,,,,,"The student tested most of the high-priority requirements: accurate soil moisture readings across different soil conditions, real-time feedback via sensor output, and sustainable power by monitoring device operation over time. However, the power test was limited to being plugged into a laptop rather than a standalone power source, which slightly limits completeness.","The testing procedures are described with some clarity, including repeated trials with different soil types and continuous monitoring of sensor output. However, data gathering methods are vague (e.g., 'monitor the output light' without quantitative data), and no detailed measurement methods, controls, or raw data are provided.","The analysis is partial and mostly narrative, stating that the sensor worked well and met requirements. There is an incomplete table with no data filled in, and no charts, graphs, or photos to support the analysis. The connection between data and design goals is implied but not well substantiated.","The summary briefly states that the system met design requirements and suggests a next step (connecting data to a phone app). However, implications are general and do not address specific results or detailed design improvements.",accurate soil moisture readings; real-time feedback on soil moisture; sustainable power usage,"This project effectively identified and tested most of the inferred high-priority design requirements, including accurate soil moisture readings, real-time feedback, and sustainable power usage. The testing covered different soil moisture conditions and continuous sensor monitoring, demonstrating a solid effort to validate the system's core functions. However, the power testing was limited to operation while plugged into a laptop, which may not fully represent sustainable power in practical use.

The testing procedures are described with reasonable clarity, including repeated trials and monitoring sensor output. Yet, the data collection methods lack quantitative detail, and no raw data or measurement specifics are provided. The analysis is mostly narrative and lacks supporting visuals such as charts or photos, which weakens the evidence for how well the design met its goals. The summary of data implications is brief and general, mentioning next steps but not deeply reflecting on the results or potential design improvements.

To improve, the student should document quantitative sensor readings and power consumption data, include visual evidence like graphs or photos, and provide a more detailed analysis connecting data trends to design success. Additionally, expanding the power testing to include battery or standalone operation and offering a more thorough reflection on test results would strengthen the overall evaluation.",3.333333333,2.75
Case014_2112.pdf,,Placeholder text for scoring.,2,1,1,2,4,3,2,3,,,,,"The student conducted tests addressing most high-priority requirements inferred from the design: layout accuracy, material strength, and structural stability. These are key to the project’s success. However, the stability test failed and was less thoroughly documented.","The testing procedures are described with some clarity, including number of trials and general methods. However, details on controls, measurement methods, and data collection are limited or vague, reducing the demonstration of full comprehension.","The analysis provides a partial summary of results and some interpretation, but lacks detailed explanation or extensive visual support. The document includes tables and a verbal summary but no graphs, charts, or photos to robustly support the analysis.","The summary addresses the implications of the tests, noting successes and areas needing improvement, such as the loose screw causing instability. However, the implications are somewhat general and do not fully explore next steps or design changes in depth.",Verify layout dimensions match design plans; Assess material strength for construction; Evaluate structural stability of the build,"This portfolio demonstrates that the student tested most of the inferred high-priority design requirements, including layout accuracy, material strength, and structural stability. These tests are relevant and important for the project’s success, though the stability test failed and was less thoroughly documented. The testing procedures are described with some clarity, including the number of trials and general approach, but lack detailed information on controls, measurement techniques, and data collection methods. This limits the demonstration of a comprehensive understanding of testing procedures.

The analysis provides a partial summary and some interpretation of the results, but it is minimally supported by visuals such as graphs or photos, which would strengthen the explanation. The verbal summary connects test outcomes to design goals but could be expanded to include more detailed reflections and data interpretation. The implications section identifies areas for improvement, such as addressing structural instability, but the discussion of next steps and design changes remains somewhat general.

To improve, the student should provide clearer, more detailed descriptions of testing procedures and data collection methods, include more visual evidence like charts or photos to support analysis, and deepen the reflection on test results by explicitly linking data to design modifications. Additionally, expanding the implications section to outline specific next steps would enhance the overall quality of the testing documentation.",1.333333333,3
Case015_0011.pdf,,Placeholder text for scoring.,0,0,1,1,4,3,2,3,,,,,"The student conducted tests addressing most high-priority requirements inferred from the design: layout accuracy, material strength, and structural stability. While the first two tests passed, the third test revealed a stability issue, showing meaningful testing of critical aspects.","The testing procedures are described with some clarity, including number of trials and general methods (e.g., checking layout, testing cardboard strength, assessing stability). However, details on controls, measurement methods, and data collection are limited, and raw data is not provided.",The analysis is partial and somewhat general. The student summarizes test outcomes and observations but provides minimal visual support beyond a basic table and narrative. There is no detailed data presentation such as graphs or photos to robustly support conclusions.,"The summary addresses the implications of the tests, noting which tests passed and failed and identifying a stability issue requiring improvement. However, the implications are somewhat general and do not fully explore next steps or design changes in detail.",Verify layout dimensions match design plans; Assess material strength for construction; Evaluate structural stability of the build,"The student effectively tested several important design requirements, including verifying layout dimensions, assessing material strength, and evaluating structural stability. These tests cover most of the high-priority aspects necessary for the project, demonstrating a solid focus on critical design elements. However, the requirements were inferred rather than explicitly stated, which could be improved for clarity.

The testing procedures are described with moderate clarity, including the number of trials and general methods used. Yet, the documentation lacks detailed descriptions of controls, measurement techniques, and raw data, limiting the completeness of the testing narrative. The analysis provides a basic summary of results but is only partially detailed and minimally supported by visuals, such as graphs or photos, which would strengthen the evidence and interpretation.

The summary of data implications identifies key outcomes and highlights the need to address structural stability issues. Still, it remains somewhat general and could benefit from more specific recommendations or next steps. To improve, the student should explicitly state design requirements, provide detailed testing procedures with measurement methods, include richer visual data representations, and offer more thorough reflections on how test results inform design improvements.",0.333333333,3
Case016_2211.docx,,Placeholder text for scoring.,2,2,1,1,2,1,1,1,,,,,The document contains only instructions and a template for testing but no evidence of actual tests conducted or data collected for any design requirements.,"No testing procedures, data gathering methods, or analysis processes are described beyond generic instructions; no evidence of understanding testing procedures is present.","No analysis, data summaries, visuals, or interpretation of results are provided; the document is a blank template without completed content.",No summary of data implications or discussion of next steps is present; the document lacks any reflection on test results or design improvements.,test all high-priority requirements; collect raw data with multiple trials; analyze data with appropriate charts and graphs; summarize data implications for design improvements,"This document appears to be a blank or initial template for Element I rather than a completed testing report. There is no evidence that any important design requirements were actually tested, so it is not possible to evaluate the testing coverage or priority. The absence of any described or conducted tests means that no data was gathered or analyzed, and thus the student's comprehension of testing procedures cannot be assessed. Additionally, there is no design analysis or visual data support such as charts, graphs, or tables to evaluate how effectively the design met its goals. Finally, the document does not include any summary of data implications or reflections on how the results inform design improvements or next steps. To improve, the student should conduct and document actual tests on all high-priority requirements, including detailed procedures and multiple trials. They should collect and present raw data with appropriate visuals to support analysis. The analysis should interpret the data clearly and connect findings to design goals. Lastly, the student should provide a thoughtful summary of what the data means for the design’s success and outline specific next steps for improvement.",1.666666667,0
Case017_3111.pdf,,Placeholder text for scoring.,3,1,1,1,5,4,4,4,,,,,"The student conducted tests addressing all major inferred high-priority requirements: material durability, ergonomics, user feedback, and safety compliance. Each requirement was tested with specific methods and data collection.","The testing procedures are clearly described with objectives, methodologies, and data collection approaches. While detailed raw data or exact measurement values are not provided, the explanation of tests, variables, and data types shows ample understanding of testing procedures.","The analysis is generally detailed, summarizing results and connecting them to design decisions. Visual evidence such as charts or photos is not included, but the narrative analysis is clear and supported by data summaries.","The summary robustly addresses most major results and implications, including design changes and next steps. Some implications could be more explicitly tied to specific data points, but overall the reflection is strong.",material durability; ergonomic comfort and usability; user satisfaction and feedback incorporation; safety compliance and elimination of hazards,"This document demonstrates a thorough approach to testing important design requirements, including material durability, ergonomics, user feedback, and safety compliance. The student effectively inferred key requirements from the testing content and ensured each was addressed through appropriate tests. This comprehensive coverage strengthens the design validation.

The testing procedures are well articulated, with clear objectives and methods for data collection. Although raw data and detailed measurement values are not presented, the description of testing phases and data types indicates a solid understanding of testing protocols. The analysis provides meaningful interpretation of results and links findings to design decisions, though the absence of visual data representations such as graphs or photos limits the depth of evidence.

The summary of data implications thoughtfully connects test outcomes to design improvements and future steps, reflecting a good grasp of how testing informs iterative design. To enhance the documentation, the student should consider including raw data or visual aids to support analysis, provide more explicit connections between specific data points and design changes, clarify measurement details for reproducibility, and expand on how user feedback quantitatively influenced design modifications. These improvements would strengthen the rigor and clarity of the testing and analysis.",1.666666667,4.25
Case018_2223.docx,,Placeholder text for scoring.,2,2,2,3,4,3,2,2,,,,,No evidence of any tests conducted for design requirements; only empty headings and placeholders are present.,"No description or evidence of testing procedures, data gathering, or analysis is provided.","No analysis or visual data such as tables, graphs, or charts are included; the section is blank.",No summary or implications of data are presented; the document lacks any meaningful conclusions.,,"The submitted Element I document does not provide any evidence of completed testing or data collection related to the design requirements. Because no tests are described or results presented, it is not possible to infer which design requirements were addressed or evaluated. This absence of testing severely limits the ability to assess the design’s performance or success.

Furthermore, the document lacks any description of testing procedures, data gathering methods, or analysis techniques. Without this information, it is unclear how any testing might have been conducted or how data would have been collected and interpreted. The absence of raw data, tables, graphs, or other visual evidence means there is no basis for evaluating the design or understanding its effectiveness.

To improve, the student should conduct and document actual tests targeting key design requirements, clearly describe the testing procedures including variables and controls, and present collected data in tables or graphs. Detailed analysis interpreting the results and connecting them to design goals is essential. Finally, a thoughtful summary discussing what the data implies for design improvements or next steps will strengthen the overall documentation and demonstrate a comprehensive understanding of the testing process.",2,0
Case019_4322.docx,,Placeholder text for scoring.,4,3,2,2,4,3,2,2,,,,,No evidence of any tests conducted for design requirements; the document contains only headings and no test data or descriptions.,"No description or evidence of testing procedures, data gathering, or analysis is present.",No analysis or discussion of design performance or test results is provided.,No summary or implications of data for design improvement or problem solving are included.,,"The submitted document lacks any completed testing or data collection related to the design requirements. Because no tests are described or results presented, it is not possible to infer which design requirements were addressed or evaluated. This absence of testing severely limits the ability to assess the design's performance or effectiveness.

Furthermore, there is no explanation of testing procedures, data gathering methods, or analysis techniques. Without this information, it is unclear how any testing might have been conducted or how data might have been interpreted. The document also does not include any analysis, visuals, or summaries that would demonstrate understanding of the design's success or areas for improvement.

To improve, the student should conduct and document actual tests targeting key design requirements, clearly describing the procedures and data collection methods used. Including raw data, tables, graphs, or photos will strengthen the analysis. Detailed interpretation of results and a thoughtful summary of implications for design changes or next steps are essential. Providing these elements will create a complete and meaningful testing report that supports design evaluation and iteration.",3,0
Case020_3235.pdf,,Placeholder text for scoring.,3,2,3,5,3,2,2,3,,,,,"The student tested the strength of the toggle clamps and the box prototype under tension, and evaluated the usability of the guillotine door mechanism. These tests address important inferred requirements such as strength, ease of use, and ergonomics. However, testing was limited to a cardboard prototype and did not cover all high-priority requirements like long-term durability or real-world usability.","The testing procedure is described in general terms, mentioning tension tests and repeated door operation, but lacks detailed methodology such as controls, variables, measurement techniques, or repeated trials. Data collection is summarized (e.g., 200 N force), but raw data and specific measurement methods are not provided, indicating partial understanding.","The analysis includes some interpretation of results, such as the box withstanding 200 N and door friction issues, but is mostly narrative without detailed quantitative analysis or visual data support like graphs or tables. Visual evidence is minimal or absent, limiting the depth of analysis.","The student provides an overall summary of test results and implications, identifying key next steps such as reducing door friction and improving clamp reliability. The summary addresses some major results but is somewhat general and lacks detailed connection to all test outcomes.",strength of toggle clamps and box connection; ease of use and ergonomics of door mechanism; durability and long-term wear resistance; friction reduction in guillotine door sliding,"The testing documentation demonstrates that important design requirements were partially addressed, including the strength of toggle clamps and the usability of the guillotine door. These requirements were inferred from the testing focus on tension and door operation, which aligns with client concerns about removability, ease of use, and ergonomics. However, testing was limited to a cardboard prototype and did not fully explore long-term durability or real-world conditions, which are critical for final design validation.

The testing procedure description shows some understanding but lacks detail on how tests were conducted, data gathered, and variables controlled. While the student reports key findings such as the box withstanding 200 N and door friction issues, the absence of raw data, repeated trials, or measurement methods weakens the procedural clarity. The analysis is mostly narrative with minimal visual support, limiting the depth of insight into design performance.

The summary of data implications identifies relevant next steps, including reducing door friction and improving clamp reliability, but could be strengthened by more specific connections to test data. To improve, the student should provide detailed testing procedures with controls and measurement methods, include raw data or visual evidence like graphs or photos, expand analysis to quantitatively interpret results, and clearly link data to design modifications and future testing plans.",2.666666667,2.5
Case021_4434.pdf,,Placeholder text for scoring.,4,4,3,4,4,4,3,3,,,,,"The student tested most high-priority requirements including durability, removability, compact design, and force needed for push-only functionality. Stability was also addressed. However, the push-only functionality test was partly planned (integration of Boombot) rather than fully tested.","The testing procedures are generally clear with descriptions of treadmill durability testing, participant removability trials, dimensional measurements for compactness, and spring scale force measurements. Data collection methods and some calculations are explained, though some procedural details (e.g., controls, repeated trials for force testing) are limited.","The analysis includes numerical data and some calculations, such as force required to pull loads and space preservation percentages. Visual support is minimal or absent, and some analysis is narrative rather than supported by charts or photos. The connection between data and design goals is present but could be more detailed.","The summary addresses several results and their implications, such as durability validation, ease of removability, space savings, and force requirements. However, implications for design improvements or next steps are limited and somewhat general.",durability under extended use and impact; ease and speed of removability; compactness to preserve cart loading space; push-only functionality with manageable pulling force; stability of the cart during pulling,"This document demonstrates solid testing of several important design requirements, including durability, removability, compactness, and force needed for push-only functionality. The durability test using a treadmill and drop test effectively simulated extended use and impact, while the removability test with multiple participants provided meaningful user data. The compact design was quantitatively assessed, and force testing included calculations to estimate pulling force for heavier loads. These tests collectively address most high-priority requirements, though the push-only functionality test was more conceptual than fully executed.

Testing procedures are generally well described, with clear explanations of how data was gathered and analyzed, such as treadmill speed, participant timing, and spring scale measurements. However, some procedural details, like controls or repeated trials for force testing, could be more explicit. The analysis includes useful numerical data and calculations, but lacks visual aids like graphs or photos that would strengthen the presentation. The summary of data implications connects results to design success but could better identify specific design changes or next steps.

To improve, the student should include more detailed descriptions of testing protocols, especially controls and repetitions; incorporate visual data representations such as charts or photos; expand analysis to more explicitly link data trends to design goals; and provide clearer, actionable implications or recommendations for future design iterations.",3.666666667,3.5
Case022_4211.pdf,,Placeholder text for scoring.,4,2,1,1,3,2,1,2,,,,,"The student conducted some physical tests related to durability, maneuverability, microplastic collection, and controls. However, testing lacked numerical data and was mostly qualitative. Important requirements like microplastic collection and maneuverability were tested but without rigorous measurement or comprehensive coverage of all high-priority aspects.","The testing procedures are described in very general terms without clear explanation of variables, controls, repeated trials, or data collection methods. There is no raw data or detailed methodology, indicating minimal understanding of proper testing procedures.","The analysis is mostly narrative and anecdotal with no supporting visuals such as charts, graphs, or tables. The student provides some interpretation of results but lacks detailed or data-supported analysis.","The student offers some summary of what the data implies for the design, including next steps and cautions, but these are generally vague and not strongly connected to quantitative evidence. Some implications are noted, but they are limited and partially general.",Durability of the ROV frame; Maneuverability in multiple directions; Effectiveness of microplastic collection; Ease of control operation,"This Element I submission shows that the student attempted to test several inferred high-priority design requirements, including durability, maneuverability, microplastic collection, and control usability. However, the testing was largely qualitative and lacked numerical data or rigorous measurement, limiting the ability to fully assess whether all important requirements were adequately tested. The absence of detailed test procedures, such as defined variables, controls, or repeated trials, suggests minimal understanding of scientific testing methods. Data collection methods and raw data are not presented, which weakens the credibility and reproducibility of the tests.

The analysis is primarily narrative and anecdotal, with no supporting visuals like charts or graphs to illustrate trends or results. While the student provides some interpretation of the outcomes and suggests next steps, these implications are general and not strongly tied to evidence. To improve, the student should document detailed testing procedures including variables and controls, collect and present quantitative data with multiple trials, and include visual data representations. Additionally, deeper analysis connecting data trends to design goals and clearer, evidence-based implications would strengthen the report. Incorporating these improvements will enhance the rigor and clarity of the testing and analysis, better supporting design decisions.",2.333333333,1.5
Case023_4212.pdf,,Placeholder text for scoring.,4,2,1,2,3,2,1,2,,,,,"The student conducted tests on several important design requirements such as durability, maneuverability, microplastic collection, and controls. However, testing was mostly qualitative and lacked numerical data or comprehensive coverage of all high-priority requirements. Some key requirements like microplastic collection were only partially tested with uncertain results.","The testing procedures are described in general terms without detailed explanation of variables, controls, or data collection methods. There is no evidence of repeated trials, raw data, or systematic measurement. The narrative implies some logical testing but lacks clarity and completeness expected for strong understanding.","The analysis is mostly narrative and qualitative with no supporting visuals such as charts, graphs, or tables. The student attempts to interpret results and connect them to design goals but provides minimal data support or detailed analysis.","The summary of data implications addresses some results and suggests next steps, such as caution in driving the ROV to avoid washing out samples and possible control rewiring. However, the implications are somewhat general and do not robustly address all major results or provide detailed design improvement plans.",Durability of the ROV frame; Maneuverability in multiple directions; Effectiveness of microplastic collection; Ease of control operation,"The student tested several important design requirements including durability, maneuverability, microplastic collection, and control usability, which were inferred from the testing descriptions. However, the testing was largely qualitative with no numerical data or comprehensive coverage of all high-priority requirements, limiting the strength of conclusions. The testing procedures lack detailed explanation of variables, controls, or data collection methods, and there is no evidence of repeated trials or raw data, which weakens the demonstration of testing rigor.

The design analysis is primarily narrative with minimal detail and no supporting visuals such as charts or graphs, reducing clarity and impact. While the student attempts to interpret results and connect them to design goals, the analysis is insufficiently detailed. The summary of data implications addresses some results and suggests next steps, but these are somewhat general and do not fully explore design improvements or problem-solving strategies.

To improve, the student should document detailed testing procedures including variables, controls, and repeated trials; collect and present quantitative data with appropriate visuals; provide more thorough analysis linking data to design goals; and develop more specific, evidence-based implications and next steps. Including raw data and clearer measurement methods would strengthen the overall testing and analysis quality.",2.333333333,2
Case024_2211.pdf,,Placeholder text for scoring.,2,2,1,1,3,2,2,2,,,,,"The student tested about half of the high-priority requirements: notification timing via the screen and door sensor functionality were tested, but testing of physical fit and space optimization was only described, not evidenced.","The testing procedure is partially described with some attempts and adjustments noted, but lacks detail on data gathering methods, controls, variables, or repeated trials. The procedure is overly general and incomplete.","Analysis is partial and incomplete. Some raw data is presented in a fragmented table, but it is unclear and lacks visuals like graphs or photos. The narrative is minimal and does not fully interpret results or connect them to goals.","The summary identifies a key problem (screen failure) and suggests next steps (use a more durable screen), but implications are limited and do not address all major results or design aspects.",pillbox fits user medication; notify user if medication not taken within 24 hours; mechanics fit into box to optimize space; screen displays medication status; door sensor resets timer when box opened,"This project addresses important design requirements such as fitting the pillbox to user medication, timely notification, and space optimization. However, only some of these requirements were actually tested, primarily the notification system and door sensor functionality. Physical fit and space optimization were described but not evidenced through testing. The testing procedure is described in broad terms with some attempts and troubleshooting noted, but lacks detailed explanation of how data was collected, controlled, or analyzed. The data presented is incomplete and fragmented, with a partial table that is difficult to interpret. Visual evidence such as photos, graphs, or charts is missing, which limits the clarity and depth of the analysis. The analysis itself is minimal and does not fully connect test results to design goals. The summary identifies the screen’s unreliability as a major issue and suggests replacing it with a more durable and cost-effective option, but does not comprehensively address other test outcomes or design improvements. To improve, the student should document testing procedures more thoroughly, include clear and complete data with supporting visuals, provide detailed analysis linking results to requirements, and offer a robust summary of implications covering all major findings and next steps.",1.666666667,2.25
Case025_2211.pdf,,Placeholder text for scoring.,2,2,1,1,3,2,2,2,,,,,"The student tested about half of the high-priority requirements: the notification system via the screen and the door sensor detecting box opening. However, testing of the physical fit of the pillbox and optimization of space for electronics was only described, not clearly tested.","The testing procedure is partially described but lacks detail. The student mentions attempts to get the screen to display correctly and the box sensing opening/closing, but does not clearly explain data gathering methods, controls, or repeated trials. The data table is incomplete and unclear.",The analysis is partial and minimally supported by visuals. The data table is incomplete and lacks clarity. The narrative mentions screen failures and wiring issues but does not deeply analyze results or connect them fully to design goals.,"The summary identifies that the screen was broken and suggests next steps to improve durability and cost, but the implications are general and do not address all major results or design aspects comprehensively.",pillbox fits user's medication; notify user if medication not taken within 24 hours; electronics fit inside box to optimize space; screen displays medication status; door sensor resets timer when box opened,"This project addresses important design requirements such as ensuring the pillbox fits the user's medication, notifying the user if medication is missed within 24 hours, and fitting the electronics inside the box. While these requirements were mostly inferred from the testing and analysis, the student focused testing primarily on the notification system and door sensor functionality. However, testing of physical fit and space optimization was not clearly demonstrated.

The testing procedure is described in broad terms, mentioning multiple attempts to get the screen to display correctly and the box to sense opening and closing. Unfortunately, the procedure lacks detail on how data was collected, controlled, or repeated, and the data table is incomplete and unclear. The analysis is partial, with minimal visual support and limited interpretation of results beyond noting screen failures and wiring issues.

The summary of data implications recognizes the need for a more durable and cost-effective screen but does not fully address all test outcomes or suggest comprehensive next steps. To improve, the student should provide clearer, more complete data tables or visuals, detail the testing procedure including controls and repeated trials, deepen the analysis connecting results to design goals, and expand the implications to cover all major findings and design improvements.",1.666666667,2.25
Case026_2221.pdf,,Placeholder text for scoring.,2,2,2,1,3,2,2,2,,,,,"The student tested about half of the high-priority requirements: the notification system via the screen and the door sensor detecting box opening. However, testing of the physical fit of the pillbox and internal electronics was only described, not clearly tested.","The testing procedure is partially described but lacks detail. The student mentions attempts to get the screen to display correctly and the box sensing opening/closing, but does not explain variables, controls, measurement methods, or data collection clearly.",The analysis is partial and incomplete. The student notes screen failures and wiring issues but provides minimal data or visuals. The included table is incomplete and lacks clear results or interpretation.,"The summary identifies the screen as a failure point and suggests next steps to improve durability and cost, but implications are general and do not address all major results or design aspects.",pillbox fits user's medication; notify user if medication not taken within 24 hours; electronics fit inside box to optimize space; screen displays medication status; door sensor resets timer when box opened,"This project addresses important design requirements such as ensuring the pillbox fits medication, notifying users if medication is missed within 24 hours, and fitting electronics inside the box. Testing focused mainly on the notification system and door sensor functionality, which are critical, but physical fit and internal component integration were not clearly tested. The testing procedure is described in broad terms, mentioning multiple attempts to get the screen working and sensing box opening, but lacks detailed explanation of how tests were conducted, what data was collected, or how variables were controlled. The data presentation is minimal and incomplete, with an unfinished table and no clear visuals like photos or graphs to support the analysis. The analysis identifies screen failures and wiring issues but does not deeply interpret results or connect them fully to design goals. The summary acknowledges the need for a more durable and cost-effective screen but does not comprehensively address all test outcomes or next steps. To improve, the student should provide clearer, step-by-step testing procedures including controls and data collection methods; include complete and well-labeled data tables or visuals; offer more detailed analysis linking results to design goals; and expand the summary to cover all major findings and specific design improvements.",2,2.25
Case027_4010.docx,,Placeholder text for scoring.,4,0,1,0,4,2,2,3,,,,,"The student conducted tests addressing all four inferred high-priority requirements, but the descriptions are brief and lack detailed evidence of comprehensive testing for each. The tests cover multiple plants, material strength, plant protection, and ease of assembly, indicating about half or more of the high-priority requirements were tested.","The testing procedures are described in very general terms without clear details on controls, variables, number of trials, or data collection methods. There is some indication of observational testing (e.g., checking plants before and after, comparing coverage), but the methodology lacks rigor and completeness.","The analysis is mostly narrative and opinion-based with no raw data, charts, graphs, or photos provided. The student summarizes outcomes but does not present detailed or visual data support to substantiate conclusions.","The summary of data implications is present but general and somewhat repetitive. It connects test results to design success and suggests a next step (changing twine), but implications are limited and do not fully address all major results or potential improvements.",cover multiple plants; made from strong material; protect plants from sun damage; easy to put together,"This Element I submission identifies and tests several important design requirements, including coverage of multiple plants, material strength, plant protection from sun damage, and ease of assembly. These requirements were inferred from the testing descriptions rather than explicitly stated, which is acceptable given the context. However, the testing evidence is mostly descriptive and lacks detailed documentation of procedures or data collection, limiting the ability to fully assess the rigor of the tests.

The testing procedures are outlined in broad terms, such as observing plant condition before and after placement or exposing the project to weather, but critical details like controls, variables, number of trials, and measurement methods are missing. This reduces clarity and completeness in understanding how the tests were conducted. The analysis is primarily narrative without supporting visuals or raw data, which weakens the strength of conclusions drawn about design success.

The summary of data implications touches on design strengths and suggests a next step to improve the twine, but it remains general and could be expanded to address all test results more thoroughly. To improve, the student should document detailed testing procedures including variables and controls, collect and present raw data with visual aids such as charts or photos, provide deeper analysis connecting data trends to design goals, and develop more comprehensive implications and next steps based on evidence. These enhancements will strengthen the credibility and usefulness of the testing and analysis.",1.666666667,2
Case028_4111.docx,,Placeholder text for scoring.,4,1,1,1,4,3,2,3,,,,,"The student conducted tests addressing all four inferred high-priority requirements, but the descriptions are brief and lack detailed evidence of comprehensive testing. The tests cover multiple plants, material strength, plant protection from sun, and ease of assembly, but the depth and rigor of testing are unclear.","The testing procedures are described in very general terms without clear explanation of controls, variables, data collection methods, or repeated trials. There is some indication of testing (e.g., putting the project outside in a storm), but no detailed methodology or raw data is provided.","The analysis is mostly narrative and opinion-based with no supporting visuals such as charts, graphs, photos, or raw data tables. The student summarizes outcomes but does not provide detailed or quantitative analysis.","The summary of data implications is present but very general and somewhat repetitive. The student identifies some next steps (e.g., changing twine to stronger string) but does not robustly connect data to design improvements or problem-solving.",cover multiple plants; use strong material; protect plants from sun damage; easy to assemble,"This Element I submission addresses several important design requirements, including covering multiple plants, using strong materials, protecting plants from sun damage, and ease of assembly. These requirements were inferred from the testing descriptions and analysis, as they were not explicitly listed. While the student reports conducting tests related to these priorities, the descriptions lack depth and detailed evidence, limiting confidence that all high-priority requirements were thoroughly tested.

The testing procedures are described in broad terms without clear details on how data was gathered or controlled. There is no mention of variables, repeated trials, or systematic data collection, which weakens the demonstration of testing comprehension. The analysis is primarily narrative and lacks supporting visuals such as charts, graphs, or photos, which would strengthen the explanation of how well the design met its goals.

The summary of data implications touches on design success and suggests a next step, but it remains general and does not fully explore how the data informs design improvements. To improve, the student should provide detailed testing procedures including variables and controls, include raw data and visual evidence to support analysis, and develop a more thorough summary connecting data to specific design changes. Additionally, explicitly stating requirements and linking each test to those requirements would clarify the testing focus and outcomes.",2,2
Case029_0001.pdf,,Placeholder text for scoring.,0,0,0,1,2,2,1,2,,,,,"The student tested some high-priority requirements such as power supply and motor strength, but testing was limited and informal. Other important requirements like protection from water and friction reduction were only mentioned as future steps, not tested.","The testing procedure is described in very general terms with minimal detail. There is mention of setting up the plant and activating the rollers, buzzer, and timer, but no clear data gathering methods, controls, or repeated trials are described.","The analysis is mostly narrative and opinion-based, with no raw data, charts, photos, or other visuals to support conclusions. The discussion relies on feedback from people rather than quantitative results.",The summary of data implications is partial and somewhat general. It identifies the need for a bigger motor and some design improvements but lacks detailed connection to test results or comprehensive next steps.,power supply adequacy; motor strength for material movement; protection of electronics from water; reduction of friction in rollers; durability of string,"This document shows some effort to test important design requirements, particularly the power supply and motor strength, which were inferred as high priority. However, the testing was informal and limited, with no evidence of systematic evaluation of all major requirements. Other key aspects like protection from water and friction reduction were only discussed as future improvements rather than tested.

The testing procedure lacks clarity and detail. While the student describes setting up the system and activating components, there is no explanation of how data was collected, what variables were controlled, or whether tests were repeated. This makes it difficult to assess the reliability of the findings. The analysis is primarily narrative and based on subjective feedback rather than objective data, and no visual evidence such as charts or photos is provided to support conclusions.

The summary of implications identifies some next steps, such as acquiring a bigger motor and protecting electronics, but these are general and not strongly tied to specific test results. To improve, the student should document detailed testing procedures including data collection methods, provide quantitative data or visuals to support analysis, and clearly link test outcomes to design changes. Including repeated trials and objective measurements would strengthen the evaluation and help guide effective design improvements.",0,1.75
Case030_2211.pdf,,Placeholder text for scoring.,2,2,1,1,2,2,1,2,,,,,"The student tested some high-priority requirements such as power supply and motor capability, but testing was limited and informal. Other important requirements like protection from water and friction reduction were only mentioned as future steps, not tested.","The testing procedure is described in very general terms with minimal detail. There is mention of setting up the plant and activating the motor and timer, but no clear data gathering methods, controls, or repeated trials are described.","The analysis is mostly narrative and opinion-based, with no raw data, charts, photos, or other visuals to support conclusions. The discussion relies on feedback from people rather than quantitative results.","The summary includes some implications such as needing a bigger motor and protecting electronics, but these are general and not strongly connected to detailed data or analysis.",power supply effectiveness; motor capability to turn material; protection of electronics from water; reduction of friction in rollers; durability of string,"This document shows an attempt to test some important design requirements, particularly the power supply and motor capability, which are high priority. However, the testing was informal and limited, with no evidence of systematic evaluation of all major requirements. Some requirements, like protection from water and friction reduction, were only discussed as future improvements rather than tested.

The testing procedure lacks clarity and detail. While the student describes setting up the plant and activating the system, there is no explanation of how data was collected, what variables were controlled, or whether tests were repeated. This makes it difficult to assess the reliability of the results. The analysis is primarily narrative and based on subjective feedback rather than quantitative data or visual evidence such as charts or photos.

The summary of data implications identifies some next steps, like acquiring a bigger motor and protecting electronics, but these are general and not strongly supported by detailed test results. To improve, the student should document specific test procedures and data collection methods, include quantitative data or visuals to support analysis, and connect findings more explicitly to design goals. Additionally, testing all high-priority requirements and reflecting on how results inform design changes would strengthen the report.",1.666666667,1.75
Case031_4433.pdf,,Placeholder text for scoring.,4,4,3,3,4,3,3,2,,,,,"The student tested three high-priority requirements: device scalability and accuracy, user input accuracy, and peak hour classification. All tests are marked as high priority and passed, indicating most important requirements were tested.","The testing procedure is somewhat clear from the table and summary, showing multiple trials and observations. However, details on how tests were conducted, measurement methods, controls, or data collection specifics are limited.",The analysis is partial and mostly narrative with minimal visual support beyond a summary table. There is no detailed interpretation of data trends or connection to design goals beyond stating tests passed.,"The summary provides a general statement that tests passed and the program meets requirements, but implications for design improvements or next steps are minimal and not well developed.",Device scalability and accuracy; User input accuracy; Peak hour classification,"This submission demonstrates testing of several important design requirements, including device scalability and accuracy, user input accuracy, and peak hour classification. These requirements were inferred from the tests conducted and are appropriately prioritized as high. The student provides evidence that these tests passed, which supports the design’s effectiveness in meeting key goals. However, the documentation lacks detailed descriptions of the testing procedures, such as how data was gathered, controlled variables, or the number of trials per test, limiting clarity on the rigor of the testing process.

The analysis is primarily narrative with a summary table but lacks detailed interpretation of the data or visual aids like graphs or charts that could better illustrate performance trends. The summary of data implications is brief and does not thoroughly address how the results inform design improvements or next steps. To strengthen this work, the student should provide more detailed testing procedures, include raw data or visual representations of results, deepen the analysis connecting data to design goals, and offer a more robust reflection on how the data guides future design decisions.",3.666666667,2.75
Case032_0532.pdf,,Placeholder text for scoring.,0,5,3,2,4,4,3,3,,,,,"The student conducted tests addressing most high-priority inferred requirements: scratch resistance, impact durability, weight stress, and instructional effectiveness. While the tests cover key aspects of durability and usability, some requirements like complete breakage prevention were only partially tested or had mixed results.","The testing procedures are generally well described, including participant grouping by strength, number of trials, and timing for stress tests. Data gathering methods such as counting scratches, observing breakage, and recording success rates in instruction tests are explained. However, some procedural details (e.g., controls, repeated trials) are limited or implicit.","The analysis includes summaries of results and some interpretation linking outcomes to design goals. Data is presented in tables, but visuals are minimal and lack charts or graphs. Narrative analysis is somewhat detailed but could be strengthened with more quantitative or visual data support.","The summary discusses implications such as filing edges to reduce scratches and improving internal walls for durability. It also identifies the best instructional method. However, implications are somewhat general and do not fully address all test results or next steps in detail.",Durability against scratches; Durability against impact from throwing; Weight-bearing capacity over time; Effectiveness of instructional methods for user learning,"This document demonstrates a solid effort in testing several important design requirements, including scratch resistance, impact durability, weight stress tolerance, and instructional effectiveness. These inferred requirements are well covered by the conducted tests, showing a clear focus on both product durability and user experience. However, some high-priority requirements, such as complete breakage prevention, were only partially addressed, suggesting room for more comprehensive testing.

The testing procedures are generally clear, with thoughtful grouping of participants and systematic data collection. The description of how data was gathered and categorized shows a good understanding of testing methods, though some procedural details like controls and repeated trials could be more explicitly stated. The analysis provides useful summaries and connects results to design goals, but it relies heavily on narrative rather than visual data representations. Including graphs or charts would enhance clarity and support conclusions more robustly.

The summary of data implications identifies meaningful next steps, such as filing sharp edges and reinforcing internal walls, and highlights the most effective instructional method. To improve, the student should provide more detailed visual data, clarify testing procedures with controls and repetitions, and expand the implications to cover all major results with specific design changes. These enhancements would strengthen the overall rigor and clarity of the testing documentation.",2.666666667,3.5
Case033_2111.pdf,,Placeholder text for scoring.,2,1,1,1,4,3,3,3,,,,,"The student conducted tests on most high-priority requirements including ease of maintenance, robustness, watertightness, and water distribution. However, the watering effectiveness test failed and was only conducted once, indicating some high-priority requirements were not fully tested or repeated.","The testing procedure shows some understanding with multiple trials for some tests and observations recorded. However, details on how data was gathered, measurement methods, controls, or repeated trials for all tests are limited or unclear.","The analysis includes verbal summaries and some tables/graphs (e.g., water level for bucket test), but visuals are minimal and not fully integrated. The narrative connects results to design goals but lacks depth and consistent detail.","The summary addresses some implications such as adding sprinklers to improve water distribution and notes robustness and maintenance success. However, implications are somewhat general and do not fully address all test results or next steps comprehensively.",Prototype must be easy to maintain; Prototype must water plants well; Prototype must be robust; Prototype must not leak; Prototype must spread water evenly,"The student tested several important design requirements, including ease of maintenance, robustness, watertightness, and water distribution. These requirements were inferred from the testing focus and observations. While most high-priority requirements were addressed, some tests, such as watering effectiveness, were limited in trials and failed, indicating incomplete testing coverage.

The testing procedures demonstrate an adequate understanding, with some repeated trials and observations recorded. However, the documentation lacks detailed descriptions of how data was collected, controlled variables, or measurement methods, which limits clarity and reproducibility. The analysis provides verbal summaries and some visual data, such as water level tables, but these visuals are minimal and not fully leveraged to deepen understanding.

The student summarizes the implications of the data by identifying design strengths and proposing adding sprinklers to improve water distribution. Yet, the implications could be more robust by addressing all major results and outlining clearer next steps. To improve, the student should provide more detailed testing procedures, increase the number of trials for failed tests, include richer visual data presentations, and develop more comprehensive reflections on how results inform design improvements.",1.333333333,3.25
Case034_5444.docx,,Placeholder text for scoring.,5,4,4,4,4,3,3,3,,,,,"The student tested most high-priority requirements inferred from the document, including ease of use, locking, unlocking, and stability of the pin mechanism. However, the rubber band mechanism was mentioned but not tested effectively.","The testing procedure is described with some clarity, including attempts to insert and remove the pin, move the desk, and spin the pole. However, details on data collection methods, controls, or repeated trials are limited, and raw data is not presented.","The analysis is partial and somewhat general, summarizing outcomes and user feedback but lacking detailed data presentation or visual support such as charts or photos.","The summary addresses some implications, such as the need to enlarge the hole for easier pin insertion, but does not comprehensively cover all results or next steps.",ease of use; ability to lock securely; ability to unlock easily; stability of locking mechanism,"This document demonstrates testing of several important design requirements, including ease of use, locking, unlocking, and stability of the pin mechanism. These requirements were inferred from the testing descriptions rather than explicitly listed, which is acceptable given the context. The student conducted practical tests such as inserting and removing the pin, moving the desk, and spinning the pole to assess stability. However, the testing procedure lacks detailed explanation of data collection methods, controls, or repeated trials, and no raw data or quantitative results are provided.

The analysis summarizes key findings and user feedback but remains somewhat general and lacks supporting visuals like graphs, photos, or tables that would strengthen the evaluation. The implications section identifies a clear next step—enlarging the hole to improve ease of locking—but does not fully address all test outcomes or potential design improvements. To improve, the student should provide more detailed descriptions of testing procedures, include quantitative or qualitative data collected during tests, incorporate visual evidence to support analysis, and expand the implications to cover all major results and future design considerations.",4.333333333,3
Case035_3333.docx,,Placeholder text for scoring.,3,3,3,3,4,3,3,4,,,,,"The student tested most high-priority requirements inferred from the document, including ease of use, locking, unlocking, and stability of the pin mechanism. However, the rubber band mechanism was mentioned but not tested effectively.","The testing procedure is described with some clarity, including attempts to insert and remove the pin, move the desk, and spin the pole. However, details on data collection methods, controls, or repeated trials are limited, and raw data is not presented.","The analysis is partial and somewhat general, summarizing outcomes and user feedback but lacking detailed quantitative data or visual support such as charts or photos to strengthen the conclusions.","The summary addresses some implications, such as the need to enlarge the hole for easier locking, but does not comprehensively cover all results or next steps for all mechanisms tested.",ease of use; ability to lock securely; ability to unlock easily; stability of locking mechanism,"The student effectively identified and tested several important design requirements, including ease of use, locking, unlocking, and the stability of the pin mechanism. These requirements were inferred from the testing descriptions, which focused on practical operation of the locking system. However, testing of the rubber band mechanism was mentioned but not substantiated with data, limiting completeness.

The testing procedures are described with reasonable clarity, detailing attempts to insert and remove the pin and to move or spin the desk components. Despite this, the documentation lacks specifics on how data was gathered, such as measurement methods, number of trials, or controls, and no raw data or visual evidence is provided. The analysis summarizes user feedback and general outcomes but remains partial and somewhat qualitative without supporting visuals or detailed data.

The summary of data implications identifies a key design improvement—enlarging the hole to ease locking—but does not fully address all test results or propose comprehensive next steps. To improve, the student should include quantitative data or visuals to support analysis, clarify testing procedures with details on data collection and controls, expand testing to cover all mechanisms mentioned, and provide a more thorough summary of implications and future design changes.",3,3
Case036_3210.pdf,,Placeholder text for scoring.,3,2,1,0,5,3,2,2,,,,,"The student tested most high-priority requirements including fit, strength, connectability, stability, and portability. All tests relate to important design goals, though some tests had limited repetitions.","Testing procedures are described in general terms with some details on test conditions and number of trials. However, data collection methods, measurement techniques, and controls are not fully explained.","Analysis is brief and mostly descriptive without detailed interpretation or quantitative data. No visual data such as photos, charts, or graphs are provided to support conclusions.",The summary of data implications is minimal and mostly restates test outcomes. There is limited reflection on how results inform design improvements or next steps.,Cable trough fits within designated space; Cable trough supports weight and movement; Cable trough connectors remain stable under stress; Cable trough remains stable without tipping or slipping; Cable trough is portable and ergonomically stackable,"This Element I submission demonstrates that the student conducted tests addressing several important design requirements, including fit, strength, connectability, stability, and portability of the cable trough. These requirements were inferred from the testing descriptions, which focus on practical performance aspects relevant to the design goals. The testing covers most high-priority requirements, showing a solid effort to validate key functions.

The testing procedures are described with some clarity, such as the number of trials and test conditions, but lack detailed explanation of data collection methods, controls, or measurement techniques. The analysis is mostly narrative and lacks quantitative data or visual evidence like photos or graphs, which would strengthen the evaluation of design performance. Additionally, the summary of data implications is limited, providing only basic conclusions without deeper reflection on how the results could guide design improvements or next steps.

To improve, the student should document testing procedures more thoroughly, including how data was gathered and controlled. Incorporating visual evidence such as photos or charts would enhance the analysis detail. Providing quantitative data and interpreting it in relation to design goals would strengthen conclusions. Finally, expanding the summary to discuss implications for design changes or future testing would improve the overall reflection and usefulness of the testing documentation.",2,2.75
Case037_4110.pdf,,Placeholder text for scoring.,4,1,1,0,4,3,2,2,,,,,"The student tested most high-priority requirements including fit, strength, connectability, stability, and portability. All tests relate to important design goals, though some requirements may be missing or less emphasized.","Testing procedures are described in general terms with some details on test conditions and number of trials. However, data collection methods, measurement details, and controls are minimal or absent.","Analysis is brief and mostly descriptive without detailed interpretation or quantitative data. No visual evidence such as photos, charts, or graphs is provided to support conclusions.","The summary of data implications is partial and somewhat general. Some connections to design success are made, but implications for improvements or next steps are limited.",Cable trough fits within designated space; Cable trough supports weight and movement; Cable trough connectors remain stable under stress; Cable trough remains stable without tipping or slipping; Cable trough is portable and ergonomically stackable,"The student conducted tests addressing several important design requirements, including fit, strength, connector stability, overall stability, and portability. These inferred requirements align well with the high-priority goals of the cable trough design. However, while the tests cover most key areas, the documentation lacks explicit mention of all possible critical requirements, and some tests have limited scope.

The testing procedures are described in a straightforward manner, indicating the number of trials and general test conditions. Yet, the descriptions lack detail on how data was gathered, controlled, or measured, which limits clarity and reproducibility. The analysis is mostly narrative and lacks quantitative data or visual aids such as photos or graphs that would strengthen the evaluation of design performance.

The summary of data implications touches on design success but does not fully explore what the results mean for future improvements or problem-solving. To improve, the student should provide more detailed testing procedures including measurement methods and controls, incorporate visual evidence to support analysis, expand the depth of data interpretation, and clearly articulate implications and next steps based on test outcomes.",2,2.75
Case038_2111.pdf,,Placeholder text for scoring.,2,1,1,1,4,2,1,2,,,,,"The student conducted tests on two high-priority requirements: flotation and microplastic collection. Both tests were described as high priority and were physically conducted in relevant environments (pool, ocean). However, only two requirements were tested, so 'most' but not 'all' high-priority requirements were tested.","The testing procedures are described in very general terms with minimal detail. The float test procedure mentions testing in a bin, pool, and ocean with adjustments, but lacks specifics on variables, controls, or repeated trials. The collection test is briefly mentioned without explanation of data gathering or measurement methods.","The analysis is minimal and largely opinion-based, with no raw data, charts, graphs, or photos provided. The student states the ROV floats and collects microplastics but offers no detailed data summary or interpretation beyond this claim.","The summary of data implications is very brief and generic, stating the ROV works and the project is finished. There is no discussion of design improvements, limitations, or next steps beyond 'we are done.'",ROV must float; ROV must collect microplastics,"This report demonstrates that the student tested two important design requirements: the ROV's ability to float and to collect microplastics. These requirements were inferred from the testing descriptions and are clearly high priority for the project. The tests were conducted in relevant environments, such as a pool and the ocean, which strengthens the validity of the testing effort. However, the documentation lacks comprehensive detail about the testing procedures. The descriptions are vague and do not include information about variables controlled, number of trials, or specific data collection methods, which limits understanding of the testing rigor.

The analysis of the test results is minimal and unsupported by any raw data, charts, or visual evidence. The student’s conclusions are largely opinion-based without quantitative or qualitative data summaries. Additionally, the implications section is very brief and does not explore potential design improvements or next steps, simply stating the project is complete. To improve, the student should provide detailed testing procedures including controls and repeated trials, collect and present raw data or visuals, and offer a more thorough analysis connecting results to design goals. Including reflections on possible design changes or future work would also strengthen the report.",1.333333333,2
Case039_3332.pdf,,Placeholder text for scoring.,3,3,3,2,5,4,3,3,,,,,"The student conducted tests on all high-priority requirements inferred from the document: stability on multiple surface materials, secure wall mounting under specified weight and time, and ability to hold sockets without damage.","The testing procedures are clearly described with independent and dependent variables, controls, and repeated trials. Data gathering methods are explained, though some details such as measurement precision or data recording methods are limited.","The analysis summarizes results and connects them to design goals. Photos are provided as visual evidence, but no graphs or charts accompany the raw data. The analysis is somewhat detailed but could be strengthened with more quantitative interpretation and visual data representation.","The summary addresses the implications of the data for design success and readiness for production. However, implications are generally broad and do not deeply explore potential design improvements or next steps beyond maintaining current performance.",Prototype remains motionless on various flat surface materials for 30 seconds; Prototype remains securely mounted on a wall bearing weight of 10 ½ inch sockets for at least 15 minutes; Prototype holds 10 ½ inch sockets securely without damage indefinitely,"This portfolio demonstrates a solid effort in testing all major inferred design requirements, including stability on various surfaces, secure wall mounting under load, and socket holding capacity. The student clearly identified high-priority requirements and conducted repeated trials to verify performance, which strengthens the validity of the testing outcomes.

The testing procedures are generally well described, with clear identification of variables and controls. However, the documentation could benefit from more detailed descriptions of data collection methods and measurement precision to enhance clarity. The analysis provides a reasonable summary of results and includes photographic evidence, but lacks quantitative visuals such as graphs or charts that would better illustrate trends and support conclusions.

The implications section acknowledges that the design meets current requirements and is ready for production, but it offers limited insight into potential improvements or future testing. To improve, the student should include more detailed quantitative analysis, incorporate graphical data representations, expand on implications with specific next steps or design modifications, and clarify data collection methods. These enhancements would provide a more comprehensive and convincing evaluation of the design’s performance.",3,3.75
Case040_3444.pdf,,Placeholder text for scoring.,3,4,4,4,5,4,3,4,,,,,"The student conducted tests on all high-priority requirements inferred from the document: stability on different materials, wall mounting under specified weight, and secure holding of sockets.","Testing procedures are clearly described with independent and dependent variables, controls, and repeated trials. Data gathering methods are logical and consistent, though some details like measurement tools or exact data collection methods are not fully elaborated.","Analysis summarizes results and connects them to design goals. Photos are provided as visual evidence, but no graphs or charts accompany the raw data. The analysis is somewhat detailed but could be strengthened with more quantitative interpretation and visual data representation.","The summary addresses the implications of the data for design success and readiness for production. However, implications are somewhat general and do not deeply explore potential design improvements or next steps beyond maintaining current performance.",Prototype remains motionless on various flat surface materials for 30 seconds; Prototype remains mounted on wall bearing weight of 10 ½ inch sockets for 15 minutes; Prototype holds 10 ½ inch sockets securely without damage,"The student effectively tested all major inferred high-priority design requirements, including prototype stability on various materials, secure wall mounting under load, and socket holding capacity. This comprehensive testing demonstrates a strong focus on critical functional aspects of the design. However, while the testing procedures are generally clear and include variables, controls, and repeated trials, some procedural details such as specific measurement methods or data recording techniques could be more explicitly described to enhance clarity.

The analysis provides a reasonable summary of results and relates them to design goals, supported by multiple photos as visual evidence. Yet, the absence of graphs or charts limits the depth of data interpretation. The implications section acknowledges design success and readiness but remains somewhat generic, missing opportunities to suggest targeted improvements or detailed next steps based on the data.

To improve, the student should include quantitative visualizations like graphs or tables to better illustrate data trends, provide more detailed descriptions of data collection methods, and expand the implications discussion to explore potential design refinements. Additionally, clarifying the rationale behind test repetitions and including raw data in a more accessible format would strengthen the documentation.",3.666666667,3.75
Case041_1221.pdf,,Placeholder text for scoring.,1,2,2,1,4,4,2,3,,,,,"The student tested the bookend's ability to sustain different weights, including incremental increases and multiple trials, covering most high-priority requirements related to strength and stability.","The testing procedure is clearly described with identification of controls, independent and dependent variables, repeated trials, and consistent testing conditions, demonstrating ample understanding of testing.","The analysis is partial and mostly narrative, summarizing that the bookend held weight without damage, but lacks detailed data presentation, visuals, or quantitative analysis to fully support conclusions.","The summary of data implications is developing, noting the bookend's success and suggesting simplification for future designs, but it lacks detailed connection to specific test results or comprehensive next steps.",bookend must sustain weight of books without breaking; bookend must remain stable under load; bookend must function reliably over multiple uses,"The student effectively tested the bookend's ability to sustain weight, focusing on inferred high-priority requirements such as strength, stability, and durability over multiple uses. The testing covered incremental weight increases and multiple trials, demonstrating a solid approach to verifying key design goals. However, the requirements were not explicitly stated, and some lower-priority aspects may have been overlooked.

The testing procedure is clearly outlined, with identification of controls, variables, and repeated trials, showing a good understanding of experimental design and data collection. Despite this, the analysis lacks depth; it is primarily narrative without supporting visuals such as charts, tables, or photos that would strengthen the interpretation of results. The data summary is brief and general, with limited discussion of how the results inform design improvements beyond a suggestion to simplify the construction process.

To improve, the student should explicitly state design requirements before testing, include detailed raw data or visual evidence to support analysis, deepen the interpretation of results with quantitative insights, and provide a more comprehensive summary of implications that directly link test outcomes to design changes and next steps. Adding these elements will enhance clarity, rigor, and usefulness of the testing documentation.",1.666666667,3
Case042_2321.pdf,,Placeholder text for scoring.,2,3,2,1,4,4,2,3,,,,,"The student tested the bookend's ability to sustain different weights, which are key high-priority requirements inferred from the testing. Multiple weight levels were tested, including partial and full load, with repeated trials. However, only weight-related requirements were tested; other possible requirements like durability over time or ease of use were not addressed.","The testing procedure is clearly described with identification of controls, independent and dependent variables, and repeated trials. The student explains how tests were conducted and how data was gathered. However, raw data or measurement details beyond weights are not provided, and some procedural details could be more precise.","The analysis is brief and general, stating the bookend held weight without breaking and was stable. There is minimal detail or interpretation of data trends, and no visual evidence such as charts, tables, or photos to support the analysis.","The summary of data implications is present but very general, noting the bookend's success and suggesting simplification of the design process. It does not address all major results in detail or specific next steps based on the data.",bookend must sustain weight without breaking; bookend must remain stable under load; bookend must function reliably over multiple uses,"The student effectively tested important inferred design requirements related to the bookend’s ability to sustain weight and maintain stability, conducting multiple trials at different weight levels. This demonstrates a solid focus on key functional aspects, though other potential requirements such as long-term durability or user interaction were not explored. The testing procedure is clearly outlined, with identification of variables and controls, and repeated trials to ensure reliability. However, the documentation lacks detailed raw data or precise measurement methods, which would strengthen the procedural clarity.

The analysis of the test results is somewhat limited, providing a general statement of success without detailed interpretation or supporting visuals like graphs or photos. Including such evidence would enhance understanding of performance trends and design effectiveness. The summary of data implications touches on the design’s success and suggests simplifying the construction process, but it remains broad and does not fully connect specific results to actionable next steps.

To improve, the student should include detailed raw data and visual evidence to support analysis, expand the interpretation of results to explain design performance more thoroughly, and provide a more comprehensive summary linking data to specific design improvements. Additionally, testing a broader range of requirements and documenting precise measurement methods would strengthen the overall testing documentation.",2.333333333,3
Case043_3202.pdf,,Placeholder text for scoring.,3,2,0,2,4,3,3,4,,,,,"The team tested most high-priority requirements, including structural strength and durability under load, and safety for animal interaction. They applied an 80-pound load to the arm, which is a significant test of the design's ability to support toys up to 100 pounds. However, not all requirements such as exact toy placement effects or environmental factors were tested.","The testing procedure is described with reasonable clarity, including the applied load, the use of reinforcements, and observations of flexing. However, details on data collection methods, number of trials, measurement techniques, or quantitative data are limited or absent, reducing the completeness of the procedure.","The analysis discusses design changes and improvements based on observed flexing and structural performance, but lacks detailed quantitative data, charts, photos, or other visuals to support conclusions. The narrative is partial and somewhat general without strong visual or numerical evidence.","The summary addresses key results and implications, such as the need for reinforcements and improved durability, and reflects on the importance of ongoing testing. However, implications are somewhat general and do not fully explore all major results or specific next steps.",Support toys weighing up to 100 pounds safely; Extend arm over 8-foot fence for animal access; Ensure structural integrity and durability under load; Provide safe interaction for Elands with enrichment toys,"The team effectively identified and tested several important design requirements, particularly focusing on the structural strength and safety of the enrichment hanger under load. Their testing of the arm’s ability to support an 80-pound force addresses a critical safety margin for the intended 100-pound toy weight, demonstrating a strong focus on key functional requirements. However, some requirements, such as the impact of toy placement and environmental conditions, were not explicitly tested.

The testing procedure is described with reasonable clarity, including the application of load and the iterative design improvements with brackets. Yet, the documentation lacks detailed information on data collection methods, number of trials, and measurement techniques, which limits the reader’s understanding of the rigor and repeatability of the tests. The analysis provides a narrative of design improvements but is only partially supported by data and lacks visual evidence such as graphs or photos that would strengthen the conclusions.

To improve, the team should include quantitative data and visuals to support their analysis, provide more detailed descriptions of testing procedures including controls and repetitions, and expand the summary of data implications to specify concrete next steps or design refinements. Additionally, explicitly stating all design requirements and linking them clearly to tests would enhance clarity and completeness.",1.666666667,3
Case044_0000.pdf,,Placeholder text for scoring.,0,0,0,0,0,0,0,0,,,,,No tests were conducted or described for any design requirements.,"No testing procedures, data gathering, or analysis methods were described.",No analysis or visual data support was provided.,No summary or implications of data were presented.,,"The document does not provide any evidence of completed testing or data collection related to the design requirements. Because no prototype was built or tested, no important design requirements could be evaluated or verified through testing. Consequently, it is not possible to infer specific requirements from testing or analysis content.

There is no description of testing procedures, data gathering methods, or analysis techniques, which limits understanding of how the design might have been evaluated. The absence of raw data, charts, graphs, photos, or tables means there is no detailed analysis to assess the design’s effectiveness or performance. Furthermore, the document lacks any summary of results or implications for improving the design or addressing the problem.

To improve, future documentation should include completed tests targeting key design requirements, detailed descriptions of testing procedures including variables and controls, and presentation of collected data with supporting visuals. Additionally, thorough analysis connecting results to design goals and a clear summary of implications or next steps would strengthen the evaluation. Building and testing a prototype or model would provide essential evidence to support these elements.",0,0
Case045_0000.pdf,,Placeholder text for scoring.,0,0,0,0,0,0,0,0,,,,,No tests were conducted or described for any design requirements.,"No testing procedures, data gathering, or analysis methods were described.",No analysis or visual/data support was provided.,No summary or implications of data were presented.,,"The document does not provide any evidence of completed testing or data collection related to the design requirements. Because no prototype was built or tested, no important design requirements could be evaluated or verified through testing. Consequently, it is not possible to infer specific requirements from testing or analysis content.

There is no description of testing procedures, data gathering methods, or analysis techniques, which makes it impossible to assess the student's understanding of testing or the rigor of their approach. Additionally, the document lacks any form of analysis, visual evidence, or data presentation that would demonstrate how the design met or failed to meet goals. Without data or results, there is no basis for summarizing implications or suggesting design improvements.

To improve, the student should prioritize completing at least a basic prototype or model to enable meaningful testing. They should document specific tests conducted on key design requirements, including detailed procedures and data collection methods. Incorporating raw data, charts, or photos would strengthen analysis and support conclusions. Finally, reflecting on test results to identify design changes or next steps will enhance the overall quality and completeness of the testing documentation.",0,0
Case046_4221.pdf,,Placeholder text for scoring.,4,2,2,1,3,2,2,2,,,,,"The student tested about half of the high-priority requirements explicitly: holding the gong weight, swinging freely, elegant design, and integrated mute were tested to some extent. The low cost requirement was acknowledged but not meaningfully tested. Testing was mostly qualitative and limited in scope.","The testing procedures were described in a general and informal manner with limited detail. Data gathering was mostly observational and anecdotal (e.g., holding weight by standing on the stand, hitting the gong, asking for opinions). There was no mention of controls, repeated trials, or quantitative measurements.","The analysis was partial and mostly narrative with minimal data support. There were no visuals such as photos, charts, or graphs included. The student summarized outcomes and some issues (e.g., mute pedal difficulty, occasional gong contact) but did not provide detailed or quantitative analysis.","The summary of data implications was developing but limited. The student identified some areas needing improvement (mute mechanism) and acknowledged cost issues, but implications were vague and did not fully address all major results or next steps in a robust manner.",hold gong weight; swing freely and balanced; elegant design; integrated mute; low cost,"This document demonstrates that several important design requirements were tested, including the ability to hold the gong's weight, the freedom of swing, aesthetic appeal, and the integrated mute function. However, the low cost requirement was not meaningfully tested, and testing was largely qualitative and informal. The student showed some understanding of testing by describing how they applied weight and observed the gong's movement, but the procedures lacked rigor, controls, and quantitative data collection.

The analysis provided was mostly narrative and lacked detailed data or visual evidence such as photos or charts to support conclusions. While the student noted some successes and areas for improvement, especially regarding the mute mechanism, the implications for design changes and next steps were only partially developed. The document would benefit from clearer, more systematic testing procedures, inclusion of quantitative data, and visual documentation to strengthen the analysis.

To improve, the student should: 1) incorporate repeated trials and quantitative measurements to better support conclusions; 2) include photos or charts to visually document test results; 3) provide a more detailed and structured analysis connecting data to design goals; and 4) develop a more comprehensive summary of implications that clearly guides future design improvements.",2.666666667,2.25
Case047_4322.pdf,,Placeholder text for scoring.,4,3,2,2,4,2,2,2,,,,,"The student tested about half of the high-priority requirements explicitly: holding the gong weight, swinging freely, elegant design, and integrated mute. The low cost requirement was acknowledged but not meaningfully tested. Testing was mostly qualitative and limited in scope.","The testing procedures were described in a general and informal manner with limited detail. Data gathering was mostly observational and anecdotal, with no quantitative measurements or repeated trials. The approach to testing was partial and lacked rigor.","The analysis was partial and mostly narrative with minimal data support. There were no visuals such as photos, charts, or graphs to support the analysis. The student summarized results but did not deeply analyze or connect data to design goals in detail.","The summary of data implications was developing but incomplete. Some implications and next steps were mentioned, especially regarding the mute and cost, but the discussion was general and did not address all major results comprehensively.",hold gong weight; swing freely and balanced; elegant design; integrated mute; low cost,"This document identifies and tests several important design requirements, including the ability to hold the gong's weight, swing freely, aesthetic appeal, and the integrated mute. However, the low cost requirement was not meaningfully tested, limiting the completeness of the testing scope. The tests conducted were mostly qualitative and observational, with limited quantitative data or formal procedures. The description of testing methods lacked detail on controls, variables, or repeated trials, which reduces confidence in the rigor of the testing process.

The analysis provided is primarily narrative and lacks supporting visuals such as photos, charts, or data tables that could strengthen the interpretation of results. While the student summarizes outcomes and notes some design successes and areas for improvement, the connection between data and design goals could be more explicit and detailed. The implications section begins to address next steps, particularly for the mute mechanism and cost considerations, but it remains somewhat general and could better integrate all test results.

To improve, the student should document testing procedures with clearer steps, include quantitative data or repeated trials where possible, and incorporate visual evidence to support analysis. Additionally, a more thorough reflection on how each test result informs design changes or future work would enhance the implications section. Finally, addressing the low cost requirement with measurable data or comparisons would complete the testing coverage.",3,2.25
Case048_0100.docx,,Placeholder text for scoring.,0,1,0,0,1,1,1,2,,,,,"The document indicates some attempt to test the vacuum sealing concept using an apple and a bag, but no high-priority requirements such as effectiveness of preservation or safety were meaningfully tested. Testing was minimal and incomplete.","The testing procedure is described in very general terms with limited detail. There is mention of materials used and a brief description of the process, but no clear data gathering methods, controls, repeated trials, or measurement techniques are provided.","The analysis is minimal and mostly narrative without supporting data, visuals, or quantitative results. There are no graphs, charts, photos, or tables to support the conclusions, and the explanation of results is vague.","The summary of data implications is weak and overly general. While some reflection on material limitations and potential improvements is present, there is no robust discussion of how the data informs design changes or next steps.",preserve fruit shelf life; ensure product safety; effectively vacuum seal fruit bags,"The document shows a basic attempt to test the design requirement of preserving fruit shelf life through vacuum sealing, but the testing was very limited and did not cover all important requirements such as safety or effectiveness comprehensively. The testing procedure lacks clarity and detail, with only a brief narrative describing the use of a blow dryer, bag, and apple. There is no evidence of systematic data collection, controls, or repeated trials, which limits confidence in the results.

The analysis is minimal and unsupported by any visual data or quantitative evidence, making it difficult to assess how well the design met its goals. The narrative mentions that the bag did not seal properly and that better materials could improve performance, but this reflection is not strongly connected to measured outcomes. The summary of implications is similarly weak, offering only general suggestions without clear links to test results or specific next steps.

To improve, the team should document detailed testing procedures including variables, controls, and repeated trials. Collecting and presenting quantitative data with visuals such as photos or charts would strengthen analysis. Explicitly linking test results to design goals and summarizing clear implications for design improvements would enhance the overall quality of the testing documentation.",0.333333333,1
Case049_0000.docx,,Placeholder text for scoring.,0,0,0,0,1,1,1,1,,,,,"The document indicates an attempt to test the vacuum sealing of an apple to preserve fruit shelf life, but testing was minimal and incomplete. Only one fruit type was tested, and the test was not fully successful. No other high-priority requirements were tested.","The testing procedure is described in very general terms with limited detail. There is mention of materials used and a basic sequence of steps, but no clear data gathering methods, controls, repeated trials, or measurement techniques are provided.","The analysis is minimal and mostly narrative without supporting visuals, data tables, or quantitative results. The student notes the bag did not seal properly and the prototype failed, but no detailed analysis or data interpretation is presented.",The summary of data implications is weak and overly general. The student acknowledges that better materials and testing are needed but does not clearly connect test results to specific design improvements or next steps.,preserve fruit shelf life; ensure product safety; effectively vacuum seal fruits,"The document shows a basic attempt to test the important design requirement of preserving fruit shelf life through vacuum sealing, but testing was very limited and incomplete. Only one fruit type was tested, and the prototype did not function as intended, indicating that key requirements were not fully evaluated. The testing procedure lacks clarity and detail; while the student describes the materials and a rough sequence of steps, there is no evidence of systematic data collection, controls, or repeated trials. This limits the ability to assess the reliability of the results. The design analysis is minimal and primarily narrative, with no supporting visuals, data tables, or quantitative evidence to substantiate conclusions. The student notes the failure of the prototype but does not provide detailed interpretation of the results. The summary of data implications is weak and general, acknowledging the need for better materials and further testing but lacking specific, actionable insights tied to the test outcomes. To improve, the student should document testing procedures more thoroughly, including variables and controls; collect and present quantitative data with visuals such as photos or charts; analyze results in detail connecting them to design goals; and provide clear, evidence-based implications and next steps for design improvement.",0,1
Case050_2112.docx,,Placeholder text for scoring.,2,1,1,2,4,3,2,3,,,,,"The student tested most high-priority requirements such as melting ice within 2 minutes, maintaining temperature above 100 degrees, and operating on salt-free ground. However, some requirements like the robot moving 100 feet across concrete were mentioned but not clearly tested.","The testing procedure shows adequate understanding with explanations of variables, controls, and trial numbers. However, only three trials were conducted instead of the recommended five, and data collection details are somewhat incomplete and mostly descriptive rather than quantitative.","The analysis is partial and somewhat general, with limited visual data support. The student discusses potential charts and data plotting but does not provide actual charts, graphs, or raw data. The narrative connects results to design goals but lacks detailed quantitative analysis.","The summary of data implications addresses several major results and next steps, such as heating cable requirements and power considerations. However, some implications are generic and could be more explicitly tied to specific data trends or test outcomes.",Melt ice on concrete within 2 minutes; Maintain heating element temperature above 100 degrees; Operate on salt-free ground; Robot must move 100 feet across concrete; Conduct multiple trials for reliability,"The student demonstrated a solid effort in testing several important design requirements, including the robot's ability to melt ice within two minutes and maintain a temperature above 100 degrees. These requirements were clearly prioritized and tested, though some aspects like the robot's movement across 100 feet of concrete were mentioned but not evidently tested. This limits the completeness of the testing coverage.

The testing procedure shows an adequate understanding of scientific methods, including identification of independent and dependent variables, controls, and trial repetition. However, the number of trials was fewer than recommended, and the data collection lacks detailed quantitative records or raw data presentation. The analysis is somewhat general and would benefit from inclusion of actual charts, graphs, or tables to support conclusions more robustly.

The student provides a reasonable summary of the implications of their data, identifying next steps such as optimizing heating cable temperature and power management. To improve, the student should increase the number of trials, include detailed raw data and visualizations, provide more quantitative analysis connecting data trends to design success, and explicitly test all inferred requirements such as robot mobility. These steps will strengthen the rigor and clarity of the testing and analysis.",1.333333333,3
Case051_3210.pdf,,Placeholder text for scoring.,3,2,1,0,4,3,2,2,,,,,"The student conducted tests on most high-priority requirements including clamping to the pole, sturdiness, and adjustability. Cost effectiveness was tested but is a lower priority. The testing covered multiple trials and different aspects of the design, showing focus on important requirements.","The testing procedure is described with multiple trials and some details on how tests were conducted (e.g., applying pressure, adjusting clamp). However, the description lacks clarity on controls, measurement methods, and data collection specifics. Timing data is provided but other data types are minimal.",The analysis includes some summary of trial outcomes and pass/fail results with timing data. Visual support is limited to tables with trial times and pass/fail status. The narrative connects results to design goals but lacks detailed interpretation or graphical data presentation.,"The summary addresses some implications, noting the final design's improved sturdiness and one failed trial. However, implications are brief and do not fully explore all test results or suggest detailed next steps for design improvement.",mechanism must clamp to the pole; mechanism must be sturdy; mechanism must be adjustable; mechanism must be cost effective,"The student effectively tested most of the high-priority design requirements, including the mechanism’s ability to clamp to the pole, its sturdiness, and adjustability. The cost effectiveness requirement was also tested but is lower priority. This shows a good focus on important aspects of the design. However, the testing procedures could be described more clearly and completely. While multiple trials were conducted and some timing data was recorded, details about controls, measurement methods, and data collection processes are limited, which reduces clarity and reproducibility.

The analysis provides a basic summary of trial outcomes with pass/fail results and timing data, supported by tables. However, the use of visuals is minimal and the interpretation of results is somewhat superficial. The student connects the data to design goals but does not provide detailed insights or graphical representations that could strengthen the analysis. The summary of data implications touches on the improved sturdiness of the final design and notes a failed trial, but it lacks a robust discussion of all results and specific next steps for design refinement.

To improve, the student should provide clearer descriptions of testing procedures including controls and measurement methods, include more detailed and varied data visualizations such as graphs or photos, deepen the analysis by interpreting trends and connecting them explicitly to design goals, and expand the summary to discuss all major results with concrete implications and recommendations for future design iterations.",2,3.25
Case052_3321.pdf,,Placeholder text for scoring.,3,3,2,1,4,3,3,3,,,,,"The student tested most high-priority requirements including clamping to the pole, sturdiness, and adjustability with multiple trials. Cost effectiveness was tested but is a lower priority. The testing covers the majority of important design requirements.","The testing procedure is described with multiple trials and some details on how tests were conducted (e.g., applying pressure, adjusting clamp). However, the description lacks clarity on controls, measurement methods, and data collection specifics. Data gathering is implied but not fully detailed.",The analysis includes a summary of trial outcomes and pass/fail results with some timing data. Visual evidence is limited to tables with trial times and pass/fail status; no graphs or photos are provided. The narrative connects results to design goals but is somewhat brief.,"The summary addresses some implications, noting the final design was more sturdy due to the square nub and that only one trial failed. However, implications for other requirements and next steps are minimal and could be expanded.",mechanism must clamp to the pole; mechanism must be sturdy; mechanism must be adjustable; mechanism must be cost effective,"This Element I submission demonstrates a solid effort in testing several important design requirements, including the mechanism's ability to clamp to the pole, its sturdiness, and adjustability. These high-priority requirements were tested with multiple trials, providing a reasonable basis for evaluation. The cost effectiveness requirement was also tested but is lower priority. However, the testing procedures could be described more clearly, especially regarding how data was collected and controlled. While multiple trials were conducted, details such as measurement methods and controls are not fully explained, which limits the clarity of the testing process.

The analysis includes pass/fail outcomes and timing data, which helps interpret the design's performance. Yet, the visual evidence is limited to tables without supporting graphs or photos that could enhance understanding. The narrative connects the results to design goals but remains somewhat brief and could benefit from deeper analysis. The summary of data implications identifies that the final design improved sturdiness but does not fully address other results or suggest comprehensive next steps.

To improve, the student should provide clearer descriptions of testing procedures and data collection methods, include more varied visual evidence such as photos or graphs, expand the analysis to interpret all test results in detail, and offer a more robust summary of implications with specific recommendations for design improvements or future testing.",2.666666667,3.25
Case053_2210.docx,,Placeholder text for scoring.,2,2,1,0,2,2,1,1,,,,,"Only some high-priority requirements were tested. Size and ease of use were tested, but programmability and plant-specific functionality were not tested due to resource limitations. Style, a low-priority requirement, was also tested.","Testing procedures are described in very general terms with minimal detail. Data gathering methods are briefly mentioned (e.g., measuring size, asking classmates for ratings), but no controls, repeated trials, or measurement specifics are provided.","There is little to no analysis of the test results. No data, charts, or visuals are provided. The narrative lacks interpretation or connection of results to design goals.",The summary of data implications is minimal and overly general. There is no clear explanation of what the data means for design success or next steps.,Device programmability; Device size fits plant tray; Ease of use; Functionality specific to each plant; Device style/aesthetics,"This Element I submission identifies several important design requirements, including programmability, size, ease of use, plant-specific functionality, and style. However, only some of these high-priority requirements were actually tested. The size and ease of use tests were conducted, while programmability and plant-specific functionality were not tested due to resource constraints. The style test, a low-priority requirement, was also performed. This limits the overall coverage of critical design aspects.

The testing procedures are described in a very general manner, with minimal detail on how data was collected or controlled. For example, the ease of use and style tests involved asking classmates for ratings, but no information on sample selection, rating criteria, or repeated trials is provided. There is no presentation of raw data, charts, or photos to support the findings. The analysis is minimal, lacking interpretation or connection to design goals, and the summary of implications is vague and does not clearly address how the data informs design improvements or next steps.

To improve, the student should document completed tests with detailed procedures, including controls and repeated trials where applicable. Collecting and presenting raw data or visuals such as tables or graphs would strengthen the analysis. Providing clear interpretation of results and explicit implications for design changes or future work would enhance the overall quality of the testing documentation.",1.666666667,1.5
Case054_3331.pdf,,Placeholder text for scoring.,3,3,3,1,4,3,2,2,,,,,"The student tested most high-priority requirements: structure dimensions, detection and notification time, and suppression time. The tests focused on these key aspects, though some results were inconsistent and not all trials fully succeeded.","The testing procedure is somewhat clear with descriptions of trials, sensor thresholds, and hardware modifications. However, details on controls, variables, and exact data collection methods are limited, and raw data is incomplete.","The analysis includes some observations and a verbal summary, but it is partial and lacks detailed interpretation. Visual data is minimal and incomplete, with only partial tables and no graphs or charts to support conclusions.","The summary addresses some implications, such as the importance of structure and sensor adjustments, but it is general and does not fully connect data to design improvements or next steps.",Structure dimensions accuracy; Detection and notification time under 30 seconds; Fire suppression time under 2 minutes,"This document demonstrates testing of several important design requirements, including structure dimensions, detection and notification time, and fire suppression time. While these requirements were not explicitly listed, they were clearly inferred from the testing focus. The student conducted multiple trials and made adjustments based on initial failures, showing engagement with the testing process. However, the testing procedure lacks detailed explanation of controls, variables, and consistent data collection methods, limiting clarity.

The analysis provides some observations and a verbal summary but is only partially detailed and supported by visuals. The data tables are incomplete and lack graphs or charts that could better illustrate trends and results. The summary of data implications touches on some key points but remains general and does not fully explore how the results inform design improvements or next steps.

To improve, the student should provide a clearer, more detailed description of the testing procedures, including variables and controls. More complete and organized raw data, supported by graphs or charts, would strengthen the analysis. Additionally, a more thorough interpretation connecting results to design goals and specific recommendations for future work would enhance the summary. Including photos or diagrams of the test setup could also improve clarity and evidence.",3,2.75
Case055_4334.pdf,,Placeholder text for scoring.,4,3,3,4,4,3,3,3,,,,,"The student tested most high-priority requirements including insect capture effectiveness, size, weight, and assembly time. However, the insect capture requirement was only partially met and tested in multiple locations, with some tests not meeting the target.","The testing procedure is described with some clarity, including prototype placement and insect counts in different locations. However, details on controls, repeated trials, measurement methods, or environmental conditions are limited, reducing the demonstration of full comprehension.","The analysis includes a summary table of data and narrative interpretation connecting results to design goals. Visual data support is minimal and limited to a simple table; no graphs, photos, or charts are provided.","The summary addresses some implications of the data, noting which requirements were met and which were not, and suggests possible limiting factors. However, next steps and design improvements are only briefly mentioned without detailed plans.",neutralize or catch insects in one area; size less than 14x14x14 inches; weight less than one pound; assembly time under 10 minutes; catch at least 10 insects in one location,"This testing documentation demonstrates a solid effort to evaluate important design requirements, including insect capture effectiveness, size, weight, and assembly time. The requirements were mostly inferred from the testing and analysis, which is appropriate given the context. The student conducted tests in multiple locations and collected quantitative data on insect capture, which strengthens the evidence for meeting some key goals. However, the testing procedure lacks detail on controls, repeated trials, and environmental factors, which limits the clarity and completeness of the methodology.

The analysis provides a basic summary of results with a data table and narrative interpretation linking outcomes to design goals. While this is helpful, the absence of richer visual evidence such as graphs, photos, or charts reduces the depth of analysis. The summary of data implications identifies which requirements were met and suggests possible reasons for shortcomings, but it could be expanded to include more specific next steps or design changes.

To improve, the student should document testing procedures more thoroughly, including controls and trial repetitions. Incorporating visual data representations like graphs or photos would enhance analysis detail. Additionally, a more robust discussion of design improvements and next steps based on test results would strengthen the implications section. Finally, clarifying environmental conditions during testing would provide better context for interpreting results.",3.333333333,3.25
Case056_3221.pdf,,Placeholder text for scoring.,3,2,2,1,4,3,3,3,,,,,"The student tested most high-priority requirements including insect capture effectiveness, size, weight, and assembly time. However, the insect capture requirement was only partially met and tested in multiple locations, with some tests not meeting the target number of insects.","The testing procedure is described in general terms, including prototype placement and observation of insect capture. Data collection is summarized in a table, but details on controls, repeated trials, or measurement methods are limited, indicating an adequate but not thorough understanding.","The analysis includes a summary of data and some interpretation of results, noting successes and limitations. Visual data is limited to a simple table with some measurements and counts, with no graphs or photos, providing moderate support for the analysis.","The summary addresses some implications of the data, such as identifying limiting factors and guiding future improvements. However, the implications are somewhat general and do not fully explore all major results or detailed next steps.",neutralize or catch insects in one area; size less than 14x14x14 inches; weight less than one pound; assembly time under 10 minutes; capture at least 10 insects in one location,"This document demonstrates testing of several important design requirements, including insect capture effectiveness, size, weight, and assembly time. While the requirements were not all explicitly listed, they were clearly inferred from the testing and data presented. The student successfully tested most high-priority requirements, though the insect capture goal was only partially met, indicating room for improvement.

The testing procedure is described in a general manner, with prototype placement and insect counts reported. However, details such as controls, repeated trials, or specific measurement methods are lacking, which limits the clarity and completeness of the testing approach. The data is summarized in a table, but additional raw data or visuals like photos or graphs would strengthen the analysis.

The analysis provides a reasonable interpretation of the results, noting successes and potential design flaws. The summary of data implications identifies some next steps but remains somewhat general. To improve, the student should provide more detailed testing procedures, include repeated trials or controls, incorporate richer visual data, and offer a more thorough discussion of design changes based on test outcomes.",2.333333333,3.25
Case057_4200.docx,,Placeholder text for scoring.,4,2,0,0,3,2,2,1,,,,,No evidence of any tests conducted for design requirements; only a blank template with headings is present.,"No description or evidence of testing procedures, data gathering, or analysis is provided.","No analysis or visual data such as tables, graphs, or charts are included; the document is empty aside from headings.",No summary or implications of data are presented; the section is blank.,,"The submitted document does not provide any evidence of completed testing or data collection related to the design requirements. Because no tests are described or results presented, it is not possible to infer which design requirements were addressed or evaluated. This absence of testing severely limits the ability to assess the design's performance or effectiveness.

Additionally, the document lacks any description of testing procedures, data gathering methods, or analysis techniques. Without this information, it is unclear how any testing might have been conducted or how data would have been collected and interpreted. The absence of raw data, tables, graphs, or other visual evidence further weakens the documentation.

No analysis or summary of results is provided, so there is no insight into how the data might inform design improvements or next steps. To improve, the student should complete the testing process and document the actual tests performed, including detailed procedures and data collection methods. Including raw data and visual representations such as tables or graphs will strengthen the analysis. Finally, a clear summary discussing what the data means for the design and outlining specific next steps will enhance the overall quality and completeness of the testing documentation.",2,0
Case058_2200.docx,,Placeholder text for scoring.,2,2,0,0,3,2,2,1,,,,,No evidence of actual tests conducted for any design requirements; only a blank template with headings is present.,"No description or evidence of testing procedures, data gathering, or analysis methods is provided.","No analysis or visual data such as tables, graphs, or charts is included to explain how the design met goals.",No summary or implications of data are presented; the section is empty and contains only prompts.,,"The submitted document lacks any completed testing or data collection related to the design requirements. Because no tests were actually conducted or described, it is impossible to infer which design requirements were addressed or prioritized. This absence of evidence results in no credit for testing important requirements.

Furthermore, the document does not provide any information about the testing procedures, such as how data was gathered, what variables were controlled, or how measurements were taken. Without this, there is no indication of the student's understanding of testing methodology. The analysis section is also empty, with no data, visuals, or narrative to explain how the design performed relative to its goals. Finally, there is no summary of the data implications or next steps, leaving the evaluation incomplete.

To improve, the student should conduct and document actual tests targeting key design requirements, including detailed procedures and data collection methods. Incorporating tables, graphs, or photos to support analysis will strengthen the explanation of results. Additionally, reflecting on what the data means for design improvements and outlining clear next steps will provide a robust conclusion. Completing these elements will demonstrate a comprehensive and thoughtful approach to testing and analysis.",1.333333333,0
Case059_3111.pdf,,Placeholder text for scoring.,3,1,1,1,4,3,2,3,,,,,"The student tested most high-priority requirements including durability under load, ease of use, ergonomics, and stability. Testing involved multiple prototypes and user feedback, covering key design aspects. However, some requirements like long-term durability were not fully tested.","The testing procedure is described with some clarity, including repeated trials, control weights, and variables such as stress, weight, and friction. However, details on measurement methods, data collection specifics, and quantitative data are limited or missing.","The analysis includes narrative discussion of test outcomes and user feedback but lacks detailed quantitative data, charts, or visuals. Only one image is mentioned without detailed data presentation, limiting the depth of analysis.","The summary addresses some implications such as design modifications and next steps based on testing and feedback. However, the discussion is somewhat general and does not fully connect all test results to specific design improvements.",durability under load; ease of use and removability; ergonomics and control during turning; stability and locking mechanism,"This Element I document demonstrates a solid effort to test several important design requirements, including durability, ease of use, ergonomics, and stability. The testing involved multiple prototypes and incorporated user and expert feedback, which strengthens the evaluation of the design. However, the long-term durability requirement was acknowledged but not tested, limiting completeness.

The testing procedures are described with some useful details such as control weights and variables tested, but the explanation lacks specifics on how data was gathered and measured. The absence of raw data, quantitative results, or detailed measurement methods reduces clarity and reproducibility. The analysis is primarily narrative and would benefit from more detailed data presentation and visual aids like graphs or tables to support conclusions.

The summary of data implications identifies some design changes and next steps, but these are somewhat general and could be more explicitly tied to specific test outcomes. To improve, the student should provide clearer, more detailed descriptions of testing methods and data collection, include quantitative data and visuals to support analysis, and explicitly connect test results to design modifications. Additionally, testing long-term durability and documenting those results would strengthen the overall evaluation.",1.666666667,3
Case060_1100.docx,,Placeholder text for scoring.,1,1,0,0,3,2,2,2,,,,,"The student tested about half of the high-priority requirements, including hinge designs and structural stability, but testing of space efficiency and separation of school levels was only implied through survey data rather than direct testing.","The testing procedure is described in general terms, such as 3D printing different hinge designs and measuring backpack sizes, but lacks detail on how tests were conducted, data gathered, or controlled variables.","The analysis is partial and somewhat vague, with no visual data like charts or photos provided. The narrative mentions survey data and design adjustments but lacks detailed interpretation or quantitative analysis.","The summary of data implications is developing, addressing some results such as the need to separate school levels and improve space, but it is general and lacks specific next steps or design changes based on evidence.",stability of backpack organizer structure; strength and functionality of 3D printed hinges; adequate size to accommodate large backpacks; efficient use of space to reduce choke points; separation of middle and upper school backpack areas,"This document shows an effort to test important design requirements such as the stability of the backpack organizer and the functionality of 3D printed hinges. These tests address key structural concerns, but other high-priority requirements like space efficiency and separation of middle and upper school areas were only indirectly addressed through survey data rather than direct testing. This limits the completeness of the testing coverage.

The description of the testing procedure is somewhat general and lacks detail about how tests were conducted, how data was collected, or how variables were controlled. While the student mentions printing different hinge designs and sizing for large backpacks, the absence of detailed methodology and raw data reduces clarity and reproducibility. The analysis is partial and supported only by narrative; no visual data such as photos, charts, or tables are included to strengthen the evaluation of results.

The summary of data implications touches on some important points, like the need to separate school levels and improve space, but it remains broad and does not clearly connect findings to specific design improvements or next steps. To improve, the student should provide more detailed descriptions of testing procedures, include raw data and visual evidence, deepen the analysis with quantitative or qualitative interpretation, and clearly link data to actionable design changes.",0.666666667,2.25
Case061_0000.pdf,,Placeholder text for scoring.,0,0,0,0,1,1,1,1,,,,,"The document indicates no physical testing was conducted; only modeling and data from similar projects were used. Thus, only low-priority or indirect testing of requirements occurred.","The testing procedure is minimally described, with vague references to modeling and external data. There is no clear explanation of how data was gathered, variables controlled, or analysis methods applied.","The analysis is very limited and narrative only, with no raw data, charts, graphs, photos, or tables provided to support conclusions.","The summary of data implications is minimal and overly general, mentioning only that modeling helped inform design decisions without specific implications or next steps.",Manage stormwater through natural filtration; Achieve effective water infiltration rates; Ensure sustainable drainage solutions,"This document focuses on the planning and design phase of a rain garden project, with inferred requirements including managing stormwater through natural filtration, achieving effective infiltration rates, and implementing sustainable drainage solutions. However, no physical testing was conducted, and the only testing involved modeling and referencing data from similar projects. This limits the evidence of testing important design requirements.

The description of the testing procedure is minimal and lacks detail about how data was gathered or analyzed. There is no mention of variables, controls, or repeated trials, and the reliance on external data reduces clarity about the student’s own testing process. The analysis is narrative and lacks supporting visuals such as charts, graphs, or tables, which weakens the explanation of how well the design met goals.

The summary of data implications is brief and general, noting only that modeling informed design decisions without specifying how results influenced design changes or next steps. To improve, the student should conduct or simulate specific tests on key requirements, document detailed procedures including data collection methods, provide visual data representations, and clearly connect results to design improvements. Including raw data and reflecting on limitations would also strengthen the analysis and implications.",0,1
Case062_0001.pdf,,Placeholder text for scoring.,0,0,0,1,1,1,1,1,,,,,No physical tests were conducted; only modeling and data from similar projects were used. Testing focused on low-priority indirect estimation rather than direct testing of high-priority design requirements.,"The testing procedure is minimally described, with no details on how modeling was performed, what data was gathered, or how analysis was conducted.","No detailed analysis or visual data such as charts, graphs, or tables were provided to explain how the design met goals.","The summary is very general, indicating that modeling helped inform design decisions, but it lacks specific implications or next steps based on data.",manage stormwater through natural filtration; retain stormwater effectively; achieve environmental goals related to soil and plant selection; ensure appropriate infiltration rates and water flow,"The document indicates an effort to address important design requirements such as stormwater management, natural filtration, and environmental goals, which were inferred from the discussion. However, no direct physical testing was conducted, and the reliance on modeling and data from other projects limits the evidence of testing important requirements. This results in minimal credit for testing important design aspects.

The description of the testing procedure is very limited, lacking details on how modeling was performed, what variables were considered, or how data was collected and analyzed. Without this information, it is difficult to assess the rigor or validity of the testing approach. Additionally, the analysis section does not include any detailed interpretation or visual data support such as graphs or tables, which weakens the explanation of how well the design met its goals.

The summary of data implications is brief and general, noting that modeling informed design decisions but failing to connect results to specific design improvements or next steps. To improve, the student should conduct or simulate direct tests of key requirements, provide detailed descriptions of testing procedures including data collection methods, include visual data representations to support analysis, and clearly articulate implications and design changes based on test results.",0,0.75
Case063_3311.pdf,,Placeholder text for scoring.,3,3,1,1,3,2,2,2,,,,,"The student tested most high-priority requirements including smoke detection, light and sound activation, and fire extinguishing in the final design. However, the smoke detection test failed multiple times, indicating incomplete success.","The testing procedure is only partially described. Number of trials is given for some tests, but details on how tests were conducted, controls, variables, or data collection methods are minimal or missing.","The analysis is partial and mostly narrative with limited data presentation. Some test results and observations are noted, but no charts, graphs, or detailed data tables are provided to support conclusions.","The summary of data implications is developing but limited. The student notes that the smoke detector did not meet detection requirements and that the final model passed when combined with another group, but implications for design improvements are minimal.",Smoke detector must detect fire; Smoke detector must activate light and sound; Final design must extinguish fire,"This document demonstrates testing of several important design requirements, including smoke detection, activation of light and sound, and fire extinguishing in the final design. These inferred requirements are central to the project’s goals and were tested multiple times, showing a focus on high-priority aspects. However, the smoke detector consistently failed to meet detection requirements, indicating a need for further refinement.

The testing procedure lacks clarity and detail. While the number of trials is mentioned for some tests, there is little explanation of how tests were conducted, what variables were controlled, or how data was gathered and measured. The analysis is mostly narrative with limited supporting data or visuals, which weakens the ability to fully understand test outcomes and trends.

The summary of data implications is brief and does not thoroughly address how the results inform design improvements or next steps. To improve, the student should provide clearer descriptions of testing methods, include detailed data tables or charts, and offer a more robust analysis connecting results to design goals. Additionally, reflecting on specific design changes based on test failures would strengthen the implications section and overall documentation.",2.333333333,2.5
Case064_3111.pdf,,Placeholder text for scoring.,3,1,1,1,4,2,2,2,,,,,"The student tested most high-priority requirements including smoke detection, activation of light and sound, and fire extinguishing in the final design. However, the smoke detector detection failed multiple times, indicating testing was done but not all requirements passed.","The testing procedure is only partially clear. The number of trials is given for some tests, and observations are noted, but details on how tests were conducted, controls, measurement methods, or data collection processes are minimal or missing.","The analysis is partial and somewhat incomplete. Observations are provided, but there is no detailed interpretation or connection to design goals beyond pass/fail statements. Visual data is limited to a simple table with minimal clarity and no graphs or photos.","The summary of data implications is developing but limited. The student notes that the smoke detector did not meet detection requirements and that the final model passed when combined with another group, but implications for design improvements or next steps are not fully developed.",Smoke detector must detect fire; Smoke detector must activate light and sound; Final design must extinguish fire,"This document demonstrates that the student conducted testing on several important design requirements, including smoke detection, activation of light and sound, and fire extinguishing in the final design. These inferred requirements are critical to the project, and the student shows evidence of testing most of them, though the smoke detector did not meet detection expectations. This indicates meaningful testing but incomplete success.

The testing procedure lacks clarity and detail. While the number of trials and some observations are recorded, the document does not explain how tests were performed, what controls were used, or how data was systematically gathered and analyzed. The analysis is limited to basic pass/fail outcomes and brief observations without deeper interpretation or connection to design goals. Visual evidence is minimal and does not effectively support the analysis.

The summary of data implications is underdeveloped. The student acknowledges the failure of the smoke detector and the success of the final design when combined with another group but does not clearly outline specific next steps or design improvements based on the data. To improve, the student should provide more detailed descriptions of testing procedures, include raw data or visual aids such as graphs or photos, deepen the analysis by interpreting results relative to goals, and clearly state implications and planned design changes.",1.666666667,2.5
Case065_0111.pdf,,Placeholder text for scoring.,0,1,1,1,2,2,1,2,,,,,"The student conducted a test on a high-priority component (10x20 tray) and plant shade, but testing was limited and incomplete. The test was described as high priority, but only one test was conducted with spotty data and failed controls, indicating some but not comprehensive testing of high-priority requirements.","The testing procedure shows partial understanding. The student identified independent and dependent variables and attempted experimental controls, but controls failed and data collection was inconsistent. There is mention of multiple trials but no raw data or detailed methodology, indicating only partial or overly general understanding.","The analysis is minimal and mostly narrative without quantitative data or visual support. The student referenced pictures and video but did not provide spreadsheets, charts, or graphs. The analysis is vague and lacks detailed interpretation or connection to design goals.","The summary of data implications is developing but weak. The student acknowledges spotty data and suggests next steps like improving the roof and button mechanism, but the implications are general and not clearly tied to specific test results or trends.",tray functionality and reliability; plant shade effectiveness; control mechanism reliability,"The testing documentation shows an attempt to evaluate important design requirements such as tray functionality, plant shade, and control mechanisms, inferred from the test focus. However, only one high-priority test was conducted, and the data collected was inconsistent and incomplete, limiting the strength of conclusions about design success. The testing procedure demonstrates some understanding, with identification of variables and attempts at controls, but failed controls and lack of detailed data collection reduce clarity and reliability.

The design analysis is minimal, relying on narrative descriptions without quantitative data or visual aids like charts or graphs, which weakens the ability to assess how well the design met goals. While photos and video were mentioned, these were not included or analyzed in the document. The summary of data implications is present but general, suggesting next steps without strong linkage to specific test outcomes.

To improve, the student should document complete raw data and include visual representations such as spreadsheets or graphs. Clearer description of testing procedures, including controls and repeated trials, would strengthen understanding. More detailed analysis connecting data trends to design goals and explicit discussion of how results inform design changes would enhance the report. Including and referencing visual evidence would also improve clarity and support conclusions.",0.666666667,1.75
Case066_0000.docx,,Placeholder text for scoring.,0,0,0,0,2,3,2,2,,,,,"The student conducted tests related to the fire extinguisher effectiveness and the cardboard base size, which are important design requirements. However, only about half of the inferred high-priority requirements were tested, and some tests (e.g., structural integrity) were only partially addressed.","The student shows an adequate understanding of testing procedures, mentioning independent and dependent variables, controls, repeated trials, and data plotting. However, the description is somewhat general and lacks detailed explanation of measurement methods and data collection specifics.","The analysis is partial and somewhat incomplete. There is some interpretation of results, such as the importance of precise measurement for the cardboard base, but the analysis lacks detailed data presentation, visuals, or comprehensive explanation of how the design met goals.","The summary of data implications is developing but limited. The student notes that the house tearing was a problem and that the fire was extinguished before spreading, but the implications for design improvements or next steps are minimal and not fully developed.",Effectiveness of fire extinguishers in extinguishing fire; Ability of cardboard base to accommodate two rooms; Structural integrity of the cardboard house under fire conditions,"This document demonstrates that the student tested some important design requirements, such as the effectiveness of different fire extinguishers and the suitability of the cardboard base size. However, only about half of the inferred high-priority requirements were addressed through testing, and some aspects like structural integrity were only partially considered. The testing procedure shows an adequate understanding, with mention of variables, controls, repeated trials, and data plotting. Yet, the explanation lacks depth and specific details about how data was gathered and measured.

The design analysis is partial and somewhat incomplete, with limited use of visuals or detailed data to support conclusions. The student identifies some outcomes, such as the need for precise measurement and the issue of the house tearing, but the analysis does not fully connect these findings to design goals. The summary of data implications is minimal, offering only a basic reflection on the fire being extinguished and some structural issues, without clear next steps or design improvements.

To improve, the student should provide more detailed descriptions of testing procedures and data collection methods, include visual evidence such as charts or photos to support analysis, deepen the interpretation of results in relation to design goals, and develop a robust summary that clearly outlines implications and next steps for design refinement.",0,2.5
Case067_0000.docx,,Placeholder text for scoring.,0,0,0,0,2,3,2,2,,,,,"The student conducted tests related to the fire extinguisher effectiveness and the cardboard house construction, which are important design requirements. However, only about half of the high-priority requirements appear to have been tested, with some focus on medium priority aspects.","The testing procedure shows adequate understanding, mentioning independent and dependent variables, controls, repeated trials, and data plotting. However, details on exact measurement methods, data collection specifics, and error quantification are limited.","The analysis is partial and somewhat incomplete. There is some interpretation of results, such as the importance of precise measurement and cutting, but visuals like graphs or photos are not included, and data summaries are minimal.","The summary of data implications is developing but limited. The student notes that the house tearing was a problem and that fire was extinguished, but implications for design improvements or next steps are only briefly mentioned.",Effectiveness of fire extinguishers in extinguishing fire; Structural integrity of cardboard house design; Accurate measurement and cutting of cardboard base,"This document demonstrates that the student tested some important design requirements, such as the effectiveness of different fire extinguishers and the structural aspects of the cardboard house. However, the testing appears to cover only about half of the critical requirements, with some focus on medium-priority elements. The testing procedure shows an adequate understanding, including identification of variables, controls, and repeated trials, but lacks detailed descriptions of data collection methods and error analysis.

The design analysis is partial and somewhat limited in detail. While the student interprets some results, such as the need for precise measurement and cutting, the absence of supporting visuals like graphs, photos, or tables weakens the analysis. The summary of data implications is brief and general, noting some issues like house tearing and successful fire extinguishing but not fully exploring design improvements or next steps.

To improve, the student should provide clearer, more detailed descriptions of testing procedures and data collection methods, include visual evidence such as photos or graphs to support analysis, expand the analysis to connect data more explicitly to design goals, and offer a more thorough summary of implications with specific recommendations for design refinement.",0,2.5
Case068_2011.pdf,,Placeholder text for scoring.,2,0,1,1,3,2,1,1,,,,,"The student conducted tests on several high-priority requirements such as maneuvering and microplastics collection, as well as medium- and low-priority tests. However, only about half of the high-priority requirements appear to have been fully tested, with some tests lacking detailed evidence.","The testing procedures are described in a general manner, with some mention of adjustments and outcomes, but there is little detail on data gathering methods, controls, variables, or repeated trials. No raw data or measurement methods are provided.","The analysis is minimal and mostly narrative without supporting visuals such as charts, graphs, or tables. The student provides brief statements about test outcomes but lacks detailed data summaries or visual evidence.","There is some summary of what the data means for the design, including next steps and improvements, but these are brief and only partially connected to the test results. Implications are somewhat general and lack depth.",Rover maneuverability; Microplastics collection capability; Rover sinking to 5 meters depth; Rover buoyancy control; Waterproofing of electrical components,"This Element I submission shows that the student tested several important design requirements, including rover maneuverability and microplastics collection, which were inferred as high priority. However, only about half of the high-priority requirements were clearly tested with evidence, limiting the overall completeness of testing. The testing procedures are described in broad terms, mentioning adjustments and outcomes, but lack detailed explanations of how data was collected, controlled, or analyzed. There is no presentation of raw data, repeated trials, or measurement methods, which weakens the demonstration of testing rigor.

The analysis of test results is minimal and primarily narrative, without supporting visuals such as charts, graphs, or tables to illustrate data trends or support conclusions. While the student provides some statements about test success or failure and next steps, these implications are brief and only partially connected to the data, reducing their impact. To improve, the student should document detailed testing procedures including variables and controls, collect and present raw data with multiple trials, incorporate visual data summaries, and provide more thorough analysis linking results to design goals and future improvements.",1,2
Case069_3211.pdf,,Placeholder text for scoring.,3,2,1,1,3,2,1,2,,,,,"The student conducted tests on several high-priority requirements such as maneuvering and microplastics collection, as well as medium- and low-priority tests. However, not all high-priority requirements appear to have been fully tested or documented with sufficient detail.","The testing procedures are described in a very general manner with minimal detail. There is no clear explanation of variables, controls, number of trials, or data collection methods. The narrative mentions some adjustments but lacks evidence of systematic data gathering or analysis.","The analysis is mostly narrative and brief, with no raw data, charts, graphs, or other visual evidence provided. The student states whether tests passed or failed but does not provide detailed interpretation or quantitative analysis.","The student provides some summary statements about test outcomes and next steps, but these are generally brief and lack depth. Implications are mentioned but are not fully connected to data or detailed reasoning.",Rover maneuverability; Microplastics collection capability; Rover sinking to 5 meters depth; Rover buoyancy control; Waterproofing of electrical components,"This Element I submission shows that the student tested several important design requirements, including rover maneuverability, microplastics collection, sinking depth, buoyancy, and waterproofing. These requirements were inferred from the tests described, though not explicitly listed. While the student addressed multiple priorities, the documentation lacks comprehensive evidence that all high-priority requirements were thoroughly tested.

The testing procedures are described in broad terms without detailed explanation of how data was collected or controlled. There is no mention of variables, number of trials, or systematic data recording, which limits the clarity and completeness of the testing process. The analysis is minimal and primarily narrative, with no supporting visuals such as charts or raw data tables to substantiate conclusions.

The student provides some summary of test results and implications for design improvements, but these reflections are brief and not deeply connected to evidence. To improve, the student should document detailed testing procedures including variables and controls, collect and present raw data with visuals, provide thorough analysis linking data to design goals, and develop more robust summaries that clearly explain how results inform next steps. Including these elements will strengthen the rigor and clarity of the testing and analysis.",2,2
Case070_2121.pdf,,Placeholder text for scoring.,2,1,2,1,3,2,2,3,,,,,"The student tested about half of the high-priority inferred requirements such as adjustability, user comfort, stability, and ergonomics. However, some important aspects like compactness and control were only partially addressed or mentioned without thorough testing.","The testing procedure is only partially described with vague references to physical tests and user feedback. There is no clear explanation of how data was gathered, what variables were controlled, or how many trials were conducted.","The analysis is partial and mostly qualitative, with minimal visual support (a photo is mentioned but not shown). The narrative connects some results to design goals but lacks detailed data summaries, charts, or quantitative analysis.","The summary addresses some implications of the data, such as trade-offs between stability and control and the need for two-person assembly. However, it does not fully explore all major results or propose detailed next steps.",adjustability; user comfort; stability; compactness; ease of assembly; ergonomics; control of cart,"This document demonstrates testing of several important design requirements, including adjustability, user comfort, stability, and ergonomics, which were inferred from the discussion. However, some key requirements like compactness and control were only partially tested or mentioned without comprehensive evaluation. The testing procedure lacks clarity and detail; while physical tests and user feedback are referenced, the methods for data collection, controls, and trial repetitions are not described, limiting understanding of the testing rigor.

The analysis is primarily qualitative and narrative-based, with minimal visual evidence to support conclusions. Although a photo is mentioned, it is not included, and no quantitative data or charts are provided to strengthen the analysis. The summary of data implications identifies some trade-offs and benefits, but it could be more robust by addressing all major results and suggesting specific design improvements or next steps.

To improve, the student should clearly document testing procedures including variables and controls, provide quantitative data or visuals such as charts or tables, include all referenced images, and expand the implications section to cover all findings with actionable recommendations. These enhancements would strengthen the evidence base and clarity of the design evaluation.",1.666666667,2.5
Case071_2223.pdf,,Placeholder text for scoring.,2,2,2,3,2,2,2,3,,,,,"The student conducted interviews and surveys to gather opinions on equipment and scheduling, which relate to some high-priority requirements like equipment availability and scheduling. However, no direct physical or quantitative testing of the design solutions was performed.","The testing procedure involved interviewing a range of students and collecting survey data, but details on how data was gathered, controlled, or analyzed are minimal and overly general. There is no mention of repeated trials, measurement methods, or systematic data collection.","The analysis is partial and mostly narrative, with a simple table of survey answers but no detailed interpretation or connection to design goals. Visual support is minimal and does not clearly support the analysis.","The summary of data implications is developing but limited. It addresses some results, such as mixed opinions on scheduling and preference for larger equipment, but implications for design changes or next steps are vague and not fully developed.",increase weight room equipment availability; improve scheduling for workout time; accommodate student preferences for equipment type,"This document shows an effort to test important design requirements by gathering student opinions on equipment availability and scheduling, which are inferred as key requirements. However, the testing is limited to interviews and surveys without physical or quantitative testing of design solutions, which restricts the depth of evaluation. The testing procedure lacks clarity and detail; while a range of students was interviewed, the methods for data collection and analysis are not well explained, making it difficult to assess the rigor of the testing.

The analysis is somewhat superficial, relying mainly on a basic table of survey responses and narrative interpretation without detailed data analysis or strong visual support. The implications drawn from the data are present but underdeveloped, with general conclusions about scheduling and equipment preferences but no clear, actionable next steps or design modifications based on the findings. To improve, the student should document more detailed testing procedures, include quantitative or physical testing where possible, enhance data analysis with clearer visuals and interpretation, and provide a robust summary of implications that directly inform design improvements.",2,2
Case072_2334.docx,,Placeholder text for scoring.,2,3,3,4,4,3,3,4,,,,,"The student tested most high-priority requirements including safety, engagement, cause and effect learning, accessibility, and fine motor skills through observation and interaction with the device. However, testing was mostly qualitative and some requirements like accessibility were inferred rather than directly measured.","The testing procedure is described with some clarity, including pass/fail criteria for safety and observational notes for other requirements. However, data gathering methods are mostly informal and qualitative, with no detailed measurement protocols, controls, or repeated trials beyond four safety trials.","The analysis includes a narrative summary of test outcomes and identifies a key safety issue (exposed gears). Visual evidence is mentioned (photos, staff notes) but not included, and no quantitative data or charts are provided. The analysis connects results to design goals but lacks depth and supporting visuals.","The summary clearly states implications for design improvement, specifically adding a gear cover to address safety concerns. Next steps are identified, including retesting and consulting staff. The implications address most major results but could be more comprehensive regarding engagement and accessibility.",Safety - no injuries or hazards; Engagement - sustained attention; Cause and effect learning - mechanical interactions; Accessibility - usable by students with disabilities; Fine motor skills development,"The student effectively tested several important design requirements, including safety, engagement, cause and effect learning, accessibility, and fine motor skills development. While safety testing was conducted with multiple trials and clear pass/fail criteria, other requirements were assessed primarily through observation and informal feedback, requiring some inference. This approach demonstrates a reasonable focus on high-priority aspects but could benefit from more direct measurement of all requirements.

The testing procedure is described with moderate clarity, particularly for safety tests, but lacks detailed protocols, controls, or quantitative data collection. Observational data and staff notes are mentioned but not systematically presented, limiting the completeness of the procedure. The analysis provides a coherent narrative linking test outcomes to design goals and identifies a critical safety issue with exposed gears. However, the absence of visual data such as photos or charts reduces the depth of the analysis.

The summary of data implications is strong in identifying necessary design changes and next steps, especially regarding safety improvements. To enhance the documentation, the student should include more detailed testing procedures with quantitative measures, incorporate visual evidence to support analysis, expand testing to directly assess all high-priority requirements, and provide a more comprehensive reflection on how data informs design success and future iterations.",2.666666667,3.5
Case073_4111.docx,,Placeholder text for scoring.,4,1,1,1,4,3,3,4,,,,,"The student tested most high-priority requirements including safety, engagement, cause-effect learning, accessibility, and fine motor skills through observation and interaction with users. However, testing was mostly qualitative and some requirements like accessibility were inferred rather than explicitly tested.","The testing procedure is described with some clarity, including pass/fail criteria for safety and observational notes for other requirements. However, data gathering methods are mostly informal and qualitative, with no detailed measurement methods, controls, or repeated trials beyond four safety trials.","The analysis includes a narrative summary of test outcomes and implications, supported by observational data and photos (though not included here). No quantitative data, graphs, or charts were provided, limiting the depth of analysis.","The summary clearly identifies the need for a gear cover to improve safety and outlines next steps for redesign and retesting. Implications address most major results, though some reflections on engagement and motor skills could be more detailed.",Safety - prevent injuries; Engagement - sustain attention; Cause and effect learning; Accessibility for diverse users; Fine motor skill development,"This document demonstrates a solid effort to test several important design requirements, including safety, engagement, cause-effect learning, accessibility, and fine motor skill development. While safety testing was conducted with four trials and clear pass/fail criteria, other requirements were assessed primarily through qualitative observation and staff feedback. This approach provides useful insights but limits the ability to fully verify all high-priority requirements. The testing procedure is described with reasonable clarity, especially for safety, but lacks detailed protocols, measurement methods, or repeated trials for other criteria. Data collection relied on informal notes and photos rather than quantitative metrics or structured data tables, which constrains the depth of analysis. The analysis effectively summarizes key findings, particularly the safety concern regarding exposed gears, and connects these to design implications and next steps. However, the absence of visual data representations such as graphs or charts reduces the overall detail and impact of the analysis. To improve, the student should consider incorporating more quantitative data and structured testing protocols, including repeated trials and controls. Adding visual data displays and more detailed reflections on engagement and accessibility testing would strengthen the analysis. Finally, explicitly linking all test results to specific design requirements would clarify the testing scope and outcomes.",2,3.5
Case074_5555.pdf,,Placeholder text for scoring.,5,5,5,5,5,4,4,5,,,,,"The student conducted tests addressing all major high-priority design requirements: durability (drop tests), accuracy (comparison with reference device), simplicity (assembly time and errors), affordability (cost analysis), and portability (weight and user feedback).","The testing procedures are clearly described with independent and dependent variables identified, pass/fail criteria, and multiple trials. Data collection methods are explained, though some details such as controls or repeated trials for all tests could be more explicit.","The analysis is generally detailed, summarizing test results and connecting them to design goals. Visual data is presented in tables and summarized in text, but no graphs or charts are included. The narrative effectively interprets trends and performance.","The summary clearly addresses most major results and proposes specific design modifications based on data. Some implications could be expanded, but overall the reflection links test outcomes to next steps and design improvements.",durability; accuracy; simplicity and replicability; affordability; portability,"The student effectively tested all key inferred design requirements, including durability, accuracy, simplicity, affordability, and portability. This comprehensive approach demonstrates a strong focus on validating the most critical aspects of the design. The tests were well chosen and clearly linked to the stated goals, ensuring that important performance criteria were meaningfully evaluated.

Testing procedures are described with clarity, including variables, pass/fail criteria, and multiple trials, which supports a solid understanding of the testing process. Data collection is systematic, though some tests could benefit from more explicit mention of controls or repeated measures to strengthen reliability. The analysis provides a generally detailed interpretation of results, supported by tables and narrative summaries. However, the inclusion of graphs or charts would enhance visual clarity and data communication.

The summary of data implications thoughtfully connects test outcomes to design success and proposes actionable improvements, such as refining instructions and enhancing durability. To improve, the student could incorporate more visual data representations, clarify control conditions in testing, and expand on the implications for all test results. Additionally, providing raw data or photos would strengthen evidence and support deeper analysis.",5,4.25
Case075_5555.pdf,,Placeholder text for scoring.,5,5,5,5,5,4,4,5,,,,,"The student conducted tests addressing all major high-priority design requirements: durability (drop tests), accuracy (comparison with reference device), simplicity (assembly time and errors), affordability (cost analysis), and portability (weight and user feedback).","The testing procedures are clearly described with independent and dependent variables identified, pass/fail criteria stated, and multiple trials conducted. Data collection methods are explained, though some details such as controls or repeated trials for all tests could be more explicit.","The analysis is generally detailed, summarizing test results and connecting them to design goals. Visual data is presented in tables and summarized in text, but more graphical representations (e.g., charts or graphs) would strengthen the analysis.","The summary clearly addresses most major results and proposes specific design modifications based on the data. Some implications could be expanded for completeness, but overall the reflection links test outcomes to next steps effectively.",durability; accuracy; simplicity and replicability; affordability; portability,"The student effectively tested all key high-priority design requirements, including durability, accuracy, simplicity, affordability, and portability. These requirements were explicitly stated and thoroughly evaluated through appropriate tests, demonstrating a comprehensive approach to validating the design. The inclusion of multiple trials and pass/fail criteria strengthens the evidence of completed testing.

Testing procedures are well documented, with clear descriptions of methods, variables, and data collection. The student shows a solid understanding of testing logic, although some tests could benefit from more detailed controls or repeated trials to enhance reliability. The analysis provides a good summary of results, supported by tables and narrative interpretation. However, incorporating more visual aids such as graphs or charts would improve clarity and impact.

The summary of data implications thoughtfully connects test outcomes to design improvements, proposing actionable modifications to enhance accuracy, instructions, durability, and portability. To further improve, the student should consider adding graphical data visualizations, elaborating on testing controls, expanding the discussion of error sources, and providing more detailed user feedback analysis. These enhancements would strengthen the rigor and clarity of the testing documentation and analysis.",5,4.25
Case076_4232.pdf,,Placeholder text for scoring.,4,2,3,2,4,3,3,3,,,,,"The student conducted tests addressing most high-priority requirements such as stability, aesthetics, and durability. The tests targeted key design aspects like weight support, stakeholder aesthetic feedback, and physical damage resistance. However, some requirements like precise functional performance under varied loads or detailed durability metrics were less comprehensively tested.","The testing procedures are described with independent and dependent variables and stepwise actions, showing adequate understanding. However, some procedures lack detail on controls, repeated trials, or measurement methods. Data gathering is mostly observational and qualitative, with limited quantitative data or systematic analysis.","The analysis includes narrative observations and stakeholder feedback, with some attempt to connect results to design goals. Visual support is minimal and fragmented, with no consolidated charts or tables. The analysis is somewhat detailed but inconsistent and occasionally unclear, limiting its strength.","The summary addresses several key results and suggests specific design improvements, such as adjustable legs and aesthetic refinements. However, the implications are partial and do not comprehensively cover all test outcomes or next steps, leaving some results unaddressed.",desk stability under load; aesthetic appeal to stakeholders; durability under physical stress; functional weight support; accurate representation of design features,"This document demonstrates a solid effort to test important design requirements, including desk stability, aesthetics, and durability. The tests reflect key priorities inferred from the analysis, such as weight support and stakeholder satisfaction. However, some high-priority requirements could be tested more comprehensively, especially regarding quantitative durability and functional performance under varied conditions.

The testing procedures are generally clear, with defined variables and logical steps, but they lack detail on controls, repeated trials, and precise measurement methods. Data collection is primarily qualitative and observational, which limits the depth of analysis. The design analysis provides useful narrative insights and stakeholder feedback but is weakened by minimal visual data support and inconsistent detail.

The summary of data implications identifies relevant design changes and next steps, such as adjustable legs and improved aesthetics, but does not fully address all test results or potential improvements. To enhance this work, the student should include more quantitative data and repeated trials, improve visual data presentation with charts or tables, clarify testing procedures with controls and measurement methods, and provide a more comprehensive summary linking all results to design decisions.",3,3.25
Case077_3223.pdf,,Placeholder text for scoring.,3,2,2,3,4,3,3,3,,,,,"The student conducted tests addressing most high-priority requirements such as stability, durability, and aesthetics. The tests included weight loading, shaking, dropping, and stakeholder feedback on aesthetics. However, some requirements like precise resin art representation were only partially tested or inferred.","The testing procedures are described with independent and dependent variables and stepwise actions, showing adequate understanding. However, some procedures lack detail on controls, repeated trials, or measurement methods. Data gathering is mostly observational and survey-based, with limited quantitative data.","The analysis includes narrative observations of damage and stakeholder feedback, with some organization by test type and item. Visual data is referenced but not included in the document. The analysis is somewhat detailed but fragmented and lacks comprehensive data summaries or graphical support.","The summary addresses several key results and suggests specific design improvements such as adjustable legs and clearer resin representation. However, the implications are partial and do not fully cover all test outcomes or next steps comprehensively.",Desk stability under load; Desk durability under physical stress; Aesthetic appeal to stakeholders; Accurate representation of resin art and materials; Structural integrity of legs and monitor shelf,"This document demonstrates a solid effort to test important design requirements, including desk stability, durability, and aesthetics, inferred from the testing and analysis sections. The inclusion of stakeholder feedback adds valuable insight into aesthetic considerations, though some requirements like the resin art representation were only partially tested. The testing procedures are adequately described with clear independent and dependent variables and stepwise methods, showing an understanding of testing logic. However, the procedures could be improved by including more detail on controls, repeated trials, and quantitative measurement methods to strengthen data reliability.

The design analysis provides useful narrative observations and organizes findings by test type and item, but it lacks comprehensive visual data such as photos, charts, or graphs that would enhance clarity and support conclusions. The summary of data implications identifies meaningful design changes, such as adjustable legs and improved resin features, but could be more robust by addressing all major results and outlining clearer next steps. To improve, the student should include more detailed quantitative data, incorporate visual evidence of testing outcomes, clarify testing controls and repetitions, and expand the implications section to fully connect results to design improvements.",2.333333333,3.25
Case078_1435.pdf,,Placeholder text for scoring.,1,4,3,5,4,4,3,4,,,,,"The student conducted tests on two high-priority requirements: durability and stability. Both tests addressed important functional aspects of the bookstand. However, only two major requirements were tested, so not all possible high-priority requirements were covered.","The testing procedures are clearly described with independent and dependent variables, controls, and repeated trials. Data gathering methods are explained, including observations of damage and stability under different conditions. Some details, such as exact measurement methods or quantitative data, are missing, limiting a perfect score.","The analysis summarizes the test results and connects them to design goals. Raw data is partially presented in tables, but visuals like graphs or photos are absent. The narrative interpretation is adequate but could be more detailed and supported by richer visual evidence.","The summary of data implications addresses most major results and suggests logical next steps, such as extending durability testing and improving stability with design changes. The implications are relevant but could be more robust by addressing all results comprehensively.",Durability under repeated use; Stability with various book sizes and placements,"This report effectively tests two key inferred design requirements: durability under repeated use and stability with various book sizes and placements. The student demonstrates a clear understanding of the importance of these high-priority requirements by conducting relevant tests that simulate real-world conditions. However, testing could be expanded to cover additional requirements for a more comprehensive evaluation.

The testing procedures are well described, including variables, controls, and repeated trials, which shows a solid grasp of experimental design. Data collection is primarily observational, with some raw data tables provided, but lacks quantitative measurements or detailed visuals such as graphs or photos that would strengthen the evidence. The analysis interprets the results adequately, linking them to design goals, though it would benefit from deeper detail and more visual support.

The implications section thoughtfully summarizes the findings and proposes practical next steps, such as extending durability testing and modifying the base for improved stability. To improve, the student should consider including more quantitative data, richer visual evidence, and a broader range of tests covering additional requirements. Enhancing the detail in analysis and explicitly connecting all results to design improvements will also strengthen the report’s impact.",2.666666667,3.75
Case079_2211.pdf,,Placeholder text for scoring.,2,2,1,1,4,4,3,4,,,,,"The student conducted tests on two high-priority requirements: durability and stability. Both tests addressed important functional aspects of the bookstand. However, only two major requirements were tested, so not all possible high-priority requirements were covered.","The testing procedures are clearly described with independent and dependent variables, controls, and repeated trials. Data gathering methods are explained, including observations of damage and stability under different conditions. Some details, such as exact measurement methods or quantitative data, are missing.","The analysis summarizes the test results and connects them to design goals. Raw data is presented in a simple table format, but visuals like graphs or photos are absent. The narrative interpretation is adequate but could be more detailed and supported by richer visual evidence.","The summary discusses implications for design success and suggests next steps, such as extending durability testing and improving stability with design changes. Most major results are addressed, though some implications could be more specific.",Durability under repeated use; Stability with various book sizes and placements,"This report effectively tests two key inferred design requirements: durability under repeated use and stability with various book sizes and placements. The student demonstrates a clear understanding of the importance of these high-priority requirements by conducting relevant tests and collecting observational data. However, testing could be expanded to cover additional requirements for a more comprehensive evaluation.

The testing procedures are well described, including variables, controls, and repeated trials, which shows a solid grasp of testing methodology. Data collection is primarily qualitative, with simple tables summarizing observations. The analysis interprets the results in relation to design goals but lacks detailed quantitative data or visual aids such as graphs or photos that could strengthen the evidence.

The implications section thoughtfully connects test outcomes to design improvements and next steps, indicating reflection on the data’s meaning. To improve, the student should consider incorporating quantitative measurements, richer visual data presentations, and more detailed analysis. Expanding testing to other critical requirements and providing clearer, more specific implications would also enhance the report’s completeness and impact.",1.666666667,3.75
Case080_4234.pdf,,Placeholder text for scoring.,4,2,3,4,3,2,2,2,,,,,"The student tested about half of the high-priority requirements by measuring outlet accessibility and verifying storage space for boxes and supplies. However, testing was limited to dimensional checks without physical or functional tests.","The testing procedure shows partial understanding; measurements were taken and compared to design dimensions, but details on how measurements were conducted, controls, or repeated trials are missing.",The analysis is partial and minimally supported by a simple table of measurements and fit assessments. There is some interpretation of data but no visual aids like photos or graphs to strengthen the analysis.,"The summary of data implications is developing, addressing some results such as fit and outlet accessibility, but lacks a robust discussion of design improvements or next steps.",accessing outlets; concealing boxes; storing office supplies,"This document demonstrates testing focused on important inferred design requirements such as accessing outlets, concealing boxes, and storing office supplies. The student conducted dimensional measurements to verify that items would fit in the prototype and that outlets would remain accessible. However, testing was limited to static measurements without physical trials or functional testing, which restricts the assessment of design effectiveness.

The testing procedure is somewhat clear in terms of what was measured, but lacks detail on how measurements were taken, whether controls or repeated trials were used, and how data was systematically gathered. The analysis includes a basic table showing item dimensions and fit assessments, but it is minimally supported by visuals and lacks deeper interpretation or statistical analysis.

The summary of data implications touches on the success of fitting items and outlet accessibility but does not fully explore what these results mean for design improvements or next steps. To strengthen this work, the student should include more detailed descriptions of testing methods, incorporate photos or diagrams of the prototype and tests, provide more thorough analysis connecting data to design goals, and offer clear recommendations for design modifications based on test outcomes.",3,2.25
Case081_2111.pdf,,Placeholder text for scoring.,2,1,1,1,3,2,2,2,,,,,"The student tested about half of the high-priority requirements by measuring outlet accessibility and storage capacity for various items. However, testing was limited to dimensional checks without physical or functional tests of the prototype.","The testing procedure is partially described, focusing on measuring dimensions of outlets and storage items. However, details on how measurements were taken, controls, repeated trials, or data gathering methods are minimal or absent.","The analysis is partial and mainly descriptive, stating that items will fit and outlets will not be obstructed. The table provides some visual data, but there is no deeper interpretation, summary of results, or connection to design goals beyond basic fit.","The summary of data implications is developing but limited. It notes that items fit and outlets remain accessible, implying design success, but does not discuss next steps, potential improvements, or broader problem-solving implications.",accessing outlets; concealing boxes; storing office supplies,"This document addresses important design requirements such as accessing outlets, concealing boxes, and storing office supplies, inferred from the testing focus. The student conducted dimensional measurements to verify that storage items fit within the prototype and that outlets remain accessible, which demonstrates partial testing of key requirements. However, the testing is limited to static measurements without evidence of physical prototype testing or functional validation.

The testing procedure is described in general terms, but lacks detail on how measurements were taken, whether multiple trials were conducted, or how data was recorded and analyzed. The inclusion of a table with item dimensions and fit assessments provides some visual support, but the analysis remains largely descriptive and does not deeply interpret the data or connect it robustly to design goals.

The summary of implications acknowledges that the design meets basic fit requirements and outlet accessibility but does not explore potential design improvements or next steps. To strengthen this work, the student should document detailed testing procedures including measurement methods and controls, incorporate physical prototype testing, provide more comprehensive data analysis with visuals such as photos or charts, and explicitly discuss how results inform design refinements or problem-solving strategies.",1.333333333,2.25
Case082_3011.pdf,,Placeholder text for scoring.,3,0,1,1,4,3,3,4,,,,,"The student tested most high-priority requirements inferred from the data: thruster performance, buoyancy behavior at different depths, controller lag, and stability under cable tension. However, not all possible critical requirements are clearly tested or documented.","The testing procedure is somewhat clear from the summary, indicating multiple trials with averages and standard deviations, and video review for instability. However, details on variables, controls, measurement methods, or exact procedures are limited.","The analysis provides a summary of results and identifies failure causes with some connection to design goals. Visual evidence is referenced (charts and logs) but not included here, limiting the support for the analysis.","The summary robustly identifies the failure cause and proposes a redesign integrating float-linked cable supports, addressing major results and next steps. Some minor details or broader implications could be expanded.",thrusters operate within tolerance at all depths; buoyancy control at surface and depth; controller response lag under 75ms; stability under cable tension,"This Element I submission demonstrates testing of several important design requirements, including thruster performance at various depths, buoyancy control, controller lag, and system stability under cable tension. These requirements were inferred from the testing data and analysis, showing a focus on critical aspects of the design. However, the document does not explicitly list all requirements, which would improve clarity.

The testing procedure is described in general terms, mentioning multiple trials with averages and standard deviations, as well as video review to confirm instability causes. While this indicates an understanding of data collection and analysis, more detailed descriptions of the testing setup, variables controlled, and measurement methods would strengthen the documentation.

The analysis summarizes key findings and connects them to design goals, identifying the failure cause and proposing a redesign. Although charts and logs are referenced, their absence in the document limits the depth of visual support. The implications are well articulated, addressing next steps based on evidence.

To improve, explicitly state all design requirements tested, provide detailed descriptions of testing procedures and controls, include key visual data within the document, and expand the analysis to discuss all test results comprehensively. These enhancements will strengthen the rigor and clarity of the testing and analysis.",1.333333333,3.5
Case083_2110.pdf,,Placeholder text for scoring.,2,1,1,0,4,3,3,4,,,,,"The student tested most high-priority inferred requirements including thruster performance, buoyancy behavior at different depths, controller lag, and stability under cable tension. These cover key functional aspects of the design.","The testing procedure is somewhat clear from the summary: multiple trials (5-trial averages), standard deviations reported, and video review used. However, details on variables controlled, measurement methods, or exact procedures are limited.","The analysis includes a summary of data trends and identifies failure causes with a redesign plan. Charts and logs are mentioned but not included here, so visual support is only somewhat evident.","The summary robustly connects data to design implications, identifying the failure cause and proposing a specific redesign involving float-linked cable supports, addressing most major results.",thrusters operate within tolerance at all depths; buoyancy control at surface and depth; controller response lag under 75ms; stability under cable tension,"This Element I submission demonstrates testing of several important design requirements, including thruster performance at various depths, buoyancy control, controller lag, and system stability under cable tension. These tests address key functional aspects, though the requirements were inferred rather than explicitly stated. The testing procedure shows some rigor, with multiple trials and statistical measures like standard deviation reported, and video review used to confirm instability events. However, the documentation lacks detailed descriptions of test setup, controls, and measurement methods, which would improve clarity and reproducibility.

The analysis provides a reasonable summary of results, identifying the failure cause as inadequate tether lift and proposing a redesign with float-linked cable supports. While charts and logs are referenced, their absence here limits the visual support for the analysis. The implications are well connected to the data, showing thoughtful reflection on next steps. To strengthen this work, the student should explicitly state design requirements, provide more detailed testing procedures including variables and controls, include key visual data within the document, and expand the analysis to more thoroughly interpret trends and variability. These improvements would enhance the rigor and clarity of the testing and analysis, supporting stronger design decisions.",1.333333333,3.5
Case084_2112.pdf,,Placeholder text for scoring.,2,1,1,2,3,3,2,2,,,,,"The document indicates testing related to safety, user-friendliness, precision, and repeatability through repeated use and experimentation. However, the testing evidence is mostly qualitative and lacks clear data for all high-priority requirements. Cost is mentioned but not tested.","The testing procedure is described with a reasonable understanding of the physical principles and the use of a syringe to simulate inhalation. The description includes components and variables, but lacks detailed procedural steps, controls, or repeated trials data.","The analysis is partial and somewhat vague. There is mention of using a ruler image taped to the pipe and a styrofoam piece to indicate water height, but no actual data, charts, or detailed interpretation are provided.","The summary acknowledges ambiguity in the data and competing variables, indicating a developing understanding. However, implications are general and do not clearly address specific results or concrete next steps.",Safe operation; User-friendly design; Precision of measurement; Repeatability of results; Low cost,"This document identifies several important design requirements such as safety, user-friendliness, precision, repeatability, and cost, inferred from the testing discussion. While the team reports repeated experimentation to address these, the evidence primarily consists of qualitative descriptions rather than quantitative data, limiting the demonstration of comprehensive testing of all high-priority requirements.

The testing procedure shows a reasonable grasp of the underlying physics and the use of a syringe to simulate inhalation, which is a strength. However, the description lacks detailed methodology, such as controls, number of trials, or measurement protocols, which would strengthen the clarity and reproducibility of the testing.

The design analysis is minimal, with only a basic explanation of how water height indicates inhalation strength and a mention of a ruler image and styrofoam piece. The absence of actual data, charts, or detailed interpretation weakens the analysis. The summary of data implications reflects an awareness of challenges and variables but remains general without specific conclusions or actionable next steps.

To improve, the team should document quantitative data collected during tests, include visuals such as photos or graphs to support analysis, clarify detailed testing procedures including controls and repetitions, and provide a more thorough interpretation of results with specific implications for design improvements.",1.333333333,2.5
Case085_1010.docx,,Placeholder text for scoring.,1,0,1,0,3,2,1,1,,,,,The document only mentions a high priority test related to melting ice on concrete but provides no evidence of actual testing or data collection. The discussion is limited to a general statement about heat increase and design success without showing tests conducted on other important requirements.,"There is no clear description of testing procedures, data gathering methods, or analysis steps. The document lacks details on variables, controls, trial numbers, or measurement techniques.","No analysis is presented beyond a brief, unsupported statement. There are no visuals, charts, graphs, or raw data to support any conclusions.","A minimal summary is provided stating that increased heat improves chances of success, but this is a vague and general implication without connection to data or detailed results.",melt ice on concrete without damaging concrete; increase heat to improve melting efficiency,"The document suggests that melting ice on concrete without damage is a key design requirement, inferred from the brief mention of heat increase and design success. However, the evidence of actual testing is minimal, with no detailed tests conducted or data presented to support this requirement or others. This limits the ability to assess whether important design requirements were adequately tested.

Testing procedures are not described, and there is no information on how data was collected or analyzed. The absence of details such as variables, controls, or trial repetitions indicates a lack of clarity and completeness in the testing process. Additionally, the analysis is very limited, with no supporting visuals or raw data, which weakens the explanation of how the design met its goals.

The summary of data implications is minimal and overly general, lacking specific insights or actionable next steps based on evidence. To improve, the student should document completed tests with clear procedures, include raw data and visualizations, provide detailed analysis connecting results to design goals, and offer specific implications and next steps. Including multiple tests covering all high-priority requirements and thorough data collection would strengthen the overall quality of the testing documentation.",0.666666667,0.5
Case086_2133.pdf,,Placeholder text for scoring.,2,1,3,3,4,3,2,3,,,,,"The student conducted tests on most high-priority requirements inferred from the document: ease of use and mold resistance were tested thoroughly, while coverage was tested but considered medium priority. This shows testing of most important requirements.","The testing procedures are described with some detail, including number of trials and observations. However, methods for data collection and controls are only partially explained, and raw data or measurement methods are limited.","The analysis includes a verbal summary interpreting test results and connecting them to design goals. Some tables are present, but visuals like graphs or photos are minimal or absent, limiting the detail and support of the analysis.","The summary addresses implications for design improvements, such as the need for a cap and reconsidering the sprinkler design. However, the implications are somewhat general and do not address all results in depth.",ease of use; mold resistance; water coverage,"This document demonstrates a solid effort to test important design requirements, including ease of use, mold resistance, and water coverage. While the requirements were not explicitly listed, they were clearly inferred from the tests conducted. The student successfully tested most high-priority requirements, providing multiple trials and observations for each.

The testing procedures are described with moderate clarity, including the number of trials and some observations about user interaction and mold growth. However, the methods for data collection and controls could be more detailed to strengthen the understanding of the testing process. The analysis provides a reasonable verbal summary that interprets the results and relates them to design goals, but it lacks robust visual support such as graphs or photos that would enhance the explanation.

The summary of data implications identifies key next steps, like adding a cap and reconsidering the sprinkler design, but these reflections could be expanded to address all test results more comprehensively. To improve, the student should provide clearer descriptions of testing procedures, include more detailed raw data or visuals, deepen the analysis with quantitative insights, and offer more specific design recommendations based on the data.",2,3.25
Case087_2121.pdf,,Placeholder text for scoring.,2,1,2,1,4,3,2,3,,,,,"The student conducted tests on most high-priority requirements inferred from the document: ease of use and mold resistance (both high priority) and coverage (medium priority). The tests were completed with multiple trials and pass/fail outcomes, showing focus on important design aspects.","The testing procedures are described with some detail, including number of trials and observations. However, the methods for data gathering and controls are only partially explained, and raw data or measurement methods are not fully detailed.","The analysis includes a verbal summary interpreting test results and some observations, but lacks detailed quantitative data, charts, or visuals. The narrative is partially complete and correct but minimally supported by visuals or raw data.","The summary addresses the implications of the test results, identifying next steps such as redesigning the deflector or sourcing a sprinkler. While some results are discussed, the summary does not fully address all major results or provide a robust reflection.",ease of use; mold resistance; water coverage,"This Element I submission demonstrates a clear focus on testing important design requirements, including ease of use, mold resistance, and water coverage. The student completed multiple trials for each test and provided pass/fail outcomes, which supports the validity of the testing effort. However, the coverage test was only medium priority and failed, indicating room for improvement in addressing all high-priority requirements comprehensively.

The testing procedures are described with some clarity, including the number of trials and qualitative observations. Yet, the documentation lacks detailed explanation of measurement methods, controls, or how data was systematically gathered and analyzed. The analysis is primarily narrative with minimal visual support such as charts or raw data tables, limiting the depth of insight into design performance.

The summary of data implications is adequate, identifying key next steps based on test outcomes, such as redesigning the deflector or sourcing a different sprinkler. To improve, the student should provide more detailed quantitative data and visuals to support analysis, clarify testing procedures including controls and measurement methods, and expand the summary to robustly address all major results and their impact on design decisions.",1.666666667,3
Case088_1211.pdf,,,1,2,1,1,5,5,4,4,,,,,"The student conducted tests on all major inferred high-priority requirements: frame strength via deflection under load, structural integrity after unloading, and the functionality and timing of the leveling system.","The testing procedure is clearly described with step-by-step instructions, including repeated trials and measurement methods. Data gathering methods are explained, though some details on controls or measurement precision could be expanded.","The analysis is generally detailed, interpreting the deflection data and leveling system times in relation to design goals. Visual evidence is referenced (photos, measurement tools), but actual images or charts are not included in the document.","The summary addresses most major results and implications, noting the frame meets strength requirements and the leveling system is functional. However, next steps or potential design improvements are not explicitly discussed.",frame strength and deflection under load; leveling system functionality and speed; structural integrity after unloading,"This document demonstrates strong testing coverage of the inferred high-priority design requirements, including frame strength under load, structural integrity after unloading, and the leveling system's operation and timing. The student clearly conducted multiple trials and collected relevant data, showing a solid understanding of the importance of these tests for validating the design.

The testing procedures are well explained with logical steps and repeated measurements, indicating a good grasp of testing methodology. However, the description could be improved by including more details on measurement accuracy, controls, or environmental conditions. The analysis effectively interprets the data, linking deflection measurements and timing results to the design goals. While the narrative references photos and measurement tools, including actual visuals such as graphs or photos would strengthen the evidence and clarity.

The summary thoughtfully reflects on the data's implications, confirming the design's success in meeting strength and functionality requirements. To improve, the student should explicitly discuss potential design modifications or next steps based on the data. Adding detailed visuals, clarifying measurement methods, and expanding on implications would enhance the overall quality and completeness of the testing documentation.",1.333333333,4.25
Case089_2443.pdf,,,2,4,4,3,5,5,4,4,,,,,"The student conducted tests on all major inferred high-priority requirements: frame strength via deflection under load, checking for permanent deformation, and functionality of the leveling system including speed and angle measurements.","The testing procedure is clearly described with step-by-step instructions for both stress testing and leveling system testing. Data gathering methods, such as measuring deflection with a reference beam and timing the chain block, are explained. However, some details like exact measurement tools or controls are not fully elaborated.","The analysis provides a generally detailed explanation connecting test results to design goals, supported by raw data and photos. While visuals are referenced, the document could benefit from more explicit charts or graphs to enhance clarity and data interpretation.","The summary discusses the implications of the data, confirming the frame meets strength requirements and the leveling system functions as intended. It addresses most major results and suggests the design is successful, though next steps or potential improvements are not deeply explored.",frame strength and deflection under load; leveling system functionality and speed; frame stability without permanent deformation,"The student effectively tested all major inferred design requirements, including frame strength under load, prevention of permanent deformation, and the functionality of the leveling system. This comprehensive testing demonstrates a strong focus on critical aspects of the design. The procedures for both stress testing and leveling system evaluation are clearly outlined, showing a good understanding of how to gather relevant data such as deflection measurements and timing. However, some procedural details, like specific measurement tools or environmental controls, could be more explicitly described to strengthen the testing rigor.

The analysis is generally detailed and connects the data to the design goals, supported by raw data and referenced visuals such as photos. Including more explicit charts or graphs would improve clarity and help visualize trends or comparisons. The summary of data implications is solid, confirming the design’s success and functionality, but it could be enhanced by discussing potential design improvements or next steps based on the results.

To improve, the student should consider adding more detailed descriptions of measurement methods and controls, incorporate clearer visual data representations like graphs or tables, and expand the implications section to include specific recommendations for design refinement or further testing. These enhancements would provide a more thorough and professional engineering testing documentation.",3.333333333,4.25
Case090_0001.pdf,,,0,0,0,1,2,2,1,2,,,,,"The student mentions testing some requirements such as weight, sunlight regulation, and battery operation, but explicitly states that weather conditions and programmability were not tested. Testing is limited and incomplete for high-priority requirements.","The testing procedure is described in very general terms with minimal detail. There is mention of independent and dependent variables and changing one variable at a time, but no specifics on how tests were conducted, data gathered, or controls used.","Analysis is minimal and mostly narrative without detailed data or visuals. The only data mentioned are subjective review scores and general feedback, with no charts, graphs, or photos to support the analysis.","The summary of data implications is basic and general, noting the need to add features like a shelter and programmability based on feedback. However, it lacks a robust connection to specific test results or detailed reflection.",weight measurement; regulation of sunlight; battery operation; weather resistance; programmability,"This document shows some effort to test important design requirements such as weight, sunlight regulation, and battery operation, but it lacks comprehensive testing of all high-priority requirements, notably weather resistance and programmability. The testing appears incomplete, limiting confidence in the design's overall performance.

The description of the testing procedure is vague and lacks detail about how tests were conducted, what variables were controlled, or how data was collected and analyzed. While the student mentions changing one variable at a time, there is no clear explanation of the methodology or measurement techniques. The analysis is minimal and primarily narrative, relying on subjective review scores without supporting visuals like charts or photos, which weakens the evidence for design evaluation.

The summary of data implications identifies some next steps, such as adding a shelter and programmability, but these are general and not strongly tied to specific test outcomes. To improve, the student should document detailed testing procedures with clear variables and controls, collect and present quantitative data with visuals, provide thorough analysis connecting results to design goals, and offer specific, evidence-based implications for design improvements.",0,1.75
Case091_5323.pdf,,,5,3,2,3,5,4,3,4,,,,,"The student conducted tests on all three high-priority inferred requirements: water flow consistency, durability and portability, and ease of building and use. Each test focused on a key design goal with multiple trials and relevant variables.","The testing procedures are clearly described with independent, dependent, and control variables identified. Multiple trials were conducted for each test. Data collection methods and observations are explained, though raw data is limited and some procedural details (e.g., measurement methods) could be more explicit.","The analysis includes summaries of results and conclusions for each test, connecting outcomes to design goals. However, visual data support is minimal—no charts, graphs, or photos are provided, only narrative descriptions and some trial data points.","The student provides clear implications and next steps for each test, addressing most major results and suggesting specific design improvements. The summary effectively links data to design changes, though some implications could be more detailed.",consistent water flow to plants; durability and portability of the system; ease of building and using the system with basic materials,"This document demonstrates a strong effort to test all major inferred design requirements, including water flow consistency, durability and portability, and ease of assembly and use. The student clearly prioritized these areas and conducted multiple trials to gather meaningful data. This comprehensive approach strengthens the evaluation of the design’s effectiveness.

The testing procedures are generally well explained, with clear identification of variables and controls, and descriptions of how data was collected through observations and repeated trials. However, the documentation would benefit from more detailed descriptions of measurement methods and inclusion of raw data or quantitative metrics to enhance clarity and reproducibility.

The analysis provides thoughtful summaries and conclusions that relate test outcomes to design goals, but it relies heavily on narrative rather than visual data representations. Incorporating charts, graphs, or photos would improve the detail and persuasiveness of the analysis. The implications and next steps are well connected to the results, offering practical recommendations for design improvements.

To improve, the student should include more quantitative data and visual evidence, clarify measurement techniques, expand on the implications with more specific design insights, and consider testing with a broader range of users or conditions to strengthen data validity.",3.333333333,4
Case092_4324.pdf,,,4,3,2,4,5,4,3,4,,,,,"The student conducted tests on all three high-priority inferred requirements: water flow consistency, durability and portability, and ease of building and use. Each test included multiple trials and focused on important aspects of the design.","The testing procedures are clearly described with identification of variables, controls, and number of trials. Data gathering methods and observations are explained, though raw data is limited and some procedural details (e.g., measurement methods for flow rate) are not fully detailed.","The analysis includes summaries of results and conclusions for each test, connecting findings to design goals. However, visual data such as charts, graphs, or photos are absent, limiting the depth of analysis support.","The student provides clear summaries of data implications and next steps for each test, addressing most major results. The implications are practical and linked to observed issues, though some reflections could be more robust.",consistent water flow to plants; durability and portability of the system; ease of building and using the system with basic materials,"This document demonstrates a strong effort to test all major inferred design requirements: water flow consistency, durability and portability, and ease of building and use. The student clearly conducted multiple trials for each test and focused on relevant aspects of the design, ensuring that important requirements were meaningfully evaluated.

The testing procedures are generally well explained, with identification of independent, dependent, and control variables, as well as descriptions of how tests were conducted. Data collection is summarized through trial outcomes and observations, though the absence of detailed raw data or measurement methods limits full clarity. The analysis effectively interprets results and connects them to design goals, but the lack of visual evidence such as graphs or photos reduces the depth and impact of the analysis.

The student thoughtfully summarizes the implications of the data, identifying specific design weaknesses and proposing actionable next steps. To improve, the student should include more detailed raw data or quantitative measurements, incorporate visual aids to support analysis, clarify measurement methods, and expand reflections to deepen understanding of test results. Adding these elements will strengthen the documentation and provide clearer evidence of design success and areas for improvement.",3,4
Case093_4412.pdf,,,4,4,1,2,4,4,3,4,,,,,"The student conducted tests addressing most high-priority requirements inferred from the design: surface durability (scratch test), structural strength (drop test), load capacity (load test), and usability (setup test). While these cover key aspects, the testing of load capacity was limited to 15 lbs and short duration, and some requirements like environmental resistance were not tested.","The testing procedures are described with reasonable clarity, including participant numbers, test conditions, and outcomes. Data gathering methods such as participant feedback, observed breakage, and incremental loading are explained. However, details on controls, repeated trials, measurement precision, or raw data presentation are limited.","The analysis provides a narrative interpretation of results and connects findings to design goals. However, the document lacks visual data such as charts, graphs, or photos to support the analysis. The analysis is somewhat detailed but could be strengthened with quantitative data presentation and more comprehensive interpretation.","The summary discusses implications for design improvements, such as sanding to reduce scratches, reinforcing weak points, and improving instructional materials. Most major results are addressed with clear next steps, though some implications could be more specific or detailed.",surface durability to prevent scratches; structural strength to resist breakage under load; load capacity for sustained weight; ease of setup with clear instructions,"This report demonstrates a solid effort in testing several important inferred design requirements, including surface durability, structural strength, load capacity, and ease of setup. The tests conducted are relevant and provide meaningful insights into the product's performance under various conditions. However, some high-priority requirements, such as environmental resistance or extended load testing, were not addressed.

The testing procedures are generally clear, with participant numbers and test conditions described, showing an understanding of data collection. Yet, the documentation would benefit from more detailed descriptions of controls, repeated trials, and measurement methods to strengthen the rigor of the testing process. The analysis offers a reasonable interpretation of results and links findings to design goals, but it lacks supporting visuals like graphs or photos that would enhance clarity and impact.

The summary effectively outlines implications for design improvements and next steps, reflecting thoughtful reflection on the data. To improve, the student should include more detailed raw data or visual evidence, expand on testing procedures with controls and repetitions, and provide more quantitative analysis. Additionally, testing a broader range of high-priority requirements and elaborating on implications would further strengthen the report.",3,3.75
Case094_1211.pdf,,,1,2,1,1,4,4,3,4,,,,,"The student conducted tests addressing most high-priority requirements inferred from the design: surface durability (scratch test), structural strength (drop test), load capacity (load test), and usability (setup test). While these cover key aspects, some requirements like environmental resistance or long-term durability were not tested.","The testing procedures are described with reasonable clarity, including participant numbers, test conditions, and outcomes. Data gathering methods such as participant feedback, observed breakage, and success rates are explained. However, details on controls, repeated trials, or measurement precision are limited.","The analysis provides narrative summaries interpreting test results and connecting them to design goals. However, no raw data, charts, graphs, or photos are included to visually support the analysis, limiting the detail and strength of the evaluation.","The summary clearly identifies implications for design improvements, such as sanding to reduce scratches, reinforcing weak points, enhancing internal supports, and improving instructional materials. Most major results are addressed with actionable next steps.",surface durability to prevent scratches; structural strength to resist breakage under load; load capacity for sustained weight; ease of setup with clear instructions,"This report demonstrates a solid effort in testing several important inferred design requirements, including surface durability, structural strength, load capacity, and ease of setup. The tests conducted are relevant and provide meaningful insights into the product's performance under various conditions. However, some potentially critical requirements, such as environmental resistance or long-term durability, were not addressed.

The testing procedures are generally well described, with clear explanations of participant involvement and test conditions. Data collection methods are logical, though more detail on controls, repeated trials, and measurement techniques would strengthen the procedural clarity. The analysis offers thoughtful interpretation of results and links findings to design goals, but the absence of visual data such as charts, graphs, or photos limits the depth and persuasiveness of the evaluation.

The summary effectively outlines implications for design improvements and next steps, showing a good understanding of how test outcomes inform future iterations. To improve, the student should consider including raw data or visual aids to support analysis, provide more detailed descriptions of testing protocols, and expand testing to cover additional critical requirements. Enhancing these areas will lead to a more comprehensive and convincing design evaluation.",1.333333333,3.75
Case095_2211.pdf,,,2,2,1,1,3,2,1,2,,,,,"The student tested about half of the high-priority requirements inferred from the document: longevity, durability, ease of use, and water capacity. However, the testing focused mainly on longevity and durability aspects, with less clear evidence of testing ease of use and water capacity.","The testing procedure is described in general terms, mentioning filling the barrel, occasional use, and observation over weeks. Data gathering is limited to checking for leaks and evaporation, recorded in a Google doc. There is minimal detail on controls, variables, measurement methods, or repeated trials.","The analysis is brief and mostly opinion-based, stating the barrels worked well and will last 10 years. There is no presentation of raw data, charts, graphs, photos, or tables to support the conclusions.","The summary of data implications is developing but limited. It suggests stabilizing the ground under the barrel as a next step, which is connected to the testing but does not address all major results or provide a robust reflection on design success or failure.",longevity of rain barrel; durability of rain barrel; ease of use; water capacity,"This report identifies key design requirements such as longevity, durability, ease of use, and water capacity, with testing focused primarily on longevity and durability. While these are important, the evidence suggests only partial testing of all high-priority requirements, limiting the comprehensiveness of the evaluation. The testing procedure is described in broad terms, involving filling the barrel and observing it over several weeks, but lacks detailed methodology, controls, or quantitative data collection. Data gathering is limited to qualitative observations of leaks and evaporation, with no mention of repeated trials or measurement precision.

The analysis section provides a general conclusion that the design will last at least 10 years and meets goals, but it lacks supporting data or visuals such as charts or photos, which would strengthen the argument. The summary of data implications proposes stabilizing the ground beneath the barrel, a relevant next step, but does not fully address all test results or potential design improvements. To improve, the student should document specific test procedures with variables and controls, collect and present quantitative data, include visual evidence to support analysis, and provide a more thorough reflection on how results inform design changes and success.",1.666666667,2
Case096_0001.pdf,,,0,0,0,1,3,2,1,2,,,,,"The student tested about half of the high-priority requirements inferred from the document: longevity, durability, ease of use, and water capacity. However, the testing focused mainly on longevity and durability aspects, with less clear evidence of testing ease of use and water capacity.","The testing procedure is described in a very general way, mentioning filling the barrel, occasional use, and observation over weeks. Data gathering is limited to checking for leaks and evaporation, recorded in a Google doc, but lacks detail on controls, variables, measurement methods, or repeated trials.","The analysis is minimal and mostly opinion-based, stating the barrels worked well and will last 10 years without supporting data or visuals. There are no charts, graphs, photos, or detailed data summaries to substantiate the claims.","The summary of data implications is developing but limited. It suggests stabilizing the ground under the barrel as a next step, which is connected to the testing but does not address all major results or provide a robust reflection on design success or failure.",longevity of rain barrel; durability of rain barrel; ease of use; water capacity,"This report identifies key design requirements such as longevity, durability, ease of use, and water capacity, inferred from the testing focus. The student conducted testing primarily related to longevity and durability, but evidence of testing ease of use and water capacity is less clear, limiting the comprehensiveness of the evaluation.

The testing procedure is described in broad terms, mentioning filling the barrel and observing it over several weeks, with data recorded in a Google document. However, the description lacks detail on how measurements were taken, controls used, or how data was analyzed, which weakens the clarity and rigor of the testing process. The analysis section provides a general conclusion that the design will last at least 10 years and meets goals, but it lacks supporting data, visuals, or detailed interpretation.

The summary of data implications suggests improving the stability of the barrel’s placement, which is a reasonable next step but does not fully address all test results or design goals. To improve, the student should provide more detailed testing procedures including variables and controls, include raw data or visual evidence such as photos or charts, deepen the analysis by connecting data trends to design goals, and expand the implications to cover all major findings and potential design improvements.",0,2
Case097_2212.pdf,,,2,2,1,2,3,3,2,2,,,,,"The student tested about half of the high-priority requirements, including programming the blinds to open and close and fitting the tray. However, testing was incomplete or inconsistent, especially regarding the battery power and gear mechanism.","The testing procedure is partially described with some details on changing the rod angle and battery voltages, but lacks clarity on controls, repeated trials, or systematic data collection. Data gathering methods and measurement techniques are vague.","The analysis is partial and mostly narrative, describing effects of rod angle on blind movement. There is minimal visual or quantitative data support, and no charts or tables to illustrate results.","The summary of data implications is developing, noting the need for a slower battery and that rod angle affects performance. However, implications are general and do not fully address all major results or next steps.",Programming functionality to open and close blinds; Fit a 10x20 tray inside the box; Blinds open and close at a controlled speed with appropriate battery power,"This document shows that the student tested several important design requirements, such as the programming of the blinds to open and close and fitting the tray inside the box. However, the testing was inconsistent and incomplete, particularly regarding the battery power and gear mechanism, which are critical to the design's success. Some requirements were inferred from the testing descriptions rather than explicitly stated.

The testing procedure is described in a partial and somewhat unclear manner. While the student mentions changing the rod angle and trying different battery voltages, there is little detail on how data was gathered, controlled, or repeated. The analysis is mostly narrative and lacks supporting visuals such as charts, graphs, or photos that could better illustrate the results. The summary of data implications identifies some next steps, like trying a slower battery, but remains general and does not fully connect all results to design improvements.

To improve, the student should document testing procedures more clearly, including controls and repeated trials. Collecting and presenting quantitative data in tables or graphs would strengthen analysis. Including photos or diagrams of the setup and results would provide visual support. Finally, a more detailed summary linking data to specific design changes and next steps would enhance the overall evaluation.",1.666666667,2.25
Case098_3220.pdf,,,3,2,2,0,4,3,2,2,,,,,"The student tested about half of the high-priority requirements explicitly: sun protection, support, and partially programming. Size was addressed but not physically tested, and waterproofing and decoration were low priority with minimal or no testing. Durability was tested but considered lower priority. Thus, testing covered some but not all high-priority requirements.","The testing procedures are described with some understanding, including variables (e.g., dependent and independent variables for sun protection), repeated trials, and observations. However, data collection methods are mostly qualitative and narrative, lacking detailed measurement or quantitative data. Some procedures are vague or incomplete, such as waterproofing and programming tests.","The analysis is partial and mostly narrative with limited detail. There is some interpretation of results (e.g., sun protection success rate, support stability), but no visual data such as charts, graphs, or photos are provided to support the analysis. The mention of a picture with measurements is not elaborated or integrated into the analysis.","The summary of data implications is developing but incomplete. The student reflects on successes and areas for improvement (e.g., waterproofing and programming), but implications are general and do not fully address all major results or next steps in detail.","Sun protection for the plant; Platform size meeting rubric dimensions; Support to hold at least 10 pounds and stability; Durability under repeated use; Programmable control of platform rotation; Waterproofing of electrical components; Decoration (lowest priority, no testing)","This project demonstrates testing of several important design requirements, including sun protection, support stability, and programming functionality, which were inferred as high priorities. However, some key requirements like size and waterproofing were either not physically tested or only minimally addressed. Decoration was acknowledged as low priority and not tested. The testing procedures show an adequate understanding, with repeated trials and identification of variables, but data collection is largely qualitative and lacks detailed quantitative measurements or systematic recording.

The analysis of test results is partial and primarily narrative, with limited use of visual evidence such as graphs or photos to support conclusions. While the student interprets some outcomes and notes improvements made during testing, the analysis could be strengthened by including more detailed data and visuals. The summary of data implications touches on successes and areas for improvement but remains general and could better connect specific results to design changes or next steps.

To improve, the student should document quantitative data more systematically, incorporate visual evidence to support analysis, clarify testing procedures with more detail, and provide a more thorough summary of implications that directly link test outcomes to design improvements. Including photos or charts and elaborating on all tests conducted would enhance the clarity and completeness of the testing documentation.",2.333333333,2.5
