filename,source_type,text,I1_expert,I2_expert,I3_expert,I4_expert,I1,I2,I3,I4,I1_flag,I2_flag,I3_flag,I4_flag,I1_rationale,I2_rationale,I3_rationale,I4_rationale,inferred_requirements,narrative_feedback,expert_score,element_score_raw
Case001_5222.pdf,,Placeholder text for scoring.,5,2,2,2,4,3,3,3,,,,,"The student tested most high-priority requirements including protection of the lens, attachment security during shaking and movement, durability via drop tests, and ease of attachment/removal. Weight and color were also tested but are lower priority. Some requirements like color visibility were tested but not fully implemented.","The testing procedures are described with some clarity, such as drop tests from 10 feet, shake tests for 10 seconds, and attachment/removal attempts. However, details on data collection methods, number of trials, controls, and quantitative measurements are limited or missing. The narrative implies logical testing but lacks comprehensive procedural detail.","The analysis includes some interpretation of results, such as damage observations and pass/fail outcomes. Photos of damage are mentioned but not included in the text provided. Tables summarize test results, but visuals like graphs or detailed data are minimal. The analysis connects results to design changes (e.g., wall thickness) but is somewhat brief.","The summary addresses some implications, such as increasing wall thickness after damage and confirming attachment security. However, implications are partial and do not fully address all test results or next steps, such as color improvements or further durability testing.",Protect the camera lens from damage; Lens cover stays attached during movement; Lens cover is easily attachable and removable; Lens cover is durable against drops; Lens cover is lightweight,"This engineering testing documentation demonstrates a solid effort to evaluate key design requirements, including protecting the camera lens, ensuring the cover stays attached during movement, and testing durability through drop tests. These important requirements were clearly tested, though some lower-priority aspects like color visibility were less fully addressed. The testing procedures are described in a generally understandable way, with logical steps such as multiple drop tests and shake tests. However, the documentation would benefit from more detailed descriptions of how data was collected, including the number of trials, measurement methods, and controls to strengthen the rigor of the testing.

The analysis provides some useful interpretation of the results, noting damage observations and pass/fail outcomes, and linking findings to design changes like increasing wall thickness. Visual evidence such as photos is referenced but not fully presented, and more detailed data displays like graphs or charts would enhance clarity. The summary of data implications touches on key next steps but remains somewhat limited, missing opportunities to discuss improvements for color or further testing. To improve, the team should include more comprehensive procedural details, incorporate clear visual data, expand analysis to connect all results to design goals, and provide a robust summary of implications and future actions.",2.75,3.25
Case002_5442.pdf,,Placeholder text for scoring.,5,4,4,2,4,3,3,3,,,,,"The student conducted tests on most high-priority requirements including protection of the lens, attachment security (shake test), durability (drop test), and ease of attachment/removal. Weight and color were also tested but are lower priority. Some requirements like color visibility were tested but not fully implemented.","The testing procedures are described with some clarity, such as dropping from 10 feet multiple times and shaking the cover for 10 seconds. However, details on data collection methods, number of trials, controls, and measurement techniques are limited or missing. The narrative implies logical testing but lacks comprehensive procedural detail.","The analysis includes some interpretation of results, such as damage observed after drops and improvements after thickening walls. Photos of damage are mentioned but not included in the text provided. Tables summarize pass/fail results for tests. Visual support is partial and analysis is somewhat detailed but could be more thorough.","The summary discusses implications such as increasing wall thickness to improve durability and confirms that the cover stays attached during shaking. However, implications for other results like color and weight are less developed. Next steps are mentioned but not fully elaborated.",Protect the camera lens from damage; Cover stays attached during movement; Cover is easily attachable and removable; Durability against drops; Low weight,"This engineering testing documentation demonstrates a solid effort to evaluate key design requirements, including protecting the camera lens, ensuring the cover remains attached during movement, and testing durability through drop and shake tests. These tests address most of the high-priority requirements inferred from the design goals. However, some requirements such as color visibility were tested but not fully realized, and the weight requirement was only briefly addressed.

The testing procedures are described in a generally understandable way, with clear descriptions of drop heights and shake durations. Yet, the documentation lacks detailed information on the number of trials, controls, and precise data collection methods, which limits the clarity and reproducibility of the tests. The analysis provides some interpretation of results, noting damage after drops and improvements after design changes, supported by pass/fail tables. Visual evidence like photos is referenced but not included, reducing the impact of the analysis.

The summary of data implications connects test outcomes to design improvements, such as thickening walls to enhance durability, but could better address all test results and outline more specific next steps. To improve, the team should include detailed testing protocols with trial counts and controls, incorporate visual data such as photos or graphs, expand analysis to fully interpret all test results, and provide a more comprehensive summary of implications and future design directions.",3.75,3.25
Case003_0012.pdf,,Placeholder text for scoring.,0,0,1,2,1,1,1,2,,,,,"The student tested only a low-priority aspect related to the mirror's wrinkles affecting image clarity, but did not test other high-priority requirements such as image visibility at distance or mirror size effectiveness.","The testing procedure is minimally described with no details on how tests were conducted, what data was gathered, or how results were analyzed.","The analysis is very limited, consisting mainly of a brief narrative about wrinkles obscuring the image, with no supporting data, visuals, or detailed interpretation.","There is a developing summary that identifies wrinkles as a problem and suggests next steps (removing wrinkles, enlarging the model, testing in intended space), but implications are general and not fully connected to detailed results.",mirror surface clarity; image visibility; mirror size appropriate for space,"The student’s testing focused primarily on the issue of wrinkles forming on the mirror surface, which was inferred as a low-priority requirement affecting image clarity. However, other important design requirements such as overall image visibility and mirror size were not tested, limiting the scope of the evaluation. The testing procedure lacks clarity and detail; there is no description of how tests were conducted, what measurements were taken, or how data was collected and analyzed. This makes it difficult to assess the rigor or reliability of the testing. The analysis is minimal and largely narrative, with no supporting visuals, raw data, or quantitative evidence to substantiate the conclusions. While the student does identify wrinkles as a problem and proposes logical next steps, the summary of data implications is general and does not fully connect to specific test results. To improve, the student should document detailed testing procedures including variables and controls, collect and present quantitative data or visuals, provide a thorough analysis linking results to design goals, and clearly summarize implications with actionable design changes. Including photos or charts of the mirror surface and test outcomes would strengthen the analysis and support conclusions.",0.75,1.25
Case004_1111.pdf,,Placeholder text for scoring.,1,1,1,1,1,1,1,2,,,,,"The student conducted a test related to the mirror's surface quality affecting image clarity, which is a low-priority requirement. However, no evidence shows testing of other high-priority requirements such as mirror size or performance in the intended space.","The testing procedure is minimally described, with vague mention of observing wrinkles and their effect on image clarity. There is no detailed explanation of how data was gathered, controlled variables, or repeated trials.","The analysis is very limited, consisting mainly of a brief narrative about wrinkles obscuring the image. No data, visuals, or detailed interpretation are provided to support the conclusions.","The summary identifies wrinkles as a problem and suggests next steps such as removing wrinkles, enlarging the model, and testing in the intended space. However, implications are general and do not address all major results.",mirror surface must be smooth to provide clear image; mirror size must be adequate for intended viewing distance; mirror must function effectively in intended space,"The testing documentation shows an attempt to evaluate the mirror’s surface quality, which is an important inferred requirement for image clarity. However, the testing focused only on this aspect and did not address other high-priority requirements such as mirror size or performance in the intended environment. This limits the comprehensiveness of the testing.

The description of the testing procedure is minimal and lacks detail about how observations were made or data collected. There is no mention of controls, repeated trials, or measurement methods, which reduces clarity and completeness. The analysis is brief and narrative-based without supporting data or visuals, making it difficult to assess the design’s effectiveness fully.

The summary of data implications identifies wrinkles as a key issue and proposes logical next steps, showing some reflection on improving the design. To improve, the student should document testing procedures more thoroughly, include quantitative or visual data to support analysis, test all major design requirements, and provide a more detailed summary linking results to specific design changes. Adding photos or charts would also strengthen the analysis and communication of findings.",1,1.25
Case005_5112.pdf,,Placeholder text for scoring.,5,1,1,2,2,2,1,2,,,,,"The student mentions testing the handle, dispensing mechanism, and button, which are inferred as high-priority requirements. However, the testing is mostly descriptive or based on external videos rather than direct, completed tests on their own design. There is no clear evidence of physical or mathematical testing of all high-priority requirements.","The testing procedure is described in general terms, such as watching videos and discussing design choices, but lacks clear details on how tests were conducted, how data was gathered, or how variables were controlled. The mention of an independent and dependent variable is vague and not supported by data.","The analysis is minimal and mostly narrative without detailed data or visuals. There is a brief mention of a problem with the dispensing mechanism getting blocked, but no quantitative data, charts, or photos are provided to support the analysis.","The summary of data implications is limited but does identify a specific issue with the dispensing mechanism and suggests a future design improvement. However, the implications are narrow and do not address all major results or next steps comprehensively.",handle stability and balance; dispensing mechanism functionality; button usability and effectiveness,"This document identifies key design requirements such as handle stability, dispensing mechanism functionality, and button usability, inferred from the testing discussion. However, the actual testing of these requirements is limited. The student primarily references external videos and discussions rather than conducting and documenting direct tests on their own design, which weakens the evidence of completed testing.

The description of the testing procedure lacks clarity and detail. While the student mentions variables and some design considerations, there is no clear explanation of how tests were performed, how data was collected, or how results were analyzed. The analysis is minimal and mostly narrative, with no supporting data, charts, or photos to illustrate findings. The summary of implications identifies a specific issue with the dispensing mechanism and suggests a potential improvement, but it does not comprehensively address all results or next steps.

To improve, the student should document actual tests conducted on their design components, including clear procedures and data collection methods. Incorporating quantitative data, photos, or charts would strengthen the analysis. Additionally, a more thorough reflection on all test results and detailed implications for design improvements would enhance the overall quality of the testing documentation.",2.25,1.75
Case006_3111.pdf,,Placeholder text for scoring.,3,1,1,1,2,1,1,2,,,,,"The student mentions testing the handle, dispensing mechanism, and button, which are inferred as high-priority requirements. However, the testing is mostly descriptive or based on external videos rather than direct, completed tests of their own design. There is some evidence of functional testing of the dispenser, but it is limited and lacks detail.","The testing procedure is vaguely described with no clear explanation of how tests were conducted, what data was gathered, or how variables were controlled. The mention of independent and dependent variables is very general and not tied to specific test methods or data collection.","The analysis is minimal and mostly narrative without detailed data or visuals. The document references images and videos but does not include them directly or provide detailed summaries, charts, or quantitative data to support conclusions.","There is a basic summary noting that the dispensing mechanism could be improved due to occasional blockages, indicating some reflection on test results. However, implications are limited and do not address all major results or next steps comprehensively.",handle stability and balance; dispensing mechanism functionality; button usability and effectiveness,"This document identifies key design requirements such as handle stability, dispensing mechanism functionality, and button usability, inferred from the testing discussion. However, the actual testing of these requirements is limited. The student primarily references external videos and general observations rather than detailed, completed tests of their own design. This limits the ability to fully assess the effectiveness of the design against its priorities.

The description of the testing procedure lacks clarity and completeness. There is no detailed explanation of how tests were conducted, what data was collected, or how variables were controlled. The mention of independent and dependent variables is vague and not supported by concrete data or measurement methods. Analysis is minimal and mostly narrative, with references to images and videos that are not included or detailed, reducing the strength of the evidence presented.

The summary of data implications shows some reflection, noting that the dispensing mechanism could be improved due to blockages. However, this insight is brief and does not fully explore next steps or other design aspects. To improve, the student should document completed tests with clear procedures, include quantitative data or visuals such as photos or charts, provide detailed analysis connecting results to design goals, and expand on implications with specific recommendations for design improvements.",1.5,1.5
Case007_0011.pdf,,Placeholder text for scoring.,0,0,1,1,2,1,1,1,,,,,"The document describes testing the design's attachment to the wall and receiving stakeholder feedback on appearance and functionality, but does not clearly test all high-priority requirements or provide evidence of systematic testing.","The testing procedure is described in vague terms without details on data collection, measurement methods, controls, or repeated trials, indicating minimal understanding of testing procedures.","There is an attempted analysis through narrative feedback from the stakeholder, but no detailed analysis, data summaries, or visual evidence such as photos, charts, or tables to support conclusions.","The summary of data implications is minimal and overly general, mainly stating that the design met requirements based on stakeholder feedback without discussing specific results or next steps.",Design functions effectively when attached to wall; Design meets stakeholder aesthetic expectations; Design remains securely attached over time; Design can be adjusted based on stakeholder feedback,"This document provides some evidence that the design was tested by attaching it to the wall and gathering stakeholder feedback on its appearance and functionality. However, important design requirements such as secure attachment and aesthetic appeal were only partially tested, and the testing lacks systematic or comprehensive coverage. The testing procedure is described in very general terms, with no clear explanation of how data was gathered, what measurements were taken, or whether tests were repeated or controlled. This limits the clarity and completeness of the testing process.

The analysis of the design’s performance is minimal and primarily based on stakeholder opinions rather than objective data or detailed evaluation. There are no visuals such as photos, charts, or tables to support the analysis, which weakens the evidence for how well the design met its goals. The summary of implications is brief and does not clearly connect test results to design improvements or next steps.

To improve, the team should document specific tests conducted for each major requirement, including how data was collected and measured. Incorporating visual evidence like photos or charts would strengthen analysis. Providing detailed reflections on test outcomes and clearly linking these to design changes or future steps would enhance the summary of implications. Finally, clarifying the testing procedure with controls and repeated trials would demonstrate a stronger understanding of testing methodology.",0.5,1.25
Case008_0111.pdf,,Placeholder text for scoring.,0,1,1,1,2,1,1,1,,,,,"The document describes testing the design's attachment to the wall and stakeholder feedback on functionality and appearance, which are important requirements. However, testing is limited to informal observation and stakeholder opinion without clear evidence of systematic testing of all high-priority requirements.","The testing procedure is described in a vague narrative form with no details on data gathering methods, controls, variables, or repeated trials. The process mainly involves installing the design, receiving verbal feedback, and making minor adjustments.","There is minimal analysis of how effectively the design met goals. The narrative mentions stakeholder approval and minor fixes but lacks detailed data, visuals, or quantitative analysis supporting the design's performance.","The summary of data implications is very limited, mostly restating stakeholder satisfaction and minor improvements. There is no robust reflection on what the data means for design success or future improvements.","Design must be securely attached to wall; Design must function as intended (e.g., clip blinds closed); Design must meet stakeholder aesthetic expectations; Design must be durable over time","The testing documentation shows some effort to evaluate important design requirements such as secure attachment to the wall, functionality in clipping blinds, and stakeholder satisfaction with appearance. However, these requirements are inferred from the narrative rather than explicitly stated or systematically tested. The testing appears informal and primarily based on stakeholder feedback rather than objective measurements.

The description of the testing procedure lacks clarity and detail. There is no mention of how data was collected, what variables were controlled, or whether tests were repeated to ensure reliability. The analysis is minimal, relying mostly on verbal feedback without supporting data, visuals, or quantitative results. This limits the ability to assess how well the design met its goals.

To improve, the team should explicitly list key design requirements and develop structured tests for each. Detailed documentation of testing procedures, including data collection methods and repeated trials, would strengthen the evidence base. Incorporating visual data such as photos, charts, or tables would enhance analysis. Finally, a more thorough summary reflecting on test results and implications for design improvements would provide clearer guidance for next steps.",0.75,1.25
Case009_0100.pdf,,Placeholder text for scoring.,0,1,0,0,2,1,1,1,,,,,"The students conducted limited testing only on the humidity sensors with different containers, which relates to a low- to mid-priority requirement. They did not test all high-priority requirements such as the actual protection of art materials from humidity.","The testing procedure is minimally described. There is no clear explanation of how tests were conducted, how data was gathered, or any controls or repeated trials. The description is vague and lacks detail.","The analysis is very brief and mostly narrative without supporting data, visuals, or detailed interpretation. No raw data, charts, or photos are provided to support conclusions.",The summary of data implications is minimal and overly general. It notes a next step but does not clearly connect the data to design success or failure or suggest specific design improvements.,Humidity resistance of containers; Effectiveness of container in protecting art materials from humidity,"The testing conducted focused narrowly on evaluating humidity sensors with different containers, which suggests an inferred requirement related to humidity resistance. However, important design requirements such as testing the containers’ effectiveness in protecting art materials from humidity were not completed. This limits the scope and priority of the testing performed.

The description of the testing procedure is minimal and lacks clarity. There is no detailed explanation of how the tests were conducted, how data was collected, or whether controls or repeated trials were used. This makes it difficult to assess the reliability or validity of the results. The analysis is brief and unsupported by any raw data, visuals, or detailed interpretation, which weakens the evidence for the conclusions drawn.

The summary of data implications is very general and does not clearly link the findings to design success or failure. While next steps are mentioned, the implications for improving the design or solving the problem are not well developed. To improve, the students should document detailed testing procedures including variables and controls, collect and present raw data with visuals, provide thorough analysis connecting results to design goals, and clearly summarize implications with specific next steps.",0.25,1.25
Case010_2221.pdf,,Placeholder text for scoring.,2,2,2,1,2,1,1,1,,,,,"The students conducted limited testing only on the humidity sensors with different containers, which relates to a key design requirement of humidity resistance. However, they did not test all high-priority requirements, such as the actual protection of art materials.","The testing procedure is minimally described. There is no clear explanation of how tests were conducted, how data was gathered, or any controls or repeated trials. The description is vague and lacks detail.","The analysis is very brief and mostly narrative without supporting data, visuals, or detailed interpretation. There is no presentation of raw data, charts, or photos to support conclusions.",The summary of data implications is minimal and overly general. It notes a next step but does not robustly connect the data to design success or failure or suggest specific design improvements.,Humidity resistance of containers; Effectiveness of container in protecting art materials from humidity,"The testing conducted focused narrowly on evaluating humidity sensors with different containers, which aligns with the inferred requirement of assessing humidity resistance. However, important design requirements, such as testing the containers with actual art materials, were not completed, limiting the scope of testing. The document lacks clarity and detail about the testing procedures; it does not describe how data was collected, controlled, or analyzed, making it difficult to assess the rigor of the tests. The analysis is minimal and unsupported by any raw data, visuals, or quantitative results, which weakens the strength of the conclusions drawn. The summary of data implications is brief and general, mentioning future testing plans but not clearly linking the current findings to design success or specific improvements. To improve, the students should document detailed testing procedures including variables, controls, and data collection methods. Including raw data and visual evidence such as tables or graphs would strengthen analysis. A more thorough interpretation of results connecting data to design goals is needed. Finally, a robust summary discussing what the data means for design changes and next steps would enhance the overall quality of the testing documentation.",1.75,1.25
Case011_5555.pdf,,Placeholder text for scoring.,5,5,5,5,4,3,3,3,,,,,"The student tested most high-priority requirements such as water flow, portability, student functionality, appearance, safety, cleanliness, storage, and customizability. While not all requirements were tested with equal depth, the majority of important design criteria were addressed with actual data collection.","The testing procedures are described with some clarity, including multiple trials for water flow, weight measurements for portability, surveys for appearance and functionality, and physical inspection for safety. However, some procedures lack detail on controls, measurement methods, or data collection specifics, and raw data is limited or partially missing.","The analysis provides a narrative interpretation of results and connects findings to design goals. Some quantitative data is presented, but visuals such as graphs or charts are referenced but not included. The analysis is somewhat detailed but could be strengthened with more comprehensive visual data support.","The summary discusses implications of the data for design success and suggests possible improvements, such as sanding sharp edges and adjusting sink appearance. However, the implications are somewhat general and do not fully address all major results or next steps in detail.",Produce sufficient water flow; Portability; Student functionality; Standard sink appearance; Safety; Cleanliness; Storage; Customizability,"The student demonstrated a commendable effort in testing most of the high-priority design requirements, including water flow, portability, functionality, appearance, safety, cleanliness, storage, and customizability. These requirements were inferred from the testing and analysis sections, showing a broad scope of evaluation. However, some tests, such as safety and appearance, could benefit from more rigorous or quantitative methods.

The testing procedures are generally understandable, with multiple trials for water flow and surveys for user feedback. Yet, the documentation lacks detailed descriptions of controls, measurement techniques, and raw data presentation, which limits full comprehension of the testing rigor. The analysis narratively interprets the results and relates them to design goals, but the absence of supporting visuals like graphs or charts weakens the overall impact.

The summary of data implications addresses several key findings and suggests practical improvements, though it remains somewhat general and could better connect specific results to actionable next steps. To improve, the student should provide clearer, more detailed testing procedures, include raw data and visual evidence, deepen the analysis with quantitative support, and offer more specific design recommendations based on test outcomes.",5,3.25
Case012_4520.docx,,Placeholder text for scoring.,4,5,2,0,4,3,2,2,,,,,"The student conducted tests on most high-priority requirements including effectiveness (objects knocked over), tool durability, user safety, and ease of operation. Cost and range of motion were also tested but cost was less detailed and range of motion was low priority. Overall, most high-priority requirements were tested.","The testing procedures are described with some controls and variables noted, such as number of objects, time, and person. However, independent and dependent variables are sometimes unclear or missing. Data collection is shown via trial results, but methods lack detail on measurement techniques or repeated trials. Some bias is acknowledged.","The analysis is partial and somewhat general. Data is presented in tables but lacks charts, graphs, or photos to support interpretation. The narrative summarizes results but does not deeply analyze trends or connect findings strongly to design goals.","The summary of data implications is developing but limited. Some implications are mentioned, such as cost finalization and user operation issues, but the discussion is brief and does not fully address all major results or next steps for design improvement.",Knock over objects effectively with paddle mechanism; Tool durability with no damage after use; User safety with no injury during operation; Ease of operation by different users; Cost estimation within budget; Range of motion between 45 and 180 degrees,"This portfolio demonstrates testing of several important design requirements, including the paddle mechanism's effectiveness in knocking over objects, tool durability, user safety, and ease of operation by different users. These requirements were inferred from the testing descriptions and trial results, showing a reasonable focus on high-priority aspects. However, some requirements like cost and range of motion were less thoroughly tested or treated as lower priority.

The testing procedures include some controls and variables, and data was collected across multiple trials. Yet, the description of how tests were conducted and how data was gathered is somewhat incomplete, lacking detail on measurement methods and repeated trials. The analysis presents raw data in tables but does not include visual aids such as graphs or photos, limiting the depth of interpretation. The summary of data implications is brief and only partially connects results to design improvements or next steps.

To improve, the student should clarify independent and dependent variables and provide more detailed testing procedures. Including visual data representations like charts or photos would strengthen analysis. Expanding the discussion of results to interpret trends and explicitly link findings to design goals would enhance understanding. Finally, a more comprehensive summary of implications and next steps would better demonstrate reflection on the design's success and areas for improvement.",2.75,2.75
Case013_3310.docx,,Placeholder text for scoring.,3,3,1,0,4,3,2,2,,,,,"The student conducted tests on most high-priority requirements including effectiveness (objects knocked over), tool durability, user safety, and ease of operation. Cost estimation and range of motion were also tested but cost is less clearly a high priority. Overall, most key requirements were tested.","The testing procedures are described with some controls and variables noted, such as number of objects, time, and person. However, independent and dependent variables are sometimes unclear or missing. Data collection is shown via trial results, but methods lack detail on measurement techniques or repeated trials beyond five. Some bias is acknowledged.","The analysis is partial and somewhat general. Data is presented as trial results in tables but lacks visual aids like graphs or charts. The narrative summarizes outcomes (e.g., no damage, no harm, pass/fail) but does not deeply interpret or connect results to design goals. Visual support is minimal.","The summary of data implications is developing but limited. Some implications are noted, such as cost finalization in future revisions and user operation issues, but overall reflection on how data informs design improvements or next steps is minimal and not comprehensive.",Knock over objects effectively with paddle mechanism; Tool durability with no damage after use; User safety with no injury during operation; Ease of operation by different users; Cost estimation within budget; Range of motion between 45 and 180 degrees,"This Element I submission demonstrates a commendable effort to test most of the inferred high-priority design requirements, including the paddle mechanism's effectiveness, tool durability, user safety, and ease of operation. The inclusion of cost estimation and range of motion tests adds breadth, though cost is less clearly prioritized. However, the testing procedures lack clarity in defining variables and controls consistently, and the description of data gathering is somewhat incomplete. While trial results are presented, the absence of detailed measurement methods and limited discussion of repeated trials reduce confidence in the robustness of the testing.

The analysis provided is partial and primarily descriptive, with trial results summarized in tables but without supporting visuals such as graphs or charts that could enhance understanding. The connection between data and design goals is not deeply explored, limiting insight into the design's effectiveness. Similarly, the summary of data implications is underdeveloped, offering only general statements about future revisions and user difficulties without a thorough reflection on how the results inform design improvements or next steps.

To improve, the student should clearly define independent and dependent variables and controls for each test, provide detailed descriptions of data collection methods, and include visual representations of data to support analysis. Additionally, deeper interpretation of results linking back to design goals and a more comprehensive summary of implications with specific next steps would strengthen the documentation and demonstrate a fuller understanding of the testing process.",1.75,2.75
Case014_5432.docx,,Placeholder text for scoring.,5,4,3,2,4,3,2,1,,,,,"The student conducted tests addressing most high-priority requirements such as effectiveness in knocking over objects, tool durability, user safety, and ease of operation. Some lower priority tests like cost estimation and range of motion were also included. However, not all high-priority requirements appear fully tested or clearly separated.","The testing procedures are described with some controls and variables noted, such as number of objects, time, and person. However, independent and dependent variables are sometimes unclear or missing. Data collection is shown through trial results, but the explanation of how data was gathered and analyzed is only somewhat detailed and occasionally vague.","The analysis is partial and somewhat general. While trial results are presented in tables, there is minimal interpretation or connection to design goals. Visual support is limited to simple tables without graphs or charts, and no photos or detailed data analysis are provided.","The summary of data implications is minimal and overly general. The student notes some next steps like cost finalization and acknowledges possible bias, but does not robustly connect test results to design improvements or problem solving.",Knock over objects effectively with paddle mechanism; Tool durability with no damage after use; User safety with no injury during operation; Ease of operation by different users; Cost estimation within budget; Range of motion between 45 and 180 degrees,"This Element I submission demonstrates a commendable effort to test several important design requirements, including the paddle mechanism's effectiveness, tool durability, user safety, and ease of operation. These requirements were inferred from the testing descriptions and trial results, showing a reasonable focus on high-priority aspects. However, some tests lack clarity in their scope or separation, and not all high-priority requirements appear fully addressed.

The testing procedures include some controls and repeated trials, but the explanation of variables and data gathering methods is incomplete. While trial results are presented in tables, the analysis is limited and lacks detailed interpretation or connection to design goals. Visual evidence is minimal, with no graphs, charts, or photos to enhance understanding.

The summary of data implications is weak, offering only general statements and limited reflection on how results inform design improvements or next steps. To strengthen this work, the student should clearly define independent and dependent variables, provide more detailed descriptions of testing procedures, include richer visual data representations, and offer a thorough analysis linking results to design goals. Additionally, a robust summary discussing implications and planned design changes would improve the overall quality and completeness of the testing documentation.",3.5,2.5
Case015_5114.docx,,Placeholder text for scoring.,5,1,1,4,3,2,1,2,,,,,"The student tested two high-priority requirements (stability/reusability and ease of use) and two lower-priority requirements (appearance and size). However, testing of high-priority requirements was somewhat limited and incomplete, with no clear evidence of testing all aspects of these requirements.","The testing procedures are described in general terms but lack detail. There is some indication of varying weight and user feedback, but no clear description of controls, variables, number of trials, or data collection methods.","The analysis is mostly narrative and qualitative with no raw data, charts, graphs, or photos provided. The student attempts to interpret results but provides minimal evidence to support conclusions.","The student provides some implications and next steps based on testing, such as motor replacement and covering materials for appearance. However, the summary is partial and somewhat general, lacking robust connection to data.",stable and reusable; aesthetic appearance; compact size; ease of use,"This Element I submission shows that the student tested several design requirements, including stability, ease of use, appearance, and size. While the high-priority requirements of stability and ease of use were addressed, the testing was limited and did not fully cover all aspects of these requirements. The inclusion of lower-priority requirements in testing is noted but does not compensate for incomplete high-priority testing.

The description of testing procedures is basic and lacks important details such as controls, variables, number of trials, and data collection methods. This limits the clarity and reliability of the testing process. The analysis is primarily narrative and qualitative, with no supporting raw data, charts, or visuals to strengthen the conclusions. This weakens the overall design analysis.

The student does provide some implications and next steps, such as motorizing the wheel and improving appearance with tape, but these are somewhat general and not fully supported by detailed data. To improve, the student should document testing procedures more thoroughly, include quantitative data and visuals, expand testing to cover all high-priority requirements comprehensively, and provide a more detailed, data-supported analysis with clear implications for design improvements.",2.75,2
Case016_1311.docx,,Placeholder text for scoring.,1,3,1,1,3,2,1,2,,,,,"The student tested about half of the high-priority requirements explicitly: stability/reusability and ease of use. They also tested medium and low priority requirements (appearance and size). However, testing of some high-priority requirements was limited in depth and detail.","The testing procedures are described in general terms, such as using a mockup and varying weight, and gathering opinions from people. However, there is little detail on controls, variables, number of trials, or data collection methods. Raw data and measurement methods are missing.","The analysis is mostly narrative and qualitative with no visual data such as charts, graphs, or tables. The student provides some interpretation of results but lacks detailed or quantitative analysis supported by visuals.","The summary of data implications is partial and somewhat general. The student identifies some next steps (e.g., replacing the wheel with a motor) but does not robustly connect all results to design improvements or clearly reflect on all major findings.",must be stable and reusable; must look nice; must be not too big; must be easy to use,"This Element I submission demonstrates testing of several design requirements, including two high-priority ones: stability/reusability and ease of use. The student also addressed medium and low priority requirements related to appearance and size. However, the testing coverage of high-priority requirements is incomplete, and some tests rely on subjective opinions rather than quantitative data.

The description of testing procedures shows some understanding but lacks important details such as experimental controls, number of trials, and precise data collection methods. The absence of raw data, charts, or graphs limits the clarity and rigor of the testing process. Analysis is primarily qualitative and narrative, with minimal evidence of detailed or visual data interpretation.

The summary of data implications identifies some logical next steps, like motorizing the wheel to improve usability, but the reflection is somewhat general and does not fully address all test results or their impact on design success. To improve, the student should document testing procedures more thoroughly, include quantitative data and visuals, provide detailed analysis linking data to design goals, and offer a more comprehensive summary of implications and next steps.",1.5,2
Case017_0001.pdf,,Placeholder text for scoring.,0,0,0,1,0,0,0,1,,,,,No tests were actually conducted; the document only discusses intended tests and priorities without any completed testing or data.,"There is no description of any testing procedure, data gathering, or analysis since no tests were performed.",No analysis or data is presented; the document contains only plans and implications without any supporting visuals or detailed examination.,"A very limited and general summary of implications is provided based on intended tests, but these are speculative and not grounded in actual data.",cleaning effectiveness; efficiency without disrupting shower function; durability over time; cost affordability,"This document identifies several important design requirements such as cleaning effectiveness, efficiency, durability, and cost. However, no actual testing was conducted or documented, which is a significant limitation. The discussion focuses on intended tests and their priorities rather than completed experiments or data collection. As a result, the evaluation of whether important requirements were tested cannot be positively supported.

The testing procedure is not described because no tests were performed. There is no information on how data would have been gathered or analyzed, and no raw data, charts, or visuals are included. The analysis is absent, with only speculative implications based on what might have been tested. While the document attempts to reflect on potential implications, these are general and not tied to any evidence or results.

To improve, future documentation should include actual testing with clear procedures, data collection methods, and repeated trials where applicable. Incorporating visual evidence such as photos, charts, or tables would strengthen analysis. Additionally, connecting data outcomes directly to design goals and summarizing specific next steps based on results would enhance the quality and usefulness of the report.",0.25,0.25
Case018_0201.pdf,,Placeholder text for scoring.,0,2,0,1,0,0,0,1,,,,,No tests were actually conducted; the document only discusses intended tests without any evidence of completed testing.,"There is no description of any testing procedure, data gathering, or analysis since no tests were performed.",No analysis or data is presented; the document only contains plans and implications without any supporting visuals or detailed examination.,"A very general and partial summary of implications is provided, but it is based on untested assumptions rather than actual data.",cleans effectively; operates efficiently without affecting shower function; durability over time; cost effectiveness,"This document identifies several important design requirements such as cleaning effectiveness, operational efficiency, durability, and cost. However, no actual testing was performed on these requirements, which limits the ability to evaluate the design’s performance. The discussion remains at the planning stage, describing what tests would have been important rather than presenting completed tests or data.

The testing procedures are not described because no tests were conducted. There is no information on how data would have been gathered or analyzed, and no raw data, charts, or visuals are provided to support any analysis. Consequently, the design analysis is absent, and the document lacks evidence of how well the design met its goals.

The summary of data implications is minimal and speculative, reflecting intended next steps rather than insights drawn from actual results. To improve, future documentation should include completed tests with clear procedures, collected data, and detailed analysis supported by visuals. Additionally, connecting test outcomes directly to design improvements and providing concrete implications will strengthen the evaluation. Including even preliminary prototype testing and data collection would greatly enhance the credibility and usefulness of the testing documentation.",0.75,0.25
Case019_1111.pdf,,Placeholder text for scoring.,1,1,1,1,0,0,0,1,,,,,No tests were actually conducted; the document only discusses intended tests and priorities without any completed testing or data.,"There is no description of any testing procedure, data gathering, or analysis since no tests were performed.",No analysis or data is presented; the document contains only plans and implications without any supporting visuals or detailed examination.,"A very limited and general summary of implications is provided based on intended tests, but these are speculative and not grounded in actual data.",cleaning effectiveness; efficiency without disrupting shower function; durability over time; cost affordability,"This document identifies several important design requirements such as cleaning effectiveness, efficiency, durability, and cost. However, no actual testing was conducted on these requirements, which significantly limits the evaluation of the design’s performance. The discussion remains at the level of intended tests rather than completed experiments, so the document does not provide evidence of testing important design criteria.

The testing procedure is not described because no tests were performed. There is no information on how data would have been gathered or analyzed, and no raw data, charts, or visuals are included to support any findings. Consequently, the analysis is absent, and the document lacks detailed examination of how well the design meets its goals.

The summary of data implications is minimal and speculative, addressing potential next steps rather than reflecting on actual results. To improve, future documentation should focus on completing tests and collecting data, clearly describing testing procedures including variables and controls, and providing detailed analysis supported by visuals. Additionally, reflections should connect data outcomes to design improvements and next steps to demonstrate a thorough understanding of the design’s performance.",1,0.25
Case020_5114.pdf,,Placeholder text for scoring.,5,1,1,4,3,2,2,3,,,,,"The student tested about half of the high-priority inferred requirements, including waterproofing, weight capacity, capacity for bottles and razor, and stability. However, testing for compact size and levelness was not clearly evidenced.","The testing procedure is described in general terms (e.g., 'putting it in conditions like a shower,' 'testing weight up to 10lb'), but lacks detail on how tests were conducted, data gathered, or controlled variables.","The analysis is partial and mostly narrative without supporting visuals such as photos, charts, or raw data. The student summarizes findings but provides minimal detail or quantitative evidence.","The summary addresses some implications, noting the design meets stakeholder needs and suggesting a quality-of-life improvement (levelness). However, it lacks a robust discussion of next steps or detailed design changes.",waterproof; hold up to 10lb weight; fit five bottles and a razor; compact size (less than 6 inches deep and 12 inches wide); sit above the floor; stable and level,"This document demonstrates testing of several important design requirements, such as waterproofing, weight capacity, and capacity for bottles and a razor, which are key to the shower device’s function. However, some inferred requirements like compact size and levelness were not clearly tested or measured, limiting the completeness of the testing coverage. The testing procedure is described in broad terms but lacks specific details about how tests were conducted, how data was collected, or whether controls and repeated trials were used. This reduces clarity and confidence in the testing rigor.

The design analysis is primarily narrative and lacks supporting visuals such as photos, charts, or raw data tables that would strengthen the interpretation of results. While the student summarizes that the design meets stakeholder needs and identifies a needed improvement in levelness, the implications could be expanded to include more detailed next steps or design modifications. To improve, the student should document testing procedures more thoroughly, include quantitative data and visuals, explicitly test all inferred requirements, and provide a more detailed analysis connecting data to design decisions. Adding photos or charts and clarifying how tests were performed would greatly enhance the quality and credibility of the testing documentation.",2.75,2.5
Case021_4412.pdf,,Placeholder text for scoring.,4,4,1,2,3,2,2,3,,,,,"The student tested about half of the high-priority inferred requirements, including waterproofing, weight capacity, capacity for bottles and razor, and stability. However, testing for compact size and levelness was not clearly demonstrated.","The testing procedure is described in general terms, mentioning conditions like a shower and weight testing, but lacks detail on how tests were conducted, data gathered, or controlled variables.","The analysis is partial and mostly narrative, summarizing outcomes without detailed data, visuals, or quantitative evidence to support conclusions.","The summary addresses some implications of the data, noting design success and a needed improvement in levelness, but lacks depth and specific next steps.",waterproof; hold up to 10lb weight; fit five bottles and a razor; compact size (less than 6 inches deep and 12 inches wide); sit above the floor; stable and level,"This document demonstrates testing of several important design requirements, such as waterproofing, weight capacity, and capacity for bottles and a razor, which are critical to the shower device’s function. However, some inferred requirements like compact size and ensuring the device is level were not clearly tested or documented. The testing procedure is described in broad terms, indicating that the device was placed in shower-like conditions and weight was applied, but lacks specifics on how data was collected, controlled, or measured, limiting clarity and reproducibility.

The analysis provides a general narrative summary of the design’s strengths and a noted area for improvement, but it lacks detailed data presentation, such as tables, charts, or photos, which would strengthen the evidence base. The implications section identifies that the design meets stakeholder needs and suggests a minor improvement, but it could be expanded to include more concrete next steps or design modifications. To improve, the student should document detailed testing procedures, include quantitative data and visuals, explicitly test all inferred requirements, and provide a more thorough analysis connecting data to design decisions.",2.75,2.5
Case022_5555.docx,,Placeholder text for scoring.,5,5,5,5,2,1,1,1,,,,,"The student mentions testing for several design requirements including educational value, mouth safety/washability, and stimulating reward. However, the tests described are mostly observational or trial and error, with no clear evidence of systematic testing of all high-priority requirements.","The testing procedure is described very generally with vague references to smaller tests and trial and error. There is no clear explanation of how data was gathered, what variables were controlled, or how tests were conducted.","The analysis is minimal and mostly opinion-based, with no supporting visuals, raw data, charts, or detailed interpretation of results.",The summary of data implications is very limited and general. It notes that better planning could have improved testing success but does not clearly connect data results to design improvements or next steps.,educational value; mouth safe/washable; stimulating reward,"The document indicates that some important design requirements were tested, such as educational value, mouth safety/washability, and stimulating reward. However, the evidence suggests that testing was largely informal and observational rather than systematic, limiting confidence that all high-priority requirements were thoroughly evaluated. The testing procedures lack clarity and detail; the description of trial and error and smaller tests does not explain how data was collected or controlled, making it difficult to assess the rigor of the testing process. The analysis of results is minimal and unsupported by any visual data or detailed interpretation, which weakens the understanding of how well the design met its goals. Additionally, the summary of data implications is vague and does not clearly identify specific design changes or next steps based on the test outcomes. To improve, the student should document specific tests conducted for each major requirement, include detailed descriptions of testing procedures and data collection methods, provide visual evidence such as charts or photos to support analysis, and clearly connect test results to design improvements or future actions. These steps will strengthen the credibility and usefulness of the testing and analysis documentation.",5,1.25
Case023_3322.pdf,,Placeholder text for scoring.,3,3,2,2,5,3,2,2,,,,,"The student conducted tests for all major high-priority requirements inferred from the document: height, stability, and mobility. Each test directly addresses a key design goal.","The testing procedures are described with basic steps and pass/fail criteria, showing adequate understanding. However, details such as measurement precision, controls, repeated trials, or data recording methods are limited or absent.","The analysis is partial and somewhat general. Results are summarized narratively but lack detailed quantitative data, visuals such as photos, charts, or graphs to support conclusions. The analysis is minimally supported by data.","The summary of data implications is developing but limited. It states that the prototype passes all tests and meets goals but does not deeply explore design improvements, limitations, or next steps based on the data.","prototype height between 12-15 feet; prototype structural stability and straightness; prototype mobility: disassembly, transport, and reassembly within 2 minutes","This document demonstrates that the student tested all major inferred design requirements: prototype height, structural stability, and mobility. These tests are clearly described with pass/fail criteria, showing a focus on important design goals. However, the testing procedures lack detail on how data was precisely gathered, controlled, or repeated, which limits the clarity of the testing methodology.

The analysis of test results is mostly narrative and general, summarizing outcomes without detailed quantitative data or visual evidence such as photos, charts, or graphs. This reduces the strength of the conclusions and the ability to verify or interpret trends. The summary of data implications acknowledges that the prototype meets requirements but does not provide a robust reflection on design improvements or next steps.

To improve, the student should include more detailed descriptions of testing procedures, such as measurement methods and trial repetitions. Incorporating visual data like photos or charts would strengthen analysis. Additionally, expanding the reflection to discuss design limitations and potential improvements based on test results would enhance the implications section. Clearer documentation of raw data and more precise analysis would also improve the overall quality of the testing documentation.",2.5,3
Case024_4444.pdf,,Placeholder text for scoring.,4,4,4,4,5,3,2,2,,,,,"The student conducted tests for all major high-priority requirements inferred from the document: height, stability, and mobility. Each test directly addresses a key design goal.","The testing procedures are described with basic steps and pass/fail criteria, showing adequate understanding. However, details such as measurement precision, controls, repeated trials, or data recording methods are limited.","The analysis is partial and somewhat general. While results are summarized narratively, there is minimal visual or data support such as charts, graphs, or photos. The analysis lacks depth and detailed interpretation.",The summary of data implications is developing but limited. It states that the prototype passes all tests but does not discuss specific implications for design improvements or next steps in detail.,"prototype height between 12-15 feet; prototype structural stability and straightness; prototype mobility: disassembly, transport, and reassembly within 2 minutes","This document demonstrates that the student tested all the major inferred design requirements: prototype height, structural stability, and mobility. These tests are clearly linked to important design goals, which is a strong aspect of the work. However, the testing procedures, while described, lack detailed explanation of how data was gathered and controlled. For example, there is no mention of repeated trials or precise measurement methods, which would strengthen the reliability of the results.

The analysis of the test results is somewhat superficial. The student provides narrative conclusions but does not include supporting visuals such as photos, graphs, or tables that would enhance understanding and credibility. Additionally, the summary of data implications is brief and does not fully explore how the results inform potential design improvements or next steps.

To improve, the student should document testing procedures with more detail, including controls and repeated measurements. Incorporating visual data representations would greatly enhance the analysis. Finally, expanding the reflection to discuss specific design changes or future testing based on the results would provide a more robust conclusion and demonstrate deeper understanding.",4,3
Case025_2313.pdf,,Placeholder text for scoring.,2,3,1,3,5,4,4,4,,,,,"The student conducted tests addressing all major inferred high-priority requirements: durability against bear-like forces, access time for opening/closing, user handling simulating bears, and size/capacity measurements.","The testing procedure is described in detail with phases, variables, repeated trials, and data collection methods. Some limitations are noted (e.g., rushed trials), but overall the understanding of testing and data gathering is ample and logical.","The analysis is generally detailed, interpreting data trends and connecting results to design goals. Visual data is referenced (times, measurements, participant feedback), though no actual charts or photos are included in the text.","The summary robustly addresses most major results and implications, including design success, limitations, and next steps. Some implications could be more explicitly tied to specific data points.",lid and barrel system must be durable against bear forces; lid must be secure yet allow timely access; design must engage bears and be safe to handle; system must fit within habitat space and hold sufficient volume,"This document demonstrates strong testing coverage of the key design requirements, which were inferred from the testing focus on durability, access time, user interaction, and size. The student clearly tested all these important aspects, providing evidence of completed trials and data collection rather than just plans.

The testing procedure is well explained, showing a good understanding of how to gather and analyze data. The inclusion of repeated trials, participant feedback, and simulated forces indicates thoughtful test design. However, the limited number of trials in some tests and lack of raw data tables or visual charts slightly reduce clarity.

The analysis is detailed and connects results to design goals effectively, though the absence of actual visuals like graphs or photos weakens the support for conclusions. The summary of data implications is comprehensive, discussing design strengths, limitations, and future refinement needs, but could more explicitly link specific data points to recommendations.

To improve, the student should include actual visual data representations (charts, photos), increase trial numbers for statistical reliability, provide raw data tables, and explicitly connect data points to design changes in the summary. These steps would enhance clarity, evidence strength, and actionable insights.",2.25,4.25
Case026_3314.pdf,,Placeholder text for scoring.,3,3,1,4,5,4,4,4,,,,,"The student conducted tests addressing all major inferred high-priority requirements: durability against bear-like forces, access time for opening/closing, user handling simulating bears, and size/capacity measurements.","The testing procedure is described in detail with phases, variables, repeated trials, and data collection methods. Some limitations are noted (e.g., rushed trials), but overall the understanding of testing and data gathering is ample.","The analysis is generally detailed, interpreting data trends and connecting results to design goals. Visual data is referenced (times, volumes, PSI tests), though no actual charts or photos are included in the text.","The summary robustly addresses most major results and implications, including design success, limitations, and next steps. Some implications could be more explicitly tied to specific data points.",lid and barrel system must be durable against bear forces; lid must be secure yet allow timely access; design must engage bears and be safe to handle; system must fit within habitat space and hold sufficient volume,"This document demonstrates strong testing coverage of the key design requirements, which were inferred from the testing focus on durability, access time, user handling, and size. The student clearly conducted multiple tests that address these priorities, including human simulations of bear behavior and mechanical durability tests, providing a comprehensive evaluation of the design’s effectiveness.

The testing procedure is well articulated, describing preparation, baseline measurements, functional and durability testing, and data analysis. The inclusion of repeated trials and participant feedback shows a solid grasp of testing methodology, though some trials were limited by time constraints. The analysis interprets the data thoughtfully, linking results to design goals and user experience. However, the document would benefit from including actual visual data such as graphs, photos, or tables to strengthen the evidence base.

The summary effectively synthesizes the implications of the data, highlighting design strengths and areas for further refinement. To improve, the student should incorporate visual data representations, increase the number of trials for statistical reliability, explicitly connect implications to specific data points, and clarify any assumptions made during testing. These enhancements would provide a clearer, more convincing demonstration of the design’s performance and inform future development steps.",2.75,4.25
Case027_0110.docx,,Placeholder text for scoring.,0,1,1,0,2,1,1,1,,,,,"The student reports testing water quality parameters such as nitrate, ammonia, and nitrite levels, which relate to water quality requirements. However, only some high-priority requirements (water quality) are tested, while others like fish health and plant growth are only described qualitatively without direct testing evidence.","The testing procedure is minimally described. There is no detail on how water quality tests were conducted, what instruments or methods were used, how data was gathered, or if controls or repeated trials were performed.","The analysis is very limited and mostly narrative. There is no presentation of raw data, charts, graphs, or photos. The student mentions observations about plant health and fish struggling but does not connect these observations to quantitative data or detailed analysis.",The summary of data implications is vague and general. The student notes that the pond meets the main stakeholder requirement of providing gardening experience but does not clearly link water quality results or fish health observations to design improvements or next steps.,maintain water quality suitable for plants and fish; support plant growth and health; support fish health and survival; provide educational and community engagement opportunities,"This document shows some effort to test important design requirements, particularly water quality parameters such as nitrate, ammonia, and nitrite levels. These are relevant to maintaining a healthy aquaponics system. However, the testing is incomplete as it lacks evidence of testing other critical requirements like fish health and plant growth beyond qualitative observations. The testing procedure is minimally described, with no details on how measurements were taken or data collected, which limits understanding of the rigor and reliability of the tests conducted.

The analysis is brief and narrative, without supporting visuals such as data tables, graphs, or photos that could strengthen the interpretation of results. The student notes that plants are thriving while fish are struggling, but this is not quantitatively supported. The summary of implications is general and does not clearly connect test results to design improvements or next steps.

To improve, the student should provide detailed descriptions of testing methods, include quantitative data and visual evidence, and offer a more thorough analysis linking results to design goals. Additionally, explicitly stating all major design requirements and discussing how each was tested would clarify the scope of evaluation. Finally, reflecting on how the data informs future design changes would strengthen the overall analysis.",0.5,1.25
Case028_3211.docx,,Placeholder text for scoring.,3,2,1,1,2,1,1,1,,,,,"The student reports testing water quality parameters such as nitrate, ammonia, and nitrite, which relate to water quality requirements. However, only some high-priority requirements (water quality) appear tested, while others like fish health and plant growth are only described qualitatively without direct testing evidence.","The testing procedure is minimally described. There is no detail on how tests were conducted, data gathered, or analyzed. The mention of water quality testing is vague and lacks specifics such as methods, controls, or data collection.","The analysis is very limited and mostly narrative. There is no presentation of raw data, charts, graphs, or photos. The student provides a brief qualitative statement about plant health and fish struggling but no detailed analysis connecting data to design goals.",The summary of data implications is minimal and general. The student notes that the pond meets the main stakeholder requirement of providing gardening experience but does not clearly link water quality results or fish health to design improvements or next steps.,maintain water quality suitable for plants and fish; support plant growth; support fish health; provide educational and community engagement opportunities,"This document shows some effort to test important design requirements, particularly water quality parameters like nitrate, ammonia, and nitrite levels, which are critical for aquaponics systems. However, the testing coverage is limited, and other key requirements such as fish health and plant growth are only described qualitatively without clear evidence of systematic testing. The testing procedure lacks clarity and detail; there is no explanation of how tests were conducted, what data was collected, or how it was analyzed. This makes it difficult to assess the reliability or validity of the results. The analysis is minimal and narrative-based, with no supporting visuals such as data tables, graphs, or photos to substantiate claims. The summary of data implications is also weak, offering only a general statement about meeting stakeholder goals without connecting findings to design improvements or next steps. To improve, the student should provide detailed descriptions of testing methods and data collection, include raw data or visual evidence, and offer a thorough analysis linking results to design goals. Additionally, a clear summary of implications and recommendations for design changes would strengthen the documentation and demonstrate deeper understanding.",1.75,1.25
Case029_0111.pdf,,Placeholder text for scoring.,0,1,1,1,1,1,1,1,,,,,"The document mentions testing the general design idea and some components like the basin, pump, and height, but no specific tests of high-priority requirements are described. Testing appears minimal and mostly conceptual.","There is minimal explanation of testing procedures, data gathering, or analysis methods. The document states that testing data results are undetermined and that testing will be completed in future projects.","The analysis is very limited and mostly narrative without supporting data, visuals, or detailed interpretation. No raw data, charts, or photos are provided to support the analysis.","The summary of data implications is vague and general, focusing on future testing and stakeholder questions rather than concrete implications or design improvements based on actual data.",pump functionality; basin design; overall height to accommodate plant growth,"This Element I document shows an awareness of some important design requirements such as pump functionality, basin design, and overall height to accommodate plant growth, but it lacks evidence of actual testing of these requirements. The testing described is minimal and conceptual, with no clear demonstration that high-priority requirements were meaningfully tested.

The testing procedure is not clearly explained, and no data collection or analysis methods are described. The document states that testing data results are undetermined and that future projects will be needed to complete testing, indicating incomplete execution of testing activities. The analysis provided is brief and narrative, without supporting visuals or detailed interpretation of results. Similarly, the summary of data implications is general and does not connect specific findings to design improvements or next steps.

To improve, the student should document completed tests with clear descriptions of procedures and data collection methods. Including raw data, charts, or photos would strengthen the analysis and support conclusions. Additionally, the student should provide specific implications of test results for design changes and problem-solving. Finally, explicitly linking tests to high-priority requirements will clarify the importance and impact of the testing.",0.75,1
Case030_0111.pdf,,Placeholder text for scoring.,0,1,1,1,1,1,1,1,,,,,"The document mentions testing the general design and some components like the basin, pump, and height, but no specific tests of high-priority requirements are described. Testing appears minimal and not clearly linked to important requirements.","There is minimal explanation of the testing procedure. No details on how tests were conducted, what data was gathered, or how analysis was performed. The description is vague and mostly reflective rather than procedural.","The analysis is very limited and general, with no data, visuals, or detailed interpretation. The narrative is mostly opinion-based and lacks supporting evidence or detailed explanation of results.",The summary of data implications is weak and overly general. It suggests future testing and stakeholder engagement but does not clearly connect data to design improvements or next steps based on results.,pump functionality; basin design; overall height to accommodate plant growth,"The document suggests that the team considered important design requirements such as pump functionality, basin design, and overall height to accommodate plant growth. However, there is little evidence that these requirements were meaningfully tested. The testing described is vague and lacks concrete examples or data, limiting confidence in the evaluation of the design's performance.

The testing procedure is not clearly articulated. There is no description of how tests were conducted, what variables were controlled, or how data was collected and analyzed. This lack of procedural detail makes it difficult to assess the rigor or validity of the testing efforts. Additionally, the analysis is minimal and unsupported by any raw data, charts, or visuals, which weakens the overall evaluation of the design's effectiveness.

The summary of data implications is general and does not clearly link test results to design improvements or next steps. To improve, the team should document specific tests conducted on key requirements, provide detailed descriptions of testing procedures including data collection methods, include visual evidence such as charts or photos to support analysis, and clearly articulate how test results inform design changes or future work.",0.75,1
Case031_0000.docx,,Placeholder text for scoring.,0,0,0,0,2,2,1,1,,,,,"The student conducted some tests related to both high- and low-priority requirements, including swab tests of disposal areas and a survey addressing cleanliness and accessibility concerns. However, testing focused mainly on user perceptions and cleanliness rather than directly testing all major design requirements.","The testing procedures are only partially described. The survey results include percentages and some quotes, indicating some data gathering, but the swab test procedure and data collection methods are not explained. There is minimal detail on controls, variables, or repeated trials.","The analysis is limited to reporting survey percentages and a few quotes without deeper interpretation or connection to design goals. No visuals such as charts, graphs, or photos are provided to support the analysis.","The document lacks a clear summary of what the data implies for design improvements or next steps. While some user dissatisfaction is noted, there is no robust reflection or actionable implications drawn from the data.",Provide cleaner and more accessible feminine product disposal options; Offer a clean place to store belongings in bathroom stalls; Ensure availability of feminine products within bathroom stalls,"The student’s testing focused on important inferred design requirements such as improving feminine product disposal cleanliness and accessibility, and providing a clean place for belongings in bathroom stalls. However, the tests primarily involved a survey and swab tests with limited explanation, so only some high-priority requirements were meaningfully tested. The testing procedures lack clarity and completeness; while survey percentages and quotes are presented, the swab test methodology and data collection details are missing, limiting understanding of the testing rigor. The analysis is minimal, mainly reporting survey results without deeper interpretation or connection to design goals, and no visual data such as charts or photos are included to support findings. Additionally, the document does not provide a clear summary of the data’s implications for design improvements or next steps, missing an opportunity to reflect on how the results inform the design process. To improve, the student should clearly describe testing procedures including controls and data collection methods, provide detailed analysis linking results to design goals, include visual evidence like graphs or photos, and offer a robust summary of implications and next steps based on the data. These steps will strengthen the documentation and demonstrate a deeper understanding of testing and analysis.",0,1.5
Case032_0000.docx,,Placeholder text for scoring.,0,0,0,0,2,2,1,1,,,,,"The student conducted some tests including swab tests of disposal areas and a survey of the senior class about bathroom experiences, which relate to hygiene and accessibility requirements. However, only some high-priority requirements appear tested, and others like phone sizes are mentioned without clear connection or testing.","The testing procedure is partially described, mainly through survey results with percentages and some quotes. However, details on how swab tests were conducted, data collection methods, controls, or repeated trials are missing, limiting understanding of the testing rigor.","The analysis is minimal and mostly descriptive, with survey percentages and quotes but no visual data such as charts or tables. There is little interpretation or connection of results to design goals beyond basic statements.","The summary of data implications is weak and overly general. While some dissatisfaction with current disposal options is noted, there is no clear discussion of how the data informs design improvements or next steps.",Provide a cleaner and more accessible feminine product disposal option; Offer a clean place to put belongings in bathroom stalls; Ensure availability of feminine products within bathroom stalls,"The student’s testing focused on hygiene and accessibility concerns related to feminine product disposal in bathroom stalls, inferred as key design requirements. The survey results provide some insight into user experiences and preferences, which is a strength. However, the testing of these requirements is incomplete, with some tests like swab tests mentioned but not detailed, and other tests such as phone sizes lacking clear relevance or explanation.

The description of testing procedures is limited, especially for the swab tests, and lacks information on data collection methods, controls, or replication. The survey data is presented with percentages and quotes, but no visual aids like charts or tables are included to enhance clarity. The analysis is mostly descriptive without deeper interpretation or connection to design goals. Similarly, the summary of implications is minimal and does not clearly outline how the findings will guide design improvements or next steps.

To improve, the student should provide detailed descriptions of all testing procedures, including how data was gathered and controlled. Incorporating visual data representations such as graphs or tables would strengthen analysis. A more thorough interpretation linking results to design goals and a clear summary of implications with actionable next steps would enhance the overall quality and usefulness of the testing documentation.",0,1.5
Case033_2240.pdf,,Placeholder text for scoring.,2,2,4,0,3,3,2,2,,,,,"The student tested the high-priority requirement of improving chariot speed by comparing old tires and new tires from a tire shop. However, the Amazon tires were not tested, so not all important requirements were fully tested.","The testing procedure shows an adequate understanding: multiple trials were run, timing and videoing were used, and measurements of tires were taken. However, details on controls, variables, or repeated trials for all tire sets are limited.","The analysis is partial and somewhat correct, summarizing average times and making a qualitative statement about tread and size. Visual data is limited to a simple table of times without graphs or photos, and the analysis lacks depth.","The summary addresses some implications, noting that the new tire set improved speed and smoothness. However, it is brief and does not discuss next steps, design changes, or address all results, such as the missing Amazon tire data.",improve chariot speed; optimize tire tread for smooth movement; compare performance of different tire sets,"This testing documentation demonstrates a clear focus on improving the chariot's speed, which is a key design requirement inferred from the tests conducted. The student effectively compared the old tires with a new set from a tire shop, using multiple timed trials to gather performance data. However, the Amazon tires were not tested, leaving some important requirements unaddressed. The testing procedure shows an adequate understanding, with multiple trials and timing methods, but lacks detailed descriptions of controls, variables, or consistent data collection for all tire options.

The analysis provides a basic summary of average times and a qualitative assessment of tire tread and size, but it is limited in depth and visual support. The simple table of times is helpful but could be enhanced with graphs or photos to better illustrate performance differences. The summary of data implications touches on the success of the new tires but does not fully explore next steps or design improvements, nor does it address the incomplete testing of all tire options.

To improve, the student should ensure all tire sets are tested and documented, provide more detailed descriptions of testing procedures including controls and variables, incorporate richer visual data such as graphs or photos, and expand the analysis to include clear implications and recommendations for future design iterations.",2,2.5
Case034_1211.pdf,,Placeholder text for scoring.,1,2,1,1,3,3,3,3,,,,,"The student tested the high-priority requirement of improving chariot speed by comparing old tires and new tires from a tire shop. However, the Amazon tires were not tested, so only about half of the inferred important requirements were tested.","The testing procedure shows an adequate understanding: multiple trials were run, timing and videoing were used, and measurements of tires were taken. However, details on controls, variables, or repeated trials for all tire types are limited.","The analysis includes average times for two tire sets and a narrative explaining how the new tires improved speed. A simple table is provided, but visuals are minimal and no graphs or deeper statistical analysis are present.","The summary explains that the new tires helped achieve the goal of faster racing and mentions tread and size as factors. However, implications for further design improvements or next steps are not fully developed.",improve chariot speed; optimize tire tread for smooth movement; compare performance of different tire sets,"The student effectively tested an important design requirement: improving the chariot's speed by comparing old tires with new tire options. While the Amazon tires were mentioned, they were not tested, so the testing covered about half of the inferred key requirements. This focus on tire performance is appropriate given the design goals.

The testing procedure demonstrates an adequate understanding, with multiple timed trials and video recording to gather data. However, the description lacks detail on controls, the number of trials for all tire types, and measurement methods, which would strengthen the rigor of the testing. The data is presented in a simple table showing average times, and the narrative connects the results to the design goal, but additional visuals such as graphs or photos would enhance clarity and depth.

The analysis summarizes the data and identifies that the new tire tread and size contributed to improved speed, but the implications for further design improvements or next steps are only briefly mentioned. To improve, the student should test all tire options, provide more detailed testing procedures including controls and repeated trials, incorporate richer visual data representations, and offer a more robust discussion of how the results inform future design changes.",1.25,3
Case035_0224.pdf,,Placeholder text for scoring.,0,2,2,4,3,2,1,2,,,,,"The student conducted tests on three important inferred requirements: dribbling ability, adjustability, and fit on different wheelchairs. These cover about half of the likely high-priority requirements for the device.","The testing procedures are described in a general way without detailed explanation of how tests were conducted, data gathered, or controlled. There is no mention of variables, repeated trials, or measurement methods.","The analysis is mostly narrative and qualitative with no raw data, charts, photos, or other visuals to support conclusions. The discussion is brief and lacks detailed interpretation of results.","The student provides some implications and next steps based on test results, such as improving looseness and velcro strap design. However, the summary is partial and somewhat general.",device can dribble ball effectively; device is adjustable to fit various wheelchair sizes; device securely attaches to wheelchair,"This document demonstrates that the student tested several important inferred design requirements, including the device's ability to dribble a ball, its adjustability, and its fit on various wheelchair sizes. While these tests address key aspects of the design, the coverage is limited to about half of the likely high-priority requirements, and some requirements may remain untested or unreported.

The testing procedures are described in broad terms without detailed explanation of how tests were conducted or how data was collected and analyzed. There is no evidence of controlled variables, repeated trials, or quantitative measurements, which limits the clarity and completeness of the testing process. The analysis is primarily narrative and qualitative, lacking supporting visuals such as photos, charts, or raw data that would strengthen the evaluation of design performance.

The student offers some useful implications and next steps, particularly regarding improving the looseness of the adjustable mechanism and securing the velcro straps. However, these reflections are somewhat general and could be expanded to more thoroughly connect test results to design improvements. To improve, the student should provide clearer, more detailed descriptions of testing procedures, include quantitative data or visuals to support analysis, and develop a more comprehensive summary of data implications that addresses all major results and guides future design iterations.",2,2
Case036_3213.pdf,,Placeholder text for scoring.,3,2,1,3,3,2,2,3,,,,,"The student conducted tests on key inferred requirements: dribbling ability, adjustability, and fit on wheelchairs. However, testing focused mainly on functional success without covering all high-priority aspects such as stability or durability comprehensively.","The testing procedures are described in general terms with some indication of what was done (e.g., dribbling back and forth, adjusting size), but lack detail on how tests were conducted, data collected, or controlled variables. No raw data or repeated trials are mentioned.","The analysis is partial and mostly qualitative, describing success or issues like looseness and flimsiness. There are no visuals, quantitative data, or detailed interpretation of results to support the conclusions.","The summary includes some implications for design improvements, such as tightening the adjustable mechanism and securing velcro straps. These address some test results but do not comprehensively cover all findings or next steps.",Device can dribble the ball effectively; Device is adjustable to fit different wheelchair sizes; Device securely fits on wheelchair without excessive looseness,"The student tested several important inferred design requirements, including the device's ability to dribble a ball, its adjustability, and its fit on various wheelchairs. These tests demonstrate attention to key functional aspects, though some high-priority requirements like device stability and durability were only partially addressed. The testing procedures are described in broad terms, indicating that the device was used in practical scenarios, but lack detailed explanation of how data was gathered or controlled, limiting clarity and reproducibility.

The analysis provided is mostly qualitative, noting successes and issues such as looseness and flimsiness, but it lacks quantitative data, visuals, or detailed interpretation that would strengthen the evaluation. The summary of data implications identifies relevant next steps, such as improving the sliding mechanism and securing velcro straps, showing reflection on test outcomes. However, the implications could be more comprehensive and better connected to specific test results.

To improve, the student should document testing procedures with more detail, including how tests were conducted and data collected. Incorporating quantitative measurements or visuals like photos or charts would enhance analysis depth. Additionally, providing a more thorough summary of data implications that addresses all major results and outlines clear next steps would strengthen the design evaluation.",2.25,2.5
Case037_3221.pdf,,Placeholder text for scoring.,3,2,2,1,3,2,1,2,,,,,"The student conducted tests on three important inferred requirements: dribbling ability, adjustability, and fit on wheelchairs. These are likely high-priority requirements. However, the testing covers about half of the major inferred requirements, with no evidence of testing other possible critical factors such as durability or stability under use.","The testing procedure is described in very general terms with minimal detail. There is no clear explanation of how tests were conducted, what variables were controlled, or how data was gathered and measured. The narrative implies testing occurred but lacks specifics on methodology or data collection.","The analysis is mostly qualitative and brief, with no raw data, charts, photos, or other visuals provided. The student offers some observations about looseness and adjustability but does not provide detailed analysis or evidence to support conclusions.","The summary of data implications is developing but limited. The student identifies some next steps and design changes based on test outcomes, such as improving strap security and reducing looseness. However, the implications are somewhat general and do not address all major results comprehensively.",Device can dribble the ball effectively; Device is adjustable to fit different wheelchair sizes; Device fits securely on various wheelchair types,"The student tested several important inferred design requirements, including the device's ability to dribble a ball, its adjustability, and its fit on various wheelchair types. These tests address key functional aspects of the design, though other critical requirements such as stability and durability were not clearly tested. The testing descriptions suggest that the device was physically evaluated, but the procedures lack clarity and detail. There is no information on how tests were conducted, what measurements were taken, or how many trials were performed, which limits understanding of the testing rigor.

The analysis provided is brief and qualitative, with no supporting data, visuals, or detailed interpretation of results. While the student notes issues like looseness and suggests improvements, the lack of quantitative data or visual evidence weakens the analysis. The summary of implications identifies some next steps for design improvement, but these are somewhat general and do not fully address all test outcomes. To improve, the student should provide clearer, more detailed descriptions of testing procedures, include quantitative data or visuals to support analysis, and offer a more comprehensive summary of how test results inform design changes. Adding photos or charts and specifying measurement methods would strengthen the documentation and analysis.",2,2
Case038_0011.pdf,,Placeholder text for scoring.,0,0,1,1,2,1,1,1,,,,,"The student tested some low- and high-priority requirements such as water flow through nipples and water retention in the barrel, but did not test all important requirements or provide comprehensive testing.","The testing procedure is minimally described with no data collection, measurement methods, controls, or repeated trials mentioned, indicating minimal understanding of testing procedure.","The analysis is an attempted narrative with no supporting visuals, raw data, or detailed interpretation of results.","The summary is partial and overly general, with weak implications and no clear connection to design improvements or next steps.",water collection and storage; water accessibility through nipples; water retention in barrel after rainfall; water flow from spicket,"The testing conducted addressed some inferred important design requirements such as water collection, retention, and accessibility through the nipples and spicket. However, the testing was limited and did not cover all high-priority requirements comprehensively. The document lacks measured data or detailed testing of performance metrics, which limits the evaluation of design effectiveness.

The description of the testing procedure is minimal and lacks clarity on how tests were conducted, how data was gathered, or whether any controls or repeated trials were used. This suggests a minimal understanding of proper testing methodology. The analysis is brief and narrative only, without any supporting visuals such as photos, charts, or data tables to substantiate the findings.

The summary of data implications is weak and overly general, missing a clear discussion of what the results mean for design success or potential improvements. To improve, the student should document specific test procedures with measurable data, include visuals to support analysis, provide detailed interpretation connecting results to design goals, and clearly state implications or next steps based on evidence. Adding quantitative measurements and structured analysis will strengthen the testing documentation and overall design evaluation.",0.5,1.25
Case039_2100.pdf,,Placeholder text for scoring.,2,1,0,0,2,1,1,0,,,,,"The student tested some low- and high-priority requirements such as water capture, retention, and flow through the spicket and nipples, but no comprehensive testing of all major requirements was evident.","The testing procedure is minimally described with no details on how tests were conducted, no data collection methods, no controls, or repeated trials.","There is an attempted analysis stating that water was captured and flowed, but no detailed analysis or visual data support is provided.",No meaningful summary or implications for design improvement or next steps are provided.,capture and hold water effectively; allow water access through nipples; water flow through spicket,"The testing documentation shows that some important design requirements were addressed, such as verifying that the system could capture and hold water and that water could flow through the nipples and spicket. These inferred requirements are central to the design’s function, but the testing was limited and lacked breadth, missing other potentially critical requirements.

The description of the testing procedure is minimal and lacks clarity. There is no explanation of how tests were conducted, no quantitative data collected, and no mention of controls or repeated trials. This limits the ability to assess the reliability or validity of the testing outcomes. The analysis is very brief and unsupported by any visual evidence such as photos, charts, or data tables, which weakens the overall evaluation of design effectiveness.

Furthermore, the document does not provide a summary of what the test results imply for the design’s success or potential improvements. To strengthen the documentation, it is recommended to (1) include detailed descriptions of testing procedures and data collection methods, (2) gather and present quantitative data or visual evidence, (3) provide thorough analysis connecting results to design goals, and (4) summarize implications and propose next steps for design refinement. These improvements will enhance the clarity, completeness, and usefulness of the testing documentation.",0.75,1
Case040_5345.pdf,,Placeholder text for scoring.,5,3,4,5,4,3,2,3,,,,,"The student conducted tests on most high-priority requirements: organizational method, load capacity, and access to filament types. Each requirement was tested with multiple trials or at least one trial, demonstrating focus on important design goals.","The testing procedures are described with independent and dependent variables identified, and trial counts given. However, details on controls, measurement methods, or repeated trials are limited or inconsistent, and raw data is mostly summarized rather than fully presented.","Analysis is partial and somewhat repetitive, mainly stating success rates without deeper interpretation. Visual evidence is minimal and incomplete; charts are referenced but not shown, and no photos or detailed data tables are provided.","The summary addresses the success of the prototype and implies design strength, but implications for improvement or next steps are minimal. The reflection is mostly positive affirmation rather than critical evaluation or suggestions.",Prototype supports an organizational method; Prototype holds up to 200 spools of filament; Prototype allows easy access to all types of filaments,"This document demonstrates testing of key inferred design requirements, including organizational support, load capacity, and accessibility of filament types. The student successfully completed multiple trials for some tests and at least one trial for others, showing a clear focus on important design goals. However, the testing procedures lack comprehensive detail. While independent and dependent variables are identified, the description of controls, measurement methods, and repeated trials is limited, and raw data is summarized rather than fully presented. The analysis is somewhat superficial, primarily reporting success rates without deeper interpretation or exploration of potential issues. Visual evidence is minimal; although charts are mentioned, they are not included, and no photos or detailed data tables support the analysis. The summary reflects positively on the prototype’s success but offers limited insight into design improvements or next steps. To improve, the student should provide more detailed descriptions of testing procedures, including controls and measurement methods; include complete raw data and visuals such as charts or photos; deepen the analysis by interpreting results and discussing potential weaknesses; and expand the summary to address implications for design refinement and future testing. These enhancements will strengthen the documentation’s clarity, rigor, and usefulness for guiding design decisions.",4.25,3
Case041_5321.pdf,,Placeholder text for scoring.,5,3,2,1,4,3,2,3,,,,,"The student conducted tests on most high-priority requirements: organizational method support, load capacity, and access to filament types. Each requirement was tested with multiple trials or at least one trial, demonstrating focus on important design goals.","The testing procedures are described with independent and dependent variables identified, and trial counts given. However, details on controls, measurement methods, or repeated trials are limited or inconsistent, and raw data is mostly summarized rather than fully presented.","The analysis is partial and somewhat repetitive, mainly stating success rates without deeper interpretation. Visual evidence is minimal and incomplete; charts are referenced but not fully shown or explained, limiting support for the analysis.","The summary addresses the success of the prototype and implies design strength, but implications for improvement or next steps are minimal. The reflection is mostly positive affirmation rather than critical evaluation or detailed recommendations.",support an organizational method; hold up to 200 spools of filament; allow easy access to all types of filaments,"This document demonstrates testing of key inferred design requirements, including organizational support, load capacity, and accessibility of filament types. The student clearly focused on high-priority goals and conducted multiple trials for some tests, which strengthens the evidence of meaningful testing. However, the testing procedures lack comprehensive detail. While independent and dependent variables are identified, the description of controls, measurement methods, and data collection is limited, reducing clarity on how tests were conducted and data gathered.

The analysis is somewhat superficial, primarily reporting success rates without deeper exploration of trends or potential issues. Visual evidence is referenced but incomplete, with charts mentioned but not fully presented or explained, which weakens the support for conclusions. The summary reflects on the prototype’s success but offers limited insight into design improvements or next steps.

To improve, the student should provide more detailed descriptions of testing procedures, including controls and measurement methods. Including complete raw data and fully labeled charts or tables would enhance analysis credibility. Expanding the analysis to interpret results more critically and discussing specific design changes or future testing would strengthen the implications section. Clearer visuals and more thorough reflection will improve the overall quality of the testing documentation.",2.75,3
Case042_0000.pdf,,Placeholder text for scoring.,0,0,0,0,0,0,0,0,,,,,The document contains no evidence of completed testing or data collection related to any design requirements.,"There is no description or indication of any testing procedures, data gathering, or analysis.",No analysis or visual data support is present in the document.,No summary or implications based on data or testing results are provided.,Durability; Load capacity of shelf,"The submitted document does not provide any evidence of completed testing or data collection, making it impossible to infer any design requirements that were tested. Without descriptions or results of tests, it is unclear whether any important design requirements were addressed. The absence of testing procedures, data, or analysis means there is no demonstration of understanding of testing methods or data gathering. Furthermore, the document lacks any analysis or visual evidence such as charts, graphs, or tables that would support evaluation of the design's effectiveness. Without data or analysis, there is no summary of what the results imply for the design or suggestions for improvements or next steps. To improve, the team should conduct and document actual tests targeting key design requirements, clearly describe the testing procedures including variables and controls, and collect and present data in visual formats. Additionally, detailed analysis interpreting the data and connecting it to design goals is essential. Finally, a thoughtful summary discussing what the data means for the design’s success and outlining next steps would strengthen the documentation significantly.",0,0
Case043_0000.pdf,,Placeholder text for scoring.,0,0,0,0,0,0,0,0,,,,,The document contains no evidence of completed testing or data collection related to any design requirements.,"There is no description or indication of any testing procedure, data gathering, or analysis.",No analysis or visual data support is present in the document.,No summary or implications of data are provided.,students can find a specific type of battery within 15 seconds; students can plug in batteries within 10 seconds; modular board can be rearranged within 15 seconds,"The submitted document does not provide any evidence of completed testing or data collection, making it impossible to infer any design requirements that were tested. Without descriptions or results of tests, it is unclear whether any important design requirements were addressed. The document lacks any explanation of testing procedures, data gathering methods, or analysis techniques, which are essential to demonstrate comprehension of the testing process. Furthermore, there is no analysis or visual evidence such as charts, graphs, or tables to support understanding of how the design met its goals. The absence of a summary or discussion of data implications means there is no reflection on the design’s success or suggestions for improvement. To improve, the team should document completed tests clearly, including which requirements were tested and how. Detailed descriptions of testing procedures, including variables, controls, and data collection methods, should be included. Incorporating visual data representations and thorough analysis will strengthen the report. Finally, summarizing what the data means for the design and proposing next steps will demonstrate deeper understanding and reflection.",0,0
Case044_4122.pdf,,Placeholder text for scoring.,4,1,2,2,3,2,2,2,,,,,The student tested about half of the high-priority inferred requirements: trapping effectiveness (flies caught) and size. Odor testing was mentioned as a goal but no evidence of completed odor testing was provided.,"The testing procedure is only partially described. The student reports the number of flies caught and trap size but does not explain how tests were conducted, how data was gathered, or if controls or repeated trials were used.","The analysis is partial and mostly narrative with minimal data support. A single data point (8 flies caught) and trap dimensions are given, but no charts, graphs, or photos are included to support the analysis.","The summary of data implications is developing but limited. The student notes some flies may have escaped due to trap design, suggesting a design flaw, but does not fully address next steps or improvements.",petal detachment mechanism functions reliably; all petals detach sequentially as intended; petals remain attached until triggered; mechanism operates similarly to stage use,"This document shows an attempt to test important design requirements such as trapping effectiveness and size, which are critical to solving the fruit fly problem. However, odor testing was only mentioned as a plan and not demonstrated, limiting the completeness of requirement testing. The testing procedure lacks clarity and detail; the student provides minimal information on how the tests were conducted or how data was collected, making it difficult to assess the reliability of results. The analysis is brief and supported only by a few data points without visual aids like charts or photos, which would strengthen the interpretation of results. The summary of data implications identifies a potential design issue with flies escaping but does not fully explore how this insight could guide design improvements or next steps. To improve, the student should document detailed testing procedures including controls and repeated trials, provide more comprehensive data with visual support, explicitly test all key requirements such as odor, and offer a robust summary linking data to design modifications. Including photos or graphs and clarifying how data was gathered would greatly enhance the quality and credibility of the testing documentation.",2.25,2.25
Case045_3221.pdf,,Placeholder text for scoring.,3,2,2,1,3,2,2,2,,,,,The student tested about half of the high-priority requirements inferred from the document: effectiveness in trapping flies (measured by flies caught) and size. Odor testing is mentioned as a plan but no evidence of completed testing is provided.,"The testing procedure is only partially described. There is some data on flies caught and size dimensions, but no clear explanation of how tests were conducted, how data was gathered, or controls used. The mention of flies escaping suggests some observation but lacks detail.","The analysis is partial and somewhat speculative, noting that some flies may have escaped due to funnel design. There is minimal visual support beyond a few size measurements and a single data point for flies caught. No charts, graphs, or detailed data summaries are provided.","The summary of data implications is developing but limited. The student notes that the trap size is acceptable and that design changes may be needed to prevent flies escaping. However, implications are not fully developed or connected to next steps.",Prototype activation when worn; Belt closure and prototype function; Prototype durability from drop,"This document shows some effort to test important design requirements, such as the trap's effectiveness in catching fruit flies and its size, which were inferred from the testing content. However, the odor requirement was only mentioned as a plan and not tested, limiting the completeness of the testing. The testing procedure lacks clarity and detail; there is no description of how tests were conducted, how data was collected, or whether controls or repeated trials were used. The data presented is minimal, with only a single count of flies caught and size measurements, and no raw data or visual aids like charts or photos to support the analysis. The analysis itself is partial and somewhat speculative, noting possible design flaws but without detailed evidence or comprehensive interpretation. The summary of data implications is brief and only partially addresses what the results mean for improving the design, missing a robust discussion of next steps or design changes. To improve, the student should provide a clearer, step-by-step description of the testing procedure, include more detailed and repeated data collection, add visual evidence such as photos or charts, and develop a stronger analysis that connects results to design goals and future improvements.",2,2.25
Case046_2120.pdf,,Placeholder text for scoring.,2,1,2,0,2,2,1,1,,,,,"The student tested the gate opening and closing under different forces, which relates to the requirement that the gate closes on its own. However, only one main functional requirement (self-closing) was tested, and the testing focused on whether the gate opened normally or forcefully rather than measuring closing force or speed. Other important requirements such as durability, reliability, or closing speed were not tested.","The testing procedure is described in very general terms: opening the gate with different forces and recording data four times. However, the description lacks detail on how forces were applied or measured, what data was recorded, or how the tests were controlled or repeated. The data table is incomplete and unclear, showing only qualitative statements without quantitative measurements.","The analysis is minimal and mostly narrative without detailed interpretation of data. There are no charts, graphs, or photos supporting the analysis. The data table is incomplete and does not provide meaningful quantitative data to analyze. The narrative does not connect results clearly to design goals beyond stating the gate opened 'perfectly.'","The summary of data implications is very limited and general. It does not clearly explain what the data means for the design’s success or failure, nor does it suggest specific design changes or next steps. The implications are weak and do not address major results in depth.",device must allow dribbling the ball back and forth; device must be easily adjustable; device must fit on all wheelchairs,"This testing documentation shows an attempt to evaluate the self-closing function of the gate, which is a key inferred design requirement. However, the testing focused mainly on whether the gate opened normally or forcefully rather than measuring how effectively the gate closes on its own. Important requirements such as the force needed to close the gate or the consistency of closing were not clearly tested.

The testing procedure is described in broad terms but lacks detail about how forces were applied, how data was collected, or how tests were controlled and repeated. The data table is incomplete and qualitative, limiting the ability to analyze results rigorously. The analysis is minimal and unsupported by visuals or quantitative data, making it difficult to assess how well the design met its goals.

The summary of data implications is very general and does not provide clear insights into design success or suggest improvements. To improve, the student should document specific measurements of closing force or speed, provide detailed testing procedures including controls and repetitions, include quantitative data and visuals such as tables or graphs, and offer a thorough analysis connecting results to design goals. Additionally, reflecting on next steps or design changes based on data would strengthen the implications section.",1.25,1.5
Case047_4420.pdf,,Placeholder text for scoring.,4,4,2,0,2,2,1,1,,,,,"The student conducted tests related to opening the gate normally and forcefully and observed if it closed, which relates to the requirement that the gate closes on its own. However, the testing focuses mainly on gate opening rather than explicitly testing the closing force or mechanism performance against the 20 lbs requirement. Thus, only some low- and high-priority requirements were tested.","The testing procedure is described in very general terms: opening the gate with different forces and recording data four times. However, details on how force was measured, how data was recorded, or how variables were controlled are missing. The data table is incomplete and unclear, showing mostly qualitative statements rather than quantitative data.","The analysis is minimal and mostly descriptive without detailed interpretation or connection to design goals. There are no visuals such as graphs, charts, or photos supporting the analysis. The data presented is sparse and lacks quantitative detail, limiting the depth of analysis.",There is no clear summary of what the data implies for the design’s success or failure. The document lacks reflection on how the results inform design improvements or next steps. The implications are weak and overly general.,gate closes automatically; spring closing power is sufficient; affordable material cost; gate withstands normal and forceful opening,"This testing documentation shows an attempt to evaluate the gate’s self-closing mechanism by opening the gate under different forces and observing its behavior. While the inferred requirements include the gate closing on its own and resisting a 20 lbs force, the tests primarily focus on whether the gate opens normally or forcefully, with little direct measurement of closing performance. This limits the coverage of important design requirements.

The testing procedure is described in broad terms but lacks detail on how forces were applied or measured, how data was recorded, and how trials were controlled or repeated. The data presented is mostly qualitative and incomplete, with no quantitative measurements or clear data tables. Analysis is minimal and unsupported by visuals such as graphs or photos, reducing clarity and depth. Furthermore, the document does not provide a meaningful summary of what the data means for the design’s success or how it informs improvements.

To improve, the student should clearly define and test all high-priority requirements, including measuring the force needed to close the gate. Detailed procedures should specify how forces are applied and measured, and data should be recorded quantitatively in tables or charts. Including visuals like photos or graphs would strengthen analysis. Finally, a robust summary interpreting results and outlining next steps would enhance understanding of design implications.",2.5,1.5
Case048_5210.pdf,,Placeholder text for scoring.,5,2,1,0,4,3,3,3,,,,,"The student tested most high-priority requirements such as image fading, size, durability, and replaceability. Moderate and low priority requirements like fit on mic holders, corner sharpness, and mass were also tested. However, not all high-priority requirements were fully tested or clearly documented.","The testing procedures are described with some clarity, including number of trials, controls, and basic steps. Data gathering methods such as asking people to compare images, measuring dimensions, and timing prints are mentioned. However, some procedures lack detail on controls, measurement precision, or data recording methods.","The analysis includes summary results and some interpretation connecting outcomes to goals. Visual evidence is limited to photos and some numerical data embedded in text, with no charts or graphs. The analysis is somewhat detailed but could be more comprehensive and better supported by visuals.","The student provides an overall summary of results and indicates whether goals were met. Some implications for design success and next steps are mentioned, but these are somewhat general and do not address all major results in depth.",water flows through PVC pipe; water flows into barrel; chickens can access water from nipples,"This Element I submission demonstrates a solid effort in testing several important design requirements, including image fading, size, durability, and replaceability of the mic flag. The student also tested moderate and low priority requirements such as fit on different mic holders, corner sharpness, and mass. While most high-priority requirements were addressed, some were not fully tested or clearly documented, limiting the completeness of the testing coverage.

The testing procedures are generally understandable, with descriptions of trials, controls, and data collection methods like surveys and measurements. However, some procedures lack detail on controls, measurement precision, and data recording, which reduces clarity and reproducibility. The analysis summarizes results and relates them to design goals, but it relies mostly on textual descriptions with limited visual support such as charts or graphs. The implications section provides a basic summary of design success and next steps but could be more thorough and specific.

To improve, the student should provide more detailed and precise testing procedures, including controls and measurement methods. Incorporating visual data representations like graphs or tables would strengthen the analysis. Expanding the implications discussion to address all major results and suggest concrete design changes or next steps would enhance reflection. Finally, explicitly stating all requirements upfront would clarify the testing scope and focus.",2,3.25
Case049_5440.pdf,,Placeholder text for scoring.,5,4,4,0,4,3,3,2,,,,,"The student conducted tests on most high-priority requirements such as image fading, size, durability, and replaceability. Moderate and low priority requirements like fit on mic holders, corner sharpness, and mass were also tested. However, not all high-priority requirements appear fully tested or clearly reported.","The testing procedures are described with some clarity, including number of trials, controls, and basic methods (e.g., sunlight exposure, drop tests, digital scale). However, details on data gathering and analysis methods are limited or implicit, and some procedures lack full explanation or rigor.","The analysis includes some summary of results and pass/fail conclusions for each test. Visual evidence is limited to references to photos and some numerical data, but no charts or graphs are provided. The analysis is somewhat detailed but could be more comprehensive and better supported by visuals.","The summary of data implications is partial and somewhat general. While the student notes whether requirements were met, there is limited discussion of what the results mean for design improvements or next steps. Implications are not fully developed or connected to all major results.",Prototype must support and hold 200 rolls of filament; Prototype must allow easy access to all varieties of filament; Prototype must allow locating specific filament rolls within 45 seconds,"This portfolio demonstrates a solid effort in testing several important design requirements, including image fading, size, durability, and replaceability of the mic flag. The student also tested moderate and low priority aspects such as fit on different mic holders, corner sharpness, and mass. While these tests cover most high-priority requirements, some tests lack full clarity or completeness, and not all requirements are explicitly stated but inferred from the testing content.

The testing procedures are generally understandable, with descriptions of trials, controls, and basic methods. However, the documentation would benefit from more detailed explanations of how data was gathered and analyzed, including clearer descriptions of measurement techniques and controls. The analysis provides some useful summaries and pass/fail conclusions, but it relies mostly on narrative statements with limited visual support such as charts or graphs. Including more detailed visuals and raw data would strengthen the analysis.

The summary of data implications is somewhat limited, offering basic conclusions about meeting requirements but lacking deeper reflection on design improvements or next steps. To improve, the student should provide clearer, more detailed testing procedures, include comprehensive visual data representations, expand analysis to interpret trends and design success more fully, and develop robust implications that guide future design iterations.",3.25,3
Case050_0000.pdf,,Placeholder text for scoring.,0,0,0,0,1,1,0,0,,,,,"Only low-priority testing was conducted, limited to receiving positive feedback on sticker designs; no tests on high-priority design requirements or prototype functionality were completed.","Minimal understanding of testing procedure is evident; no description of how tests were conducted, no data gathering methods, controls, or repeated trials are mentioned.",No analysis of design performance or test results is provided; no visuals or data support any conclusions.,No meaningful summary or implications are drawn from the limited feedback; no discussion of design improvements or next steps.,launch frisbee at least 30 feet; prototype operates without malfunction; prototype sound level below 70 dBA,"The document shows very limited testing related to the design requirements. While the inferred requirements include prototype effectiveness, stakeholder feedback, and branding appeal, the only testing evidence is positive feedback on sticker designs, which is a low-priority aspect. No tests were conducted on the prototype itself or on key functional requirements, which weakens the evaluation of the design's success.

The testing procedure is minimally described, with no details on how feedback was collected or how data was gathered and analyzed. There is no evidence of systematic testing, controls, or repeated trials. The analysis section is absent of any detailed interpretation or visual data, and the document lacks any meaningful summary of what the feedback implies for the design or future improvements.

To improve, the student should document completed tests on all high-priority requirements, clearly describe testing procedures including data collection methods, provide detailed analysis supported by visuals or data tables, and summarize implications for design changes or next steps. Engaging stakeholders more effectively to obtain comprehensive feedback and including raw data or photos would strengthen the testing documentation significantly.",0,0.5
Case051_1100.pdf,,Placeholder text for scoring.,1,1,0,0,1,1,0,0,,,,,"Only low-priority testing was conducted, limited to receiving informal feedback on sticker designs; no tests of high-priority design requirements or prototype functionality were completed.","Minimal understanding of testing procedure is evident; no description of how feedback was gathered, no data collection methods, controls, or repeated trials are mentioned.","No analysis of test results is provided; no data, visuals, or detailed interpretation of outcomes are included.","No meaningful summary or implications are drawn from the limited feedback; no discussion of design success, failure, or next steps.",Load time within 5-10 minutes; Animal safety and balance during lift; Weight-bearing capacity up to 1100 lbs; Durability under varying weight positions,"The document shows an attempt to engage with stakeholders by designing stickers for school food branding, which can be inferred as a design requirement. However, the testing conducted was minimal and focused only on receiving informal positive feedback on the sticker designs, which represents a low-priority aspect rather than core functional requirements. There is no evidence of testing the prototype itself or other high-priority requirements.

The testing procedure lacks clarity and completeness; the document does not describe how feedback was collected, what data was gathered, or any systematic approach to testing. There is no analysis of results, no raw data, visuals, or detailed interpretation to support conclusions. Consequently, the document does not provide a meaningful summary of what the feedback implies for the design’s success or future improvements.

To improve, the student should conduct and document tests addressing all major design requirements, including prototype functionality. They should clearly describe testing procedures, data collection methods, and analysis techniques. Including visual evidence such as photos or charts would strengthen the analysis. Finally, reflecting on the data to identify design changes or next steps would enhance the overall quality and usefulness of the testing documentation.",0.5,0.5
Case052_1010.pdf,,Placeholder text for scoring.,1,0,1,0,3,2,1,1,,,,,"The student tested nitrate and ammonia levels, which are important design requirements for water filtration, but only these two parameters were tested.","The testing procedure is minimally described; the student mentions using ammonia and nitrate testing kits but provides no details on how tests were conducted, data collection methods, or controls.","The analysis is very brief and lacks detail, with no visuals or data tables; the student states the filter 'did bad' without elaboration or interpretation.","The summary of data implications is minimal and vague, only noting toxicity concerns without discussing design improvements or next steps.",accurate time measurement; motor speed and movement functionality; launcher range and performance,"This Element I submission shows that the student conducted testing on two important design requirements: nitrate and ammonia levels in filtered water. These requirements were inferred from the testing focus, which is appropriate given the context. However, the testing coverage is limited to these two parameters, and other potential requirements are not addressed.

The description of the testing procedure is minimal. While the student mentions using ammonia and nitrate testing kits, there is no explanation of how tests were performed, how data was gathered, or whether any controls or repeated trials were used. This limits the clarity and completeness of the testing documentation.

The analysis of results is very brief and lacks supporting visuals such as charts or tables. The statement that the filter ""did bad"" is unsupported by detailed interpretation or data summaries. Similarly, the summary of data implications is vague and does not clearly connect the results to design success, failure, or next steps.

To improve, the student should provide a detailed description of the testing procedure, including steps taken and data collection methods. Including raw data or visual evidence like tables or graphs would strengthen the analysis. The student should also elaborate on how the results inform design improvements or future testing. Expanding testing to cover additional relevant requirements would further enhance the evaluation.",0.5,1.75
Case053_2322.pdf,,Placeholder text for scoring.,2,3,2,2,3,2,1,1,,,,,"The student tested nitrate and ammonia levels, which are important water quality requirements inferred from the testing. However, only these two parameters were tested, representing about half of typical high-priority water quality requirements.","The testing procedure is minimally described, mentioning use of ammonia and nitrate testing kits but lacking details on how tests were conducted, data collection methods, controls, or repeated trials.","The analysis is very brief and qualitative, stating the filter 'did bad' without detailed interpretation or supporting visuals such as charts or tables.","The summary of data implications is minimal and vague, only noting that ammonia is 'incredibly toxic' and nitrate levels are near safe limits, without clear next steps or design improvement suggestions.",Load time within 5-10 minutes; Animal safety and balance during lifting; Weight-bearing capacity between 50 and 1100 lbs; Durability under varying weight positions and movement,"This Element I submission shows that the student conducted testing on two important water quality parameters: nitrate and ammonia levels. These requirements were inferred from the testing data, which is a strength. However, the scope of testing is limited to only these two parameters, which may represent about half of the critical design requirements for water filtration. Expanding testing to other contaminants or performance metrics would strengthen the evaluation.

The description of the testing procedure is minimal and lacks clarity. While the student mentions using ammonia and nitrate testing kits, there is no explanation of how tests were performed, how data was recorded, or whether controls or repeated trials were used. This limits confidence in the reliability of the data. The analysis is very brief and qualitative, with no supporting visuals such as graphs or tables to illustrate results. The statement that the filter ""did bad"" is insufficient to understand performance relative to goals.

The summary of data implications is weak and overly general, noting toxicity concerns but not connecting results to specific design improvements or next steps. To improve, the student should provide detailed testing procedures, include quantitative data with visuals, and offer a clear analysis linking results to design success or failure. Additionally, expanding testing to cover all major requirements and reflecting on how to improve the filter based on data would enhance the documentation.",2.25,1.75
Case054_4113.pdf,,Placeholder text for scoring.,4,1,1,3,4,3,2,2,,,,,"The student tested most high-priority requirements including the timing and control of petal drops, motor functionality, light visibility from different audience locations, and mechanism reliability. However, not all requirements are fully tested or quantified.","The testing procedures are described with some clarity, such as measuring motor spool time and rating light visibility, and repeated trials for reliability. However, details on controls, variables, and data collection methods are limited and somewhat vague.","The analysis is partial and mostly narrative without detailed data presentation or visuals. There is some interpretation of results, such as identifying problem areas in the mechanism, but no charts, tables, or quantitative summaries are provided.","The summary of data implications is developing, noting that problems were identified and fixed to improve reliability. However, implications are general and do not address all major results or specific next steps in detail.",,"This document demonstrates testing of several important design requirements, including the controlled timing of rose petal drops, motor functionality, light visibility from various audience positions, and mechanism reliability through repeated trials. These tests address most of the inferred high-priority requirements, showing a good focus on critical design aspects. However, some requirements could be tested more comprehensively or quantitatively.

The testing procedures are described with moderate clarity, such as measuring motor spool time and using subjective ratings for light visibility. The reliability test with repeated trials is a strength, but the description lacks detail on controls, variables, and precise data collection methods. The analysis is mostly narrative and partial, with no visual data like charts or tables to support conclusions. While the student identifies problem areas and notes improvements, the summary of implications is somewhat general and could better connect specific results to design changes or next steps.

To improve, the student should provide more detailed descriptions of testing procedures including controls and variables, include quantitative data and visual evidence such as tables or graphs, deepen the analysis by linking data trends to design goals, and offer a more thorough summary of implications with clear next steps. These enhancements would strengthen the clarity, rigor, and usefulness of the testing documentation.",2.25,2.75
Case055_3212.pdf,,Placeholder text for scoring.,3,2,1,2,4,3,2,3,,,,,"The student tested most high-priority requirements including the timing and control of petal drops, motor functionality and speed, light visibility from different audience locations, and mechanism reliability through repeated trials.","The testing procedures are described with some clarity, such as measuring motor spool time and rating light visibility, and conducting repeated trials for reliability. However, details on controls, variables, and data recording methods are limited.","The analysis is partial and mostly narrative without supporting visuals like charts or tables. Some data (e.g., average problems over trials) is mentioned but not detailed or visualized, limiting the depth of analysis.","The summary addresses some implications, such as identifying parts needing refinement for reliability and confirming motor and light functionality. However, it lacks a robust discussion of next steps or comprehensive design improvements.",cleans effectively; operates efficiently; durability under repeated use; affordability,"The student effectively identified and tested several important design requirements, including the controlled timing of rose petal drops, motor performance, light visibility from various audience positions, and the reliability of the mechanism through repeated trials. These tests demonstrate a solid focus on key functional aspects of the design. However, some requirements were inferred rather than explicitly stated, which could be clarified in future documentation.

The testing procedures are described with reasonable clarity, such as measuring motor spool time and gathering subjective light visibility ratings. The reliability test involving repeated petal drops shows an understanding of durability concerns. Yet, the documentation lacks detailed descriptions of controls, variables, and precise data collection methods, which would strengthen the procedural rigor.

Analysis of the results is mostly narrative and lacks supporting visuals like graphs or tables that could better illustrate findings. While the student summarizes some implications, such as identifying parts needing refinement, the discussion of next steps and comprehensive design improvements is limited. To improve, the student should include detailed data tables or charts, clarify testing procedures with controls and variables, explicitly state all requirements, and provide a more thorough reflection on how results inform design changes.",2,3
Case056_2344.pdf,,Placeholder text for scoring.,2,3,4,4,2,2,2,3,,,,,"Only one high-priority requirement (opening speed) was tested with data; other high-priority tests (full opening, usability) were planned but not evidenced as completed.","Testing procedure for opening speed is partially described with multiple trials and timing data, but lacks detail on controls, variables, and measurement methods; other tests lack procedural detail.","Analysis includes a basic summary of average time and success relative to the goal, but visuals are minimal and data presentation is unclear; no detailed analysis or multiple test results are provided.","The summary connects the data to design success and suggests a next step to reduce friction, showing some reflection on implications, though limited to one tested requirement.",secure hanging of the art piece; aesthetic appeal to viewers; ability of mirrors to increase natural light; optimal installation method,"This Element I submission shows an attempt to test important design requirements, with the opening speed clearly tested and analyzed. However, other high-priority requirements such as full opening and usability by students were listed but not demonstrated as tested, limiting the comprehensiveness of the testing. The inferred requirements are reasonable based on the tests planned and partially conducted.

The testing procedure for the opening speed includes multiple trials and timing data, indicating some understanding of data collection. Yet, the description lacks detail on experimental controls, variable definitions, and measurement consistency, which weakens the clarity and rigor of the testing process. Other tests are mentioned without evidence of execution or procedural explanation.

The analysis provides a basic average calculation and a conclusion that the design meets the speed requirement, supported by a brief mention of a graph, though the visual evidence is minimal and not clearly presented. The implications section offers a relevant next step to improve the design by reducing friction, showing reflection on the data's meaning.

To improve, the student should document completed tests for all high-priority requirements, provide detailed descriptions of testing procedures including controls and variables, include clear and well-labeled visuals such as graphs or tables for all tests, and expand the analysis to connect data trends to design goals more thoroughly. Additionally, summarizing implications for each tested requirement would strengthen the reflection and guide future design iterations.",3.25,2.25
Case057_2322.pdf,,Placeholder text for scoring.,2,3,2,2,2,2,2,3,,,,,"Only one high-priority requirement (opening speed) was tested with data; other high-priority tests (full opening, usability) were planned but not evidenced as completed.","Testing procedure is partially described with some raw data and trial counts, but lacks detail on controls, variables, and consistent data collection methods.","Analysis includes a basic summary of average time and success criteria but lacks detailed interpretation, comprehensive visuals, or connection to other design goals.","The summary connects data to design success and suggests a next step, but implications are limited to one test and do not address all major results.",,"The student document shows evidence of testing one high-priority design requirement: the speed of opening and closing the prototype. This requirement was clearly tested with five trials and raw timing data, allowing inference of other requirements such as full opening and usability, though these were not tested or analyzed in the document. The testing procedure is partially described, with some data points and trial counts provided, but lacks detailed explanation of controls, variables, or consistent methodology, which limits clarity and reproducibility.

The analysis offers a basic summary of the average opening time and concludes the test was successful based on the 5-second criterion. However, the analysis is minimal and supported by only a brief mention of a graph without including it or other visuals. The implications section identifies a next step to reduce friction, showing some reflection on improving the design. Yet, the document does not address other tests or requirements, limiting the overall insight into design success.

To improve, the student should document completed tests for all high-priority requirements, provide detailed descriptions of testing procedures including variables and controls, include clear visuals such as graphs or tables to support analysis, and expand the implications to cover all test results with specific next steps. These enhancements will strengthen the rigor and completeness of the testing and analysis.",2.25,2.25
Case058_0110.pdf,,Placeholder text for scoring.,0,1,1,0,2,2,1,1,,,,,"The student tested airspeed at the exit for two prototypes, which relates to airflow, a likely high-priority requirement. However, only airflow was tested, and no other important design requirements are evident.","The testing procedure is briefly described (using an anemometer and recording results), but lacks detail on how tests were conducted, controls, repetitions, or data collection methods.","The analysis is minimal and mostly opinion-based, with no raw data, charts, graphs, or visuals to support conclusions.","The summary of data implications is very limited, only noting a need for greater airflow and that the second prototype is better, without detailed reflection or next steps.",Maintain safe ammonia levels for tilapia; Control nitrate levels to support fish feeding behavior; Ensure plant growth is sustained,"The student focused testing on airflow at the exit of two prototypes, which suggests an important design requirement related to maximizing airspeed and improving airflow efficiency. However, the testing scope appears narrow, with no evidence of other high-priority requirements being tested. This limits the understanding of the design’s overall performance.

The testing procedure is only briefly described, mentioning the use of an anemometer and recording results in a notebook. There is no information on how measurements were taken, whether tests were repeated, or how variables were controlled, which reduces clarity and completeness. The analysis is minimal and lacks supporting data or visuals, making it difficult to assess how well the design met its goals. The summary of implications is also very limited, offering only general statements without detailed reflection or clear next steps for design improvement.

To improve, the student should provide more detailed descriptions of the testing procedures, including controls and repetitions. Including raw data or visual evidence such as tables or graphs would strengthen the analysis. Expanding testing to cover additional important requirements and offering a more thorough summary of implications with specific next steps would enhance the overall quality and usefulness of the documentation.",0.5,1.5
Case059_5111.pdf,,Placeholder text for scoring.,5,1,1,1,2,2,1,1,,,,,"The student tested airspeed at the exit for two prototypes, which relates to airflow, a likely high-priority requirement. However, only airflow was tested, and no other important design requirements are evident.","The testing procedure is briefly described (using an anemometer and recording results), but lacks detail on how tests were conducted, controls, repetitions, or data collection methods.","The analysis is minimal and mostly opinion-based, with no raw data, charts, graphs, or visuals to support conclusions.","The summary of data implications is very limited, only noting that greater airflow is needed and that the second prototype is better, without detailed reflection or next steps.",prototype satisfies user needs; design approved by stakeholders and experts; detect leaks or splashing; growth rate of plants; design sustainability and durability; ease of understanding and usability,"The student focused testing on airflow at the exit, which is a key inferred design requirement related to performance. However, testing was limited to this single aspect, and other important requirements were not addressed. This narrow focus restricts understanding of the overall design effectiveness.

The testing procedure is only briefly described, mentioning the use of an anemometer and recording results. There is no information about how measurements were taken, whether tests were repeated, or how data was analyzed, which limits confidence in the reliability and validity of the results. The analysis is minimal and lacks supporting visuals such as data tables or graphs, making it difficult to assess the design’s performance quantitatively.

The summary of data implications is very basic, noting only that airflow could be improved and that the second prototype performed better. There is no detailed reflection on what these results mean for future design iterations or specific next steps.

To improve, the student should document detailed testing procedures including controls and repetitions, provide raw data or visual evidence to support analysis, expand testing to cover more design requirements, and offer a thorough interpretation of results with clear implications and actionable next steps.",2,1.5
Case060_5423.pdf,,Placeholder text for scoring.,5,4,2,3,5,4,3,3,,,,,"The student conducted tests for all three high-priority inferred requirements: fit, durability, and driver safety/distraction. Each test was described with procedures and results, demonstrating testing of important design goals.","The testing procedures are generally clear and logical, including materials, steps, and repeated trials in different cars. Data gathering methods are described, such as measurements, damage assessment via physics equation, and driver distraction via DSMS. However, some procedural details (e.g., exact data recording, number of trials) are limited.","The analysis includes narrative summaries of results and pass/fail criteria. Some raw data is presented (prototype and console dimensions, damage = 0 force, DSMS safety category). However, visuals such as photos, graphs, or charts are absent, limiting the detail and support of the analysis.","The summary states the prototype passed all tests and is practical. While it addresses overall success, it lacks detailed implications for design improvements or next steps. The reflection is general rather than robust or specific.",,"This portfolio demonstrates a solid effort in testing key design requirements, which were inferred as proper fit, item protection, and driver distraction reduction. The student successfully conducted tests addressing all these high-priority goals, providing clear evidence of completed testing rather than mere plans.

The testing procedures are generally well described, including materials, step-by-step methods, and some repetition across different cars. Data collection methods are logical, such as using measurements, physics equations for damage, and a driver safety system. However, the documentation could be improved by specifying the number of trials and providing more detailed data records.

The analysis offers narrative conclusions and some raw data, but lacks supporting visuals like photos or graphs that would strengthen the explanation of results. The summary of data implications confirms overall success but misses opportunities to discuss design refinements or future testing. To improve, the team should include visual data representations, clarify trial counts and data collection methods, and expand reflections to identify specific design changes or next steps based on test outcomes.",3.5,3.75
Case061_4221.pdf,,Placeholder text for scoring.,4,2,2,1,5,4,3,3,,,,,"The student conducted tests addressing all three high-priority inferred requirements: fit, durability (protection of items), and driver safety (distraction). Each test was described with procedures and pass/fail criteria.","The testing procedures are clearly described with materials, steps, and criteria. Data gathering methods include measurements, physical observations, and use of a Driver Safety Measurement System. However, some procedural details, such as number of trials and exact data recording methods, are limited.","The analysis includes narrative summaries of results for each test and some quantitative data (dimensions, force equation). However, visuals such as photos, graphs, or charts are absent, limiting the detail and support of the analysis.","The summary states the prototype passed all tests and is practical, but implications for design improvements or next steps are minimal. The reflection connects results to design success but lacks depth in discussing potential design changes or broader problem-solving.",Aesthetically pleasing appearance; Magnetic (detachable) attachment; Lightweight (<= 5 pounds); Size constraints (<= 2ft by 2ft); Brightness and visibility of window content; Durability and safety,"This portfolio demonstrates a solid effort in testing important design requirements, including fit, durability, and driver safety. The student clearly inferred these key requirements from the testing focus and provided pass/fail criteria aligned with each. This shows a good understanding of what aspects are critical to the prototype’s success.

The testing procedures are generally well explained, with clear steps and materials listed. The use of physical measurements, physics equations, and a driver safety system indicates thoughtful data collection. However, the documentation would benefit from more explicit details on the number of trials and how data was recorded or analyzed quantitatively.

The analysis provides a basic interpretation of results, confirming the prototype’s success in all tests. Yet, the lack of visual data such as photos, charts, or graphs limits the depth and clarity of the analysis. Additionally, the summary of data implications is brief and does not explore potential design improvements or next steps in detail.

To improve, the team should include visual evidence to support their analysis, specify the number of trials and data recording methods more clearly, and expand the reflection to discuss how the data informs future design iterations or problem-solving strategies.",2.25,3.75
Case062_2110.pdf,,Placeholder text for scoring.,2,1,1,0,2,1,1,1,,,,,"The student tested the shelf's ability to hold weight, which is a high-priority requirement, but only one requirement was tested and the scope is limited.","The testing procedure is minimally described with no details on how the test was conducted, how data was gathered, or any controls or repetitions.","The analysis is very brief and lacks detail; a photo is mentioned but no data summary, interpretation, or connection to design goals is provided.","The summary of data implications is minimal and overly general, only stating that the goal was proven true without discussing next steps or design improvements.","Prototype height between 12-15 feet; Prototype structural stability with minimal bends; Prototype mobility: disassembly, transport 20 feet, and reassembly within 2 minutes","The student document provides evidence of testing the shelf's load capacity, which is an important design requirement inferred from the test description. However, only this single requirement appears to have been tested, limiting the scope of evaluation. The testing procedure is described very briefly, with no explanation of how the tests were conducted, how data was collected, or whether controls or repeated trials were used. This lack of procedural detail makes it difficult to assess the reliability of the results. The analysis is minimal, consisting mainly of a statement that the shelves held more than 10 pounds, supported by a photo. There is no detailed interpretation of the data or connection to broader design goals. The summary of data implications is also weak, simply stating that the goal was met without discussing what this means for design success or potential improvements. To improve, the student should provide a clearer description of the testing procedure, including methods and controls; include quantitative data or measurements; offer a more detailed analysis connecting results to design goals; and discuss implications for future design iterations or problem-solving steps. Adding charts, tables, or more detailed visuals would also strengthen the documentation.",1,1.25
Case063_2111.pdf,,Placeholder text for scoring.,2,1,1,1,2,1,1,1,,,,,"The student tested the shelf load capacity, which is a high-priority requirement, but only one requirement was tested and the description is minimal.","The testing procedure is vaguely described with no details on how the test was conducted, how data was gathered, or if controls or repeated trials were used.","The analysis is minimal, consisting of a brief statement that the shelves held more than 10 pounds, supported only by a photo with no detailed data or interpretation.","The summary of data implications is very limited, only stating that the goal was proven true without discussing design success, failure, or next steps.",Protect the camera lens from damage; Lens cover remains attached during movement; Lens cover is easily attachable and removable; Durability against natural damage; Cover does not darken camera output; Low weight of the cover,"The student document provides evidence of testing the shelf load capacity, which is an important design requirement inferred from the test description. However, only this single requirement appears to have been tested, limiting the scope of evaluation. The testing procedure lacks clarity and detail; there is no explanation of how the tests were conducted, what measurements were taken, or whether any controls or repeated trials were used. This makes it difficult to assess the reliability or rigor of the testing process. The analysis is very brief, consisting mainly of a statement that the shelves held more than 10 pounds, supported only by a photo. There is no detailed data presentation, such as tables or graphs, nor is there interpretation of the results beyond confirming the goal. The summary of implications is minimal and does not discuss what the results mean for design improvements or next steps. To improve, the student should provide a detailed description of the testing procedure, including variables and controls; include quantitative data and visual evidence such as charts or tables; offer a thorough analysis connecting results to design goals; and clearly summarize implications for design refinement or future testing. These enhancements would strengthen the documentation and demonstrate a deeper understanding of testing and analysis.",1.25,1.25
Case064_0000.pdf,,Placeholder text for scoring.,0,0,0,0,1,1,0,0,,,,,"The student measured physical dimensions related to the design, such as diameters and heights, but these measurements correspond only to low-level geometric attributes rather than high-priority functional requirements. There is no evidence of testing important performance or functional requirements.","The testing procedure is minimally described, limited to stating that measurements were taken. There is no explanation of how measurements were conducted, what tools were used, or how data was recorded or analyzed.","No analysis is provided beyond listing measurements. There is no interpretation, comparison to goals, or use of visuals such as charts or photos to support understanding.","There is no summary or discussion of what the data means for the design, no implications, next steps, or reflection on design success or failure.",lid securely attaches to barrel; lid can be opened by bears or bear-mimicking mechanism; durability of lid and barrel under bear-like forces; consistency and reliability of lid and barrel system,"The student’s documentation shows that some physical measurements were taken, including diameters of holes and pipes, as well as dimensions of bases. From these data points, it can be inferred that the design requirements relate to ensuring correct sizing of components. However, the testing focuses only on basic dimensional checks, which are likely low-priority compared to functional or performance requirements. Important design requirements appear untested.

The description of the testing procedure is minimal and lacks detail. There is no information about how measurements were taken, what instruments were used, or whether multiple trials were conducted. The data collection process and any analysis methods are not explained, limiting understanding of the testing rigor.

No analysis or interpretation of the measurements is provided, and no visual aids such as photos or charts accompany the data. Furthermore, the student does not summarize what the measurements imply for the design’s success or suggest any improvements or next steps. To improve, the student should clearly identify and test high-priority requirements, provide detailed testing procedures including tools and methods, include analysis that compares results to design goals, and summarize implications with recommendations for design refinement.",0,0.5
Case065_0110.pdf,,Placeholder text for scoring.,0,1,1,0,1,1,1,0,,,,,"The student measured dimensions related to the design, such as diameters and heights, but these appear to be low-priority or basic dimensional checks rather than tests of high-priority functional requirements.","The testing procedure is minimally described, with only a brief mention of measuring dimensions. There is no explanation of how measurements were taken, what tools were used, or how data was recorded or analyzed.","There is no analysis provided beyond listing measurements. No interpretation, comparison to goals, or visual data support such as tables or charts is included.",No summary or implications of the data are provided. The document does not discuss what the measurements mean for design success or next steps.,,"The document provides minimal evidence of testing, focusing solely on measuring physical dimensions such as pipe diameters, pipe height, base width, and hole diameters. These measurements suggest some attention to dimensional requirements, but it is unclear whether these are the most important design requirements or if other critical functional tests were conducted. The lack of explicit identification of high-priority requirements limits the ability to assess the importance of the tests performed.

The description of the testing procedure is very limited, with no details on how measurements were taken, what instruments were used, or how data was recorded and verified. There is no analysis or interpretation of the data, and no visual aids such as tables or charts to support understanding. Furthermore, the document does not provide any summary or implications of the data, leaving the reader without insight into how the measurements impact the design or what next steps might be necessary.

To improve, the student should clearly identify and prioritize design requirements and ensure tests address these. Detailed descriptions of testing procedures, including tools and methods, should be included. Analysis should interpret the data relative to design goals, supported by visuals like tables or graphs. Finally, a summary discussing what the data means for design success and potential improvements would strengthen the documentation significantly.",0.5,0.75
Case066_0011.pdf,,Placeholder text for scoring.,0,0,1,1,3,3,2,2,,,,,"The student tested about half of the high-priority inferred requirements: stability and water quality parameters (pH, ammonia, nitrate). However, testing was limited to a simple stability check and chemical tests without covering all possible important design requirements.","The student demonstrated an adequate understanding of testing procedures by describing how tests were conducted, including use of pH strips and chemical test kits, and the interpretation of color changes. However, details such as controls, repeated trials, or measurement precision were not provided.","The analysis was partial and minimally supported by data. The student described test outcomes narratively but did not provide raw data, photos, charts, or other visuals to support the analysis or show trends.","The summary of data implications was developing but limited. The student noted that the water was not drinkable due to ammonia and nitrate presence, implying a need for improvement, but did not elaborate on specific next steps or design changes.",device enables dribbling the ball back and forth; device is easily adjustable; device fits on all wheelchairs,"The student tested several important inferred design requirements, including the stability of the design and key water quality parameters such as pH, ammonia, and nitrate levels. This shows a reasonable focus on critical aspects of the design, though testing did not cover all possible high-priority requirements. The testing procedures were described with adequate clarity, explaining how pH strips and chemical test kits were used and how color changes indicated chemical levels. However, the description lacked details on controls, repeated trials, or measurement accuracy, which would strengthen the reliability of the testing.

The analysis of the test results was limited and primarily narrative, without supporting visuals such as photos, charts, or raw data tables. This reduces the depth of understanding and makes it harder to verify conclusions. The summary of data implications identified that the water was not drinkable due to ammonia and nitrate, indicating some reflection on design success and failure. However, the implications were not fully developed to include specific design improvements or next steps.

To improve, the student should document testing procedures with more detail, including controls and repeated trials. Incorporating visual evidence like photos or charts would enhance analysis clarity. Providing raw data or quantitative results would support stronger conclusions. Finally, expanding the summary to clearly outline design changes or next steps based on test outcomes would improve the overall quality of the testing documentation.",0.5,2.5
Case067_2111.pdf,,Placeholder text for scoring.,2,1,1,1,3,3,2,2,,,,,"The student tested about half of the high-priority inferred requirements: stability, pH, ammonia, and nitrate levels. However, the tests focus mainly on water quality and stability, with no evidence of testing other possible important design requirements.","The testing procedures are described with some clarity, including how pH, ammonia, and nitrate were tested using strips and color changes. The stability test is very basic and lacks detail. Data gathering methods are mentioned but lack specifics such as controls, repeated trials, or quantitative data.","The analysis is partial and mostly descriptive, explaining what the color changes indicate about water quality. There is no visual data, raw data, or quantitative analysis provided. The explanation of stability testing is minimal and lacks supporting evidence.","The summary of data implications is developing but limited. The student notes that the water had balanced pH but contained ammonia and nitrate, concluding it was not drinkable. However, implications for design improvement or next steps are not clearly addressed.","Prototype height between 12-15 feet; Prototype structural stability with minimal bends; Prototype mobility: disassembly, transport 20 feet, and reassembly within 2 minutes","The student tested several important inferred design requirements, including the stability of the design and key water quality parameters such as pH, ammonia, and nitrate levels. This shows a reasonable focus on critical aspects of the design, though other potential requirements may have been overlooked or untested. The testing procedures are described in a straightforward manner, with clear explanations of how chemical tests were conducted using colorimetric strips and tubes. However, the stability test is very basic and lacks detail, and there is no mention of controls, repeated trials, or quantitative measurements.

The analysis provided is mostly descriptive and lacks detailed interpretation or supporting visual data such as charts or photos. While the student correctly interprets the color changes to assess water quality, the absence of raw data or quantitative results limits the depth of the analysis. The summary of data implications identifies that the water is not drinkable due to ammonia and nitrate presence, but it does not discuss how this affects the design or suggest improvements or next steps.

To improve, the student should provide more detailed and quantitative testing procedures, include raw data or visual evidence to support analysis, expand the analysis to connect results more explicitly to design goals, and offer clearer implications or recommendations for design refinement based on test outcomes.",1.25,2.5
Case068_5120.pdf,,Placeholder text for scoring.,5,1,2,0,4,3,2,1,,,,,"The student conducted tests on all the major high-priority requirements inferred from the document: stability, waterproofing, durability, capacity, and portability. The tests cover most of these requirements with multiple trials for some, demonstrating a broad and relevant testing scope. However, the capacity and portability tests are less rigorously described compared to others.","The testing procedures are described with some clarity, including number of trials and test conditions (e.g., dropping from heights, carrying with one hand). However, details on data gathering methods, controls, and measurement techniques are limited or missing. The capacity test results are given as counts but lack detailed methodology. The portability test is described only narratively without quantitative data.","The analysis is partial and mostly narrative, summarizing success or failure for tests but lacking detailed interpretation or connection to design goals. There are no visuals such as charts, graphs, or photos to support the analysis. The capacity test results are presented as raw counts but without further analysis or comparison. Overall, the analysis is minimal and not well supported by data visuals.","The summary of data implications is very limited and overly general. While the document states whether tests succeeded, it does not discuss what the results mean for improving the design or solving the problem. There is no reflection on next steps or design changes based on the data.",prototype grips tightly onto hoodie string without falling off; prototype resists breaking when stepped on with 120-130 lbs force; prototype stays attached and does not slip or fall off under 20 lb weight; prototype can be put on and taken off within 60 seconds,"The student effectively identified and tested several important design requirements, including stability, waterproofing, durability, capacity, and portability. These requirements were inferred from the testing descriptions, and the student conducted multiple trials for some tests, demonstrating a solid effort to validate the design against key criteria. However, the capacity and portability tests were less rigorously documented.

The testing procedures are described with some clarity, such as the number of trials and test conditions, but lack detailed explanations of data collection methods, controls, or measurement techniques. The capacity test results are presented as counts, but the methodology is not fully explained. The portability test is described narratively without quantitative data, limiting the understanding of the testing rigor.

The analysis is mostly narrative and minimal, summarizing test outcomes without detailed interpretation or connection to design goals. No visual aids such as charts, graphs, or photos are provided to support the analysis. Additionally, the summary of data implications is weak, lacking reflection on what the results mean for design improvements or next steps.

To improve, the student should provide more detailed descriptions of testing procedures and data collection methods, include visual evidence such as photos or charts to support analysis, deepen the interpretation of test results in relation to design goals, and offer a robust summary of implications with specific recommendations for design refinement.",2,2.5
Case069_4344.docx,,Placeholder text for scoring.,4,3,4,4,2,2,1,1,,,,,"The student conducted tests related to two design requirements: maintaining traditional uniform qualities and obtaining approval. However, these tests focus mainly on qualitative comparison and presentation approval rather than comprehensive testing of all high-priority design requirements.","The testing procedures are described in a general manner, outlining steps such as comparing uniforms side-by-side and presenting a slideshow. However, details on data gathering methods, controls, variables, or repeated trials are missing, indicating only partial understanding.","The analysis is minimal and largely narrative without detailed data or visual support. There are no charts, photos, or quantitative data presented to support conclusions, and the analysis is mostly a restatement of observed similarities.","The summary of data implications is very brief and generic, mentioning next steps such as presenting to the head of school and making a professional uniform. It lacks a robust discussion of how the data informs design improvements or problem-solving.",mechanical torque capability; functional operability; durability under repeated use,"This document addresses two inferred design requirements: ensuring the new uniform retains traditional GPS summer uniform qualities and securing approval from the head of school. While these requirements are relevant, the testing conducted is limited to qualitative comparison and a presentation, which does not fully cover all high-priority design aspects.

The testing procedures are described in broad terms, such as setting the uniforms side-by-side and presenting a slideshow, but lack detailed explanation of how data was collected or analyzed. There is no mention of controls, measurement methods, or repeated trials, which limits the clarity and completeness of the testing process. The analysis is minimal and primarily narrative, without supporting visuals like photos or charts to substantiate findings.

The summary of data implications is brief and general, focusing mainly on next steps rather than detailed reflections on design success or areas for improvement. To strengthen this work, consider including more detailed and systematic testing procedures, collecting and presenting quantitative or photographic data, providing thorough analysis supported by visuals, and offering a robust summary that clearly connects data to design decisions and improvements.",3.75,1.5
Case070_0010.docx,,Placeholder text for scoring.,0,0,1,0,3,2,1,2,,,,,"The student tested about half of the high-priority requirements by comparing the new uniform prototype to the traditional uniform for key qualities and seeking approval from the head of school. However, testing was limited to visual comparison and presentation approval without broader functional or user-based tests.","The testing procedure is described in general terms, such as setting uniforms side by side and presenting a slideshow, but lacks detail on how data was gathered, controlled, or measured. There is no mention of repeated trials, measurement methods, or systematic data collection.","The analysis is minimal and mostly narrative, with no raw data, charts, photos, or other visuals provided. The student lists some qualities kept but does not provide detailed analysis or evidence supporting how effectively the design met goals.","The summary of data implications is basic, noting that the new uniform keeps traditional qualities and that the next step is professional production. However, implications are general and do not address all major results or suggest specific design improvements.",prototype uniform maintains tradition; stakeholder acceptance of design idea,"This document addresses two inferred high-priority design requirements: maintaining traditional uniform qualities and obtaining approval from the head of school. The student conducted basic testing by visually comparing the new prototype to the traditional uniform and presenting a slideshow for approval. While these tests relate to important requirements, the scope is limited and does not cover functional or user-experience aspects.

The testing procedures are described in broad terms but lack clarity and detail about how data was collected or analyzed. There is no evidence of systematic measurement, controls, or repeated trials, which limits confidence in the testing rigor. The analysis is minimal and narrative-based without supporting visuals or raw data, reducing the strength of conclusions about design success.

The summary of data implications identifies next steps but remains general and does not fully connect results to potential design improvements. To improve, the student should document detailed testing procedures with clear data collection methods, include visual evidence such as photos or charts, provide deeper analysis linking results to design goals, and offer specific recommendations for design refinement based on test outcomes.",0.25,2
Case071_2113.pdf,,Placeholder text for scoring.,2,1,1,3,3,2,2,2,,,,,"The student tested about half of the high-priority inferred requirements: petal visibility and the petal release mechanism. However, the testing of the full system operation was incomplete due to unresolved string tangling and slipping issues.","The testing procedures are described in general terms, such as observing petal visibility and attempting a full run-through, but lack detailed explanation of data gathering methods, controls, or repeated trials. The narrative shows partial understanding but is overly general.","The analysis is partial and somewhat incomplete, mainly narrative without quantitative data or detailed visuals. The mention of pictures is vague and no specific data or charts are provided to support conclusions.","The summary of data implications is developing but limited. The student identifies problems and some next steps (e.g., new hook mechanisms), but the implications are not fully connected to all major results or detailed design improvements.",device fits on all wheelchairs; device is adjustable; device allows easy dribbling and handling,"The student’s testing focused on key inferred requirements such as petal visibility from the audience and the functionality of the petal release mechanism. While these important aspects were addressed, the testing of the overall system operation was incomplete due to unresolved issues with string tangling and petal slipping. This limits the comprehensiveness of the testing coverage.

The testing procedures are described in broad terms, indicating some understanding of the process, but lack detailed explanation of how data was collected or controlled. There is no mention of repeated trials or quantitative measurements, which reduces clarity and completeness. The analysis is primarily narrative and lacks supporting data or visuals, making it difficult to fully assess design effectiveness. Although pictures are mentioned, they are not clearly integrated into the analysis.

The summary of data implications identifies some next steps and acknowledges design challenges, but it remains general and does not fully connect all test results to specific design improvements. To improve, the student should document testing procedures with more detail, include quantitative data or visuals such as photos or charts, provide a more thorough analysis linking results to design goals, and clearly summarize implications with actionable next steps. These enhancements will strengthen the testing documentation and support more effective design iteration.",1.75,2.25
Case072_3222.pdf,,Placeholder text for scoring.,3,2,2,2,3,2,2,2,,,,,"The student tested about half of the high-priority inferred requirements: petal visibility and the petal release mechanism. However, the test of the full system operation was incomplete due to unresolved string tangling.","The testing procedure is described in general terms, but lacks detail on data gathering methods, controls, or repeated trials. The narrative shows partial understanding but is vague about measurement or systematic data collection.","The analysis is partial and mostly narrative, with minimal detail and no quantitative data or visual evidence beyond unspecified pictures. The connection between test results and design goals is somewhat addressed but limited.","The summary of data implications is developing, addressing some results such as petal visibility improvements and string tangling issues, but lacks a robust discussion of next steps or comprehensive design changes.",retrieve objects effectively; safe to use without injury; easy to use by untrained person; affordable design; unique design; reliable head movement angle,"This document demonstrates testing of important design requirements, particularly petal visibility and the petal release mechanism, which are critical for the design’s success. However, the testing of the full system operation was incomplete due to unresolved issues with string tangling, limiting the scope of completed tests. These requirements were inferred from the testing descriptions rather than explicitly stated.

The testing procedures are described in a general narrative form but lack detailed explanation of how data was gathered, controlled, or analyzed. There is no mention of repeated trials or quantitative measurements, which reduces clarity and completeness. The analysis is partial and primarily qualitative, with minimal use of visual evidence or raw data to support conclusions. While the narrative connects some test outcomes to design goals, it does not provide a thorough or detailed interpretation.

The summary of data implications addresses some key results, such as the need to improve the petal size and the string mechanism, but it remains underdeveloped. To improve, the student should provide clearer, more detailed testing procedures including data collection methods and controls; include quantitative data or visuals such as photos or charts to support analysis; expand the analysis to interpret results more deeply; and offer a robust summary with specific next steps or design changes based on test outcomes.",2.25,2.25
Case073_4324.pdf,,Placeholder text for scoring.,4,3,2,4,5,3,3,3,,,,,"The student conducted tests for all four high-priority inferred requirements: grip strength, sturdiness, string retention, and ease of use. Each test was described with results and reflections, demonstrating coverage of all major design goals.","The testing procedures are generally described with some detail, such as how the prototype was attached, weights used, and timing trials. However, some procedures lack detail on controls, repeated trials (except for the timing test), and measurement methods. Data gathering is implied but not fully detailed.","The analysis includes narrative summaries of results and some interpretation connecting outcomes to design goals. Visual evidence is minimal and mostly textual descriptions; no photos, charts, or graphs are provided. The analysis is somewhat detailed but could be strengthened with more quantitative data presentation.","The student provides an overall summary of test results and suggests design improvements such as using velcro or rubbery materials and faster attachment mechanisms. These implications address some but not all major results and next steps, showing developing reflection.",Gate opens fully; Gate opens within 3 seconds; Gate does not break after 10 uses; Users understand how to operate gate without help; Clear indicator of gate open or closed,"This testing documentation demonstrates a solid effort to evaluate all major inferred design requirements, including grip strength, sturdiness, string retention, and ease of use. The student clearly conducted multiple tests and reported outcomes for each, which is a strong point. However, the testing procedures could be more thoroughly described, especially regarding controls, number of trials (except for the timing test), and precise measurement methods. This would improve clarity and reproducibility.

The analysis provides useful narrative summaries linking results to design goals, but it lacks supporting visuals such as photos, graphs, or tables that would strengthen the evidence and make trends clearer. The data presented is mostly qualitative, with limited quantitative detail beyond timing averages. The implications section shows thoughtful reflection on design improvements but could be expanded to address all test results more comprehensively.

To improve, the student should include more detailed descriptions of testing procedures and controls, incorporate visual data representations, provide more quantitative data where possible, and develop a more robust summary of implications that covers all major findings. These steps will enhance the rigor and clarity of the testing documentation and better support design decisions.",3.25,3.5
Case074_4534.pdf,,Placeholder text for scoring.,4,5,3,4,5,3,3,3,,,,,"The student conducted tests for all four high-priority inferred requirements: grip strength, sturdiness, string retention, and ease of use. Each test was described with results and reflections, showing coverage of all major design goals.","The testing procedures are described with some clarity, including steps taken and some data collection (e.g., timing trials, observations of sturdiness). However, details such as controls, repeated trials for all tests except the effort test, and measurement methods are limited or missing, indicating only an adequate understanding.","The analysis includes some interpretation of results and connections to design goals. The effort test includes raw timing data and averages, but other tests rely mostly on qualitative descriptions without supporting visuals like photos or charts. The analysis is somewhat detailed but could be strengthened with more quantitative data and visuals.","The student provides an overall summary of test results and implications, including suggestions for design improvements such as using velcro or rubbery materials. However, the implications address only some results and are somewhat general rather than robust or comprehensive.",Prototype must grip tightly onto hoodie string without falling off; Prototype must withstand foot impact without breaking or bending; Prototype must stay attached and not slip off under weight; Prototype must be easy and quick to put on and take off,"This document demonstrates a commendable effort to test all major inferred design requirements, including grip strength, sturdiness, string retention, and ease of use. The student clearly conducted multiple tests and provided reflections on each, showing a good understanding of what aspects were important to evaluate. However, the testing procedures could be described in more detail, especially regarding controls, repeated trials beyond the effort test, and precise measurement methods. This would strengthen the clarity and reliability of the data collected.

The analysis includes some useful interpretations and connections to design goals, particularly in the effort test where timing data and averages are presented. Yet, most tests rely on qualitative observations without supporting visuals such as photos, graphs, or tables, which would enhance the detail and credibility of the analysis. The summary of data implications is present but somewhat general; more robust reflections linking specific results to design changes or next steps would improve this section.

To improve, the student should document testing procedures with greater detail and consistency, include quantitative data and visuals for all tests, and provide more thorough analysis linking results to design decisions. Additionally, expanding the summary to address all major findings and their implications would strengthen the overall evaluation.",4,3.5
Case075_2111.pdf,,Placeholder text for scoring.,2,1,1,1,3,3,2,3,,,,,"The student tested three requirements: ease of turning the tracker on/off, belt fitting comfort, and durability of the tracker and belt after drops. These include medium and low priority requirements, but no high-priority requirements are clearly identified or tested.","The testing procedures are described with some clarity, including how tests were conducted and what was observed. However, data collection is limited to qualitative summaries without detailed measurements, controls, or repeated trials.","The analysis is partial and mostly narrative, with minimal data support. There are no visuals such as photos, charts, or tables to support the conclusions. The analysis connects results to design goals but lacks depth and quantitative detail.","The summary addresses some implications for the design, such as continuing with the model and making it smaller. However, the implications are somewhat general and do not fully address all test results or next steps in detail.",antibacterial effectiveness on agar trays; fit of phones on shelf,"This testing documentation demonstrates that the student conducted tests on several inferred design requirements, including the ease of activating the tracker, belt fitting comfort, and durability against drops. While these tests cover medium and low priority aspects, the absence of clearly identified high-priority requirements limits the comprehensiveness of the testing. The procedures are described in a straightforward manner, showing an understanding of how to conduct basic tests and gather qualitative data. However, the lack of quantitative measurements, controls, or repeated trials reduces the rigor of the testing process.

The analysis provided is mostly narrative and lacks supporting visuals such as photos, charts, or tables that could strengthen the interpretation of results. The student connects test outcomes to design goals but does so with limited detail and depth. The summary of data implications offers some insight into design continuation and minor modifications but remains somewhat general and could better address all major results and specific next steps.

To improve, the student should explicitly identify and prioritize design requirements before testing. Including quantitative data and repeated trials would enhance the reliability of results. Adding visual evidence like photos or charts would support analysis and make conclusions clearer. Finally, a more detailed summary of implications with specific design changes or next steps would strengthen the overall evaluation.",1.25,2.75
Case076_2111.pdf,,Placeholder text for scoring.,2,1,1,1,3,3,2,2,,,,,"The student tested about half of the high-priority requirements inferred from the document, including activation and fitting, which are medium priority, and also tested a low-priority durability requirement.","The testing procedures are described with some clarity, including how tests were conducted and data gathered, but lack detail on controls, variables, or repeated trials. The data summaries are brief but indicate intentional testing.","The analysis is partial and somewhat general, with minimal detail and no visual data support such as charts or photos. The narrative connects results to design goals but lacks depth and quantitative data.","The summary of data implications is developing, addressing some results and suggesting minor design changes, but it is limited in scope and depth, with weak connection to broader design improvements.",secure hanging of the art piece; aesthetic appeal to viewers; ability of mirrors to increase natural light; optimal installation method,"This document demonstrates testing of several inferred design requirements, including ease of tracker activation, belt fitting comfort, and durability against drops. While the activation and fitting tests address medium-priority requirements, the durability test is lower priority. The student shows evidence of completed testing rather than just planning, which is a strength. However, the testing procedures lack detailed descriptions of controls, variables, or repeated trials, limiting clarity on the rigor of data collection. Data summaries are brief and qualitative, without raw data or quantitative measures.

The analysis is somewhat superficial, with minimal detail and no visual aids such as photos, charts, or graphs to support findings. This limits the ability to fully assess how well the design met its goals. The summary of data implications is present but underdeveloped, offering only basic reflections and minor design suggestions without comprehensive consideration of next steps or broader improvements.

To improve, the student should provide more detailed testing procedures including controls and repeated trials, incorporate quantitative data and raw results, add visual evidence to support analysis, and develop a more robust summary of implications that clearly connects data to design changes and future work.",1.25,2.5
Case077_1130.pdf,,Placeholder text for scoring.,1,1,3,0,3,2,2,2,,,,,"The student tested about half of the high-priority requirements inferred from the document: timing code, motor operation, and launcher mechanism. However, testing was limited in scope and some requirements like motor connection and code were incomplete.","The testing procedures are described in general terms but lack detail on controls, variables, or repeated trials. Data gathering is minimal and mostly narrative, with no raw data or measurement methods clearly documented.","The analysis is partial and mostly qualitative. There is some discussion of results and issues (e.g., motor speed, timing rollover), but no visual data such as charts, graphs, or photos to support conclusions.",The summary of data implications is developing but limited. The student notes some design concerns and variability in launcher performance but does not fully connect these to specific next steps or design improvements.,gate closes automatically; spring closing power is sufficient; affordable material cost; gate withstands normal and forceful opening,"This document identifies and tests several important design requirements, including timing accuracy, motor operation, and the launcher’s ability to shoot over the moat. However, testing coverage is somewhat limited, with some key areas like motor connection and code development incomplete or only partially tested. The inferred requirements are reasonable based on the testing focus.

The testing procedures are described in broad terms but lack detailed explanation of how tests were conducted, what variables were controlled, or how data was collected and measured. The narrative mentions some testing outcomes but does not provide raw data, repeated trials, or measurement methods, which limits clarity and reproducibility.

Analysis of the results is partial and mostly qualitative, with no supporting visuals such as graphs or photos to illustrate findings. The summary of implications touches on some design challenges and variability but does not fully explore how these results inform design changes or next steps.

To improve, the student should document detailed testing procedures including controls and measurement methods, provide raw data or visual evidence to support analysis, and clearly connect test results to specific design improvements or next steps. Including photos or charts and expanding on the algorithm testing would also strengthen the report.",1.25,2.25
Case078_4314.pdf,,Placeholder text for scoring.,4,3,1,4,3,2,2,2,,,,,"The student tested about half of the high-priority requirements inferred from the document: timing code, motor operation, and launching mechanism. However, testing was limited in scope and some requirements like motor connection and code were incomplete.","The testing procedures are described in general terms with some details on code testing and motor observations, but lack clarity on controls, variables, repeated trials, or measurement methods. Data gathering is minimal and mostly narrative.","The analysis is partial and mostly qualitative. There is some code snippet and narrative interpretation, but no raw data, charts, graphs, or photos to support conclusions. The analysis is incomplete and only partially connects results to goals.","The summary of data implications is developing but limited. The student notes some issues (e.g., motor torque, timing rollover) and variability in launching distance, but does not fully address next steps or design improvements based on results.",no odor; maximum size of 1000 cm³; maximum cost of $20; remove 80% of target flies; material strength to not break if dropped,"This document identifies and tests several important design requirements, including timing accuracy, motor operation, and the launching mechanism’s ability to shoot food over the moat. However, testing coverage is partial, with some key aspects like motor connection and code development incomplete or only briefly addressed. The inferred requirements are reasonable given the testing focus.

The testing procedures are described in broad terms, with some explanation of code testing and motor observations, but lack detailed methodology such as controls, repeated trials, or precise measurement techniques. Data collection is minimal and primarily narrative, limiting the clarity and completeness of the testing process. The analysis is partial and qualitative, supported only by a code snippet and descriptive text without visual data or quantitative results. This reduces the strength of conclusions about design effectiveness.

The summary of data implications shows some reflection on issues encountered and variability in performance but does not fully explore design changes or next steps. To improve, the student should provide clearer, more detailed testing procedures including variables and controls; include quantitative data and visual evidence such as charts or photos; expand analysis to connect results explicitly to design goals; and offer a robust summary with actionable implications for design refinement.",3,2.25
Case079_3311.pdf,,Placeholder text for scoring.,3,3,1,1,3,2,2,2,,,,,"The student tested about half of the high-priority requirements inferred from the document: timing code, motor operation, and launcher mechanism. However, testing was limited in scope and some requirements like motor connection and code were incomplete or still in development.","The testing procedures are described in general terms with some explanation of the environment and approach, but lack detailed methodology such as controls, repeated trials, or measurement methods. Data gathering is implied but raw data is minimal and analysis methods are not fully explained.","The analysis is partial and somewhat descriptive, noting issues like timing rollover and motor speed concerns, but lacks detailed quantitative data or visuals such as charts or photos. The code snippet is included but no detailed interpretation or comprehensive data summaries are provided.","The summary of data implications is developing, addressing some results such as motor torque concerns and pneumatic randomness affecting launch distance, but it is limited and does not fully connect all major results to design improvements or next steps.",accessibility; educational value; safety; sustainability,"This document identifies and tests several important design requirements, including timing accuracy, motor operation, and the launcher’s ability to shoot food over the moat. While these requirements were inferred rather than explicitly stated, the student conducted relevant tests for about half of the high-priority needs. However, some tests, such as motor connection and code development, remain incomplete, limiting the overall coverage.

The testing procedures are described in broad terms, mentioning the testing environment and some algorithm validation, but lack detailed methodology such as controls, repeated trials, or precise measurement techniques. Data collection is implied but raw data and detailed analysis methods are sparse. The analysis provides some insight into issues like timing rollover and motor speed but is mostly qualitative and lacks supporting visuals or comprehensive data summaries.

The summary of data implications touches on some key findings, such as pneumatic pressure variability affecting launch distance, but does not fully explore all results or clearly outline next steps for design improvement. To strengthen this work, the student should provide more detailed testing procedures, include quantitative data and visuals, expand analysis to connect results explicitly to design goals, and offer clearer implications and recommendations for future design iterations.",2,2.25
Case080_0000.pdf,,Placeholder text for scoring.,0,0,0,0,0,0,0,0,,,,,No evidence of any testing of design requirements is present in the document.,"The document contains no description of testing procedures, data gathering, or analysis.",No analysis of design performance or test results is provided.,No summary or implications of data for design improvement or problem solving are present.,Safety: zero injuries during operation; Petals fall: at least three petals fall on command; Reliability: zero mechanical or operational issues over 10 uses; Power: at least 60 volts available; Structure: no tilt from pedestal during play,"The submitted document does not contain any evidence of completed testing, data collection, or analysis related to the design requirements. No tests are described or reported, so it is not possible to infer which design requirements were addressed or evaluated. Without any testing information, the document does not demonstrate that important design requirements were actually tested.

Additionally, there is no description of testing procedures, data gathering methods, or analysis techniques. The absence of raw data, charts, graphs, photos, or tables means there is no detail to assess how the design met its goals. Consequently, no meaningful analysis or interpretation of results is provided. The document also lacks any summary of what the data implies for design success, failure, or next steps.

To improve, the student should document completed tests explicitly linked to key design requirements, including detailed procedures and data collection methods. Including raw data and visual evidence such as graphs or photos would strengthen the analysis. Finally, a clear summary interpreting the results and outlining implications for design improvements or future work is essential to demonstrate comprehensive understanding and reflection.",0,0
Case081_0111.pdf,,Placeholder text for scoring.,0,1,1,1,0,0,0,0,,,,,No evidence of any testing conducted for design requirements; the document contains only general recommendations without mention of tests.,"No description or evidence of testing procedures, data gathering, or analysis is present.",No analysis of design performance or test results is provided; no visuals or data support.,No summary or implications of data for design improvement or problem solving are included.,handle durability; button functionality; material durability; capacity to carry 10+ lacrosse balls,"The submitted document does not provide any evidence of completed testing, data collection, or analysis related to the design requirements. No specific design requirements could be inferred from the content, as it focuses solely on general recommendations for collaboration, communication, and prototyping without reference to actual tests or results. Consequently, it is not possible to evaluate whether important design requirements were tested.

There is no description of testing procedures, data gathering methods, or analysis techniques, which limits understanding of how the design was evaluated. Additionally, the document lacks any form of analysis or visual evidence such as charts, graphs, or tables that would demonstrate how effectively the design met its goals. Without data or analysis, no meaningful summary or implications for design improvement or next steps are presented.

To improve, future documentation should include explicit descriptions of the tests conducted, the data collected, and how the results were analyzed. Incorporating visuals like graphs or tables to support analysis would strengthen the presentation. Finally, summarizing what the data means for the design’s success and outlining specific next steps or design changes would provide valuable insight and demonstrate a comprehensive understanding of the testing process.",0.75,0
Case082_2111.pdf,,Placeholder text for scoring.,2,1,1,1,3,3,3,2,,,,,"The student tested about half of the high-priority requirements inferred, including screw selection and hinge gap for folding functionality. However, some important requirements like space optimization and user experience were only discussed conceptually without direct testing.","The testing procedures are somewhat clear, describing different screw types and gap distances tested, with photographic evidence referenced. However, details on data collection methods, controls, or repeated trials are limited, and some testing steps are implied rather than explicitly described.","The analysis includes some interpretation of test results, such as the effect of screw head type on folding and the impact of gap size on door folding. Visuals are referenced (photos of screws, gaps, folding states), but raw data or quantitative measurements are minimal, limiting depth of analysis.","The summary of data implications is developing but partial. The student connects test results to design decisions (e.g., choosing 3/8 inch gap), but implications for broader design goals like space optimization and user experience are general and lack specific next steps.",accurate time tracking; motor speed and movement functionality; launcher range and performance,"This report demonstrates testing of several important design requirements, particularly focusing on the mechanical aspects of screw selection and hinge gap to ensure proper door folding. These tests address roughly half of the inferred high-priority requirements, while other key goals such as optimizing storage space and improving user experience are discussed but not directly tested. The testing procedures are described with some clarity, including comparisons of screw types and gap distances, supported by referenced photographs. However, the documentation lacks detailed descriptions of data collection methods, controls, or repeated trials, which would strengthen the rigor of the testing process.

The analysis provides a reasonable interpretation of the test outcomes, explaining how screw head shape and gap size affect door folding. Visual evidence is referenced but not fully integrated with quantitative data, limiting the depth of analysis. The summary of implications connects test results to design decisions but remains somewhat general, especially regarding broader design goals. To improve, the team should document testing procedures more explicitly, include quantitative measurements or repeated trials, integrate visuals directly with data analysis, and provide clearer, actionable next steps based on test outcomes. These enhancements will strengthen the evidence base and clarify how testing informs design improvements.",1.25,2.75
Case083_2321.pdf,,Placeholder text for scoring.,2,3,2,1,4,4,3,2,,,,,"The student tested most high-priority requirements such as color options, output speed, calming effect via light speed changes, illumination range, and brightness levels. Integration was only assessed via a planned visual assessment, not a completed test.","The testing procedures are generally clear and logical, including use of a stopwatch for timing, a light meter app for brightness and range, and repeated trials for timing accuracy. However, the integration test is only planned, and some procedural details (e.g., controls or repeated trials for light measurements) are not fully described.","The analysis includes some numerical data (e.g., lux values, timing results) and explanations of how measurements were taken. However, there are no visual aids such as graphs, charts, or photos to support the analysis, and the narrative is somewhat fragmented.","The summary of data implications is minimal and mostly descriptive. There is little reflection on what the data means for design success or specific next steps, except a vague plan to ask teachers for feedback on integration.",Aesthetically pleasing visuals; Magnetic (detachable) attachment; Lightweight (<= 5 pounds); Size no bigger than 2ft by 2ft; Brightness and visibility of window content; Durability and safety,"This Element I submission demonstrates that the student tested most of the inferred high-priority design requirements, including color change functionality, output speed, calming effect through light speed variations, illumination range, and brightness levels. However, the integration of the device into the room was only planned for assessment and not yet tested, which limits completeness.

The testing procedures are generally well described, with clear methods such as using a stopwatch for timing and a light meter app for brightness measurements. The use of repeated trials for timing shows an understanding of accuracy, though some procedural details, like controls or repeated measurements for light range, could be more explicit. The analysis provides numerical data and explanations but lacks visual supports such as graphs or photos that would strengthen the presentation and interpretation of results.

The summary of data implications is underdeveloped, offering mostly descriptive statements without deep reflection on design success or concrete next steps. To improve, the student should include visual data representations, provide more detailed procedural descriptions including controls and repetitions, complete the integration testing, and offer a robust reflection on how the data informs design improvements or future work.",2,3.25
Case084_5233.pdf,,Placeholder text for scoring.,5,2,3,3,3,2,1,2,,,,,"The student tested about half of the high-priority requirements inferred from the document, including hanging securely, movement without tangling, and fitting in the space. However, testing of light reflection and cluttering was limited to subjective feedback rather than measured data.","The testing procedure is described in general terms (hanging the artwork in the lobby, gathering feedback), but lacks detail on how data was systematically collected or analyzed. There is no mention of controls, repeated trials, or measurement methods.","The analysis is mostly narrative and anecdotal with minimal data support. No raw data, charts, photos, or other visuals are provided to substantiate claims. The feedback from stakeholders is listed but not analyzed in depth.","The summary of data implications is developing but limited. The student identifies next steps such as removing burn marks and adjusting string lengths, but does not fully connect these to the overall design success or failure.",Gate opens fully; Gate opens within 3 seconds; Gate durability over 10 uses; User understanding without help; Clear indicator of gate position,"The student demonstrated testing of several important design requirements, such as the artwork’s ability to hang securely, move without tangling, and fit well in the staircase space. These requirements were inferred from the testing context rather than explicitly stated, which is acceptable. However, testing related to light reflection and space cluttering was based mainly on subjective opinions rather than objective measurements, limiting the completeness of the testing.

The testing procedure is described in broad terms, mentioning hanging the artwork in a public space and collecting feedback from teachers and viewers. Unfortunately, the procedure lacks detail on how data was systematically gathered or analyzed, such as measurement methods or repeated trials. The analysis is primarily narrative and anecdotal, with no visual evidence like photos or charts to support conclusions. Feedback from stakeholders is noted but not deeply analyzed.

The summary of data implications identifies some next steps, including removing burn marks and adjusting string lengths, but does not fully interpret what the data means for overall design success or failure. To improve, the student should document testing procedures more thoroughly, include quantitative or photographic data, analyze feedback in greater detail, and explicitly connect findings to design improvements and goals.",3.25,2
Case085_2132.pdf,,Placeholder text for scoring.,2,1,3,2,3,2,1,2,,,,,"The student tested about half of the high-priority inferred requirements, including hanging securely, movement without tangling, and fitting in the space. Reflection of natural light and cluttering were mentioned but only assessed through subjective feedback rather than direct measurement.","The testing procedure is described in general terms (hanging the artwork in the lobby, gathering feedback), but lacks detail on how data was systematically collected or analyzed. There is no mention of controls, repeated trials, or quantitative data.","The analysis is mostly narrative and anecdotal, with no visual data such as photos, charts, or tables. Feedback from stakeholders is noted but not systematically analyzed or connected to quantitative results.","The summary of data implications is developing but limited. The student identifies next steps based on feedback (removing burn marks, adjusting string lengths), but does not fully connect these to all major results or discuss broader design improvements.","waterproof; sturdy to hold 10 lb; elevated off the floor; small dimensions (<6in deep, <12in wide); capacity to fit 5 bottles and a razor or external shower caddy","The student’s testing addressed several important inferred design requirements, such as the artwork’s ability to hang securely, move without tangling, and fit well in the staircase space. However, some key requirements like reflecting natural light and avoiding clutter were only evaluated through informal feedback rather than direct testing, limiting the completeness of the testing scope.

The testing procedure is described in broad terms, primarily involving hanging the artwork in a public space and collecting verbal feedback from teachers. While this approach shows some understanding of gathering user input, it lacks detail on systematic data collection, measurement methods, or repeated trials. The analysis is mostly narrative and anecdotal, with no supporting visuals or quantitative data to strengthen conclusions.

The student provides a developing summary of implications, identifying specific next steps such as removing burn marks and adjusting string lengths based on feedback. However, the summary could be improved by more explicitly linking these changes to test results and discussing how they will enhance the design’s success. To improve, the student should document testing procedures more thoroughly, include quantitative or visual data, analyze feedback systematically, and provide a more comprehensive summary of design implications.",2,2
Case086_5552.pdf,,Placeholder text for scoring.,5,5,5,2,4,3,2,2,,,,,"The student conducted tests on most high-priority requirements including transmitter fit, mic head attachment, sound quality, and authenticity, as well as a medium-priority drop test. This covers most critical aspects of the design.","Testing procedures are described with some detail, including scales for rating and number of trials. However, methods for data collection and controls are somewhat vague, and no raw data or detailed measurement methods are provided.","The analysis is mostly narrative and general, with limited detail. There are no charts, graphs, or photos included to support the results. The discussion of results is brief and lacks quantitative interpretation.",The summary provides a general positive conclusion about design success and minor adjustments needed but lacks specific implications tied to individual test results or clear next steps.,,"The student tested several important design requirements, including the fit of the transmitter, mic head attachment, sound quality, and authenticity, as well as a drop test for durability. These tests cover most of the inferred high-priority requirements, demonstrating a good focus on critical aspects of the design. However, the testing procedures, while described, lack clarity in how data was precisely gathered and controlled. The use of rating scales and multiple trials is positive, but the absence of raw data or detailed measurement methods limits the understanding of the testing rigor.

The analysis is primarily narrative and general, with minimal detail and no visual data such as charts or photos to support findings. This weakens the ability to fully assess how well the design met its goals. The summary of data implications is also quite broad, offering a positive overall conclusion but missing specific insights or actionable next steps based on the test results. To improve, the student should provide clearer descriptions of testing procedures, include raw data or visual evidence, deepen the analysis with quantitative interpretation, and connect results explicitly to design improvements or future work.",4.25,2.75
Case087_5545.pdf,,Placeholder text for scoring.,5,5,4,5,4,3,2,2,,,,,"The student conducted tests on most high-priority requirements including transmitter fit, mic head attachment, sound quality, and authenticity, as well as a medium-priority drop test. This covers most critical aspects of the design.","Testing procedures are described with some quantifiable metrics and repeated trials, but details on controls, measurement methods, and data collection are limited or vague. The description of how data was gathered and analyzed is adequate but lacks depth.","The analysis is partial and mostly narrative with minimal visual or data support. While some scales and ratings are mentioned, no raw data, charts, or graphs are provided to support conclusions, limiting the detail and strength of the analysis.","The summary of data implications is developing but general. It states that the design is successful and needs only minor adjustments, but does not clearly connect specific test results to detailed next steps or improvements.",stability when hanging on wall; durability against drops; capacity to hold multiple bottles; correct size dimensions; portability with one hand; elevation off floor,"The student tested several important design requirements, including the secure fit of the transmitter, mic head attachment, sound quality, and authenticity, as well as a drop test for durability. These tests cover most of the high-priority aspects inferred from the document, demonstrating a good focus on critical design elements. However, the testing procedures lack detailed descriptions of controls, measurement methods, and data collection processes, which limits the clarity and completeness of the testing approach.

The analysis provided is mostly narrative and relies on subjective rating scales without accompanying raw data, charts, or visual evidence to strengthen the conclusions. This reduces the depth and reliability of the design evaluation. The summary of data implications is somewhat general, indicating overall success but not clearly linking specific test outcomes to actionable design improvements or next steps.

To improve, the student should provide more detailed descriptions of testing procedures, including controls and measurement methods. Including raw data, tables, or graphs would enhance the analysis and support conclusions more robustly. Additionally, a clearer, more specific summary of how test results inform design changes or future work would strengthen the implications section. Finally, explicitly stating the design requirements at the start would improve clarity and focus.",4.75,2.75
