filename,source_type,text,G1_expert,G2_expert,G3_expert,G4_expert,G1,G2,G3,G4,G1_flag,G2_flag,G3_flag,G_flag,G1_rationale,G2_rationale,G3_rationale,G4_rationale,narrative_feedback,expert_score,element_score_raw
Case001_5555.pdf,,Placeholder text for scoring.,5,5,5,5,5,3,3,2,,,,,,,,"The student provides a thorough, clear, and detailed explanation of the final prototype iteration, including materials, construction steps, challenges faced, and revisions made. The description covers all key components and their assembly, supported by references to images and diagrams. | The prototype construction is detailed and includes features intended to test design requirements such as connection strength and stability. However, explicit descriptions of how objective data will be collected or measured are limited. The student describes testing connection strength qualitatively but does not specify measurable metrics or testing procedures for most design requirements. | Several attributes are addressed for testing or modeling, including connection strength, friction via compressible materials, and stability at multiple contact points. The student describes iterative improvements and observations of performance. However, the testing is mostly qualitative and lacks explicit measurable outcomes or modeling details for all attributes. | The student identifies material rigidity as a non-testable attribute due to prototype material limitations and acknowledges this as a non-testable attribute. However, the justification lacks explicit mention of expert review or external evaluation methods, limiting the score to developing justification.","Your documentation provides an excellent and comprehensive explanation of your final prototype iteration. The detailed descriptions of materials, construction processes, and iterative revisions demonstrate a strong understanding of the prototype’s physical assembly and design intent. The inclusion of challenges faced and solutions applied adds depth and clarity to your explanation.

Regarding testability, your prototype construction shows thoughtful consideration of key design requirements such as connection strength and stability. You effectively describe how different materials and binding methods simulate real-world conditions. However, the testing approach remains largely qualitative, with limited explicit plans or methods for collecting objective, measurable data. While multiple attributes are addressed, the lack of clear measurement criteria or testing protocols reduces the ability to fully evaluate performance quantitatively.

Your identification of material rigidity as a non-testable attribute is appropriate, but the justification would be stronger with explicit reference to expert review or alternative evaluation methods. To improve, consider defining specific measurable tests for each key attribute, detailing how data will be collected and analyzed. Additionally, incorporating expert feedback or external validation for non-testable attributes would enhance justification. Finally, clarifying testing procedures and expected outcomes will strengthen the prototype’s evaluative power.",5,3.25
Case002_5442.pdf,,Placeholder text for scoring.,5,4,4,2,4,2,1,1,,,,,,,,"The final prototype iteration is clearly and adequately explained with detailed descriptions of the construction process, materials used, and assembly steps. The document includes multiple stages from a mini cardboard model to a full-scale metal and plastic prototype with handles and connection systems. However, some aspects, such as the final integration of medical inserts and the complete connection system, are mentioned as future work, leaving minor gaps. | The prototype construction is thorough and detailed, showing physical assembly and material choices. However, there is limited explicit explanation of how the prototype enables objective data collection on design requirements. The document lacks clear descriptions of what specific design requirements will be tested, how measurements will be taken, or what objective data will be collected, resulting in only minimal evidence of testability. | The document does not explicitly address testing or modeling of specific attributes. While the prototype features such as hinges, handles, and connection systems are described, there is no clear explanation of which attributes will be tested or how testing will be conducted. The mention of contacting an expert about spray paint safety is the only attribute-related evaluation, but it is not a test of the prototype itself. | There is minimal justification for non-testable attributes. The document briefly mentions consulting an expert regarding the safety of spray paint but does not explicitly identify non-testable attributes or explain why expert review is necessary for other aspects of the design. No comprehensive justification for non-testable attributes is provided.","Your documentation provides a clear and detailed explanation of the prototype construction process, from initial cardboard models to a full-scale metal and plastic assembly. The step-by-step descriptions of materials, tools, and assembly techniques demonstrate strong effort and understanding of prototype building. The inclusion of images and specific measurements further supports the clarity of your explanation.

However, the document falls short in explicitly linking the prototype to testability and measurable data generation. While the physical construction is well described, there is little information on how the prototype will be used to evaluate specific design requirements or attributes. The absence of detailed testing plans or measurable outcomes limits the ability to assess the prototype's effectiveness in meeting design goals. Additionally, justification for non-testable attributes is minimal and does not clearly explain the need for expert review or alternative evaluation methods.

To improve, consider explicitly stating which design requirements your prototype aims to test and how you will measure or observe these attributes. Include descriptions of testing procedures or data collection methods to demonstrate testability. Also, identify any attributes that cannot be tested directly and provide clear, supported reasons for why expert evaluation is necessary. Finally, integrating the medical inserts and connection system fully into the prototype and explaining their testability would strengthen your submission.",3.75,2
Case003_4440.pdf,,Placeholder text for scoring.,4,4,4,0,4,2,1,0,,,,,,,,"The final prototype iteration is clearly and adequately explained with detailed descriptions of the construction process, materials used, and assembly steps for the boxes, frames, and handles. The explanation includes multiple versions and the progression from cardboard models to metal and plastic components. However, some aspects, such as the final integration of the connection system and medical testing windows, are mentioned but not fully detailed. | The prototype construction is thorough and detailed, showing physical assembly and material choices. However, there is limited explicit evidence that the prototype is constructed to generate objective data on design requirements. The document lacks clear explanation of what specific design requirements will be tested, how measurements will be taken, or what objective data will be collected. The mention of testing materials (e.g., spray paint approval) is present but does not demonstrate testability of the prototype itself. | There is minimal evidence that attributes of the unique solution can be tested or modeled. While the prototype includes features like hinges, handles, and connection systems, the document does not explain how these attributes will be tested or modeled. No specific measurable or observable attributes are identified for evaluation. | The document does not provide any justification for attributes that cannot be tested or modeled, nor does it mention expert review or alternative evaluation methods for non-testable attributes.","The student document provides a clear and detailed explanation of the prototype construction process, including the transition from a cardboard model to a more robust metal and plastic assembly. The step-by-step description of materials, tools, and assembly techniques demonstrates strong construction skills and thoughtful design iteration. The inclusion of handle construction and frame assembly adds depth to the prototype explanation.

However, the document falls short in describing how the prototype will generate objective, measurable data related to design requirements. While the physical prototype is well constructed, there is little to no explanation of specific attributes that will be tested or how testing will be conducted. This limits the ability to evaluate the prototype's effectiveness in meeting design goals. Additionally, no justification is provided for any attributes that cannot be tested, nor is there mention of expert review or alternative evaluation methods.

To improve, the team should explicitly identify key design requirements and describe how the prototype enables measurement or observation of these attributes. Including planned testing procedures or data collection methods would strengthen testability. Furthermore, addressing any non-testable attributes with clear justification and expert consultation would enhance the overall evaluation. Finally, integrating the connection system and medical testing windows more fully into the explanation would provide a more comprehensive view of the final prototype.",3,1.75
Case004_2210.pdf,,Placeholder text for scoring.,2,2,1,0,4,2,2,1,,,,,,,,"The final prototype iteration is clearly and adequately explained with detailed descriptions of materials, construction steps, and modifications made to improve stiffness and strength. The explanation covers the assembly process, component choices, and iterative improvements, though some aspects could be more explicitly connected to design requirements. | The prototype construction is described in detail, but there is limited explicit evidence that objective data on design requirements can be collected. While testing is mentioned, the document lacks clear explanation of what specific measurements or data will be gathered or how the prototype enables such testing. | Some attributes such as lateral stiffness and strength are mentioned as being tested, but the description does not specify how these attributes are measured or modeled. The testing approach and measurable outcomes are not clearly defined, limiting the ability to assess testability of multiple attributes. | There is no explicit justification provided for any non-testable attributes or explanation of the need for expert review or alternative evaluation methods. The document does not address why certain attributes cannot be tested or how they would be evaluated otherwise.","The student provides a thorough and clear explanation of the final prototype iteration, detailing the materials used, construction steps, and iterative improvements made to enhance the handle's stiffness and strength. This detailed description demonstrates a solid understanding of the prototype's physical assembly and the rationale behind design changes.

However, the document falls short in clearly establishing how the prototype enables objective testing or measurement of design requirements. While issues such as lateral stiffness and strength are mentioned, the explanation lacks specifics on how these attributes will be quantitatively evaluated or modeled. This limits the ability to generate measurable data from the prototype. Additionally, there is no explicit justification for any attributes that cannot be tested, nor is there discussion of expert review or alternative evaluation methods.

To improve, the student should explicitly identify which design requirements will be tested and describe the methods or measurements that will be used. Including specific testing procedures or criteria for evaluating stiffness and strength would strengthen the testability evidence. Furthermore, addressing any attributes that cannot be directly tested with a clear justification and plan for expert evaluation would enhance the completeness of the documentation. Finally, linking prototype features more directly to measurable outcomes would improve clarity and rigor.",1.25,2.25
Case005_4445.pdf,,Placeholder text for scoring.,4,4,4,5,4,3,3,3,,,,,,,,"The final prototype iteration is clearly and adequately explained. The students describe their transition from a custom-coded Arduino LED system to purchasing pre-coded Bluetooth RGB LED lights, detailing the selection process, challenges with coding across devices, and the final setup using an iPad and app. They explain the physical layout of the lights in classroom zones and the rationale behind their design choices. However, some construction details and technical specifics about the physical prototype assembly are limited. | The prototype is constructed with commercially available LED lights controlled via an app, enabling manipulation of colors and patterns. The students identify testable design requirements such as affordability, safety, and functionality through observation and user feedback. However, the explanation lacks explicit detail on how objective data will be collected or measured from the prototype itself, relying mostly on subjective feedback and observation rather than quantifiable metrics. | Some attributes are addressed for testing or modeling, including functionality (color and pattern manipulation), affordability (budget adherence), and safety (physical interaction with lights). The students describe observing user interaction and collecting feedback to evaluate effectiveness. However, the testing approach is largely qualitative and lacks detailed methods for measuring or modeling these attributes objectively. | The students identify non-testable attributes such as adaptability and durability, explaining time constraints and lack of continuous monitoring as reasons these cannot be tested immediately. They reference expert product specifications (IP65 rating) to support durability claims. While justification is adequate and acknowledges expert input, it lacks a detailed plan for expert review or alternative evaluation methods beyond product claims and teacher feedback.","Your documentation provides a clear and coherent explanation of your final prototype iteration, including the rationale behind switching from a custom-coded Arduino system to pre-coded Bluetooth LED lights controlled via an app. The description of the physical layout and the use of an iPad to manage the system demonstrates thoughtful design decisions that consider usability and budget constraints. This clarity helps readers understand your prototype's construction and intended function.

Regarding testability, you identify several important attributes such as affordability, safety, and functionality, and propose observational and feedback-based methods to evaluate them. However, the approach relies heavily on qualitative data and subjective feedback rather than objective, measurable data collection. More explicit descriptions of how you will quantify these attributes or collect measurable evidence would strengthen your evaluation. Additionally, while you acknowledge non-testable attributes like adaptability and durability and provide some justification referencing expert product ratings and teacher feedback, a more detailed plan for expert review or alternative evaluation methods would enhance this section.

To improve your work, consider including more detailed construction documentation or diagrams to better illustrate your prototype assembly. Develop clearer, quantifiable testing procedures for key attributes to enable objective data collection. Expand your justification for non-testable attributes by outlining specific expert review processes or alternative evaluation strategies. Finally, integrating preliminary data or examples of feedback collection could demonstrate your prototype's testability more concretely.",4.25,3.25
Case006_0000.pdf,,Placeholder text for scoring.,0,0,0,0,2,1,1,0,,,,,,,,"The student provides a somewhat explained description of the prototype iteration involving AI tools iStar and Youper, including their intended functions and integration into medical diagnostics. However, the explanation lacks detail on what the final prototype specifically consists of, how it was constructed, or key components, resulting in gaps. | There is minimal evidence that the prototype is constructed to generate objective data on design requirements. The student mentions testing iStar with images and patient records and using themselves as a test subject for Youper, but no details are provided on how the prototype enables measurable or objective data collection. | Only one attribute is addressed for testing: iStar's ability to detect diseases from images and Youper's mental health assessment. However, no specific testing methods, measurable outcomes, or modeling approaches are described, limiting the evidence for testing or modeling attributes. | No justification is provided for any non-testable attributes or explanation of why expert review or alternative evaluation methods are necessary.","The student demonstrates an initial understanding of the prototype iteration by describing the AI tools iStar and Youper and their intended roles in medical diagnostics. This provides some context for the design, but the explanation lacks sufficient detail about the final prototype's construction, components, or how the integration is realized, which limits clarity and completeness.

Regarding testability, the document mentions plans to test iStar with medical images and patient records and to use self-assessment for Youper, but it does not explain how these tests will be conducted or how objective data will be collected. The absence of specific testing procedures or measurable attributes weakens the ability to evaluate the prototype's performance. Additionally, no justification is offered for any attributes that cannot be tested, missing an opportunity to address limitations or expert evaluation needs.

To improve, the student should provide a detailed description of the final prototype, including construction steps and key components. They should explicitly identify measurable design requirements and explain how the prototype enables objective testing or data collection for these attributes. Including specific testing methods or modeling approaches would strengthen the evaluation. Finally, the student should address any attributes that cannot be directly tested by explaining why and how expert review or alternative evaluation will be used.",0,1
Case007_0000.pdf,,Placeholder text for scoring.,0,0,0,0,2,1,1,1,,,,,,,,"The student provides a somewhat explained description of the prototype iteration involving AI tools iStar and Youper, including their intended functions and integration into medical diagnostics. However, the explanation lacks detail on what the final prototype specifically consists of, how it was constructed, or key components, resulting in gaps. | There is minimal evidence that the prototype is constructed to generate objective data on design requirements. The student mentions testing iStar with images and patient records and using themselves as test subjects for Youper, but no details are given on how the prototype enables measurable or objective data collection. | The document references testing the AI tools' ability to detect diseases and assess mental health, but does not specify which attributes will be tested, how testing or modeling will occur, or what measurable outcomes will be collected. Only one or fewer attributes are minimally addressed. | The student mentions challenges such as data privacy and ethical concerns but does not provide explicit justification for any non-testable attributes or explain the need for expert review or alternative evaluation methods.","The student demonstrates an initial understanding of the prototype iteration by describing the AI tools iStar and Youper and their intended roles in medical diagnostics. This provides some context for the design, but the explanation lacks specific details about the final prototype's construction, components, or how the tools are integrated, which limits clarity and completeness.

Regarding testability, the document mentions plans to test iStar with medical images and patient records and to use self-assessment for Youper, but it does not explain how these tests will be conducted or what objective data will be collected. The attributes to be tested are not clearly identified, and no measurable evaluation methods are described. Additionally, while ethical and privacy concerns are acknowledged, there is no explicit justification for non-testable attributes or discussion of expert review.

To improve, the student should provide a detailed description of the final prototype, including its construction and key components. They should clearly identify specific attributes to be tested and explain how testing will generate measurable data. Including a plan for addressing non-testable attributes with expert evaluation or justification would strengthen the work. Finally, clarifying how the prototype enables objective data collection would enhance the overall quality and testability.",0,1.25
Case008_1050.docx,,Placeholder text for scoring.,1,0,5,0,3,3,3,1,,,,,,,,"The final prototype iteration is described with multiple construction steps and a detailed materials list, showing what was built and how. However, the explanation lacks a cohesive narrative or clear summary of the final prototype's overall function and design intent, resulting in an adequate but incomplete explanation. | The document links several design requirements to measurable data collection methods, such as using a timer to measure time in sun or shade and the solar panel to assess battery life. However, these explanations are somewhat general and lack detailed procedures or clear evidence that all or nearly all design requirements can be objectively tested, supporting testability for some but not most requirements. | Several attributes are identified with descriptions of their function and some testing conditions (e.g., motorized shade operation, solar panel charging). While multiple attributes are addressed, the testing or modeling descriptions are partial and lack comprehensive detail, indicating some but not most attributes are testable or modeled. | The document does not provide explicit justification for any non-testable attributes or explain the need for expert review or alternative evaluation methods. Any discussion of limitations or attribute challenges is absent or insufficient.","The student provides a reasonably detailed description of the final prototype's construction, including step-by-step assembly and a comprehensive materials list. This clarity in construction methods and component identification helps convey what was built, supporting an adequate understanding of the prototype iteration. However, the explanation would benefit from a more integrated summary that clearly connects the construction steps to the prototype's overall function and design goals.

Regarding testability, the student identifies key design requirements and links them to measurable data collection methods, such as using a timer to track exposure time and a solar panel to monitor battery life. While these connections demonstrate some capacity for objective evaluation, the descriptions lack depth and specificity, limiting confidence that all major requirements can be thoroughly tested. Similarly, multiple attributes are addressed with functional descriptions, but the testing or modeling approaches are only partially developed, leaving gaps in how these attributes will be quantitatively assessed.

The portfolio does not address non-testable attributes or provide justification for expert review, which is a missed opportunity to strengthen the evaluation. To improve, the student should: 1) provide a clear, cohesive explanation of the final prototype's overall design and function; 2) detail specific testing procedures and measurable outcomes for each design requirement; 3) expand on how each attribute will be tested or modeled with concrete methods; and 4) explicitly identify any non-testable attributes and justify the need for expert evaluation or alternative assessment methods.",1.5,2.5
Case009_4552.docx,,Placeholder text for scoring.,4,5,5,2,4,3,3,2,,,,,,,,"The final prototype iteration is clearly and adequately explained with detailed construction steps, progression notes, and issues for multiple prototypes leading to the final design. The description includes CAD modeling, 3D printing, sanding, finishing, and design changes such as the special end link for loop closure. However, the explanation could be more fully integrated and explicitly focused on the final iteration alone rather than spread across multiple prototypes. | The prototype construction is described with sufficient detail to suggest it can generate objective data for some design requirements, such as size, edge finishing, and joint assembly. However, the explanation of how measurable data will be collected is limited and vague for many requirements. For example, noise and movement are mentioned but without clear measurement methods or objective data collection procedures. Some requirements like color are noted but not clearly linked to measurable testing. | Some attributes are addressed with testing or modeling approaches, including durability (observing loose or broken parts), ease of build, noise (using decibel tools), and ease of movement (feeling smoothness). However, the testing descriptions are somewhat general and lack detailed procedures or metrics. Not all attributes are covered, and some are only superficially addressed. | The student identifies aesthetics as a non-testable attribute requiring expert review, but the justification is minimal and lacks depth. The explanation that appeal is based on opinions and that a field expert would know what kids like is a developing justification but does not fully explain why expert review is necessary or how it would be conducted.","Your portfolio demonstrates a solid understanding of prototype construction, with clear explanations of the iterative process leading to the final design. The detailed steps involving CAD modeling, 3D printing, sanding, and finishing show thoughtful progression and attention to design improvements, such as the special end link for loop closure and smoothing edges. This clarity helps convey how the prototype was built and refined.

Regarding testability, you address several design attributes like durability, noise, and ease of movement, and you suggest ways to observe or measure these, such as using decibel meters for noise. However, the descriptions of how objective data will be collected are somewhat general and could benefit from more specific testing procedures or metrics. Some design requirements, like color and friction consistency, are mentioned but lack clear measurable evaluation methods.

Your justification for non-testable attributes, particularly aesthetics, is acknowledged but remains underdeveloped. Expanding on why expert review is necessary and how it would be conducted would strengthen this area.

To improve, consider: 1) focusing your final prototype explanation more explicitly on the last iteration; 2) detailing specific testing methods and measurable criteria for each design requirement; 3) expanding the justification for non-testable attributes with clearer rationale and evaluation plans; and 4) including quantitative data or observations where possible to support testability claims.",4,3
Case010_5544.docx,,Placeholder text for scoring.,5,5,4,4,4,3,3,2,,,,,,,,"The final prototype iteration is clearly and adequately explained with detailed construction steps, progression notes, and issues for multiple prototypes leading to the final design. The description includes CAD modeling, 3D printing, sanding, finishing, and design changes such as the special end link for loop closure. However, the explanation could be more fully integrated and explicitly focused on the final iteration alone rather than spread across multiple prototypes. | The prototype construction is described with sufficient detail to suggest it can generate objective data for some design requirements, such as size, edge finishing, and joint assembly. However, the explanation of how measurable data will be collected is limited and vague (e.g., 'we can feel how easily the pieces move' is subjective). Some requirements like noise could be measured with decibel tools, but this is only briefly mentioned without detailed methodology. | Several attributes are identified for testing or modeling, including durability, ease of build, noise generation, and ease of movement. The document describes how these might be observed or measured, but the testing approaches are mostly qualitative or implied rather than explicitly detailed. The prototype addresses some attributes but not comprehensively or with clear objective testing protocols. | The student identifies aesthetics as a non-testable attribute requiring expert review, noting it is based on opinions and would need a field expert. However, the justification is minimal and lacks depth or explanation of how expert evaluation would be integrated. No other non-testable attributes are justified.","Your documentation provides a clear and adequate explanation of the final prototype iteration, detailing the construction process, design changes, and issues encountered throughout multiple prototype versions. The inclusion of CAD modeling, 3D printing steps, sanding, and finishing demonstrates a solid understanding of prototype development. The progression notes effectively communicate the rationale behind design modifications, such as the special end link for loop closure.

Regarding testability, your prototype construction supports the evaluation of some design requirements, including size constraints and edge finishing. You identify several attributes like durability, noise generation, and ease of movement for testing, which shows thoughtful consideration of your design's performance. However, the testing methods described are mostly qualitative and lack explicit, objective measurement procedures. For example, statements about feeling movement smoothness or observing noise levels would benefit from more precise measurement techniques.

The justification for non-testable attributes, specifically aesthetics, is acknowledged but underdeveloped. Expanding on how expert review would be incorporated or providing additional rationale would strengthen this aspect. To improve, consider detailing specific testing protocols for each attribute, incorporating quantitative measurement tools where possible, clarifying how data will be collected and analyzed, and elaborating on the evaluation process for non-testable attributes. These enhancements will increase the rigor and clarity of your prototype evaluation.",4.5,3
Case011_0000.docx,,Placeholder text for scoring.,0,0,0,0,3,2,1,0,,,,,,,,"The student provides an adequate explanation of the final prototype iteration, describing the goal of assessing hole spacing in pipes to water plants and prevent mold. Construction steps are listed with some detail about materials and tools used. However, the explanation lacks clarity on the final iteration specifics, changes made from initial to final prototype, and key components or improvements. | The prototype construction is described with steps and materials, but there is limited evidence that the prototype is constructed to allow objective, measurable data collection on design requirements. The student mentions testing with water and observing mold after a week, but does not clearly link these to measurable design requirements or explain how data will be collected or quantified. | The document does not explicitly address testing or modeling of specific attributes beyond general observations of watering and mold presence. There is no clear description of how attributes will be measured or modeled, and no detailed testing plan for multiple attributes. | No justification is provided for any non-testable attributes or explanation of expert review requirements. The document does not identify any attributes that cannot be tested or modeled.","The student demonstrates a reasonable effort in explaining the prototype construction process, including step-by-step details and the use of specific materials and tools. The goal of the prototype—to assess hole spacing for watering plants and mold prevention—is stated, providing some context for the design. This clarity in construction steps is a strength, as it shows the student’s engagement with the physical building process.

However, the explanation of the final prototype iteration lacks depth and completeness. There is insufficient detail on how the prototype has evolved or how it specifically meets design requirements. The testability of the prototype is limited; while the student mentions testing with water and observing mold, there is no clear plan for collecting objective, measurable data or linking observations to design criteria. Additionally, the attributes of the design are not explicitly identified for testing or modeling, and no justification is provided for any non-testable attributes.

To improve, the student should clearly describe the final prototype iteration, including any changes made and key features. They should explicitly connect prototype features to measurable design requirements and outline how data will be collected and analyzed. Identifying specific attributes for testing and providing a testing plan would strengthen the work. Finally, if any attributes cannot be tested, the student should justify this and indicate the need for expert review.",0,1.5
Case012_2100.docx,,Placeholder text for scoring.,2,1,0,0,2,1,1,0,,,,,,,,"The final prototype iteration is somewhat explained with a step-by-step construction process focusing on hole spacing in pipes and mold resistance. However, the explanation lacks clarity on the final iteration specifics, key components, and how the prototype evolved. There are gaps and minimal detail about the final prototype iteration. | The construction details describe materials and steps but do not clearly explain how the prototype allows collection of objective, measurable data on design requirements. There is no explicit linkage between prototype features and measurable testing of requirements. | The document mentions testing with water and observing mold growth, implying one attribute (mold resistance) might be testable. However, no clear description of how attributes are tested or modeled is provided, limiting evidence to minimal. | No justification is provided for any non-testable attributes or mention of expert review or alternative evaluation methods.","The student provides a basic explanation of their prototype construction process, including steps to create holes in pipes and efforts to prevent mold. This shows some understanding of prototype building and material selection. However, the explanation of the final prototype iteration lacks clarity and completeness, making it difficult to fully understand the design evolution or key features.

While the construction steps are outlined, the document does not clearly connect the prototype to measurable testing of design requirements. There is minimal evidence that the prototype can generate objective data, with only a vague mention of testing with water and observing mold. The testing or modeling of specific design attributes is not well described, limiting the ability to evaluate the prototype’s effectiveness.

Additionally, the student does not address any attributes that cannot be tested or modeled, nor do they provide justifications or plans for expert review. To improve, the student should clearly explain the final prototype iteration and how it differs from earlier versions, explicitly link prototype features to measurable design requirements, describe specific testing methods for multiple attributes, and provide justifications for any non-testable aspects including plans for expert evaluation.",0.75,1
Case013_1100.docx,,Placeholder text for scoring.,1,1,0,0,4,3,3,1,,,,,,,,"The final prototype iteration is clearly and adequately explained with detailed descriptions of components, wiring, code, and system functionality. The explanation includes the initial LED-based prototype and the improved Arduino and LM393 sensor system with real-time tracking and threshold-based watering. However, the explanation could be more focused on the final iteration alone rather than including multiple stages and future improvements. | The prototype construction is described with sufficient detail to suggest it can generate objective data on some design requirements, such as soil moisture level readings and triggering watering based on thresholds. However, the description lacks explicit evidence that all or nearly all design requirements can be objectively measured, and long-term durability and calibration are noted as areas needing improvement. | Some attributes, such as soil moisture level and watering system activation, are addressed with measurable outputs (analog readings, relay control). The system allows testing of moisture detection and response. However, other attributes like ease of use and durability are mentioned but not clearly testable or modeled within the prototype. | The document mentions that long-term durability and calibration across soil types require further improvement but does not provide explicit justification for why these attributes cannot be tested or how expert review would be used. There is no clear explanation of non-testable attributes requiring external evaluation.","The student provides a clear and detailed explanation of their prototype iteration, describing the components, wiring, and code used to build a soil moisture monitoring system with real-time tracking and automated watering. The inclusion of both the initial LED-based prototype and the improved Arduino and LM393 sensor system demonstrates thoughtful development and understanding of the design. This explanation effectively communicates the prototype’s construction and intended functionality.

The prototype construction supports objective measurement of key attributes such as soil moisture levels and watering activation, enabling testing of these functional requirements. However, the description lacks comprehensive evidence that all design requirements, including ease of use and durability, can be quantitatively tested. While some attributes are addressed with measurable outputs, others remain untested or only qualitatively discussed. Additionally, the justification for non-testable attributes is minimal and does not clearly explain the need for expert review or alternative evaluation methods.

To improve, the student should focus the explanation more explicitly on the final prototype iteration, clearly linking construction details to specific measurable design requirements. Including explicit testing procedures or data collection methods for all key attributes would strengthen testability. Providing a clear rationale for any non-testable attributes and describing how expert evaluation would be incorporated would enhance justification. Finally, addressing long-term durability and calibration with concrete testing plans would improve the overall prototype evaluation.",0.5,2.75
Case014_4352.pdf,,Placeholder text for scoring.,4,3,5,2,4,4,4,2,,,,,,,,"The final prototype iteration is clearly and adequately explained with step-by-step construction details, materials used, and testing dates. The explanation includes the irrigation system's function, adjustments needed (leveling and balance), and key components, but lacks a fully comprehensive description of the final iteration's performance and integration. | The prototype construction is described with sufficient detail to show it can generate objective data for many design requirements, such as irrigating a 12x12 area, lasting 10 days, collecting water, and portability. The material list, construction steps, and testing plan support measurable data collection for most requirements, though some testing procedures are only briefly described. | Most key attributes of the design (timer/sensor, water hose, PVC pipes, drip system, barrel) are addressed with descriptions of how their functionality can be tested or modeled. The document includes specific testing plans for irrigation coverage, water amount, reliability, water collection, and portability, demonstrating a strong approach to attribute evaluation. | The justification for non-testable attributes is minimal and lacks explicit explanation of why expert review or external evaluation is necessary. The only non-testable attribute mentioned is 'Above Ground,' justified by 'common knowledge' without further support or reference to expert judgment.","Your portfolio provides a clear and detailed explanation of the final prototype iteration, including stepwise construction and material use, which effectively communicates how the irrigation system was built and tested. The inclusion of a material list and documented testing dates strengthens the understanding of your prototype’s development and functionality. This clarity supports a solid foundation for evaluating your design.

The prototype construction supports measurable data collection for many design requirements, such as irrigation coverage, water collection, and portability. Your testing plans are well thought out, addressing multiple attributes with specific procedures and pass/fail criteria. This demonstrates a strong ability to evaluate the prototype’s performance against key goals. However, some testing descriptions could be expanded to provide more detail on measurement methods and data collection.

The justification for non-testable attributes is limited and would benefit from further development. Explaining why certain attributes cannot be tested and how expert review or alternative evaluation methods would be used would strengthen this area. To improve, consider elaborating on the final iteration’s performance results, providing more detailed testing protocols, and expanding justifications for non-testable attributes. Additionally, including quantitative data or observations from tests would enhance the rigor and clarity of your evaluation.",3.5,3.5
Case015_5542.pdf,,Placeholder text for scoring.,5,5,4,2,4,4,4,2,,,,,,,,"The final prototype iteration is clearly and adequately explained with detailed step-by-step construction notes, material lists, and descriptions of adjustments made (e.g., adding elevation for water flow). However, the explanation lacks a fully comprehensive narrative tying all elements together in a seamless overview. | The prototype construction is described with sufficient detail to show it can generate objective data for many design requirements, such as irrigating a 12x12 area, lasting 10 days, collecting water, and portability. The document explicitly links prototype features to measurable outcomes, though some testing procedures are only briefly described. | Most key attributes (timer/sensor, water hose, PVC pipes, drip system, barrel) are addressed with explanations of how their functionality can be tested or observed. The testing plan includes specific trials and pass/fail criteria for multiple attributes, supporting a strong but not fully comprehensive coverage. | The justification for non-testable attributes is minimal and lacks explicit discussion of expert review or external evaluation. The statement that 'above ground' is common knowledge does not meet the rubric's requirement for well-supported justification involving expert judgment.","Your portfolio demonstrates a solid and clear explanation of the final prototype iteration, including detailed construction steps, material lists, and adjustments made to improve functionality. This clarity helps readers understand how the irrigation system was built and refined, which is a strong aspect of your documentation.

The prototype construction supports measurable testing for many design requirements, such as irrigating a 12x12 area, sustaining water supply for 10 days, and portability. Your testing plan outlines specific trials with pass/fail criteria, which strengthens the ability to collect objective data. Additionally, you address most key attributes with explanations of how their functionality can be tested or observed, showing thoughtful consideration of prototype evaluation.

However, the justification for non-testable attributes is underdeveloped. Simply stating that an attribute is common knowledge does not sufficiently explain why expert review or alternative evaluation methods are necessary. To improve, consider providing more comprehensive explanations of how you would validate non-testable features, possibly involving expert input. Also, expanding the final prototype explanation to include a more integrated overview of how all components work together would enhance clarity. Finally, detailing testing procedures with more specificity and including quantitative measurements where possible would strengthen the testability and evaluation of your design.",4,3.5
Case016_1222.pdf,,Placeholder text for scoring.,1,2,2,2,4,3,3,2,,,,,,,,"The final prototype iteration is clearly and adequately explained with detailed step-by-step construction descriptions, materials used, and tools. The student describes two prototype versions with specific components such as walls, furniture, detection, notification, and suppression systems. However, the explanation lacks a fully integrated narrative of how all parts function together as a final iteration. | The prototype construction includes multiple design requirements with explanations of how objective data could be collected (e.g., lighting a fire to test suppression, detection, and notification systems, and testing structural stability by placing the apartment on a table). However, the descriptions are somewhat general and lack detailed measurement methods or data collection procedures, limiting confidence in comprehensive testability. | Several attributes are identified with associated testing approaches, such as walls standing, notification system responding to fire, alarm sounding, and material livability. Some attributes are testable with described methods, but others rely on subjective assessments (e.g., visual appeal, comfort) or lack detailed testing protocols, resulting in only partial coverage of attributes. | The student identifies non-testable attributes like flammability, suppression system reusability, strength, and occupant perspective, explaining why they cannot be tested (e.g., would require burning the model or life-sized experience). However, there is no explicit mention of expert review or alternative evaluation methods, limiting justification quality.","Your portfolio demonstrates a solid effort in explaining the construction of your prototype, with clear step-by-step descriptions and detailed material and tool lists. The inclusion of two prototype iterations and the integration of functional components such as detection, notification, and suppression systems strengthen your explanation. This clarity helps readers understand the physical build and intended functions of your design.

Regarding testability, you provide reasonable approaches to evaluate key design requirements, such as lighting a fire to test system responses and assessing structural stability by physical placement. However, the testing methods are somewhat general and lack specific measurement or data collection details, which limits the ability to generate fully objective and measurable data. Additionally, while you identify multiple attributes for testing, some rely on subjective judgment rather than quantifiable metrics.

Your identification of non-testable attributes is thoughtful, particularly recognizing limitations like flammability and occupant perspective. To improve, consider explicitly describing how expert review or alternative evaluation methods could be used for these attributes. Also, enhance your testing plans by detailing how measurements will be taken and what data will be recorded. Finally, integrating a more cohesive explanation of how all prototype components function together in the final iteration would strengthen your overall presentation.",1.75,3
Case017_2221.pdf,,Placeholder text for scoring.,2,2,2,1,4,3,3,2,,,,,,,,"The final prototype iteration is clearly and adequately explained with detailed step-by-step construction descriptions, materials used, and tools. The student describes two prototype versions with specific components such as walls, furniture, detection, notification, and suppression systems. However, the explanation lacks a fully integrated narrative of how all parts function together as a final iteration. | The prototype construction includes multiple design requirements with explanations of how objective data could be collected (e.g., lighting a fire to test detection, notification, and suppression systems, and testing structural stability). However, the descriptions are somewhat general and lack detailed measurement methods or data collection procedures, limiting confidence that objective data can be reliably obtained for all requirements. | Several attributes are identified as testable, including walls standing, notification system triggering an alarm, and material livability. The student describes how these attributes can be tested, but the explanations are often qualitative or subjective (e.g., visual appeal, comfort via empathy) rather than quantitative or modeled. Thus, some but not all attributes are addressed with testable or modeled approaches. | The student lists non-testable attributes such as flammability, suppression system repeatability, strength, and occupant perspective, with reasons why they cannot be tested. However, there is no explicit mention of expert review, specialist evaluation, or external validation to justify these limitations, resulting in a developing but incomplete justification.","Your portfolio demonstrates a solid effort in explaining the construction of your prototype, with clear step-by-step details and descriptions of materials and tools used. The inclusion of two prototype iterations and the integration of functional components like detection and notification systems strengthen your explanation. This clarity helps readers understand how your design evolved and what was built.

Regarding testability, you identify several design requirements and describe how you intend to test them, such as lighting a fire to trigger alarms and checking structural stability. However, many of these testing approaches are described in general or qualitative terms without detailed measurement methods or objective data collection plans. Similarly, while you address multiple attributes, some testing relies on subjective assessments like visual appeal or comfort, which limits the rigor of your evaluation.

Your justification for non-testable attributes acknowledges important limitations but lacks explicit discussion of expert review or external evaluation, which would strengthen your rationale. To improve, consider providing more detailed testing procedures with measurable criteria, incorporating quantitative data collection where possible, and explicitly stating how expert feedback or standards will be used to evaluate non-testable aspects. Additionally, integrating a cohesive explanation of how all prototype components function together would enhance clarity and completeness.",1.75,3
Case018_2130.docx,,Placeholder text for scoring.,2,1,3,0,3,2,1,0,,,,,,,,"The student provides an adequate explanation of the final prototype iteration, detailing the construction steps, tools, and methods used (e.g., Figma wireframe, HTML structure, CSS styling, image integration, testing across devices, and publishing). However, the explanation lacks a clear, cohesive narrative about the final iteration as a whole and how the prototype evolved or why specific design changes were made. | The prototype construction is described with multiple steps and tools, but there is no explicit explanation of how the prototype enables objective data collection on design requirements. While the game is tested across devices, the document does not specify what design requirements are measured or how data will be collected, limiting evidence of testability to a few inferred design aspects. | The document does not explicitly address testing or modeling of specific attributes of the solution. There is no clear description of which attributes can be tested or how testing or modeling will be conducted, aside from a general mention of testing across devices without detail on measurable outcomes. | No justification is provided for any attributes that cannot be tested or modeled. The document lacks any discussion of expert review or alternative evaluation methods for non-testable attributes.","Your prototype construction is well documented with clear step-by-step details on how the educational geography game was built, including the use of design tools like Figma, Visual Studio Code, CSS styling, and integration of images and reward systems. This provides a solid foundation for understanding the physical and digital assembly of your prototype. However, the explanation would benefit from a more cohesive narrative that ties these steps together and explains how the final iteration differs from earlier versions or why certain design decisions were made.

While the construction details are thorough, the prototype’s ability to generate objective, measurable data on design requirements is not clearly articulated. The document mentions testing across multiple devices but does not specify what attributes are being tested or how data will be collected and analyzed. Additionally, there is no discussion of which design attributes can be modeled or tested, nor is there any justification for attributes that cannot be tested.

To improve, consider explicitly identifying key design requirements and describing how your prototype enables measurement or observation of these. Include specific testing procedures or metrics you plan to use. Also, provide justification for any attributes that cannot be tested and explain how expert review or alternative evaluation will be used. Finally, adding a summary that explains the evolution of your prototype and the rationale behind design changes will strengthen your explanation.",1.5,1.5
Case019_1102.pdf,,Placeholder text for scoring.,1,1,0,2,5,4,4,5,,,,,,,,"The final prototype iteration is clearly and fully explained with detailed descriptions of materials, mechanisms, and attachment systems. The explanation covers multiple subsystems, their functions, and how they address design requirements. | The prototype construction is described in detail with materials and mechanisms that enable objective data collection on many design requirements such as adjustability, stability, and ergonomics. However, explicit measurement methods for all requirements are not fully detailed. | Most attributes are addressed with testing or modeling, including ergonomics (via user testing and surveys) and adjustability (via physical testing and mathematical modeling). Some attributes like strength and load-bearing are mentioned but lack explicit testing details. | The student explicitly identifies non-testable attributes (aesthetics and long-term durability) and provides well-supported justification involving expert reviews from product design and material science specialists.","The student provides a comprehensive and well-structured explanation of the final prototype iteration, detailing materials, mechanisms, and design choices that clearly address the project requirements. The description of the adjustable length feature, attachment system improvements, and ergonomic considerations demonstrates a thorough understanding of the prototype’s construction and functionality.

The prototype is constructed to enable objective testing of many design requirements, particularly ergonomics and adjustability, supported by user testing and modeling. However, while strength and load-bearing capacity are mentioned as tested or modeled, the explanation lacks explicit details on how these measurements are conducted, which limits full confidence in testability for all requirements. The student effectively addresses non-testable attributes such as aesthetics and long-term durability by incorporating expert reviews, providing strong justification for these aspects.

To improve, the student should include more explicit descriptions of testing procedures and measurement methods for all critical attributes, especially strength and load-bearing. Adding quantitative data or specific testing protocols would strengthen the evidence of testability. Including diagrams or photos of the prototype and testing setups could further clarify construction and evaluation. Finally, expanding on how feedback from user testing was systematically collected and analyzed would enhance the rigor of the testing approach.",1,4.5
Case020_2241.docx,,Placeholder text for scoring.,2,2,4,1,4,4,4,2,,,,,,,,"The final prototype iteration is clearly and adequately explained with detailed descriptions of the construction steps, materials, dimensions, and changes made during the design process. The explanation covers the roof, walls, furniture, and the fire detection and suppression system, including adjustments such as switching from pencils to wooden sticks and relocating the system. However, the explanation is somewhat fragmented and occasionally lacks full clarity or cohesion, preventing a top score. | The prototype construction is described in sufficient detail to show that many design requirements can be objectively tested. The document explains how the detection, notification, and suppression systems can be tested with measurable data such as response times, accuracy, and success rates. The physical construction details, including measurements and materials, support the prototype's capability to generate objective data for many design requirements. However, some testing descriptions are general and could be more specific. | Most key attributes of the design, including the detection system, notification system, and suppression system, are addressed with clear testing or modeling approaches. The document describes how to test sensor response, alarm triggering, and balloon popping to release water. Emergency lighting and exit attributes are mentioned but less developed. Overall, the majority of attributes have testable or modelable features, though some could be elaborated further. | The document provides some justification for non-testable attributes such as the fire department alert and power backup system, citing practical limitations in the school environment. However, the justification lacks explicit mention of expert review or alternative evaluation methods, which limits the score. The rationale is developing but insufficiently supported to warrant a higher score.","Your portfolio demonstrates a strong effort in explaining the final prototype iteration, with detailed descriptions of construction steps, materials, and design changes. The inclusion of measurements and specific tools used adds clarity and shows thoughtful planning. The explanation of the fire detection and suppression system, including adaptations made during construction, highlights your iterative design process.

The prototype construction supports testing many design requirements, particularly the detection, notification, and suppression systems. You clearly describe how measurable data such as response times and success rates can be collected, which strengthens the testability of your design. Most key attributes have associated testing or modeling approaches, indicating a well-considered evaluation strategy. However, some testing descriptions could be more detailed to fully demonstrate how objective data will be gathered.

The justification for non-testable attributes is present but limited. Expanding this section to include how expert review or alternative evaluation methods will be used would improve your justification. To enhance your portfolio, consider providing more cohesive and comprehensive explanations of the final prototype iteration, elaborating on specific testing procedures, and strengthening the rationale for non-testable attributes. Including diagrams or annotated images linked to testing methods could also improve clarity and support your claims.",2.25,3.5
Case021_3344.docx,,Placeholder text for scoring.,3,3,4,4,4,4,4,2,,,,,,,,"The final prototype iteration is clearly and adequately explained with detailed descriptions of the construction steps, materials, dimensions, and changes made during the design process. The explanation covers the roof, walls, furniture, and the fire detection and suppression system, including adjustments such as switching from pencils to wooden sticks and relocating the system. However, the explanation is somewhat fragmented and occasionally lacks full clarity or cohesion. | The prototype construction is described in detail with specific materials, tools, and assembly methods that enable objective data collection on many design requirements, especially the detection, notification, and suppression systems. The document explains how measurements, response times, and success rates can be recorded. However, some aspects like furniture and interior design are less clearly linked to measurable data, limiting full coverage of all design requirements. | Most key attributes of the design, including detection, notification, and suppression systems, are addressed with clear testing approaches such as triggering sensors, measuring response times, and observing balloon popping. Emergency lighting and exit attributes are mentioned but lack detailed testing procedures. Overall, the document covers most attributes with testable or observable outcomes. | The document provides some justification for non-testable attributes like fire department alert and power backup system, citing practical limitations in the school environment. However, it does not explicitly discuss the need for expert review or alternative evaluation methods, resulting in a developing but insufficient justification.","Your portfolio demonstrates a strong and detailed explanation of your final prototype iteration, including comprehensive descriptions of construction steps, materials, and design changes. The inclusion of specific measurements and the rationale behind material choices, such as switching from pencils to wooden sticks for stability, shows thoughtful development. This clarity helps readers understand the physical build and key components of your design.

The prototype construction supports objective data collection for many critical design requirements, particularly the fire detection, notification, and suppression systems. You effectively describe how measurable data like response times and success rates can be recorded, which strengthens the testability of your design. Most attributes are addressed with clear testing methods, though some elements like emergency lighting could benefit from more detailed testing procedures.

However, the justification for non-testable attributes is limited. While you note practical constraints for testing certain features, the explanation lacks explicit mention of expert review or alternative evaluation strategies. To improve, consider providing a more thorough rationale for these attributes, including how they might be evaluated externally. Additionally, enhancing the coherence and flow of your prototype explanation and expanding testing details for lower-priority features will further strengthen your portfolio.",3.5,3.5
Case022_5542.pdf,,Placeholder text for scoring.,5,5,4,2,5,3,3,2,,,,,,,,"The final prototype iteration is clearly and fully explained with detailed descriptions of materials, dimensions, construction methods, and functional components such as the frame, guillotine door, box connection system, and toggle clamps. The explanation includes the rationale behind design choices and specific measurements. | The prototype construction is described in detail, including materials and assembly, and some testing is mentioned (e.g., door operation times, load testing of the box). However, the explanation lacks explicit detail on how objective data will be systematically collected for all design requirements. Some design requirements are testable, but not all are clearly linked to measurable evaluation. | Some attributes are addressed with testing or modeling evidence, such as door operation speed and load capacity of the box connection system. However, other attributes like friction reduction and long-term durability are noted as needing further evaluation without clear testing plans. Thus, only some attributes have test or model coverage. | The document mentions limitations and areas for improvement, such as long-term durability and friction issues, but does not provide a well-supported justification involving expert review or alternative evaluation methods for non-testable attributes. The justification is developing but insufficient for higher credit.","The prototype documentation provides a comprehensive and clear explanation of the final iteration, including detailed descriptions of the frame, guillotine door, and connection systems. The use of mild steel, specific dimensions, and construction processes are well articulated, demonstrating strong understanding and craftsmanship. This clarity supports a solid foundation for understanding the prototype’s design and intended function.

While the prototype construction is thorough, the explanation of how objective, measurable data will be collected is somewhat limited. The team provides some evidence of testing, such as door operation times and load testing of the box, but does not fully detail systematic methods for evaluating all design requirements. Similarly, only some attributes are addressed through testing or modeling, with others noted as needing further evaluation without clear plans. This limits the ability to comprehensively assess prototype performance.

The justification for non-testable attributes is minimal and lacks explicit reference to expert review or alternative evaluation methods. To improve, the team should (1) clearly link each design requirement to specific measurable tests, (2) develop and describe systematic testing procedures, (3) expand testing coverage to all critical attributes, and (4) provide stronger justification for attributes that cannot be tested, including plans for expert evaluation or alternative assessments. These steps will enhance the prototype’s testability and the robustness of the design evaluation.",4,3.25
Case023_4230.pdf,,Placeholder text for scoring.,4,2,3,0,4,3,3,3,,,,,,,,"The final prototype iteration is clearly and adequately explained with detailed descriptions of the physical build, materials used, and design changes made to improve stability and function. The explanation includes the evolution from initial VEX robot testing to a PVC and wood prototype, and finally to a CAD model representing the full design. | The prototype construction supports objective data collection for some design requirements, such as wheel traction and clamp arm effectiveness, through physical testing of materials and clamp solutions. However, other key requirements like motor strength and battery capacity rely on theoretical modeling or product specifications rather than direct prototype testing, limiting full testability. | Some attributes are addressed for testing or modeling, including wheels (traction via 3D printing), motors (torque and pulling power calculations), battery capacity (power draw and timing), and clamp arms (physical testing of clamp solutions). However, not all attributes are fully testable with the current prototype, and some rely on CAD modeling or external data. | The chassis weight attribute is identified as non-testable with current resources and requires expert opinion, which is explicitly stated. This provides an adequate justification for this non-testable attribute, though the explanation could be more detailed regarding why expert review is necessary.","Your documentation provides a clear and detailed explanation of the final prototype iteration, including the progression from initial testing with a VEX robot to a physical PVC and wood prototype, and finally to a comprehensive CAD model. This thorough description helps readers understand the design evolution and key components, such as the clamp system, wheels, and motor placement.

The prototype construction supports testing of several important attributes, such as wheel traction and clamp arm effectiveness, through physical and CAD-based modeling. However, some critical design requirements, like motor strength and battery capacity, are primarily evaluated through theoretical calculations rather than direct prototype testing. This limits the ability to generate fully objective data for all requirements. Additionally, while multiple attributes are addressed for testing or modeling, some rely on indirect methods or external data, which reduces the comprehensiveness of the evaluation.

You appropriately identify the chassis weight as a non-testable attribute requiring expert review, providing an adequate justification. To improve, consider developing more detailed testing procedures for motor and battery performance, incorporating measurable outcomes. Enhancing the explanation of why expert review is necessary for non-testable attributes would strengthen your justification. Finally, including specific metrics or data collection methods for each testable attribute would improve clarity and testability.",2.25,3.25
Case024_0100.pdf,,Placeholder text for scoring.,0,1,0,0,2,1,0,0,,,,,,,,"The explanation of the final prototype iteration is somewhat present but very limited and vague. The student mentions cutting mesh to size and installing it with hot glue, and states that 'nothing major has changed' from the original plan, but there is no clear, detailed description of what the final prototype actually is, how it was built, or key components. | There is minimal evidence that the prototype is constructed to generate objective data on design requirements. The document lists some materials and steps but does not explain what design requirements can be tested or how measurable data will be collected from the prototype. | No attributes of the unique solution are explicitly addressed as testable or modeled. There is no explanation of what will be tested, how testing will occur, or what measurable outcomes will be collected. | There is no justification provided for any attributes that cannot be tested or modeled, nor is there any mention of expert review or alternative evaluation methods.","The documentation provides a basic description of the prototype construction process, including cutting mesh to size and installing it with hot glue. This shows some effort in physical assembly and material selection, which is a strength in demonstrating prototype construction. However, the explanation of the final prototype iteration lacks clarity and detail, making it difficult to fully understand what was built and how it functions.

Regarding testability, the document does not clearly identify any design requirements or attributes that the prototype can objectively evaluate. There is no description of how measurable data will be collected or what specific features enable testing. This limits the ability to assess the prototype's effectiveness in meeting design goals. Additionally, no justification is provided for any attributes that cannot be tested, leaving gaps in understanding how non-testable aspects are addressed.

To improve, the student should provide a more detailed and clear explanation of the final prototype, including key components and construction steps. They should explicitly identify which design requirements will be tested and describe how the prototype enables objective measurement. Including plans or methods for testing specific attributes would strengthen the documentation. Finally, if some attributes cannot be tested, the student should explain why and how expert review or alternative evaluation will be used.",0.25,0.75
Case025_1330.pdf,,Placeholder text for scoring.,1,3,3,0,2,1,0,0,,,,,,,,"The explanation of the final prototype iteration is somewhat present but very limited and vague. The student mentions cutting mesh to size and installing it with hot glue, and states that 'nothing major has changed' from the original plan, but there is no clear, detailed description of what the final prototype actually is, how it was built, or key components. | There is minimal evidence that the prototype is constructed to generate objective data on design requirements. The document lists some materials and steps but does not explain what design requirements will be tested, how measurements will be taken, or how the prototype enables measurable evaluation. | No attributes of the unique solution are identified as testable or modeled. There is no explanation of what will be tested or how, nor any mention of measurable or observable outcomes. | There is no justification provided for any non-testable attributes or explanation of the need for expert review or alternative evaluation methods.","The documentation provides a basic description of some construction steps, such as cutting mesh to size and installing it with hot glue, which shows some effort in prototype assembly. However, the explanation of the final prototype iteration lacks clarity and detail, making it difficult to understand what was built and how it relates to the original design. This limits the ability to fully appreciate the prototype's construction quality.

Regarding testability, the document does not specify which design requirements the prototype addresses or how objective data will be collected. There is no discussion of measurable attributes or testing methods, which means the prototype's capability to generate meaningful data is unclear. Additionally, no justification is given for any attributes that cannot be tested, leaving gaps in understanding how the design might be evaluated beyond physical testing.

To improve, the student should provide a clear, detailed explanation of the final prototype, including key components and construction methods. They should explicitly identify which design requirements will be tested and describe how the prototype enables measurement or observation of these attributes. Including plans or descriptions of testing procedures would strengthen the documentation. Finally, if some attributes cannot be tested, the student should explain why and how expert review or alternative evaluation will be used.",1.75,0.75
Case026_1111.pdf,,Placeholder text for scoring.,1,1,1,1,4,3,3,2,,,,,,,,"The final prototype iteration is clearly and adequately explained, including the transition from Styrofoam to plexiglass to a 3D printed box, the inclusion of Arduino and wiring, and the design considerations such as size and lid functionality. However, some details about the final prototype's construction and integration of components are somewhat brief. | The prototype is constructed to allow testing of some design requirements, such as the pillbox size to hold medication and the alert system via Arduino sending notifications. However, the description lacks explicit details on how objective data will be collected or measured for all design requirements, and some features like the lid are incomplete, limiting full testability. | Some attributes, such as the pillbox size and alert notification functionality, are addressed and tested using the Arduino system. However, other attributes like the lid functionality and wiring reliability are acknowledged as problematic and not fully tested, indicating only partial coverage of testable attributes. | There is limited justification for non-testable attributes. The student mentions the lid as a main function that was not fixed due to time constraints and notes expert feedback on design improvements, but does not explicitly explain why certain attributes cannot be tested or require expert review.","Your documentation provides a clear and adequate explanation of the final prototype iteration, detailing the evolution from initial Styrofoam models to a 3D printed design incorporating Arduino components. The description of design considerations, such as accommodating wiring and medication slots, demonstrates thoughtful construction efforts. This clarity helps readers understand the prototype's physical and functional aspects.

Regarding testability, your prototype supports evaluation of some key attributes, including medication capacity and alert notifications via Arduino. However, the explanation lacks explicit details on how objective data will be collected or measured for all design requirements. Additionally, incomplete features like the lid and wiring challenges limit comprehensive testing of the prototype’s full functionality. While some attributes are addressed, others remain untested or only partially tested.

The justification for non-testable attributes is minimal. Although you acknowledge limitations such as the unfinished lid and mention expert feedback, there is no clear explanation of why certain attributes cannot be tested or require expert evaluation. To improve, consider providing more detailed descriptions of how you plan to measure or observe each design requirement, fully integrate and test all functional components like the lid, and explicitly justify any attributes that cannot be tested, including how expert review would be used. Enhancing these areas will strengthen your prototype’s testability and overall documentation.",1,3
Case027_2430.pdf,,Placeholder text for scoring.,2,4,3,0,4,2,2,1,,,,,,,,"The final prototype iteration is clearly and adequately explained. The student describes the progression from a Styrofoam prototype to a plexiglass version and finally a 3D printed pillbox with an Arduino and wiring attached. Key components such as the Arduino, MC-38 magnetic sensor, and alert mechanisms are mentioned, along with design considerations like size and lid functionality. However, some details about the final prototype's construction and operation are somewhat vague or incomplete. | The prototype construction allows for testing at least a few design requirements, such as the pillbox size to hold medication and the alert system to notify the user. However, the description lacks explicit evidence that objective data can be collected on most design requirements. The student notes struggles with wiring and incomplete lid functionality, and no clear measurement or data collection methods are described. | Only a few attributes are addressed for testing or modeling. The alert system's ability to notify the user is mentioned, and the size to hold medication is considered. However, there is no detailed explanation of how these attributes will be tested or modeled, nor is there evidence of systematic evaluation of multiple attributes. | There is minimal justification for non-testable attributes. The student mentions the lid as a main function and acknowledges it was not fixed due to time constraints but does not explain why expert review or alternative evaluation is necessary for this or other attributes.","Your documentation provides a clear and adequate explanation of the final prototype iteration, detailing the evolution from initial Styrofoam models to a 3D printed pillbox integrated with Arduino and sensors. This progression shows thoughtful consideration of design challenges such as size constraints and component integration, which strengthens the understanding of your prototype's construction.

However, the testability of your prototype could be improved. While you mention key design requirements like medication capacity and alert notifications, the explanation lacks specifics on how these attributes will be objectively measured or tested. The difficulties with wiring and the incomplete lid functionality limit the prototype's ability to generate comprehensive, measurable data. Additionally, only a few attributes are addressed for testing, and there is no clear plan for systematic evaluation.

Your justification for non-testable attributes is minimal. Explaining why certain features cannot be tested and how expert review or alternative evaluation methods would be used would strengthen this aspect. To improve, consider providing detailed testing procedures for each design requirement, ensuring all critical features like the lid are functional or justified, and explicitly describing how data will be collected and analyzed. Including expert feedback on non-testable attributes would also enhance your documentation.",2.25,2.25
Case028_3200.pdf,,Placeholder text for scoring.,3,2,0,0,4,3,3,2,,,,,,,,"The final prototype iteration is clearly and adequately explained, including the transition from Styrofoam to plexiglass to 3D printing, the inclusion of the Arduino and magnetic sensor, and the design considerations such as size and lid functionality. However, some details about the final prototype's construction and integration of components are somewhat vague. | The prototype is constructed to allow testing of some design requirements, such as medication slot size and alerting functionality via Arduino and phone notification. However, the description lacks explicit detail on how objective data will be collected or measured, and some key features like the lid are incomplete, limiting full testability. | Some attributes, including the pillbox size and alert notification system, are addressed for testing or modeling. The document mentions testing the Arduino's ability to send notifications, but testing is incomplete and lacks detailed procedures or measurable outcomes for multiple attributes. | There is limited justification for non-testable attributes. The student notes the lid is a main function and acknowledges issues with wiring and lid functionality but does not explicitly explain why expert review or alternative evaluation is needed for these non-testable aspects.","Your documentation provides a clear and adequate explanation of the final prototype iteration, detailing the progression from initial Styrofoam models to a 3D printed design incorporating Arduino and magnetic sensors. The inclusion of stakeholder feedback and design considerations such as size constraints and alert mechanisms strengthens the explanation. However, some construction details, particularly regarding the integration of components and the final assembly, could be more thoroughly described to enhance clarity.

Regarding testability, your prototype supports evaluation of some key attributes like medication capacity and alert notifications. Yet, the explanation lacks explicit methods for collecting objective data or measurable outcomes, and incomplete features such as the missing lid limit comprehensive testing. While you mention testing the Arduino's notification capability, more detailed testing procedures and measurable criteria for multiple attributes would improve the assessment of your design's effectiveness.

The justification for non-testable attributes is minimal. Although you acknowledge challenges with wiring and lid functionality, you do not clearly explain why expert review or alternative evaluation methods are necessary. To improve, consider providing detailed testing plans with measurable criteria, fully constructing critical features like the lid, elaborating on how each attribute will be evaluated, and explicitly justifying any non-testable aspects with reference to expert input or alternative assessments.",1.25,3
Case029_0000.docx,,Placeholder text for scoring.,0,0,0,0,3,1,1,0,,,,,,,,"The final prototype iteration is described through a step-by-step assembly process with details on materials and methods used. However, the explanation lacks clarity on the overall function and integration of components, resulting in an adequate but incomplete explanation. | The construction details are provided, but there is no explicit explanation of how the prototype enables objective data collection or testing of design requirements. The description focuses on assembly rather than measurable evaluation. | No attributes of the design are explicitly identified as testable or modeled. There is no discussion of what will be measured or how testing will be conducted, limiting evidence to minimal. | There is no justification provided for any non-testable attributes or explanation of the need for expert review or alternative evaluation methods.","Your documentation provides a clear sequence of construction steps, detailing the materials and methods used to assemble the prototype. This stepwise description helps in understanding how the prototype was physically built, which is a strength in explaining the iteration process. However, the explanation would benefit from a more comprehensive overview of the prototype’s purpose and how the components work together to meet design goals.

While the construction is well documented, the prototype’s ability to generate objective, measurable data is not addressed. There is no indication of which design requirements can be tested or how testing will be performed, which limits the evaluation of the prototype’s effectiveness. Additionally, no attributes are identified for testing or modeling, and no justification is provided for any aspects that cannot be tested, leaving gaps in the assessment of the design’s performance.

To improve, consider explicitly stating the design requirements and describing how the prototype enables measurement or observation of these requirements. Include specific attributes that will be tested and explain the methods or tools used for testing. Finally, if some attributes cannot be tested, provide a clear justification and describe how expert review or alternative evaluation will be used to assess those aspects.",0,1.25
Case030_1100.docx,,Placeholder text for scoring.,1,1,0,0,3,1,1,0,,,,,,,,"The final prototype iteration is described step-by-step with details on assembly and materials used, providing an adequate explanation. However, the explanation lacks clarity on the overall function or purpose of the prototype and how the steps relate to design requirements. | While the construction steps are detailed, there is no explicit explanation of how the prototype enables objective data collection or testing of design requirements. The description does not specify measurable attributes or testing methods. | No attributes of the prototype are explicitly identified as testable or modeled. The document does not describe any testing procedures or measurable outcomes related to the prototype's features. | There is no justification provided for any attributes that cannot be tested or modeled, nor is there mention of expert review or alternative evaluation methods.","The prototype construction is described in a clear, stepwise manner, detailing the materials and assembly methods used, which helps in understanding how the physical prototype was built. This provides a solid foundation for appreciating the effort and approach taken in the construction phase. However, the explanation lacks a comprehensive overview of the prototype’s purpose or how each component contributes to meeting specific design requirements.

Regarding testability, the documentation falls short in explaining how the prototype can generate objective, measurable data. There is no mention of specific attributes to be tested, nor any description of testing procedures or measurable outcomes. This limits the ability to evaluate the prototype’s effectiveness or performance. Additionally, no justification is provided for any attributes that might be non-testable, and there is no indication of expert review or alternative evaluation methods.

To improve, the team should clearly state the design requirements and explain how the prototype enables measurement or observation of these requirements. Including specific testing plans or criteria for evaluating prototype attributes would strengthen the documentation. Furthermore, identifying any attributes that cannot be tested and providing justification or plans for expert evaluation would enhance completeness. Finally, a summary explaining the overall function and goals of the prototype would improve clarity and context.",0.5,1.25
Case031_2100.pdf,,Placeholder text for scoring.,2,1,0,0,3,2,1,0,,,,,,,,"The final prototype iteration is adequately explained with a step-by-step description of the construction process and key components such as wood base, pillars, rollers, polyester covering, and motor. However, the explanation lacks detail on how these components integrate into a final functional prototype and does not clearly describe the final state or improvements made in the last iteration. | The prototype construction is described in terms of physical assembly, but there is limited evidence that it is constructed to generate objective data on design requirements. The motor's inability to move the rollers is noted, but no clear explanation is given on how design requirements will be measured or tested using the prototype. | Testing attempts are mentioned, such as trying to reduce friction and motor performance, but no specific attributes are clearly identified for testing or modeling. There is no detailed description of measurable outcomes or how attributes will be evaluated. | There is no explicit justification provided for any non-testable attributes or explanation of the need for expert review or alternative evaluation methods.","The student provides a clear and sequential explanation of the prototype construction process, detailing the materials used and assembly steps, which helps in understanding the physical build of the design. The inclusion of challenges faced, such as motor power issues, adds context to the prototype's current state. However, the explanation lacks depth regarding the final iteration's specific features and how the prototype functions as a whole.

While the physical construction is described, the prototype's capability to generate objective, measurable data on design requirements is limited. The document mentions testing attempts but does not specify which design attributes are being evaluated or how measurements will be taken. This gap reduces the clarity of the prototype's testability and the ability to assess its performance against requirements.

No justification is provided for attributes that cannot be tested, which is an important aspect when certain design features are inherently difficult to evaluate. To improve, the student should clearly identify and describe measurable attributes and how the prototype enables their evaluation. Including specific testing methods or data collection plans would strengthen testability. Additionally, explaining any non-testable attributes and why expert review is necessary would enhance the completeness of the design documentation.",0.75,1.5
Case032_2200.pdf,,Placeholder text for scoring.,2,2,0,0,3,2,1,0,,,,,,,,"The final prototype iteration is described with a step-by-step construction process including materials used and assembly details. However, the explanation lacks clarity on the final configuration and key functional components, and the description of the motor issue is brief and somewhat vague. | The prototype construction is described, but there is no clear evidence that it can generate objective data on design requirements. The motor's inability to move the rollers is noted, but no specific measurable attributes or testing methods are explained. | Testing attempts are mentioned, such as trying to reduce friction, but no specific attributes are identified for testing or modeling, nor are measurable outcomes or evaluation methods described. | There is no justification provided for any attributes that cannot be tested or modeled, nor is there mention of expert review or alternative evaluation methods.","The student provides a clear stepwise description of the prototype construction process, including materials and assembly steps, which helps in understanding the physical build of the design. The explanation of the motor and roller setup, along with the challenges faced, adds some insight into the prototype iteration. However, the description lacks detail on the final prototype’s configuration and key functional components, limiting clarity.

While the prototype is physically constructed, the document does not clearly explain how it can generate objective, measurable data related to design requirements. The testing attempts are mentioned in general terms without specifying which attributes were tested or how measurements were taken. This limits the ability to evaluate the prototype’s effectiveness or performance quantitatively.

No justification is provided for any attributes that cannot be tested or modeled, and there is no mention of expert review or alternative evaluation methods. To improve, the student should clearly identify specific design requirements and explain how the prototype enables measurement or observation of these. Including detailed testing procedures and measurable outcomes would strengthen testability. Additionally, addressing any non-testable attributes with expert justification would provide a more comprehensive evaluation.",1,1.5
Case033_2321.pdf,,Placeholder text for scoring.,2,3,2,1,5,4,4,2,,,,,,,,"The final prototype iteration is clearly and fully explained with detailed descriptions of its components, mechanisms, and features, including the hinge, angle adjustment, hole and pin locking system, paper clip mechanism, and aesthetic considerations. | The prototype construction supports objective data collection for many design requirements, such as angle adjustment accuracy, secure paper holding, angle locking, ease of adjustment, clear angle markings, stability, size constraints, and cost. The descriptions include how these features enable measurable or observable data, though some testing procedures are implied rather than fully detailed. | Most attributes of the design are addressed with explanations of how they can be tested or modeled, including angle accuracy, paper security, locking mechanism, adjustment speed, and stability. The student explains the measurement and confirmation of angle markings and the functionality of the locking and holding mechanisms, supporting testability of multiple attributes. | The student identifies non-testable attributes such as durability and aesthetics and explains the difficulty of testing these within the project timeframe. However, there is no explicit mention of expert review, specialist evaluation, or external validation to justify these non-testable attributes, limiting the justification score.","Your prototype explanation is thorough and well-structured, providing clear details about the construction and key features such as the hinge mechanism, angle adjustment system, and paper holding clip. This clarity helps readers understand how the prototype functions and the rationale behind design choices, which is a strong aspect of your documentation.

The prototype is constructed to enable objective data collection for many design requirements, including angle accuracy, paper security, and stability. You effectively describe how these features support measurable testing, such as confirming angle increments and ensuring paper does not slip. However, while multiple attributes are addressed with testable approaches, some testing procedures could be more explicitly detailed to strengthen the evidence of testability.

Regarding non-testable attributes like durability and aesthetics, you acknowledge the challenges in testing these within the project constraints but do not provide explicit justification involving expert review or external evaluation. To improve, consider including plans for expert feedback or alternative evaluation methods for these attributes. Additionally, providing more detailed testing protocols or examples of data collection would enhance the demonstration of testability. Finally, including images or diagrams with explanatory captions could further clarify prototype features and testing methods.",2,3.75
Case034_5555.pdf,,Placeholder text for scoring.,5,5,5,5,5,4,4,2,,,,,,,,"The final prototype iteration is clearly and fully explained with detailed descriptions of its components, mechanisms, and features, including the hinge, angle adjustment, hole and pin locking system, paper clip mechanism, and aesthetic considerations. | The prototype is constructed to allow objective data collection for many design requirements, such as angle adjustment accuracy, secure paper holding, angle locking, ease of adjustment, clear angle markings, stability, size constraints, and cost. The descriptions include how these features enable measurable or observable data, though some testing procedures are implied rather than fully detailed. | Most attributes of the unique solution are addressed with explanations of how they can be tested or modeled, including angle accuracy, paper security, locking mechanism, adjustment speed, and stability. The student explains the mechanisms enabling these tests, though not all attributes have fully explicit testing methods. | The student identifies non-testable attributes such as durability and aesthetics and explains why these cannot be fully tested within the project timeframe. However, there is no explicit mention of expert review or external evaluation methods to justify these non-testable attributes, limiting the score.","The student provides a comprehensive and clear explanation of the final prototype iteration, detailing key components such as the hinged boards, hole and pin locking mechanism, angle markings, and paper securing clip. This thorough description demonstrates a strong understanding of the prototype’s construction and intended functionality, contributing to a well-documented design.

The prototype is constructed to support objective data collection for many design requirements, including precise angle adjustments, secure paper holding, and stability. The student explains how these features enable measurable outcomes, such as angle accuracy and ease of adjustment, which supports effective evaluation of the design. However, while multiple attributes are addressed with testable features, some testing procedures and measurement methods could be more explicitly detailed to strengthen the evidence of testability.

Regarding non-testable attributes like durability and aesthetics, the student acknowledges the limitations in testing these within the project timeline but does not provide a clear plan for expert review or alternative evaluation methods. To improve, the student should explicitly describe how non-testable attributes will be assessed, possibly through expert feedback or user studies. Additionally, including more detailed testing protocols or measurement techniques for key attributes would enhance the prototype’s evaluative rigor. Finally, adding visual documentation or data from prototype testing could further support claims of testability and performance.",5,3.75
Case035_2400.pdf,,Placeholder text for scoring.,2,4,0,0,4,3,3,0,,,,,,,,"The final prototype iteration is clearly and adequately explained with detailed step-by-step descriptions of construction, tools, and methods used. The student describes automation of time classification, data validation, and GUI development with specific Matlab functions and UI tools. However, the explanation lacks a fully comprehensive overview of the entire final prototype iteration as a cohesive whole. | The prototype construction includes features that enable collection of objective data such as power usage, essential status, and time classification. The student mentions testing scalability and outputting kWh saved, which implies measurable data generation for some design requirements. However, explicit descriptions of how all design requirements are tested or measured are incomplete, limiting the score to some design requirements. | Some attributes of the solution are addressed for testing or modeling, including device power, essential status, time classification, and energy savings. The student describes data validation and GUI indicators, which support testing of these attributes. However, not all attributes are clearly identified or fully explained in terms of testing or modeling, resulting in partial credit. | No justification is provided for any attributes that cannot be tested or modeled, nor is there mention of expert review or alternative evaluation methods.","Your documentation provides a clear and detailed explanation of your final prototype iteration, particularly in describing the construction steps, tools, and software methods used. The inclusion of Matlab struct arrays, datetime functions, and UI tools demonstrates a thoughtful approach to automating data collection and user interaction. This clarity helps readers understand how your prototype functions and evolves from initial to final design.

Regarding testability, your prototype shows promise in generating measurable data for several design requirements, such as power consumption, device status, and energy savings. The scalability testing and output of estimated kWh saved indicate that some objective data can be collected. However, the explanation lacks comprehensive detail on how all design requirements are tested or measured, and some attributes are only partially addressed in terms of testing or modeling.

To improve, consider explicitly linking each design requirement to specific measurable attributes and describing how your prototype collects and evaluates data for each. Additionally, provide clear identification and testing plans for all key attributes of your design. Finally, include justification for any attributes that cannot be tested, explaining why expert review or alternative evaluation is necessary. Adding photos or diagrams of your prototype could also enhance clarity and support your explanations.",1.5,2.5
Case036_1000.pdf,,Placeholder text for scoring.,1,0,0,0,2,1,1,0,,,,,,,,"The explanation of the final prototype iteration is somewhat explained but with gaps. The student describes general components and the flexible, hands-on approach using the Makey Makey kit, but does not clearly specify what the final prototype iteration actually is or how it was constructed in detail. The mention of final designs is incomplete and lacks description. | There is minimal evidence that the prototype is constructed to generate objective data on design requirements. The description focuses on components and general construction ideas but does not explain how the prototype enables measurement or testing of specific design requirements. | The document does not address testing or modeling of specific attributes. There is no explanation of what attributes can be tested or how testing would be conducted, only general statements about creativity and flexibility. | No justification is provided for any non-testable attributes or explanation of the need for expert review or alternative evaluation methods.","The student provides a general overview of the prototype construction process using the Makey Makey STEM Kit, highlighting the use of conductive materials and a flexible, hands-on approach. This demonstrates some understanding of prototype components and encourages creativity. However, the explanation of the final prototype iteration lacks clarity and detail, making it difficult to understand exactly what was built and how it functions as a testable model.

Regarding testability, the document does not clearly describe how the prototype enables objective measurement or evaluation of design requirements. There is no discussion of specific attributes that can be tested or modeled, nor is there an explanation of how data would be collected or analyzed. Additionally, the student does not address any attributes that cannot be tested or provide justification for expert review, leaving a gap in the evaluation of non-testable aspects.

To improve, the student should clearly describe the final prototype iteration with detailed construction steps and key features. They should explicitly identify which design requirements will be tested and explain how the prototype allows for objective measurement of these attributes. Including a plan for testing or modeling specific attributes would strengthen the work. Finally, if some attributes cannot be tested, the student should provide a clear justification and describe how expert evaluation or alternative methods will be used.",0.25,1
Case037_1110.pdf,,Placeholder text for scoring.,1,1,1,0,3,3,3,1,,,,,,,,"The final prototype iteration is adequately explained through step-by-step construction details including tools and materials used. However, the explanation lacks a clear, cohesive summary of the final prototype as a whole and its key components or improvements from prior iterations. Some steps are described but without full clarity or completeness. | The prototype construction is described with sufficient detail to test some design requirements, such as even water flow and leak prevention, with explanations of how objective data can be collected (e.g., placing buckets to measure water flow, observing leaks). However, the explanation does not cover all design requirements comprehensively, and some requirements like 'easy to maintain' are only loosely connected to measurable testing. | Several attributes are identified (lightweight, low cost, anti-mold, low maintenance) with brief descriptions of how the prototype addresses them. However, only some attributes have clear testability explanations (e.g., weight and cost). Others, like anti-mold and maintenance, lack detailed testing or modeling procedures, limiting the scope of addressed attributes. | There is no explicit justification provided for any non-testable attributes, nor is there mention of expert review or alternative evaluation methods. The document does not address why certain attributes cannot be tested or modeled, resulting in insufficient justification.","Your portfolio demonstrates a solid effort in documenting the construction of your prototype, with clear step-by-step instructions and identification of tools and materials used. This provides a reasonable understanding of how the prototype was built, which is a strength in explaining your final iteration. Including photos of the construction process also helps visualize your work, though some steps could benefit from more detailed descriptions or summaries to fully clarify the final design.

Regarding testability, you have made a good start by linking some design requirements to measurable testing methods, such as using buckets to assess water flow and checking for leaks. However, the connection between the prototype and all design requirements is not fully comprehensive, and some attributes like maintenance are only loosely addressed without clear testing procedures. Similarly, while you list several important attributes, only a few have explicit testing or modeling explanations, limiting the overall assessment of your design’s performance.

To improve, consider providing a more cohesive summary of your final prototype iteration that highlights key features and improvements. Expand on how each design requirement can be objectively tested with your prototype, detailing specific measurement methods. For attributes that cannot be tested, include clear justifications and indicate plans for expert review or alternative evaluation. Finally, enhancing the clarity and completeness of your testing descriptions will strengthen the overall quality and credibility of your prototype evaluation.",0.75,2.5
Case038_2342.docx,,Placeholder text for scoring.,2,3,4,2,4,4,4,3,,,,,,,,"The final prototype iteration is clearly and adequately explained with detailed descriptions of the pin mechanism, construction steps, materials used, and modifications made from initial rubber band ideas to the final pin design. The explanation includes how the pins were drilled, modified, and attached, and the rationale for changes is well articulated. However, some minor gaps exist in fully integrating all components into a single cohesive description. | The prototype construction is described in detail, including drilling holes, fitting pins, and modifying rods, which supports objective testing of key design requirements such as locking and unlocking the desk swivel. The description of how the prototype enables testing of these requirements is clear, though the evidence for testability covers many but not all design requirements explicitly. | Multiple attributes are identified for testing: ability to lock, ability to unlock, and ease of use. The testing methods are described with measurable or observable outcomes, such as whether the desk rotates and stakeholder difficulty ratings. This addresses most attributes, though some attributes like durability or bulkiness are not testable here. | The document identifies bulkiness as a non-testable attribute due to budget constraints and explains that stakeholder feedback will be used instead. However, the justification lacks explicit mention of expert review or external evaluation, relying instead on user testing, which is adequate but not strongly supported by expert judgment.","Your documentation provides a clear and detailed explanation of your final prototype iteration, particularly the pin mechanism design. The step-by-step construction process, including drilling holes and modifying rods, demonstrates thoughtful adaptation from your initial rubber band concept to a more functional solution. This clarity helps readers understand how your prototype physically addresses the problem.

You have effectively described how your prototype enables testing of key design requirements such as locking, unlocking, and ease of use. The inclusion of specific testing methods, like observing desk rotation and collecting stakeholder difficulty ratings, supports measurable evaluation of most attributes. However, some design requirements, such as bulkiness, are not directly testable through your prototype, and while you acknowledge this limitation, the justification could be strengthened by incorporating expert review or additional external evaluation.

To improve your work, consider integrating all prototype components into a more cohesive final description to avoid minor gaps. Enhance your justification for non-testable attributes by explicitly involving expert feedback or specialist evaluation. Additionally, expanding testing plans to include more objective measures or comparisons for other attributes would strengthen your evaluation. Finally, clarifying how all design requirements are addressed through testing will improve the overall rigor of your prototype assessment.",2.75,3.75
Case039_5432.docx,,Placeholder text for scoring.,5,4,3,2,4,4,4,3,,,,,,,,"The final prototype iteration is clearly and adequately explained with detailed descriptions of the pin mechanism, the drilling process, and modifications made to the aluminum rod. The explanation includes the rationale for switching from rubber bands to the pin mechanism and the addition of a second pin for side-to-side locking. However, some minor gaps exist in fully integrating all construction details into a single cohesive explanation. | The prototype construction is described in detail, including drilling holes, fitting pins, and modifying rods, which supports objective testing of key design requirements such as locking and unlocking the desk swivel. The description of how the prototype will be applied to the desk and tested for rotation and ease of use indicates many design requirements can be objectively evaluated. However, the testing plan is somewhat general and lacks detailed measurement protocols. | Multiple attributes are addressed for testing: the ability to lock, unlock, and ease of use. The testing methods include observing rotation, attempting to unlock without tools, and stakeholder difficulty ratings. These provide measurable or observable data for most key attributes. Some attributes like resistance or durability are not explicitly addressed, but the main functional attributes are well covered. | The bulkiness attribute is identified as non-testable due to budget constraints and inability to compare with other solutions. The justification involves stakeholder feedback rather than expert review or external evaluation, which provides an adequate but not strong justification per rubric standards.","Your documentation provides a clear and detailed explanation of the final prototype iteration, particularly the pin mechanism and its construction. The rationale for moving from rubber bands to a more robust locking system is well articulated, and the step-by-step description of drilling and modifying components demonstrates thoughtful prototype development. This clarity helps readers understand the design evolution and final solution.

The prototype construction supports objective testing of key design requirements such as locking, unlocking, and ease of use. Your testing plan includes practical methods like observing desk rotation and collecting stakeholder usability ratings, which are effective for evaluating most functional attributes. However, the testing procedures could be strengthened by including more specific measurement criteria or standardized testing protocols to enhance data reliability.

Regarding non-testable attributes, you correctly identify bulkiness as difficult to evaluate due to budget and comparison limitations. While stakeholder feedback is a useful approach, incorporating expert review or external evaluation would provide a stronger justification. To improve, consider detailing precise testing methods, expanding measurable attributes (e.g., durability), integrating expert assessments for non-testable features, and consolidating prototype explanations for greater cohesion.",3.5,3.75
Case040_4330.pdf,,Placeholder text for scoring.,4,3,3,0,3,2,2,1,,,,,,,,"The final prototype iteration is described with multiple construction steps, materials, and tools used, including 3D printing pegs, applying no-slip pads, gluing components, and assembling panels. However, the explanation is somewhat fragmented and lacks a cohesive, clear summary of the final prototype as a whole. Some steps are vague or incomplete, and the narrative jumps between initial and final prototype stages without fully clarifying the final iteration. | The prototype construction includes detailed physical assembly and material choices, but the explanation of how objective, measurable data will be collected is limited. The document mentions that the prototype will allow observation of fit and strength, but does not clearly explain specific measurable tests or data collection methods for all design requirements. Some design requirements are addressed, but the testability is only somewhat supported. | The document identifies several attributes such as strength, weight, and portability, and describes how the prototype relates to these attributes. However, it lacks explicit descriptions of how these attributes will be tested or modeled with measurable outcomes. The testing or modeling of attributes is only minimally addressed, with no clear testing procedures or measurable criteria provided. | There is no explicit justification provided for attributes that cannot be tested or modeled. The document does not discuss the need for expert review or alternative evaluation methods for non-testable attributes, only general statements about design choices and materials.","Your portfolio demonstrates a solid effort in constructing a physical prototype with detailed steps and material descriptions, including 3D printing, assembly, and use of adhesive pads. The inclusion of CAD modeling and iterative design adjustments shows engagement with the design process. However, the explanation of the final prototype iteration could be clearer and more cohesive, providing a comprehensive overview of what was built and how it functions as a whole.

While you identify important design attributes such as strength, weight, and portability, the documentation falls short in explaining how these attributes will be objectively tested or measured. The prototype’s capability to generate measurable data is implied but not explicitly detailed, limiting the ability to assess testability fully. Additionally, there is no clear justification for any attributes that cannot be tested, nor is there mention of expert review or alternative evaluation methods.

To improve, consider providing a clear, concise summary of the final prototype iteration that ties together all construction steps. Explicitly describe how each design requirement will be tested or measured using your prototype, including specific methods or metrics. Also, identify any attributes that cannot be tested and explain how you plan to justify or evaluate them through expert input or other means. Finally, organizing your documentation to separate initial and final prototype stages more clearly would enhance readability and understanding.",2.5,2
Case041_0111.pdf,,Placeholder text for scoring.,0,1,1,1,3,2,2,0,,,,,,,,"The final prototype iteration is described with multiple construction steps and materials used, including 3D printed PLA pegs, plexiglass panels, connectors, and adhesive pads. The explanation covers the progression from initial to final prototype and adjustments made in Onshape CAD models. However, the explanation lacks a clear, cohesive summary of the final prototype as a whole and how all components integrate, resulting in an adequate but somewhat fragmented explanation. | The prototype construction details are thorough, but the document provides limited explicit evidence that the prototype can generate objective, measurable data on design requirements. While the prototype is built with materials and components intended to test strength, weight, and portability, the explanation of how these attributes will be quantitatively measured or tested is minimal and vague. | Some attributes such as strength, weight, and portability are identified and linked to prototype features, but the document lacks clear descriptions of testing or modeling methods for these attributes. The explanations are mostly qualitative, with no specific testing procedures or measurable outcomes described, addressing only a few attributes in a limited way. | There is no explicit justification provided for any non-testable attributes or explanation of the need for expert review or alternative evaluation methods.","Your portfolio provides a detailed step-by-step description of the prototype construction process, including the use of 3D printed PLA pegs, plexiglass panels, and adhesive pads. The documentation of design iterations and adjustments in Onshape CAD models demonstrates a thoughtful approach to refining your prototype. This clarity in construction steps is a strength, helping readers understand the physical build and materials involved.

However, the explanation of how your prototype enables objective testing is limited. While you identify important attributes such as strength, weight, and portability, the portfolio lacks specific methods or procedures for measuring these attributes. The descriptions remain largely qualitative without clear plans for collecting measurable data or modeling performance. Additionally, there is no discussion justifying any attributes that cannot be tested or require expert evaluation, which leaves a gap in addressing the full scope of prototype evaluation.

To improve, consider providing a concise summary of the final prototype that integrates all components and their functions. Develop clear, specific testing plans for each key attribute, detailing how measurements will be taken and what data will be collected. Include explanations for any attributes that cannot be directly tested and describe how expert review or alternative methods will be used. Finally, linking your CAD models more explicitly to physical testing could strengthen the connection between design and evaluation.",0.75,1.75
Case042_2131.docx,,Placeholder text for scoring.,2,1,3,1,3,3,3,1,,,,,,,,"The student provides an adequate explanation of the final prototype iteration, including step-by-step construction details and tools used. However, the explanation lacks clarity on the overall design intent and how the final prototype differs from earlier iterations. Photos are mentioned but not included or described in detail, limiting the completeness of the explanation. | The prototype construction is described with sufficient detail to suggest that some design requirements can be objectively tested, such as filtering microplastics and movement via motors. However, the explanations of how measurable data will be collected are limited and vague, with some requirements noted as untested or uncertain. This supports testability for some but not all design requirements. | Several attributes of the prototype are identified and linked to testing functionality, such as the net's filtering capability and the stability of the collection device. Yet, the testing or modeling of these attributes is only partially addressed, and the descriptions lack detail on measurement methods or data collection procedures, indicating only some attributes are testable. | The student briefly notes that the collecting capability of the can was not tested due to practical difficulties but does not provide a well-supported justification or mention expert review. The justification is minimal and insufficient to meet higher rubric standards.","Your portfolio demonstrates a solid effort in documenting the construction process of your prototype, with clear step-by-step descriptions and identification of tools and materials used. This provides a reasonable understanding of how your final prototype was built, which is a strength in your explanation. However, the overall explanation would benefit from more clarity on how your final iteration evolved from previous versions and more detailed descriptions of the prototype’s key components and functions.

Regarding testability, your prototype shows potential to generate measurable data for some design requirements, such as filtering microplastics and movement capabilities. Yet, the explanations of how you will collect objective data are somewhat vague and incomplete. Similarly, while you identify several attributes that can be tested, the lack of detailed testing procedures or measurement methods limits the strength of your evaluation. Additionally, your justification for non-testable attributes is minimal and does not include expert review or a thorough rationale.

To improve, consider providing clearer, more comprehensive explanations of your final prototype iteration and how it differs from earlier versions. Explicitly describe how each design requirement will be tested and what data will be collected. Include detailed testing or modeling plans for each attribute you intend to evaluate. Finally, strengthen your justification for any non-testable attributes by explaining why testing is not feasible and how expert input will be incorporated.",1.75,2.5
Case043_3321.pdf,,Placeholder text for scoring.,3,3,2,1,4,3,3,1,,,,,,,,"The final prototype iteration is clearly and adequately explained with multiple steps describing the evolution from CAD models to physical prototypes, including materials and manufacturing methods. The final prototype with metal pegs and epoxy securing is described as passing all tests, showing a good level of detail. However, some descriptions are brief and lack full elaboration on key components or design changes. | The prototype construction is linked to design requirements such as pegboard compatibility, socket holding capacity, correct sizing, sturdiness, and transportability. The student states how the prototype fits on the pegboard and holds sockets, but explanations of how objective, measurable data will be collected are limited and somewhat implicit rather than explicit. The connection between prototype features and measurable testing is adequate but incomplete. | Some attributes are addressed with descriptions of metal pegs for strength and transportability and square slots for socket fit. However, the testing or modeling approach for these attributes is only generally described without detailed explanation of how measurements or tests will be conducted. Thus, some attributes are testable but the evidence is not comprehensive. | The student states that all attributes are testable and provides no justification for any non-testable attributes or need for expert review. This minimal statement does not meet criteria for higher scores.","Your portfolio provides a clear and structured explanation of the prototype iterations, showing a thoughtful progression from CAD models to physical prototypes. The inclusion of manufacturing methods and materials, especially the final prototype with metal pegs secured by epoxy, demonstrates a solid understanding of construction processes. This clarity helps readers understand the development and improvements made throughout the project.

Regarding testability, you identify key design requirements and link them to prototype features, such as pegboard compatibility and socket holding capacity. However, the explanations of how objective, measurable data will be collected are somewhat limited. While you describe attributes like metal pegs and square slots, the testing methods and measurement approaches could be more explicitly detailed to strengthen the evidence of testability.

You mention that all attributes are testable but do not provide justification for any non-testable attributes or expert review, which is an area for improvement. To enhance your work, consider providing more detailed descriptions of testing procedures, including what measurements will be taken and how they relate to design requirements. Additionally, explicitly address any attributes that cannot be tested and explain how expert evaluation or alternative methods will be used. Including more detailed explanations of prototype features and their testing will improve clarity and demonstrate comprehensive testability.",2.25,2.75
Case044_5555.pdf,,Placeholder text for scoring.,5,5,5,5,4,3,3,1,,,,,,,,"The final prototype iteration is clearly and adequately explained with a stepwise description of four prototypes leading to the final version. The final prototype includes metal pegs secured with epoxy and sockets that fit the holders, and it is stated to have passed all tests. However, the explanation lacks some depth on construction details and specific improvements made in the final iteration. | The prototype construction is described in relation to design requirements such as pegboard compatibility, socket holding capacity, correct sizing, sturdiness, and transportability. However, the explanation of how objective, measurable data will be collected is minimal and mostly implied rather than explicitly detailed. The descriptions do not clearly specify measurement methods or data collection procedures. | Some attributes are addressed with descriptions of metal pegs for strength and transportability and square slots matching sockets. The prototype’s functionality to test these attributes is mentioned but lacks detailed explanation of testing or modeling procedures. Only some attributes are clearly linked to testability. | The student states that all attributes are testable but provides no justification or explanation for any non-testable attributes or the need for expert review. This minimal statement does not meet criteria for higher scores.","Your portfolio provides a clear and structured explanation of the prototype iterations, culminating in a final design with metal pegs and epoxy securing, which demonstrates thoughtful progression and refinement. The stepwise descriptions and inclusion of manufacturing methods and materials strengthen the understanding of your construction process.

However, while you identify key design requirements and prototype features, the explanation of how objective, measurable data will be collected is limited. More explicit details on testing procedures, measurement methods, or data collection would enhance the demonstration of testability. Similarly, although some attributes like peg strength and socket fit are mentioned, the connection between these attributes and specific testing or modeling approaches could be more fully developed.

Regarding non-testable attributes, your statement that all attributes are testable lacks supporting justification or discussion of expert evaluation, which is important for comprehensive assessment. To improve, consider providing detailed descriptions of how each design requirement will be quantitatively or qualitatively measured, include specific testing protocols or observations planned, and explain any attributes that cannot be directly tested along with how expert input will be sought. Additionally, expanding on the final prototype’s construction details and how changes from previous iterations impact testability would strengthen your documentation.",5,2.75
Case045_3100.pdf,,Placeholder text for scoring.,3,1,0,0,4,2,1,0,,,,,,,,"The student provides a clear and detailed explanation of the final prototype iteration, including the original plan, challenges encountered, alternative solutions, and step-by-step construction processes. Key components such as wood cutting, gluing, wire preparation, and decorative elements are described adequately. | While the prototype construction is described in detail, there is no explicit explanation of how the prototype enables objective data collection on design requirements. The description lacks specific mention of measurable attributes or testing procedures, limiting evidence of testability to a few inferred design requirements such as stability. | The document does not explicitly address testing or modeling of specific attributes. Although the prototype features (e.g., thickness for stability, wire platform) suggest potential testable attributes, no clear plan or method for testing these attributes is provided, resulting in minimal evidence of testability. | There is no justification provided for any non-testable attributes, nor is there mention of expert review or alternative evaluation methods for attributes that cannot be tested or modeled.","The student demonstrates strong skills in explaining the construction of their final prototype iteration. The detailed description of the building process, including adaptations made due to material constraints and the stepwise assembly of components, provides a clear understanding of the prototype's physical form and key features. This thorough explanation helps visualize the final product and the rationale behind design choices.

However, the documentation falls short in describing how the prototype supports objective testing or measurement of design requirements. While the construction details imply potential attributes such as stability and support, there is no explicit plan or method for evaluating these features. The absence of specific testing procedures or measurable criteria limits the ability to assess the prototype's performance rigorously. Additionally, the student does not address any attributes that cannot be tested or provide justification involving expert review or alternative evaluation.

To improve, the student should explicitly identify which design requirements will be tested and describe how the prototype enables these measurements. Including clear testing methods or criteria for attributes like stability or strength would strengthen the evaluation. Furthermore, discussing any attributes that cannot be tested and explaining how they will be assessed through expert judgment or other means would enhance completeness. Finally, integrating brief explanations of how observations or data will be collected during testing would provide a more comprehensive understanding of prototype testability.",1,1.75
Case046_4300.pdf,,Placeholder text for scoring.,4,3,0,0,4,2,1,0,,,,,,,,"The student provides a clear and adequate explanation of the final prototype iteration, detailing the construction steps, challenges faced, and modifications made, such as the alternative cutting method and assembly of components. However, the explanation lacks some full clarity on how the final prototype functions as a whole. | While the prototype construction is described in detail, there is no explicit explanation of how the prototype enables objective data collection or testing of specific design requirements. The description focuses on construction steps without linking features to measurable evaluation. | The document does not explicitly address testing or modeling of specific attributes. There is no clear description of what attributes will be tested, how testing will occur, or what data will be collected, limiting evidence to minimal. | No justification is provided for any attributes that cannot be tested or modeled, nor is there mention of expert review or alternative evaluation methods.","The student demonstrates a strong understanding of the prototype construction process, providing detailed descriptions of the steps taken, challenges encountered, and adaptations made to complete the final design. The explanation of the final prototype iteration is clear and informative, particularly regarding the wood cutting and assembly techniques, which helps the reader visualize the physical build.

However, the documentation lacks explicit connections between the prototype and its ability to generate objective, measurable data related to design requirements. There is no clear plan or description of how the prototype will be tested or modeled to evaluate specific attributes, which limits the ability to assess its effectiveness. Additionally, the student does not address any attributes that cannot be tested or provide justification for expert review, leaving gaps in the evaluation of non-testable features.

To improve, the student should explicitly identify key design requirements and describe how the prototype enables measurement or observation of these. Including specific testing procedures or modeling approaches for multiple attributes would strengthen the evaluation. Furthermore, discussing any attributes that cannot be tested and explaining how expert judgment or alternative methods will be used would provide a more comprehensive assessment. Finally, clarifying the function and performance expectations of the final prototype would enhance understanding and testability.",1.75,1.75
Case047_3231.pdf,,Placeholder text for scoring.,3,2,3,1,5,4,4,3,,,,,,,,"The final prototype iteration is clearly and fully explained with detailed descriptions of materials, construction steps, and design improvements. The narrative covers initial challenges, material substitutions, structural reinforcements, and scaling adjustments, providing a comprehensive understanding of the prototype. | The prototype construction is described with emphasis on durable materials and structural features that support the design requirements, such as weight capacity and stability. The team explicitly mentions testing with weight loads up to 100 pounds and structural reinforcements, indicating the prototype can generate objective data for many design requirements. However, not all design requirements are explicitly linked to measurable testing. | The document identifies multiple testable attributes including strength, stability, and load capacity, with quantitative testing and modeling (stress and strain calculations) described. The use of simulated weight loads and data collection supports testing of most attributes. Some attributes, like enrichment value and animal interaction, are acknowledged as non-testable, showing awareness of testable versus non-testable aspects. | The team adequately justifies non-testable attributes such as enrichment value and animal behavior, explaining the need for behavioral studies and expert observation. However, the justification lacks explicit mention of expert review or external evaluation methods, limiting the score to adequate rather than well-supported.","Your documentation provides a thorough and clear explanation of the final prototype iteration, detailing the materials used, construction process, and iterative improvements. This clarity helps readers understand how the prototype evolved to meet design goals, particularly through material substitutions and structural reinforcements that enhance durability and stability.

The prototype construction supports testability well, with explicit descriptions of how weight load testing up to 100 pounds and stress-strain modeling were conducted. These efforts demonstrate the prototype’s capability to generate objective data for many design requirements, especially strength and stability. However, some design requirements could be more explicitly connected to measurable testing to strengthen this aspect further.

You also thoughtfully address non-testable attributes like enrichment value and animal interaction, recognizing the need for behavioral studies. To improve, consider explicitly stating how expert review or external evaluation will be incorporated to justify these non-testable attributes. Additionally, providing more detailed testing procedures or measurement methods for all key design requirements would enhance testability. Including diagrams or photos with explanations could also improve clarity and support your explanations.",2.25,4
Case048_1110.pdf,,Placeholder text for scoring.,1,1,1,0,3,1,1,0,,,,,,,,"The student provides an adequate explanation of the final prototype iteration, describing key components such as mini hoses, PVC pipes, a solenoid to open and close hatches, and a cup mechanism that stops watering when filled. However, the explanation lacks detail on how these parts are integrated or constructed. | The description indicates some construction of a prototype with components that could relate to watering control, but there is no explicit explanation of how objective data on design requirements will be collected or measured. The prototype's ability to generate measurable results is not clearly supported. | Only one attribute—the cup filling with water to stop watering—is mentioned as a functional feature, but there is no explanation of how this or other attributes will be tested or modeled. Testing or modeling of attributes is minimally addressed. | There is no justification provided for any attributes that cannot be tested or modeled, nor is there mention of expert review or alternative evaluation methods.","The student provides a basic explanation of their final prototype iteration, identifying key components such as mini hoses, PVC pipes, a solenoid mechanism, and a water-activated cup that stops watering. This shows an understanding of the prototype's intended function and some integration of existing ideas. However, the explanation lacks depth regarding how these components are assembled or how the prototype operates as a whole.

While the prototype construction is described, there is insufficient detail on how it enables objective measurement or testing of design requirements. The student does not explain what specific attributes will be evaluated, how measurements will be taken, or what data will be collected. This limits the ability to assess the prototype's testability and the potential to generate meaningful, measurable results.

Additionally, the student does not address any attributes that cannot be tested or modeled, nor do they provide justification or mention expert review for such cases. To improve, the student should provide a more detailed description of the prototype assembly and clarify how each design requirement will be tested or measured. Including specific testing methods or observable outcomes would strengthen the evaluation. Finally, identifying any non-testable attributes and explaining how they will be assessed through expert judgment or alternative means would enhance the completeness of the design documentation.",0.75,1.25
Case049_2200.pdf,,Placeholder text for scoring.,2,2,0,0,3,1,1,0,,,,,,,,"The student provides an adequate explanation of the final prototype iteration, describing key components such as mini hoses, PVC pipes, a solenoid to open and close hatches, and a cup mechanism that stops watering when filled. However, the explanation lacks detail on how these components are integrated or constructed. | The description indicates some construction of a prototype with components that could relate to watering control, but there is no explicit explanation of how the prototype enables objective data collection or measurement of design requirements. | Only one attribute—the cup filling with water to stop watering—is mentioned as a functional feature, but there is no clear explanation of how this or other attributes will be tested or modeled to generate measurable data. | There is no justification provided for any attributes that cannot be tested or modeled, nor is there mention of expert review or alternative evaluation methods.","The student provides a basic explanation of their final prototype iteration, identifying key components such as mini hoses, PVC pipes, a solenoid mechanism, and a water-activated cup that stops watering. This shows an understanding of the prototype’s intended function and some integration of existing ideas. However, the explanation lacks depth regarding how these components are assembled or how the prototype operates as a whole.

While the prototype construction is described, there is insufficient detail to confirm that it can generate objective, measurable data related to design requirements. The student mentions a functional attribute—the cup that stops watering when filled—but does not explain how this or other attributes will be tested or measured. Additionally, no justification is provided for any attributes that cannot be tested, nor is there mention of expert evaluation.

To improve, the student should provide a clearer, more detailed description of the prototype’s construction and how it enables measurement of specific design requirements. They should explicitly identify which attributes will be tested and describe the methods or observations that will be used. Finally, including justification for any non-testable attributes and how they will be evaluated by experts would strengthen the overall documentation.",1,1.25
Case050_2000.pdf,,Placeholder text for scoring.,2,0,0,0,4,2,2,1,,,,,,,,"The student provides a clear and adequate explanation of the prototype iterations, detailing the 3D printing process, scale adjustments, component assembly, and functional parts such as the mute and hinge. The description includes dates, print settings, challenges faced, and modifications made, giving a coherent narrative of the prototype development. However, the final iteration is somewhat fragmented across days and lacks a fully consolidated summary of the final prototype. | The prototype construction is described in detail, including parts printed and assembly steps, but there is limited explicit evidence that the prototype is constructed to generate objective, measurable data on design requirements. While functional parts like the mute and hinge are built, the document does not clearly explain how these features enable collection of objective data or testing of specific design requirements. | Some attributes such as the mute mechanism and hinge functionality are addressed with light testing and adjustments described, indicating a few attributes are tested or modeled. However, the testing is informal and lacks explicit description of measurable outcomes or systematic evaluation of multiple attributes. | The student notes that some parts (e.g., the hinge) are difficult to print at scale and that the final product will use metal hinges, implying some attributes cannot be fully tested on the prototype. However, there is no explicit justification involving expert review or alternative evaluation methods for these non-testable attributes.","Your documentation provides a clear and detailed explanation of the prototype iterations, including the 3D printing process, scale adjustments, and assembly of functional components like the mute and hinge. The chronological narrative and inclusion of print settings and challenges demonstrate thoughtful construction and iterative improvement. This clarity helps readers understand the development of your prototype.

However, the prototype’s capacity to generate objective, measurable data on design requirements is not fully established. While you describe functional parts and some informal testing, the document lacks explicit explanation of how specific attributes will be quantitatively evaluated or how data will be collected. Testing appears limited to a few attributes with informal observations rather than systematic measurement. Additionally, although you acknowledge some attributes cannot be tested due to scale or material constraints, there is no clear justification involving expert review or alternative evaluation methods.

To improve, consider consolidating your final prototype description into a comprehensive summary. Explicitly identify which design requirements will be tested and describe how you will measure or observe these attributes. Develop a more systematic testing plan with measurable outcomes for multiple attributes. Finally, provide clear justification for any non-testable attributes, including plans for expert evaluation or alternative assessment methods.",0.5,2.25
Case051_5330.pdf,,Placeholder text for scoring.,5,3,3,0,4,2,2,1,,,,,,,,"The student provides a clear and adequate explanation of the prototype iterations, detailing the 3D printing process, scale adjustments, component assembly, and functional parts like the mute and hinge. The description covers multiple days and highlights challenges and modifications, though some explanations lack full clarity or completeness on the final integrated prototype. | The prototype construction is described in detail, including materials, printing settings, and assembly steps. However, there is limited explicit evidence that the prototype is constructed to generate objective, measurable data on design requirements. The student mentions testing the mute with light testing but does not clearly explain how design requirements will be quantitatively evaluated or what objective data will be collected. | Some attributes such as the mute mechanism and hinge functionality are addressed with light testing and adjustments, but the document lacks clear, specific descriptions of how multiple attributes will be tested or modeled. The testing described is mostly qualitative and informal, with no detailed measurement or modeling plans. | The student notes that some parts (e.g., the hinge) are difficult to print at small scale and that the final product will use metal hinges, implying some attributes cannot be fully tested on the prototype. However, there is no explicit justification involving expert review or alternative evaluation methods for these non-testable attributes.","Your documentation provides a solid and clear explanation of the prototype iterations, including detailed descriptions of the 3D printing process, scale adjustments, and assembly of functional components like the mute and hinge. This thorough narrative helps readers understand the progression and challenges faced during construction, which is a strong aspect of your work.

However, the prototype's ability to generate objective, measurable data on design requirements is limited. While you describe some light testing of the mute mechanism, the testing is mostly qualitative and lacks explicit plans or methods for collecting measurable data on multiple design attributes. This limits the ability to fully evaluate the prototype's performance against requirements. Additionally, although you mention that some parts cannot be effectively printed at scale and will be replaced with metal in the final product, there is no clear justification involving expert review or alternative evaluation for these non-testable attributes.

To improve, consider explicitly defining which design requirements will be tested and how you will measure or observe them. Develop more detailed testing procedures or modeling approaches for key attributes. Provide clear justification for any attributes that cannot be tested on the prototype, including plans for expert evaluation or alternative assessment methods. Finally, integrating quantitative data collection or more structured testing will strengthen the prototype's evaluative power.",2.75,2.25
Case052_1000.docx,,Placeholder text for scoring.,1,0,0,0,3,2,2,1,,,,,,,,"The student provides an adequate explanation of the final prototype iteration, describing the materials used (water bottle, paper straw, blow dryer, Ziploc bag, fruit) and some construction steps. However, the explanation lacks clarity and detail about how the final prototype was assembled and how the components interact as a whole. | The prototype construction is described with some detail, but there is limited evidence that it can generate objective data on design requirements. The description mentions using the blow dryer to remove air and sealing the bag, but does not clearly explain how measurable data will be collected or what specific design requirements will be tested. | The document references testing the prototype by turning on the blow dryer and inspecting for cracks or changes, but only a few attributes are implied to be testable (e.g., air removal effectiveness, sealing). There is no clear explanation of how attributes will be measured or modeled, limiting the testability evidence. | The student mentions expert advice about using cafeteria fruit but does not provide a clear justification for why certain attributes cannot be tested or require expert review. The justification is insufficient and lacks explanation of non-testable attributes.","Your prototype explanation provides a basic overview of the materials and some construction steps, which helps understand the general approach. The use of everyday items like a water bottle, paper straw, and blow dryer shows resourcefulness. However, the explanation would benefit from more detail about how the components fit together and function as a complete system.

While the prototype is physically constructed, the description does not clearly show how it can generate objective, measurable data related to your design requirements. The testing plan mentions turning on the blow dryer and inspecting for changes, but it lacks specifics on what attributes will be measured or how results will be recorded. This limits the ability to evaluate the prototype’s performance effectively.

Additionally, the justification for non-testable attributes is minimal and does not explain why expert review is necessary. To improve, consider clearly defining your design requirements and explaining how your prototype will measure or demonstrate each one. Provide detailed steps for testing and data collection, and explicitly identify any attributes that cannot be tested and why expert evaluation is needed. Enhancing the clarity and completeness of your prototype explanation and testing plan will strengthen your design documentation.",0.25,2
Case053_2110.docx,,Placeholder text for scoring.,2,1,1,0,3,2,2,1,,,,,,,,"The student provides an adequate explanation of the final prototype iteration, describing the materials used (water bottle, paper straw, blow dryer, Ziploc bag, fruit) and some construction steps. However, the explanation lacks clarity and detail about how the final prototype was assembled and how the components interact as a whole. | The prototype construction is described with some detail, but there is limited evidence that it can generate objective data on design requirements. The description mentions using the blow dryer to remove air from the bag and inspecting for cracks or loose parts, but it does not clearly explain how measurable data will be collected or what specific design requirements will be tested. | The document addresses a few attributes that can be tested, such as air removal from the bag and inspection for physical integrity. However, the testing plan is vague and lacks specific measurable attributes or modeling approaches. The attributes are only generally mentioned without clear methods for evaluation. | The student briefly mentions expert advice regarding fruit sourcing but does not provide a clear justification for any non-testable attributes or explain why expert review is necessary for certain aspects of the design.","The student provides an adequate explanation of their prototype iteration, including the materials used and some construction steps. This gives a basic understanding of the prototype components and their intended function. However, the explanation could be clearer and more detailed to fully convey how the prototype was assembled and how it operates as a system.

While the prototype construction shows some effort to enable testing, the description lacks explicit details on how objective, measurable data will be collected to evaluate design requirements. The testing plan mentions using a blow dryer to remove air and inspecting for physical changes, but it does not specify measurable attributes or how results will be recorded and analyzed. This limits the ability to assess the prototype’s effectiveness comprehensively.

The student briefly notes expert input on fruit sourcing but does not adequately justify why certain attributes cannot be tested or require expert review. To improve, the student should clearly define specific design requirements and measurable attributes, describe how the prototype enables data collection, and provide detailed testing procedures. Additionally, explaining which attributes cannot be tested and why expert evaluation is needed would strengthen the justification for non-testable aspects.",1,2
Case054_1110.docx,,Placeholder text for scoring.,1,1,1,0,2,2,1,0,,,,,,,,"The final prototype iteration explanation is somewhat explained but with gaps. The student provides some construction steps and materials used, but the explanation lacks clarity and completeness about the final prototype's design, function, and iteration process. Photos are mentioned but not included or described in detail. | The construction of the final prototype is described with some materials and steps, but there is limited evidence that the prototype can generate objective, measurable data for most design requirements. The student lists design requirements and notes some testing intentions, but explanations of how measurable data will be collected are minimal or missing. | Only one attribute (the mBot dispensing salt) is mentioned as testable, with no detailed explanation of how testing or modeling will be conducted. Other attributes are not addressed or linked to measurable testing, limiting the evidence of testability. | No justification is provided for any non-testable attributes. The student does not explain why certain attributes cannot be tested or how expert review would be used.","Your portfolio shows initial efforts to document the construction of your prototype, including listing materials and some construction steps. This provides a basic foundation for understanding your design process. However, the explanation of your final prototype iteration lacks clarity and detail, making it difficult to fully grasp how your prototype functions or how it evolved through iterations. Including clear, detailed descriptions and photos with captions would strengthen this section.

Regarding testability, while you list several design requirements, the explanations of how your prototype will generate objective, measurable data are limited. Only one attribute—the mBot dispensing salt—is mentioned as testable, but without details on how you will measure or evaluate its performance. Expanding on how each design requirement can be tested with your prototype will improve the rigor of your work. Additionally, no justification is provided for attributes that cannot be tested, nor is there mention of expert review, which is important for addressing non-testable aspects.

To improve your portfolio, consider: 1) providing a clear, comprehensive explanation of your final prototype iteration including photos and captions; 2) explicitly linking each design requirement to measurable testing methods; 3) detailing how you will test or model multiple attributes of your design; and 4) including justifications for any non-testable attributes along with plans for expert review. These steps will enhance the clarity, testability, and completeness of your prototype documentation.",0.75,1.25
Case055_4532.pdf,,Placeholder text for scoring.,4,5,3,2,4,4,3,4,,,,,,,,"The final prototype iteration (Design #4) is clearly and adequately explained with details on construction steps, materials, and design changes such as the addition of a square nub. The explanation includes CAD sketches, 3D printing details, weight measurements, and expert review feedback, providing a solid understanding of what was built and how. | The prototype is constructed to allow collection of objective, measurable data on many design requirements such as adjustability (testing smooth angle switching), clamp security (fastening tightness), stability (minimizing movement), and portability (size fitting in a bag). These are explicitly linked to prototype features and testing approaches, supporting testability for many requirements. | Some attributes are addressed with testing or modeling plans, including the clamp’s ability to attach and grip, and weight comparisons between prototypes. However, key attributes like finger molds and rubber bands are marked as requiring expert review rather than direct testing, limiting the number of attributes with clear testability. | The student provides generally supported justification for non-testable attributes (finger molds and rubber bands), explaining that expert evaluation is needed to assess efficiency and grip mechanisms. This justification is clear but could be more detailed to reach the highest level.","Your documentation of the final prototype iteration demonstrates a strong understanding of the design and construction process. The detailed descriptions of each prototype version, especially the final PLA filament model, including CAD sketches, 3D printing parameters, and weight measurements, provide a clear picture of your iterative improvements. The inclusion of expert review feedback further strengthens your explanation.

You effectively link your prototype construction to measurable design requirements such as adjustability, clamp security, stability, and portability. This connection supports the prototype’s capability to generate objective data for many key attributes. However, while some attributes like the clamp and stub are clearly testable, others such as the finger molds and rubber bands rely on expert review rather than direct testing, which limits the breadth of testable features.

To improve, consider providing more detailed testing procedures or measurement methods for all attributes, including those currently requiring expert review. Expanding on how you would quantitatively evaluate grip strength or mold efficiency could enhance testability. Additionally, clarifying the rationale behind material choices and how they impact performance would strengthen your justification. Finally, including more explicit descriptions of how each prototype feature contributes to meeting design requirements would improve clarity and completeness.",3.5,3.75
Case056_5544.pdf,,Placeholder text for scoring.,5,5,4,4,4,4,3,4,,,,,,,,"The final prototype iteration (Design #4) is clearly and adequately explained with descriptions of the design process, materials, construction steps, and key features such as the square nub addition and weight measurements. The explanation includes CAD sketches, 3D printing details, and expert review, though some details are somewhat fragmented and could be more cohesively presented. | The prototype construction is described with explicit links to design requirements such as adjustability, clamp security, stability, and portability. The student explains how the prototype allows collection of objective data, e.g., testing clamp angle adjustment, fastening tightness, and size for portability. This supports many but not all design requirements with measurable data. | Some attributes are addressed with testing or modeling potential, such as the clamp attachment, stub grip, and weight comparisons. However, key attributes like finger molds and rubber bands are marked as requiring expert review rather than direct testing, limiting the number of attributes with clear testability. | The student provides generally supported justification for non-testable attributes (finger molds and rubber bands), explaining the need for expert evaluation to assess efficiency and grip mechanism modifications. The justification is clear but could be more detailed to reach the highest level.","Your documentation provides a clear and adequate explanation of the final prototype iteration, including detailed construction steps, material choices, and design modifications such as the addition of the square nub. The inclusion of CAD sketches and 3D printing details strengthens the understanding of your prototype's development. Additionally, the expert review adds credibility to your design process.

You effectively link your prototype construction to key design requirements, explaining how objective data can be collected to evaluate adjustability, clamp security, stability, and portability. This demonstrates a strong foundation for testability. However, while some attributes like the clamp and stub are clearly testable, others such as the finger molds and rubber bands rely on expert review rather than direct testing, which limits the scope of measurable attributes.

To improve, consider providing more cohesive and detailed explanations of the final prototype iteration to enhance clarity. Expand on how you will quantitatively measure each design requirement during testing. Also, explore ways to test or model currently non-testable attributes within your prototype to reduce reliance on expert judgment. Finally, deepen the justification for non-testable attributes by explaining why prototype testing is insufficient and how expert input will specifically inform design decisions.",4.5,3.75
Case057_0041.pdf,,Placeholder text for scoring.,0,0,4,1,4,3,3,2,,,,,,,,"The student provides a clear and adequate explanation of the final prototype iteration, detailing step-by-step construction processes, materials used, and assembly methods. The description includes key components such as wood posts, rolling pins, gears, motors, and fabric, with explanations of how these parts are connected and function together. However, the explanation lacks some clarity and completeness in certain areas, such as the exact final configuration and integration of all components. | The prototype construction is described with enough detail to suggest it can generate objective data for some design requirements, such as size (20x20 plant tray) and device functionality (covering the plant). The student explains how the prototype can be powered and how it covers the plant. However, the explanation of how measurable data will be collected is limited and vague for several requirements, and some design requirements lack clear testability evidence. | The student identifies some attributes that can be tested or modeled, such as the rolling shade functionality and ease of movement, with descriptions of how pressing a button activates the shade and how the device can be moved. However, the testing descriptions are somewhat general and lack detailed methods or measurable outcomes for multiple attributes, limiting the score to adequate but incomplete. | The student provides some justification for non-testable attributes, such as the device not moving on its own and the shade only covering the top of the plant. However, the justifications are brief and do not explain why expert review or alternative evaluation methods are necessary, resulting in a developing but insufficient justification.","Your prototype explanation demonstrates a solid understanding of the construction process, with detailed steps and clear descriptions of materials and assembly. The inclusion of components like gears, motors, and fabric shows thoughtful design integration. This clarity helps readers visualize your prototype and its intended function.

Regarding testability, you identify several design requirements and attributes that your prototype can address, such as the size of the plant tray and the rolling shade mechanism. However, the explanations of how you will collect objective, measurable data are somewhat limited. Expanding on specific testing methods and measurable outcomes for each design requirement would strengthen your work. Additionally, while you acknowledge some non-testable attributes, the justifications lack depth and do not discuss the need for expert evaluation or alternative assessment approaches.

To improve, consider providing more detailed descriptions of how you will measure or observe each design requirement during testing. Clarify the final prototype configuration to enhance understanding. Also, develop stronger justifications for non-testable attributes by explaining why expert review or other evaluation methods are necessary. Finally, including diagrams or photos with explanatory captions could further support your explanations and testability claims.",1.25,3
Case058_1021.pdf,,Placeholder text for scoring.,1,0,2,1,3,2,2,2,,,,,,,,"The final prototype iteration is described with some detail about dimensions, materials, and components such as the metal frame, cardboard walls, detection system, and suppression system. However, the explanation is fragmented and lacks a cohesive, clear narrative of the final assembled prototype. Key construction steps and integration of components are only partially explained. | The prototype construction includes materials and components that could enable testing of some design requirements, such as fire detection and suppression systems. However, the explanation lacks clear evidence that the prototype is constructed to generate objective data for most design requirements. There is no detailed description of how measurements or observations will be collected for many requirements. | Some attributes, like the fire detection and notification system, are addressed with descriptions of sensors and activation of buzzers. The suppression system is also mentioned with water pumps and tubing. However, testing procedures are not fully developed, and only a few attributes are clearly linked to test or modeling approaches. | The student identifies some attributes that could not be tested, such as furniture flammability and detection/suppression system performance, citing lack of time and resources. However, the justification is minimal and does not include discussion of expert review or alternative evaluation methods, limiting the score.","Your portfolio provides a reasonable description of your prototype’s components, including dimensions, materials, and key systems like fire detection and suppression. The inclusion of specific materials and tools shows thoughtful construction planning. However, the explanation of the final prototype iteration would benefit from a more organized and comprehensive narrative that clearly connects all parts into a cohesive whole.

While your prototype includes elements that could support testing, such as sensors and water pumps, the documentation lacks detailed descriptions of how you will collect objective data for most design requirements. Testing plans for attributes are only partially developed, focusing mainly on detection and suppression, with limited explanation of measurement methods or expected outcomes. Additionally, your justification for non-testable attributes is brief and does not explain how expert evaluation or alternative assessments might be used.

To improve, consider providing a clearer, step-by-step explanation of your final prototype assembly and how each component contributes to testing. Develop detailed testing procedures for multiple attributes, specifying what data will be collected and how. Strengthen your justification for non-testable attributes by discussing expert review or alternative evaluation strategies. Finally, integrating your prior research more explicitly with your prototype’s testability could enhance the overall clarity and rigor of your design evaluation.",1,2.25
Case059_4343.pdf,,Placeholder text for scoring.,4,3,4,3,4,3,3,2,,,,,,,,"The final prototype iteration is clearly and adequately explained, including detailed descriptions of the tube, sticky paper, flashlight placement, and modifications such as the narrowed hole and lens addition. The explanation covers the purpose and function of key components and the rationale behind design changes based on expert feedback. However, the final prototype construction is somewhat undermined by the printing issues described, which limits clarity on the actual final build. | The prototype is constructed with measurable attributes in mind, such as assembly time, weight, volume, and insect capture effectiveness. The student describes how these will be measured (e.g., timing assembly, measuring mass and volume, counting trapped insects). However, the actual construction of the final prototype is incomplete or problematic due to printing size issues, which limits confidence that objective data can be reliably collected from the final iteration. | Several attributes are identified for testing: assembly time, weight, volume, and insect capture effectiveness. The student outlines specific evaluation methods for these attributes. However, some attributes like ethical considerations and aesthetics are acknowledged as untestable, and no modeling or alternative evaluation methods are described for these. Thus, only some attributes are addressed with clear testing plans. | The student identifies non-testable attributes such as ethics and aesthetics and notes these cannot be tested but does not provide a well-supported justification or explain how expert review or alternative evaluation will be used. The mention of research and interviews is insufficient to meet higher justification standards.","Your documentation provides a clear and detailed explanation of the prototype iterations, especially the design rationale and modifications made based on expert feedback. The description of the final prototype’s components and intended function is strong, helping readers understand how the design aims to attract and trap insects effectively. This clarity is a notable strength.

Regarding testability, you have identified several measurable attributes such as assembly time, weight, volume, and insect capture effectiveness, and you describe how these will be evaluated. This shows good awareness of objective data collection. However, the issues with prototype printing and construction limit confidence that the final prototype can reliably generate this data. Additionally, while you acknowledge some attributes cannot be tested, the justification for these non-testable aspects lacks depth and does not clearly explain how expert review or alternative evaluation will be incorporated.

To improve, consider ensuring the final prototype is fully constructed and functional to support testing. Provide more detailed plans or evidence of how each attribute will be measured during testing. Strengthen the justification for non-testable attributes by explicitly describing expert review or alternative evaluation methods. Finally, clarifying how the prototype’s design supports each testable attribute will enhance the overall quality and testability of your project.",3.5,3
Case060_2440.pdf,,Placeholder text for scoring.,2,4,4,0,4,3,3,2,,,,,,,,"The student provides a clear and adequate explanation of the final prototype iteration, describing the construction details such as the sticky paper inside a paper towel tube, the flashlight placement, and the modifications made in the second prototype including the narrowed hole and lens addition. However, the explanation of the final prototype is somewhat mixed with descriptions of the first and second prototypes, and the final usable prototype is not fully clarified due to printing issues. | The prototype construction is described with sufficient detail to suggest that objective data can be collected on some design requirements, such as assembly time, weight, volume, and insect capture effectiveness. The student explicitly states how these will be measured (e.g., measuring volume, weighing the prototype, counting trapped insects). However, the second prototype was not successfully constructed due to printing issues, limiting full testability across all design requirements. | The student identifies several attributes that can be tested or modeled, including assembly time, weight, volume, and insect capture effectiveness. The testing plan is described with specific measurable outcomes. However, some attributes like ethical considerations and aesthetics are acknowledged as untestable, and the actual testing of the second prototype was not completed, limiting the extent of attribute testing. | The student acknowledges that ethical considerations and aesthetics cannot be tested and states that these were confirmed through research and interviews. However, there is no explicit explanation that expert review or external evaluation will be used to justify these non-testable attributes, resulting in only a developing justification.","The student provides a clear and detailed explanation of the prototype iterations, including construction materials, dimensions, and functional components such as the sticky paper and flashlight. The description of modifications based on expert feedback demonstrates thoughtful design evolution. This clarity supports understanding of the prototype's intended function and construction.

The testing plan is well articulated for several key design requirements, including assembly time, weight, volume, and insect capture effectiveness, with explicit methods for measurement and data collection. However, the inability to successfully construct the second prototype limits the practical testability of the design. Additionally, while multiple attributes are identified for testing, some important attributes like ethics and aesthetics remain untestable and lack strong justification through expert review.

To improve, the student should ensure successful construction of the final prototype to enable comprehensive testing. Providing explicit plans for expert evaluation of non-testable attributes would strengthen justification. Clarifying the final prototype iteration distinctly from earlier versions would enhance explanation. Finally, including more detailed testing procedures or preliminary test results could better demonstrate prototype testability and data generation.",2.5,3
Case061_1132.docx,,Placeholder text for scoring.,1,1,3,2,0,0,0,0,,,,,,,,No explanation of the final prototype iteration is provided in the student document. | No evidence of prototype construction or capability to generate objective data on design requirements is present. | No attributes of the design are addressed for testing or modeling. | No justification is provided for any non-testable attributes or need for expert review.,"The student document does not provide any explanation or description of a final prototype iteration, which limits understanding of the design and its construction. Without details on what was built or how it functions, it is not possible to assess the prototype’s quality or completeness. This lack of explanation also means there is no evidence that the prototype can generate objective, measurable data related to design requirements.

Furthermore, the document does not identify any specific attributes of the design that can be tested or modeled, nor does it describe any testing methods or measurable outcomes. This absence of testability information prevents evaluation of how well the prototype supports design validation. Additionally, there is no discussion or justification for any attributes that cannot be tested, nor is there mention of expert review or alternative evaluation methods.

To improve, the student should clearly describe the final prototype iteration, including key components and construction details. They should explicitly identify which design requirements the prototype addresses and explain how objective data will be collected through testing or modeling. Including specific attributes to be evaluated and the methods for measurement will strengthen testability. Finally, if some attributes cannot be tested, the student should provide a clear justification and describe how expert evaluation will be used to assess those aspects.",1.75,0
Case062_4330.docx,,Placeholder text for scoring.,4,3,3,0,3,3,3,2,,,,,,,,"The final prototype iteration is adequately explained with step-by-step construction details and tools used. However, the explanation lacks a clear, comprehensive narrative describing the final prototype as a whole, its key components, and how it differs from previous iterations. | The prototype construction is described in detail, and the student links some design requirements (e.g., holding a scaled-down guitar weight, accessibility, and cost) to how the prototype can be tested. However, the explanations of how objective, measurable data will be collected are somewhat general and lack specifics on measurement methods or data collection procedures. | Several attributes of the prototype are identified and described with some explanation of how the prototype can test these attributes (e.g., arms holding weight, legs balancing). Yet, the testing or modeling descriptions are somewhat limited and do not cover all attributes comprehensively or with detailed testing methodology. | The student provides a justification for why cost cannot be fairly tested due to scale and material differences but does not provide evidence of expert review or detailed support for this justification. The justification is developing but insufficiently supported.","Your portfolio demonstrates a solid effort in documenting the construction of your prototype, with clear step-by-step details and tools used, which helps in understanding the building process. The inclusion of material lists and sketches adds helpful context. However, the explanation of the final prototype iteration could be strengthened by providing a more cohesive overview that ties together the components and highlights how this iteration improves upon previous versions.

Regarding testability, you have identified key design requirements and linked them to prototype features, such as weight support and accessibility. Yet, the descriptions of how you will collect objective, measurable data remain somewhat general. Providing more specific testing procedures or measurement methods would enhance the clarity and rigor of your evaluation approach. Similarly, while you address several prototype attributes, expanding on how each attribute will be quantitatively or qualitatively tested would improve the comprehensiveness of your analysis.

Your justification for non-testable attributes, particularly cost, is a good start but lacks the necessary support from expert review or detailed rationale. To improve, consider including expert feedback or more thorough explanations for attributes that cannot be directly tested. Additionally, clarifying your testing methods, enhancing the final prototype explanation, and explicitly connecting prototype features to measurable outcomes will strengthen your portfolio.",2.5,2.75
Case063_0200.pdf,,Placeholder text for scoring.,0,2,0,0,4,2,1,2,,,,,,,,"The final prototype iteration is clearly and adequately explained with detailed descriptions of components, materials, dimensions, and assembly steps. The explanation covers the design intent, key parts like the leverage system, wooden poles, PVC handle and anchor, and how they interact. However, some aspects such as the exact function of the leverage system and its limitations could be more fully elaborated. | The prototype construction is described in detail, but there is limited explicit evidence that it can generate objective, measurable data on design requirements. The document mentions that the leverage cannot be stress tested due to unknown wood properties and that padding was added as a precaution, but no clear testing methods or measurable attributes are described. The prototype appears functional but lacks explicit testability features. | The document does not explicitly address testing or modeling of specific attributes. While some functional aspects like pushing, pulling, and turning are mentioned, there is no clear explanation of how these attributes will be tested or measured. The only attribute somewhat implied is friction anchoring, but no testing approach is provided. | There is some justification for non-testable attributes, specifically the leverage system's inability to be stress tested due to unknown wood properties. However, the justification is limited and does not mention expert review or alternative evaluation methods, so it remains a developing justification.","The prototype explanation is a strong aspect of this submission. The student provides detailed descriptions of the prototype’s components, including the wooden poles, PVC handle and anchor, and their assembly. The inclusion of dimensions, materials, and functional intent demonstrates a clear understanding of the design and its construction. This clarity helps the reader visualize the prototype and its intended operation.

However, the prototype’s testability and ability to generate objective data are limited. While the construction is well described, the document lacks explicit methods or plans for measuring or testing key design attributes such as stability, ergonomics, or leverage effectiveness. The mention of friction anchors and leverage is promising but insufficient without clear evaluation procedures. Additionally, the justification for non-testable attributes is minimal and does not include expert review or alternative assessment strategies.

To improve, the student should explicitly identify which design requirements will be tested and describe how measurements or observations will be collected. Including simple testing protocols or criteria for evaluating performance would strengthen testability. Expanding the justification for non-testable attributes by referencing expert input or alternative evaluation methods would also enhance the submission. Finally, clarifying the role and limitations of the leverage system in more detail would provide a more comprehensive explanation.",0.5,2.25
Case064_4400.docx,,Placeholder text for scoring.,4,4,0,0,4,2,1,1,,,,,,,,"The final prototype iteration is clearly and adequately explained with detailed descriptions of materials, dimensions, construction methods, and design changes. The explanation includes the use of plexiglass shelves, 3D printed hinges, addition of a back for stability, and glue choices. However, some aspects such as the exact assembly process and how all components interact could be more fully detailed. | The prototype construction is described in detail, but there is limited explicit evidence that it is constructed to generate objective, measurable data on design requirements. While dimensions and materials are given, the document lacks clear explanation of how the prototype enables collection of objective data or testing of specific design requirements. | The document mentions attributes like collapsibility and stability, but does not explicitly describe how these or other attributes will be tested or modeled. There is no clear explanation of what attributes will be measured, how measurements will be taken, or what data will be collected. | There is no explicit justification provided for any non-testable attributes or explanation of the need for expert review or alternative evaluation methods. The document does not address why certain attributes cannot be tested or how they would be evaluated otherwise.","Your documentation provides a clear and detailed explanation of the final prototype iteration, including materials used, dimensions, and construction techniques. The progression from foam core to plexiglass and 3D printed hinges is well described, and the addition of a back for stability shows thoughtful design refinement. This clarity helps readers understand the physical aspects of your prototype.

However, the explanation lacks sufficient detail on how the prototype supports objective testing or measurable data collection related to your design requirements. While you mention features like collapsibility and stability, you do not describe specific tests or measurements that will evaluate these attributes. This limits the ability to assess how well the prototype can generate meaningful data. Additionally, there is no discussion justifying any attributes that cannot be tested or how expert review might be used, which is important for a comprehensive evaluation.

To improve, consider explicitly identifying which design requirements your prototype will test and describing how you will measure or observe these attributes. Include specific testing procedures or criteria for evaluation. Also, provide justification for any attributes that cannot be directly tested and explain how you plan to address these through expert input or alternative methods. Finally, enhancing the explanation of assembly and interaction between components will strengthen understanding of your prototype’s functionality.",2,2
Case065_0000.pdf,,Placeholder text for scoring.,0,0,0,0,2,0,0,0,,,,,,,,"The student provides a very brief and vague explanation of the final prototype iteration, mentioning only that it is a basic model of a rain garden without details on what was built, how, or key components. The explanation has major gaps. | There is no explicit evidence that the prototype is constructed to generate objective data on any design requirements. The description lacks any mention of measurable attributes or how testing would be conducted. | No attributes of the prototype are identified as testable or modeled. The student does not describe any testing or modeling approach or measurable outcomes. | There is no justification provided for any non-testable attributes or explanation of the need for expert review or alternative evaluation.","Your prototype explanation provides a basic introduction to your rain garden model, which is a good starting point. However, the description is quite vague and lacks detail about what exactly was built, how it was constructed, and the key features of your design. Providing more specifics about your prototype would help clarify your design intent and construction process.

Currently, there is no evidence that your prototype is designed to generate measurable or objective data related to your design requirements. Without identifying specific attributes to test or explaining how you would evaluate your prototype, it is difficult to assess its effectiveness or functionality. Additionally, no testing or modeling approaches are described, which limits the ability to understand how your design could be validated or improved.

To strengthen your work, consider clearly describing the components and construction steps of your prototype. Identify measurable attributes of your design and explain how you plan to test or observe them. If some attributes cannot be tested, provide a clear justification and explain how expert review or alternative evaluation methods will be used. Including these details will improve the clarity, testability, and overall quality of your prototype documentation.",0,0.5
Case066_0000.pdf,,Placeholder text for scoring.,0,0,0,0,2,0,0,0,,,,,,,,"The final prototype iteration is somewhat explained but with significant gaps. The student states they made a prototype to get a basic idea of the rain garden's look but provides no detailed description of what was built, how it was constructed, or key components. The explanation is vague and minimal. | There is no evidence that the prototype is constructed to generate objective data on design requirements. The description lacks any mention of measurable attributes, testing methods, or how the prototype enables evaluation. | No attributes of the unique solution are addressed as testable or modeled. The student does not specify any design attributes that can be tested or modeled using the prototype. | No justification is provided for any non-testable attributes or explanation of the need for expert review or alternative evaluation methods.","The prototype explanation provides a basic acknowledgment that a model was created to visualize the rain garden design. However, the description is vague and lacks detail about the prototype's components, construction process, or specific features. This limits understanding of the final iteration and its intended function.

Regarding testability, the document does not describe any measurable design requirements or how the prototype could generate objective data. There is no discussion of which attributes might be tested or modeled, nor any explanation of testing methods or data collection. Consequently, the prototype's ability to support evaluation of design attributes is unclear and unsupported.

Additionally, the student does not address any attributes that cannot be tested or provide justification for expert review or alternative evaluation approaches. This leaves a gap in understanding how non-testable aspects of the design would be assessed.

To improve, the student should provide a detailed description of the prototype's construction and key features. They should explicitly identify design requirements and explain how the prototype enables measurement or observation of these attributes. Including plans or methods for testing or modeling specific attributes would strengthen the work. Finally, addressing any non-testable attributes with clear justification and evaluation strategies would complete the prototype documentation.",0,0.5
Case067_3344.pdf,,Placeholder text for scoring.,3,3,4,4,3,3,2,2,,,,,,,,"The final prototype iteration is adequately explained with step-by-step construction details and descriptions of components such as the floor plan, furniture placement, plastic tubing, water pump, and electrical system. However, the explanation lacks depth in describing how these elements integrate into a fully functional prototype and does not clearly articulate the final iteration as a cohesive whole. | The prototype construction includes physical assembly of the apartment layout, furniture, suppression system components, and electrical elements, which suggests some capability to collect objective data on design requirements like water pumping and livability. However, the explanation of how measurable data will be collected is limited and vague, with only general statements about trying until the fire is suppressed and ensuring the system fits the space. | Some attributes are identified (holes in tubing, water pump function, sensor connection), but testing descriptions are minimal and lack clear methods or measurable outcomes. The prototype addresses a few attributes, but the testing or modeling approach is underdeveloped and mostly implied rather than explicitly described. | The student provides some justification for why certain attributes cannot be tested (e.g., detachable ceiling causing stability issues, potential coding problems), but does not explicitly state the need for expert review or external evaluation. The justification is developing but insufficiently supported.","Your portfolio demonstrates a solid effort in constructing and explaining your prototype iterations. The stepwise description of building the apartment floor plan, furniture, and suppression system components provides a clear picture of your construction process. This helps in understanding the physical aspects of your design and how it evolved. However, the explanation of the final prototype iteration could be more comprehensive by detailing how all components function together as a complete system.

Regarding testability, your prototype shows potential to generate measurable data related to water pumping and livability, but the descriptions of how you will collect objective data are somewhat vague. More explicit explanations of testing procedures and measurable outcomes for each design requirement would strengthen this area. While you identify some attributes for testing, the approach to evaluating them is underdeveloped and would benefit from clearer, more detailed methods.

Your justification for non-testable attributes is a good start but lacks explicit mention of expert review or external evaluation, which is important for fully addressing these limitations. To improve, consider providing a more integrated explanation of the final prototype, clearly outlining how each design requirement will be tested with measurable data. Additionally, develop detailed testing plans for each attribute and explicitly state how non-testable aspects will be evaluated by experts or alternative methods.",3.5,2.5
Case068_3332.pdf,,Placeholder text for scoring.,3,3,3,2,3,2,2,2,,,,,,,,"The final prototype iteration is adequately explained with step-by-step construction details and descriptions of components such as the floor plan, furniture placement, plastic tubing, water pump, and electrical system. However, explanations lack depth on how these elements integrate into a cohesive final prototype iteration and the rationale for some changes is minimal. | The prototype construction includes physical assembly and placement of components relevant to design requirements, such as the suppression system and livability features. However, the explanation of how objective, measurable data will be collected is limited and vague. Statements like 'try until we know how much water we need' do not clearly describe measurable testing methods or data collection procedures. | Some attributes are identified (e.g., holes in tubing, water pump function, sensor connection), and the prototype includes features to test these. However, the descriptions of how these attributes will be tested or modeled are minimal and lack detail on measurable outcomes or testing protocols. Only a few attributes are addressed with limited testing explanation. | The student provides some justification for why certain attributes cannot be tested (e.g., detachable ceiling causing stability issues, potential coding problems), but the explanations do not explicitly state the need for expert review or external evaluation. Justifications are developing but insufficiently supported.","Your portfolio demonstrates a clear effort to construct and explain your prototype iterations, particularly through detailed step-by-step descriptions of building the apartment floor plan, furniture, and suppression system components. The inclusion of photos and material lists adds helpful context. This provides a solid foundation for understanding your prototype's physical construction and intended functionality.

However, the explanation of how your prototype enables objective, measurable testing is limited. While you identify key design requirements and attributes, the descriptions of testing methods and data collection lack specificity and clarity. For example, stating that you will ""try until we know how much water we need"" does not clearly define measurable criteria or testing procedures. Similarly, only a few attributes are addressed with minimal detail on how they will be evaluated.

Your justifications for non-testable attributes mention potential issues but do not explicitly connect these to the need for expert review or alternative evaluation methods. To improve, consider providing more detailed explanations of how each design requirement will be quantitatively tested using your prototype. Clarify the specific data you will collect and how it relates to performance criteria. Additionally, strengthen your justification for non-testable attributes by explaining why expert input is necessary. Finally, integrating a more cohesive narrative linking prototype construction to testing and evaluation will enhance the overall clarity and rigor of your documentation.",2.75,2.25
Case069_2232.pdf,,Placeholder text for scoring.,2,2,3,2,3,3,3,1,,,,,,,,"The student provides a step-by-step list of construction activities with tools and materials used, showing an adequate explanation of the prototype iteration. However, the explanation lacks dates, photos, captions, and detailed narrative about changes or reasoning behind design decisions, limiting clarity and completeness. | The student lists design requirements and provides brief statements on how the prototype allows objective data collection (e.g., 'Can have the strength to do that', 'No human touch must happen'). While some connection to testability is made, the explanations are vague and lack detail on how measurements or data will be collected, limiting confidence in testability for all requirements. | Several prototype attributes are identified with descriptions of their intended functions and how they relate to design requirements. However, the explanations focus on what the attributes do rather than how they will be tested or modeled with measurable outcomes. This provides some but incomplete evidence of testability. | There is no explicit justification provided for any non-testable attributes or explanation of the need for expert review. The document does not address which attributes cannot be tested or how such attributes would be evaluated.","Your documentation demonstrates a clear effort to explain the construction process of your prototype, including listing materials, tools, and stepwise assembly. This provides a reasonable foundation for understanding how your prototype was built. However, the explanation would benefit from more detailed descriptions, inclusion of dates, and photographic evidence with captions to fully clarify the final prototype iteration and any design changes.

Regarding testability, you identify key design requirements and link them to prototype features, which is a good start. Yet, the descriptions of how you will collect objective, measurable data are quite general and lack specifics on measurement methods or data collection procedures. Similarly, while you list several prototype attributes and their functions, the explanations do not clearly describe how these attributes will be tested or modeled to generate measurable results.

Additionally, your document does not address any attributes that cannot be tested or modeled, nor does it provide justification or plans for expert review. To improve, consider adding detailed testing plans that specify what data will be collected and how, include photos and captions documenting your prototype, and explicitly identify any non-testable attributes with rationale and plans for expert evaluation. These steps will strengthen your prototype explanation and its capacity to support rigorous testing and evaluation.",2.25,2.5
Case070_0100.docx,,Placeholder text for scoring.,0,1,0,0,2,1,0,0,,,,,,,,"The student provides some explanation of prototype construction steps, including brainstorming, sketching, and material use (e.g., cardboard). However, the explanation is fragmented, incomplete, and lacks clarity about the final prototype iteration. There are gaps and minimal detail about the final prototype's features or how it differs from earlier versions. | There is no explicit evidence that the constructed prototype allows for collection of objective, measurable data on design requirements. The document lacks descriptions of how the prototype will be tested or what data will be collected. The mention of materials and construction steps alone does not demonstrate testability. | The document does not identify any specific attributes of the design that can be tested or modeled. There is no explanation of prototype functionality related to testing or modeling of attributes. | No justification is provided for any attributes that cannot be tested or modeled. There is no mention of expert review or alternative evaluation methods.","The student shows some effort in documenting the construction process of their prototype, including initial brainstorming, sketching, and material selection such as cardboard. These details provide a basic understanding of the prototype's physical assembly. However, the explanation of the final prototype iteration is incomplete and lacks clarity, making it difficult to fully grasp what was ultimately built or how it functions.

Regarding testability, the document does not provide sufficient information on how the prototype can generate objective, measurable data related to design requirements. There is no description of testing procedures or measurable attributes, which limits the ability to evaluate the prototype's effectiveness. Additionally, no attributes are identified as testable or modeled, and no justification is given for any non-testable aspects, nor is expert review mentioned.

To improve, the student should clearly describe the final prototype iteration with detailed explanations of its components and functions. They should explicitly link prototype features to specific design requirements and explain how these can be objectively tested or measured. Including descriptions of testing methods or data collection plans would strengthen the work. Finally, if some attributes cannot be tested, the student should provide justifications and indicate plans for expert review or alternative evaluation.",0.25,0.75
Case071_2000.docx,,Placeholder text for scoring.,2,0,0,0,2,1,0,0,,,,,,,,"The student provides some explanation of prototype construction steps, including brainstorming, sketching, and material use (cardboard). However, the explanation is fragmented, incomplete, and lacks clarity about the final prototype iteration. There is no clear, cohesive description of what the final prototype is or how it functions. | There is no explicit evidence that the prototype is constructed to allow collection of objective, measurable data on design requirements. The document lacks any description of design requirements or how the prototype enables testing or measurement. The mention of materials and construction steps alone does not demonstrate testability. | The document does not address any attributes of the design that can be tested or modeled. There is no description of prototype features linked to measurable or testable attributes, nor any explanation of how testing or modeling would be conducted. | No justification is provided for any non-testable attributes. The document does not mention expert review or explain why certain attributes cannot be tested or modeled.","The student has made an initial effort to document the prototype construction process, including brainstorming, sketching, and material selection. These steps provide some insight into the early stages of design development. However, the explanation of the final prototype iteration is incomplete and lacks clarity, making it difficult to understand what the final prototype entails or how it functions.

There is a significant gap in demonstrating how the prototype supports testability. The document does not specify design requirements or explain how the prototype enables collection of objective, measurable data. Additionally, no attributes of the design are identified for testing or modeling, and there is no discussion of testing methods or expected outcomes. The absence of any justification for non-testable attributes or mention of expert review further limits the evaluation.

To improve, the student should clearly describe the final prototype iteration, including its components and intended function. They should explicitly link prototype features to specific design requirements and explain how these can be objectively tested or measured. Including detailed descriptions or evidence of testing procedures or modeling approaches would strengthen the work. Finally, if some attributes cannot be tested, the student should provide a clear justification and indicate plans for expert review.",0.5,0.75
Case072_0000.pdf,,Placeholder text for scoring.,0,0,0,0,3,2,3,2,,,,,,,,"The final prototype iteration is described with some detail, including construction steps, tools used, and materials. However, the explanation is fragmented and lacks a cohesive, clear narrative of the final prototype as a whole. Photos are mentioned but not included or described in detail. The notes on progression and changes are minimal and repetitive. | The prototype construction is described with some connection to design requirements, such as automatic operation via a timer and connection to a water barrel. However, the explanations of how objective, measurable data will be collected are vague or incomplete. For example, 'self sustainable' and 'portable' are stated but not clearly linked to measurable testing methods. The prototype appears functional but lacks explicit evidence that it can generate objective data for all or nearly all design requirements. | Several attributes are listed (raised off ground, water pump, water timer, holes in PVC pipe) with descriptions of their intended function and how the prototype includes them. The document explains how these features enable testing of water distribution and automation. However, the explanations are somewhat general and incomplete, lacking detailed descriptions of how testing or modeling will be conducted for each attribute. | The student identifies non-testable attributes such as the water barrel and the environment, providing basic justifications. However, there is no mention of expert review or external evaluation to support these justifications. The rationale is minimal and does not meet the criteria for well-supported justification.","Your portfolio demonstrates a solid effort in documenting the construction of your irrigation system prototype. The step-by-step construction details, including tools and materials, provide a helpful overview of your building process. However, the explanation of your final prototype iteration could be clearer and more cohesive. Including detailed photos with captions and a narrative that ties all components together would strengthen your presentation.

Regarding testability, you have identified key design requirements and linked some prototype features to them, such as the automatic timer and water pump. Yet, the descriptions of how you will collect objective, measurable data are often vague or incomplete. More explicit explanations of testing procedures, measurements, and observations for each design requirement and attribute would improve your ability to demonstrate testability.

For non-testable attributes, you have noted some limitations but did not provide strong justifications or mention expert review. To enhance this, consider explaining why certain attributes cannot be tested within your scope and how expert feedback could validate your design decisions.

To improve your work, focus on providing a clear, comprehensive explanation of your final prototype iteration, including visuals. Develop detailed testing plans that specify what data you will collect and how. Finally, strengthen your justification for non-testable attributes by incorporating expert review or more thorough reasoning.",0,2.5
Case073_2232.pdf,,Placeholder text for scoring.,2,2,3,2,3,3,3,2,,,,,,,,"The final prototype iteration is described with some detail, including construction steps, tools used, and materials. However, the explanation is somewhat fragmented and lacks a cohesive, clear narrative of the final prototype as a whole. Photos are mentioned but not included or described in detail. The notes on progression and changes are minimal and repetitive. | The prototype construction is described with reference to design requirements and how the prototype will allow collection of objective data for some requirements (automatic operation, connection to water barrel, portability). However, explanations are brief and lack detail on how measurements or data will be collected or quantified. Some requirements are addressed, but not all with clear testability. | Several attributes of the prototype are listed (raised off ground, water pump, water timer, holes in PVC pipe) with descriptions of their function and how the prototype tests these attributes. However, the explanations are somewhat general and do not fully detail how testing or modeling will be conducted or what specific data will be collected. Some attributes are testable, but the coverage is partial. | The student identifies non-testable attributes (water barrel, environment) and provides basic justifications for why these cannot be tested. However, there is no mention of expert review or external evaluation to support these justifications, which limits the score.","Your portfolio demonstrates a solid effort in constructing and explaining your prototype. The step-by-step construction details, including tools and materials, provide a useful overview of your building process. However, the explanation of the final prototype iteration could be more cohesive and detailed to clearly convey how all components integrate and function together. Including and referencing photos with captions would strengthen this section.

Regarding testability, you have identified key design requirements and linked them to prototype features, such as the automatic timer and water pump. While this shows an understanding of how your prototype relates to your goals, the descriptions lack specifics on how you will collect objective, measurable data. Similarly, the attributes you list are relevant, but the testing methods and measurable outcomes need clearer articulation to fully demonstrate testability.

For non-testable attributes, you correctly note limitations but do not provide evidence of expert review or external validation, which is important for justifying these aspects. To improve your work, consider providing a more integrated and detailed explanation of your final prototype, explicitly describe how you will measure or observe each design requirement and attribute, include photos with captions, and seek expert feedback to support non-testable attribute justifications.",2.25,2.75
Case074_1020.pdf,,Placeholder text for scoring.,1,0,2,0,4,3,3,1,,,,,,,,"The final prototype iteration is clearly and adequately explained with detailed step-by-step construction processes, tools used, and materials. The student provides multiple construction steps, photos with captions (though not included here), and notes on design progression and changes. However, the explanation lacks a fully integrated narrative that explicitly ties all components and their functions together in a comprehensive manner. | The prototype construction is sufficient to test some design requirements, such as submerging, maneuverability, and microplastic collection. The student explains how the prototype allows collection of objective data for these requirements, e.g., submerging fully underwater, navigating to specific depths, and collecting microplastics. However, the explanations are somewhat general and do not fully detail how measurements or data will be collected or quantified for all requirements, limiting the score to 'some' design requirements. | Several key attributes are described with explanations of how the prototype tests them, including motors, microplastic filter, size, PVC construction, and buoyancy. The student describes prototype functionality and testing outcomes for these attributes. However, the testing descriptions are somewhat qualitative and lack detailed measurable or modeled data for all attributes, supporting a score of 'some' attributes addressed. | The student states that no attributes required expert review or were non-testable, but does not provide any justification or explanation for this claim. The absence of explicit justification or expert review discussion limits the score to minimal credit.","Your portfolio demonstrates a solid and clear explanation of your final prototype iteration, including detailed construction steps, tools, and materials used. The inclusion of multiple construction phases and notes on design changes shows thoughtful progression and understanding of your build process. This clarity helps readers visualize your prototype and its assembly.

Regarding testability, your prototype is constructed to address several important design requirements such as submerging, maneuverability, and microplastic collection. You provide reasonable explanations of how these functions can be tested, which supports the prototype’s capability to generate some objective data. However, the descriptions would benefit from more explicit details on how measurements will be taken or data recorded to strengthen the evidence of testability.

You identify key attributes of your design and describe how the prototype tests them, but the testing evidence is mostly qualitative. Including more quantitative or modeled data would improve the evaluation of these attributes. Additionally, your justification for non-testable attributes is minimal and lacks explanation or expert input. To improve, consider providing detailed testing plans with measurable criteria, documenting data collection methods, and including expert reviews or rationale for any attributes that cannot be tested. Enhancing the narrative to fully integrate prototype features with testing approaches will also strengthen your documentation.",0.75,2.75
Case075_2340.pdf,,Placeholder text for scoring.,2,3,4,0,4,3,3,1,,,,,,,,"The student provides a clear and adequate explanation of the final prototype iteration, including detailed step-by-step construction processes with tools and materials used. Photos with captions are mentioned, and notes on design progression and changes are included, though some steps are incomplete or missing details. | The prototype construction is described with sufficient detail to suggest it can collect objective data for some design requirements, such as submerging, maneuvering, and microplastic collection. However, the explanation of how measurable data will be collected is limited and lacks specifics on measurement methods or data collection procedures for all requirements. | Several attributes are identified (motors, microplastic filter, size, buoyancy) with descriptions of their function and some testing outcomes. The student explains that the prototype was tested in and out of water and describes performance, but the testing descriptions are somewhat general and do not fully detail measurable or modeled outcomes for all attributes. | The student states that no attributes required expert review or justification for non-testability, but this is a minimal justification. There is no discussion of why any attribute might be non-testable or require expert evaluation, limiting the score.","Your portfolio demonstrates a solid effort in explaining the construction of your final prototype iteration. The step-by-step details, including tools and materials, provide a clear picture of how your design was built. Including photos with captions and notes on design changes strengthens your explanation, though completing all construction steps with consistent detail would improve clarity.

Regarding testability, your prototype shows promise in addressing key design requirements such as submergence, maneuverability, and microplastic collection. However, the descriptions of how you will collect objective, measurable data are somewhat limited. Expanding on specific testing methods, measurement techniques, and data collection procedures would enhance the ability to evaluate your design quantitatively. Similarly, while you identify important attributes and describe their function and testing outcomes, more detailed and systematic testing evidence would strengthen your demonstration of prototype capabilities.

Your justification for non-testable attributes is minimal, stating none require expert review. To improve, consider identifying any attributes that cannot be directly tested and provide clear reasons why expert evaluation is necessary. This will show a deeper understanding of your design’s limitations.

Recommendations: 1) Complete all construction steps with detailed descriptions. 2) Elaborate on specific testing procedures and measurable data collection for each design requirement. 3) Provide more detailed testing results or observations for each attribute. 4) Identify and justify any non-testable attributes requiring expert review.",2.25,2.75
Case076_4340.pdf,,Placeholder text for scoring.,4,3,4,0,4,2,1,0,,,,,,,,"The final prototype iteration is clearly and adequately explained with detailed descriptions of construction steps, materials used, and adjustments made to improve ergonomics. However, some aspects such as specific dimensions or mechanisms are not fully detailed. | The prototype construction is described in detail, but there is no explicit explanation of how objective data on design requirements will be collected. The description lacks specifics on measurable testing procedures or data collection methods. | The document mentions testing for ergonomic effectiveness and stability but does not specify which attributes will be tested, how they will be measured, or what data will be collected. Only minimal evidence of addressing testable attributes is present. | No justification is provided for any attributes that cannot be tested or modeled, nor is there mention of expert review or alternative evaluation methods.","The student provides a clear and detailed explanation of the final prototype iteration, including the construction process, materials used, and adjustments made to improve ergonomics and stability. This thorough description helps the reader understand the physical build and the intended function of the prototype, demonstrating strong communication of the design process.

However, the documentation falls short in explaining how the prototype enables objective testing or measurement of design requirements. While the prototype is described as stable and adjustable, there is no explicit discussion of what specific attributes will be tested, how measurements will be taken, or what data will be collected. This limits the ability to evaluate the prototype’s effectiveness through measurable outcomes. Additionally, no justification is provided for any attributes that cannot be tested, nor is there mention of expert review or alternative evaluation methods.

To improve, the student should clearly identify measurable attributes of the design and describe how these will be tested or observed. Including specific testing procedures or data collection methods would strengthen the prototype’s testability. Furthermore, addressing any non-testable attributes with a rationale and plans for expert evaluation would provide a more comprehensive assessment. Adding dimensions or diagrams could also enhance clarity and support evaluation.",2.75,1.75
Case077_3330.pdf,,Placeholder text for scoring.,3,3,3,0,3,1,1,1,,,,,,,,"The final prototype iteration is described as a non-physical prototype consisting of a new schedule and a list of needed equipment. The explanation includes the rationale behind schedule changes and grouping strategies, but lacks detailed description of prototype construction or components. | The prototype is not physically constructed; it is a schedule and equipment list. There is no clear evidence that objective data on design requirements can be collected from this prototype, only a plan to survey opinions. | Testing is limited to surveying student opinions about the schedule and equipment ideas. No attributes of the prototype itself are tested or modeled, and no measurable or observable data related to design requirements are described. | The document states that some attributes (coach time and safety) will not be tested but does not provide a clear, well-supported justification or explain the need for expert review or alternative evaluation methods.","Your prototype explanation clearly outlines the concept of using a new schedule and equipment list to address gym time constraints, which shows thoughtful consideration of the problem context. The rationale for grouping students by number rather than grade and the adjustments made to the schedule demonstrate an understanding of user needs and constraints. This provides a reasonable explanation of your final iteration, though it lacks detailed construction or physical prototype elements.

However, the prototype's testability is limited. Since the prototype is not physically constructed, it does not enable collection of objective, measurable data on design requirements. Testing is restricted to gathering opinions through surveys, which does not directly evaluate the prototype's effectiveness or specific attributes. Additionally, while some attributes are acknowledged as untestable, the justification for this is minimal and does not include expert review or alternative evaluation methods.

To improve, consider developing a physical or digital prototype that can be directly tested for measurable outcomes, such as time efficiency or equipment usage. Clearly define which attributes will be tested and how data will be collected. Provide stronger justification for any non-testable attributes, including plans for expert evaluation. Finally, include more detailed descriptions of the prototype components and construction to enhance clarity and testability.",2.25,1.5
Case078_2343.docx,,Placeholder text for scoring.,2,3,4,3,5,4,4,4,,,,,,,,"The final prototype iteration is clearly and fully explained, including the materials used, the physical layout, construction strategy, and the core design intentions. The description covers the purpose, modular wooden build, interactive zones, and scalability for students with various needs. | The prototype construction is detailed and supports objective data collection for many design requirements such as durability, safety, and portability. Although electronics are not implemented, the physical structure and measurements enable testing of these attributes. However, some design requirements like cause-and-effect triggers are not yet testable. | Several key attributes are tested or modeled, including durability, spatial layout, and safety, with clear descriptions of how these were evaluated or simulated. Some attributes, like cause-and-effect triggers and engagement time, are modeled but not yet testable, which limits a perfect score. | The student provides generally supported justification for non-testable attributes, citing expert review from a wood construction specialist. The expert feedback confirms the concept's feasibility and highlights safety concerns to be addressed in future builds. This external evaluation supports the justification but could be more detailed.","Your prototype documentation demonstrates a strong and clear explanation of the final iteration, effectively describing the wooden proof of concept, its construction, and how it reflects the design goals. The detailed description of materials, layout, and modular design shows thoughtful planning and a solid foundation for further development.

The prototype construction supports objective testing of many design requirements, such as durability, safety, and portability, with explicit evidence of measurements and stress testing. Your modeling of spatial layout and safety attributes is well done, though the absence of electronics limits testing of cause-and-effect features and engagement time. These modeled attributes are clearly identified but not yet testable, which is appropriately acknowledged.

Your justification for non-testable attributes is supported by expert review, which adds credibility and practical insight. To improve, consider integrating protective features like acrylic covers earlier to address safety concerns, develop a plan for testing electronic components to enable full evaluation of cause-and-effect triggers, provide more detailed descriptions of how engagement time will be measured, and expand expert feedback to cover sensory balance and long-term engagement. These steps will enhance the prototype’s testability and overall evaluation.",3,4.25
Case079_2322.docx,,Placeholder text for scoring.,2,3,2,2,5,4,4,4,,,,,,,,"The final prototype iteration is clearly and fully explained, including the materials used, the physical layout, construction strategy, and the core design intentions. The description covers the purpose, modular wooden build, interactive zones, and scalability for students with various needs. | The prototype construction supports objective data collection on many design requirements such as durability, safety, and portability. The document explains how the wooden structure simulates durability and safety features, and measurements were taken for portability. However, electronics and some functional components are not yet implemented, limiting full testability. | Several key attributes are tested or modeled, including durability through stress tests, spatial layout via student feedback, and safety by verifying materials and sizes. Some attributes like cause-and-effect triggers and engagement time are modeled but not yet testable. This shows most attributes are addressed through testing or modeling. | The student provides generally supported justification for non-testable attributes, especially long-term engagement and sensory balance, and includes expert review feedback from a wood construction expert. The expert's input confirms feasibility and highlights safety concerns to be addressed, supporting the justification.","Your documentation provides a thorough and clear explanation of the final prototype iteration, effectively detailing the wooden proof of concept, its construction, and the design intentions. The description of materials, modular build, and interactive zones demonstrates a strong understanding of the prototype’s physical and functional aspects, which is a significant strength.

The prototype construction supports objective evaluation of many design requirements, particularly durability, safety, and portability. The inclusion of stress tests and measurements shows a practical approach to generating measurable data. However, the absence of electronic components limits the ability to fully test all intended functions, such as cause-and-effect triggers and engagement time, which are only modeled at this stage.

Your approach to testing and modeling addresses most attributes well, but further development and integration of functional components would enhance testability. The justification for non-testable attributes is generally well supported, especially with expert feedback incorporated, though more detail on how sensory balance will be evaluated could strengthen this further.

To improve, consider integrating functional electronic components to enable direct testing of cause-and-effect features, provide more detailed plans for measuring engagement time, expand safety features to address expert concerns, and elaborate on evaluation methods for sensory balance. These steps will enhance the prototype’s testability and overall effectiveness.",2.25,4.25
Case080_3453.pdf,,Placeholder text for scoring.,3,4,5,3,4,4,4,5,,,,,,,,"The final prototype iteration is clearly and adequately explained with detailed descriptions of the components, materials, and design choices. The explanation includes the use of a mechanical pressure gauge, 3D-printed parts, and improvements based on feedback. However, some key design details are left blank, and the explanation could be more comprehensive. | The prototype construction is described in sufficient detail to support objective data collection on many design requirements such as durability, accuracy, portability, and simplicity. The description includes material choices, calibration accuracy, and plans for testing. However, some testing procedures are only planned and not yet demonstrated, and some data collection details are missing. | Most key attributes (accuracy, durability, portability, ease of use) are explicitly addressed with clear testing or modeling plans. The student describes how each attribute will be tested or evaluated, including comparisons to reference gauges and user feedback. Some testing details are still prospective rather than completed. | The student explicitly identifies ergonomic design as a non-testable attribute and provides a well-supported justification for why it cannot be fully tested or modeled. They also describe expert review by qualified biomedical engineering professionals to evaluate this aspect, fulfilling the highest criteria for justification.","Your prototype explanation is strong, providing clear descriptions of the final iteration’s components, materials, and design rationale. The integration of a mechanical pressure gauge with a 3D-printed body is well articulated, and the inclusion of feedback-driven improvements demonstrates thoughtful iteration. However, some key design details are missing, which if included, would enhance clarity and completeness.

The construction of your prototype supports objective data collection on many important design requirements, such as durability, accuracy, portability, and simplicity. You provide reasonable plans for testing these attributes, including calibration and user feedback, which strengthens the testability of your design. While some testing procedures remain planned rather than completed, the approach is well considered and realistic.

Your justification for non-testable attributes, particularly ergonomics, is thorough and well supported by plans for expert review. This demonstrates a mature understanding of the limits of physical testing and the value of specialist input.

To improve, consider fully detailing all key design features and including more specifics on testing protocols and data collection methods. Completing initial tests and reporting results would strengthen evidence of testability. Additionally, providing more detailed photos or diagrams linked to explanations could enhance understanding. Finally, clarifying how feedback from user testing will be systematically incorporated would improve the evaluation of ease of use.",3.75,4.25
Case081_5555.pdf,,Placeholder text for scoring.,5,5,5,5,4,4,4,5,,,,,,,,"The final prototype iteration is clearly and adequately explained with detailed descriptions of the components, materials, and design choices. The explanation includes the use of a mechanical pressure gauge, 3D-printed parts, and improvements based on feedback. However, some key design details are left blank, and the explanation could be more comprehensive. | The prototype construction is described in sufficient detail to support objective data collection on many design requirements such as durability, accuracy, portability, and simplicity. The description includes material choices and calibration details, and outlines plans for testing. However, some testing procedures and data collection methods are only planned or implied rather than fully demonstrated. | Most key attributes (accuracy, durability, portability, ease of use) are explicitly addressed with clear plans for testing or modeling. The student describes how each attribute will be evaluated, including comparisons to reference gauges, repeated use cycles, transport tests, and user feedback. Some testing details remain somewhat general, limiting a perfect score. | The student explicitly identifies ergonomic design as a non-testable attribute and provides a well-supported justification for why it cannot be fully tested or modeled. They also describe expert review by qualified biomedical engineering professionals to evaluate this aspect, fulfilling the highest criteria for justification.","Your prototype documentation demonstrates a strong understanding of the design and construction of the Maximal Inspiratory Pressure device. The explanation of the final iteration is clear and detailed, highlighting key components such as the mechanical pressure gauge and 3D-printed body. Your rationale for material choices and design improvements based on feedback adds depth to the description, making the prototype easy to visualize and understand.

You have effectively constructed the prototype to enable objective data collection on many important design requirements, including durability, accuracy, portability, and simplicity. The planned testing methods for these attributes are well thought out and realistic, supporting meaningful evaluation. Additionally, you address most key attributes with specific testing or modeling approaches, which strengthens the prototype’s evaluative potential.

Your justification for non-testable attributes, particularly ergonomics, is thorough and well supported by plans for expert review. To further improve, consider filling in missing design detail sections to provide a more comprehensive explanation, elaborating on specific testing procedures and data collection methods, and including preliminary test results or observations if available. Also, clarifying how feedback from user testing will be systematically collected and analyzed could enhance the rigor of your evaluation process.",5,4.25
Case082_2421.pdf,,Placeholder text for scoring.,2,4,2,1,3,2,1,0,,,,,,,,"The student provides an adequate explanation of the prototype iteration through daily journal entries describing the construction process, measurements, materials used, and assembly steps. However, the explanation lacks a clear, comprehensive summary of the final prototype iteration, its key components, and how it functions as a whole. | The prototype construction is described in detail regarding cutting, labeling, assembling, and painting foam pieces scaled to 1:3 ratio. However, there is no explicit explanation of how the prototype enables objective data collection or testing of specific design requirements. The description focuses on construction activities without linking them to measurable evaluation. | There is minimal evidence that attributes of the design can be tested or modeled. The document does not specify which attributes will be tested, how testing will occur, or what data will be collected. The focus is on building and finishing the prototype rather than on testing or modeling its attributes. | No justification is provided for any attributes that cannot be tested or modeled. There is no mention of expert review or alternative evaluation methods for non-testable attributes.","The student demonstrates a solid effort in constructing the prototype, with detailed daily entries describing the measurement, cutting, labeling, assembly, and finishing processes. The use of scaled measurements and attention to aesthetic details like sanding and painting show care in prototype construction. This provides a reasonable understanding of the physical build and progress.

However, the explanation of the final prototype iteration lacks clarity and completeness. There is no clear summary of the final assembled prototype or its key functional components. More importantly, the document does not explain how the prototype will be used to generate objective, measurable data related to design requirements. The absence of explicit testing plans or descriptions of measurable attributes limits the ability to evaluate the prototype’s testability. Additionally, no justification is provided for any attributes that cannot be tested, nor is there mention of expert review or alternative evaluation methods.

To improve, the student should clearly summarize the final prototype iteration, highlighting key features and functions. They should explicitly identify which design attributes will be tested or modeled and describe how the prototype enables this evaluation, including what data will be collected. Including a discussion of any non-testable attributes and how they will be assessed through expert review or other means would strengthen the justification. Finally, linking construction details directly to testing objectives will enhance the overall clarity and rigor of the prototype documentation.",2.25,1.5
Case083_2300.pdf,,Placeholder text for scoring.,2,3,0,0,3,2,1,0,,,,,,,,"The student provides an adequate explanation of the prototype iteration through daily journal entries describing the construction process, measurements, materials used, and assembly steps. However, the explanation lacks a clear, comprehensive summary of the final prototype iteration, its key components, and how it functions as a whole. | The prototype construction is described in detail regarding cutting, labeling, assembling, and painting foam pieces scaled to 1:3 ratio. However, there is no explicit explanation of how the prototype enables objective data collection or testing of design requirements. The description focuses on construction steps without linking them to measurable evaluation. | There is minimal evidence that attributes of the design can be tested or modeled. The document mentions features like a power strip and resin art flowers but does not explain how these or other attributes will be tested or modeled. No specific testable attributes or evaluation methods are described. | The document does not provide any justification for non-testable attributes or explain the need for expert review or alternative evaluation methods.","Your documentation provides a clear and consistent account of the prototype construction process, including detailed measurements, material preparation, and assembly steps. The daily entries effectively communicate the progression of your scaled model, showing dedication to building a physical representation of your design. This is a strong foundation for understanding your prototype iteration.

However, the explanation lacks a comprehensive overview of the final prototype iteration and how it functions as a complete system. Additionally, while the construction details are thorough, there is little evidence that your prototype is designed to generate objective, measurable data related to your design requirements. Specific attributes that could be tested or modeled are not identified, and no testing methods or evaluation criteria are described. Furthermore, there is no discussion about attributes that cannot be tested or why expert review might be necessary.

To improve, consider providing a clear summary of your final prototype iteration highlighting key components and their roles. Explicitly identify which design attributes you intend to test and describe how your prototype enables these tests, including what measurements or observations will be collected. Also, address any attributes that cannot be tested and explain how you plan to justify or evaluate them through expert input or alternative methods. These steps will strengthen your prototype’s testability and the clarity of your documentation.",1.25,1.5
Case084_5500.pdf,,Placeholder text for scoring.,5,5,0,0,4,3,2,1,,,,,,,,"The final prototype iteration is clearly and adequately explained with detailed descriptions of the construction process, materials used, and modifications made after initial testing. The explanation includes dates, assembly steps, and the addition of screws to reinforce the design, showing a logical progression from initial to final prototype. | The prototype construction is sufficient to test some design requirements, specifically the structural strength to withstand force (5 kg). The description mentions testing the force tolerance and reinforcing the prototype to improve durability. However, the explanation lacks explicit details on how objective data will be collected or measured, limiting the score to some design requirements. | The document addresses a few attributes that can be tested, mainly the prototype's ability to withstand force and the addition of friction pads to prevent movement. However, there is no clear explanation of how these attributes will be quantitatively tested or modeled, and only the force resistance attribute is somewhat addressed. | There is no explicit justification provided for any non-testable attributes or explanation of the need for expert review or alternative evaluation methods. The document does not discuss why certain attributes cannot be tested or how they would be evaluated otherwise.","Your documentation provides a clear and adequate explanation of the final prototype iteration, including detailed descriptions of the construction process and materials used. The progression from initial sketches to the reinforced final prototype is well documented, showing thoughtful iteration and problem-solving. The inclusion of dates and assembly steps helps clarify the development timeline.

While the prototype construction supports testing of some design requirements, such as structural strength, the explanation lacks explicit details on how objective data will be collected or measured. This limits the ability to fully assess the prototype's testability. Additionally, only a few attributes, primarily force resistance, are addressed for testing, and there is no clear plan for quantitative evaluation or modeling of other important features like friction or stability.

To improve, consider explicitly describing how you will measure or observe the prototype's performance against each design requirement. Include specific testing procedures or metrics for attributes like force tolerance and friction. Also, provide justification for any attributes that cannot be tested directly, explaining how expert review or alternative evaluation methods will be used. Finally, adding more detailed explanations of how each prototype feature supports testing will strengthen your documentation and the overall evaluation of your design.",2.5,2.5
Case085_3300.pdf,,Placeholder text for scoring.,3,3,0,0,4,3,2,1,,,,,,,,"The final prototype iteration is clearly and adequately explained with a detailed timeline of construction steps, materials used, and modifications made to improve strength. The description includes assembly, reinforcement with screws, and views of the final prototype. | The prototype construction allows for some objective data collection, specifically testing the force the bookend can withstand (e.g., 5 kg test). However, the explanation lacks detail on how measurements are taken or recorded, limiting full confidence in testability for all design requirements. | Only a few attributes are addressed for testing, primarily the structural strength under force. Other attributes such as friction from rubber/plastic parts or durability are mentioned but not linked to testing or modeling procedures. | There is no explicit justification for non-testable attributes or explanation of expert review or alternative evaluation methods for attributes that cannot be tested.","The student provides a clear and chronological explanation of the prototype construction process, including initial sketches, assembly, and improvements made to reinforce the bookend. The use of screws to strengthen the design and the inclusion of materials details contribute to a solid understanding of the final prototype iteration. This clarity supports a good foundation for evaluating the design.

While the prototype is constructed to allow testing of its strength, the documentation lacks detailed procedures or methods for measuring and recording test results. This limits the ability to fully assess all design requirements objectively. Additionally, only the strength attribute is clearly linked to testing, with other potential attributes such as friction or stability not addressed in terms of measurable evaluation. The absence of justification for any non-testable attributes or mention of expert review further weakens the overall evaluation completeness.

To improve, the student should explicitly describe how tests will be conducted and data collected for each design requirement. Including measurable criteria for attributes like friction or stability would enhance testability. Providing justification for any attributes that cannot be tested and explaining how expert evaluation will be used would strengthen the prototype assessment. Finally, integrating more detailed documentation of testing outcomes would improve clarity and rigor.",1.5,2.5
Case086_3002.pdf,,Placeholder text for scoring.,3,0,0,2,4,2,2,2,,,,,,,,"The final prototype iteration is clearly and adequately explained with detailed dimensions, materials, and construction steps. The description includes the evolution from initial sketches to the final OnShape model and the planned physical build, covering key components and design changes. However, the explanation lacks some depth on how all features integrate functionally. | The prototype is described in detail for construction, but it is not physically built yet. The document states that the prototype will allow testing of outlet accessibility, storage concealment, storage space, and coffee station fit. However, the explanation of how objective data will be collected or measured is minimal and lacks specifics, limiting confidence in testability. | A few attributes are identified for testing or modeling, such as outlet accessibility and storage capacity. However, the document does not explain how these attributes will be quantitatively or qualitatively evaluated, nor does it describe testing procedures or metrics. Many attributes remain unaddressed or untestable due to the lack of a physical prototype. | The student acknowledges that some attributes like comfort, aesthetics, and lockable storage cannot be tested due to the absence of a physical prototype. However, the justification is limited to stating time constraints and does not include expert review or alternative evaluation methods, resulting in a developing but insufficient justification.","Your documentation provides a clear and detailed explanation of the final prototype iteration, including precise measurements, material choices, and construction steps. The progression from initial sketches to the final OnShape model is well articulated, demonstrating thoughtful design development and responsiveness to stakeholder feedback. This clarity helps readers understand the intended build and design priorities.

However, the testability of the prototype is limited by the fact that it has not yet been physically constructed. While you identify several attributes for testing, such as outlet accessibility and storage capacity, the explanation lacks detail on how these will be objectively measured or evaluated. This gap reduces confidence in the prototype’s ability to generate measurable data. Additionally, the justification for non-testable attributes is minimal and does not include plans for expert review or alternative evaluation, which would strengthen your rationale.

To improve, consider building a physical prototype or partial mock-up to enable direct testing. Provide specific testing procedures or metrics for each attribute you plan to evaluate. Include expert review or alternative assessment methods for attributes that cannot be physically tested. Finally, expand on how the prototype’s features function together to meet design requirements, enhancing the overall explanation and testability.",1.25,2.5
Case087_3201.pdf,,Placeholder text for scoring.,3,2,0,1,4,2,2,2,,,,,,,,"The final prototype iteration is clearly and adequately explained with detailed dimensions, materials, and construction steps. The description includes the evolution from initial sketches to the final OnShape model and the planned physical build, covering key components and design changes. However, the explanation lacks some depth on how all features integrate functionally. | The prototype is not physically built yet, limiting direct testability. The document states that the prototype will allow testing of outlet accessibility, storage concealment, storage space, and coffee station fit, but does not explain how these tests will be conducted or what objective data will be collected. The construction details support potential testability but lack explicit testing methods. | A few attributes are identified for testing or modeling, such as outlet accessibility and storage capacity. However, the explanation of how these attributes will be tested or modeled is minimal and lacks detail on measurement or evaluation methods. Other attributes like comfort, aesthetics, and lockable storage are acknowledged as untestable but without clear modeling approaches. | The student identifies some non-testable attributes (comfort, aesthetics, lockable storage) and notes that these will not be tested due to the lack of a physical prototype or solution. However, there is no explicit justification involving expert review or alternative evaluation methods, only a statement of inability to test.","Your documentation provides a clear and detailed explanation of the final prototype iteration, including precise dimensions, materials, and construction steps. The progression from initial sketches to the final OnShape model is well described, showing thoughtful design evolution and stakeholder input. This clarity helps readers understand the intended build and key features.

However, the testability of the prototype is limited by the absence of a physical build and a lack of detailed testing procedures. While you identify several attributes for evaluation, such as outlet accessibility and storage capacity, the explanation of how these will be measured or tested is minimal. This gap reduces confidence in the prototype's ability to generate objective, measurable data. Additionally, although you acknowledge some attributes cannot be tested, the justification does not include plans for expert review or alternative evaluation, which would strengthen your rationale.

To improve, consider building a physical prototype or partial model to enable direct testing. Provide detailed testing plans that specify how attributes will be measured and what data will be collected. Include explicit justification for non-testable attributes, such as expert evaluations or precedent studies. Finally, enhance the explanation of how all prototype features function together to meet design requirements.",1.5,2.5
Case088_0000.pdf,,Placeholder text for scoring.,0,0,0,0,4,3,3,0,,,,,,,,"The final prototype iteration is clearly and adequately explained with a detailed construction log outlining the build process over multiple days, including specific tests and components used. However, the explanation lacks some depth on how the final iteration differs from previous versions or the rationale behind design choices. | The prototype is constructed with realistic components and systems mounted, enabling some objective data collection such as float testing, thruster wiring, and submersion tests. However, the description does not explicitly explain how objective data will be collected for all or nearly all design requirements, limiting the score to some design requirements. | Several attributes are addressed through testing phases (float test, dry test, submersion, and behavior logging), indicating some attributes can be tested or modeled. However, the document lacks explicit detail on which specific attributes are tested and how measurements or modeling are conducted, resulting in partial credit. | No justification is provided for any attributes that cannot be tested or modeled, nor is there mention of expert review or alternative evaluation methods.","Your prototype construction and explanation demonstrate a solid and organized approach, with a clear timeline and description of key components such as the frame, thrusters, and control systems. The inclusion of a construction log and mention of modular and production-ready parts strengthens the clarity of your final prototype iteration. This provides a good foundation for understanding your build process and the prototype's capabilities.

While your prototype is evidently functional and has undergone various tests, the documentation could better articulate how objective data will be collected for each design requirement. Explicitly describing what attributes are being measured, how measurements are taken, and what data will be analyzed would enhance the testability and evaluation clarity. Additionally, although multiple testing phases are mentioned, more detail on the specific attributes tested and the methods used would improve the demonstration of measurable outcomes.

To improve, consider providing a more detailed explanation of the final iteration’s unique features and design decisions. Clearly identify and describe the measurable attributes and how each will be tested or modeled. Finally, include justification for any attributes that cannot be directly tested, explaining how expert review or alternative evaluation will be used to assess those aspects. This will strengthen the overall rigor and completeness of your prototype evaluation.",0,2.5
Case089_1030.pdf,,Placeholder text for scoring.,1,0,3,0,4,3,3,0,,,,,,,,"The final prototype iteration is clearly and adequately explained with a detailed construction log outlining the build process over multiple days, including specific tests and components used. However, the explanation lacks some depth on how the final iteration differs from previous versions or the rationale behind design choices. | The prototype is constructed with realistic components and systems mounted, enabling some objective data collection such as float testing, thruster wiring, and submersion tests. However, the description does not explicitly explain how objective data will be collected for all or nearly all design requirements, limiting the score to some design requirements. | Several attributes are addressed through testing phases (float test, dry test, submersion, and deep test), indicating some attributes can be tested or modeled. However, the document lacks explicit detail on which specific attributes are tested and how measurements or modeling are conducted, resulting in partial credit. | No justification is provided for any attributes that cannot be tested or modeled, nor is there mention of expert review or alternative evaluation methods.","Your prototype construction and explanation demonstrate a solid and organized approach, with a clear timeline and description of key components such as the frame, thrusters, and control systems. The inclusion of a construction log and mention of realistic marine robotics kits strengthens the clarity of your build process. This provides a good foundation for understanding your prototype's capabilities.

However, while you describe various tests performed, the explanation lacks explicit detail on how these tests generate objective, measurable data for all design requirements. Clarifying which specific attributes are evaluated during each test and how measurements are taken would enhance the testability of your prototype. Additionally, the document does not address any attributes that cannot be tested or modeled, nor does it provide justification or mention expert review for such cases.

To improve, consider explicitly linking each test to specific design requirements and describing the data collection methods used. Include a discussion on any non-testable attributes and how you plan to evaluate them through expert input or alternative means. Finally, expanding on the rationale behind design iterations and choices will provide a more comprehensive explanation of your final prototype.",1,2.5
Case090_4332.pdf,,Placeholder text for scoring.,4,3,3,2,4,3,3,1,,,,,,,,"The final prototype iteration is clearly and adequately explained with detailed descriptions of the pipe selection, modifications, 3D printed pieces, and assembly steps. The explanation covers key components such as the PVC pipe, mouthpiece, 3D printed adjustable slit piece, and one-way valves. However, some parts are somewhat fragmented and could be more cohesively summarized. | The prototype construction includes features intended to control water flow and resistance, such as adjustable slits and holes, and the use of a clear pipe to observe water level. These elements suggest the prototype can generate objective data on flow resistance and water rise. However, explicit descriptions of how measurements will be taken or what specific data will be collected are limited, reducing confidence in comprehensive testability. | Some attributes, like water flow resistance and water level rise, are addressed with physical design features (adjustable slits, clear pipe). The involvement of a physics teacher and iterative design to optimize flow indicates some modeling/testing intent. Yet, the document lacks detailed explanation of testing procedures or modeling methods for multiple attributes, limiting the score to some attributes being testable. | There is no explicit justification for non-testable attributes or explanation of expert review for attributes that cannot be tested. While expert input was sought for design advice, this does not constitute justification for non-testable attributes.","Your documentation provides a clear and detailed explanation of the final prototype iteration, including the selection of materials, modifications made to the pipe and mouthpiece, and the design and integration of 3D printed components. This thorough description helps readers understand the construction process and the key features of your design. The inclusion of images and references to design software further supports your explanation.

The prototype construction demonstrates thoughtful design choices aimed at controlling water flow and resistance, such as adjustable slits and holes, and the use of a transparent pipe to observe water levels. These features suggest the prototype can generate measurable data related to flow resistance and water rise. However, the documentation would benefit from more explicit descriptions of how you plan to measure or collect objective data during testing. Additionally, while some attributes are addressed through physical design and iterative testing, the lack of detailed testing procedures or modeling limits the clarity of how comprehensive the evaluation will be.

To improve your work, consider clearly outlining specific testing methods and what measurements will be taken to evaluate each design attribute. Providing a cohesive summary of the final prototype iteration would enhance clarity. Also, explicitly identify any attributes that cannot be tested and justify why expert review or alternative evaluation methods are necessary. Finally, including more detailed plans or results from testing would strengthen the demonstration of your prototype's effectiveness.",3,2.75
Case091_3540.pdf,,Placeholder text for scoring.,3,5,4,0,4,3,3,1,,,,,,,,"The final prototype iteration is clearly and adequately explained with descriptions of materials, construction steps, and the addition of stabilizing blocks. The explanation includes measurements and how the shelf fits within the showcase, supporting understanding of the build. However, some explanations are somewhat fragmented and lack full detail on the assembly process. | The prototype construction allows for objective data collection on some design requirements, such as shelf length, width, and weight support. The student describes measuring shelf dimensions and testing weight capacity by placing pottery on the shelf. However, the testing methods are informal and lack detailed measurement procedures or quantification, limiting full testability for all requirements. | Some attributes are addressed with testing or modeling, including weight support, shelf length, and width fitting within the showcase. The student describes placing pottery on the shelf and verifying fit inside the showcase. However, the weight attribute is only qualitatively assessed without precise measurement, and the lightweight attribute is not tested due to missing scale data, indicating partial but incomplete testing. | There is minimal justification for non-testable attributes. The student notes the inability to weigh the shelf but provides no explanation of why expert review or alternative evaluation is necessary for this or other attributes.","Your prototype explanation provides a clear overview of the materials used and the construction process, including the addition of stabilizing blocks to improve shelf stability. The inclusion of measurements and photos showing the shelf fitting inside the showcase helps convey the design’s physical characteristics effectively. This clarity supports understanding of your final iteration and its intended function.

Regarding testability, you demonstrate some ability to evaluate key design attributes such as shelf length, width, and weight support by placing pottery on the shelves and measuring dimensions. However, the testing is largely qualitative and informal, lacking precise measurement tools or detailed procedures. For example, the weight capacity is described by the number of pottery pieces held without bending, but no quantitative data or systematic testing is provided. Additionally, the lightweight attribute is not tested due to missing scale data, which limits the completeness of your evaluation.

To improve, consider incorporating more precise measurement tools and documenting specific testing procedures for weight and other attributes. Providing quantitative data on load capacity and shelf weight would strengthen your prototype’s testability. Also, explicitly justify any attributes that cannot be tested and explain how expert review or alternative evaluation methods could be used. Finally, organizing your explanation more cohesively would enhance clarity and completeness.",3,2.75
Case092_3430.pdf,,Placeholder text for scoring.,3,4,3,0,3,2,2,0,,,,,,,,"The final prototype iteration is described with some clarity, including the addition of wooden blocks for stability and measurements of shelf dimensions. However, the explanation is somewhat fragmented and lacks a fully cohesive, detailed narrative of the final build process and key components. | The prototype construction includes physical shelves with blocks to prevent sliding and measurements to fit the showcase. While some design requirements are addressed (e.g., shelf length, width, and stability), there is limited explicit explanation of how objective data will be collected or measured for most requirements. | Some attributes are addressed with basic testing descriptions, such as placing pottery on shelves to check sturdiness and fitting shelves into the showcase to verify dimensions. However, testing is informal and lacks detailed measurement or modeling procedures, limiting the number of attributes clearly tested. | No explicit justification is provided for any attributes that cannot be tested or modeled, nor is there mention of expert review or alternative evaluation methods.","The student provides a moderately clear explanation of their final prototype iteration, describing the construction of wooden shelves with added blocks to improve stability and prevent sliding. They include relevant measurements and demonstrate that the shelves fit within the showcase, which supports understanding of the prototype's physical characteristics. This explanation, while somewhat fragmented, gives a reasonable overview of the build and key features.

Regarding testability, the prototype addresses some design requirements such as weight support and dimensional fit through informal testing methods like placing pottery on the shelves and fitting them into the showcase. However, these tests lack detailed procedures or objective measurement methods, limiting the ability to generate comprehensive, measurable data. The testing covers only a few attributes and does not include modeling or systematic evaluation.

The document does not provide any justification for attributes that cannot be tested or modeled, nor does it mention expert review or alternative evaluation approaches. To improve, the student should provide a more cohesive and detailed explanation of the final prototype iteration, explicitly describe how each design requirement will be objectively tested or measured, and include justification for any non-testable attributes. Additionally, incorporating more structured testing procedures or quantitative data collection would strengthen the evaluation of the prototype's performance.",2.5,1.75
Case093_2234.docx,,Placeholder text for scoring.,2,2,3,4,4,4,4,4,,,,,,,,"The student provides a clear and adequate explanation of the final prototype iteration, including detailed step-by-step construction processes, tools, and materials used. The notes describe progression and changes from blueprint to physical prototype, though some final iteration details and photos are missing or incomplete. | The prototype construction is described with sufficient detail to show that objective, measurable data can be collected for many design requirements, such as melting ice and heat distribution. The student explicitly explains how the prototype allows measurement of temperature and heat spread, though some design requirements may need expert review. | Most attributes of the design are addressed with explanations of how the prototype tests heating efficiency, temperature control, moisture resistance, durability, safety, and energy efficiency. The student identifies which attributes can be tested directly and which require expert review, showing a strong understanding of testable features. | The student provides generally supported justifications for non-testable attributes, such as structural integrity and moisture resistance, explaining the need for expert consultation and specialized testing. However, the justifications could be more detailed and explicitly linked to prototype limitations.","Your portfolio demonstrates a solid understanding of prototype construction and iteration. The detailed step-by-step descriptions and material lists provide a clear picture of how your final prototype was built, which supports a strong explanation of your design process. Including photos with captions would further enhance clarity and completeness.

You effectively describe how your prototype enables the collection of objective data for many design requirements, such as melting ice and heat distribution. Your explanations of testing heating efficiency and temperature control are particularly strong, showing that your prototype can realistically generate measurable results. Additionally, you address most design attributes with clear testing or modeling approaches, which strengthens your evaluation framework.

Your justification for non-testable attributes is generally well supported, especially regarding the need for expert review on structural integrity and moisture resistance. To improve, consider providing more detailed explanations linking prototype limitations to the necessity of expert input. Also, including more comprehensive photos and explicit descriptions of how each test will be conducted would enhance the testability evidence. Finally, clarifying any changes made during iteration and their impact on testability would strengthen your documentation.",2.75,4
Case094_2321.pdf,,Placeholder text for scoring.,2,3,2,1,3,3,3,2,,,,,,,,"The final prototype iteration is adequately explained through step-by-step construction details and materials used. The description includes tools, materials, and assembly steps, but lacks a clear, cohesive summary of the final prototype's overall function and key components. | The prototype construction is detailed enough to allow objective data collection on some design requirements such as mold growth, water distribution, and ease of use. However, the explanation of how data will be collected is limited and somewhat vague, reducing confidence that all design requirements can be objectively measured. | Some attributes are addressed with testing or modeling plans, including mold resistance, ease of use, and water distribution. The document explains how the prototype can be used to observe mold growth and water spread, but the testing methods and measurable outcomes are only partially described. | There is a developing justification for non-testable attributes, particularly ease of use, which requires expert review from the greenhouse club or Mr. Doffermyre. However, the justification lacks depth and does not fully explain why expert review is necessary or how it will be conducted.","Your documentation provides a clear and detailed account of the prototype construction process, including the tools and materials used at each step. This thoroughness helps readers understand how the prototype was physically assembled, which is a strong point in your explanation. The inclusion of multiple construction steps and material sourcing details adds to the clarity of your prototype iteration.

Regarding testability, your prototype is designed to allow observation of key attributes such as mold growth and water distribution, which supports some objective data collection. However, the explanation of how these attributes will be measured or quantified is limited, leaving gaps in understanding the testing process. While you identify several attributes for testing, the descriptions of testing methods and measurable outcomes could be more explicit to strengthen the evaluation.

The justification for non-testable attributes, particularly ease of use, is acknowledged but remains underdeveloped. To improve, consider providing a more detailed explanation of why expert review is necessary and how it will be conducted. Additionally, clarifying the testing procedures and including a summary of the final prototype’s function would enhance the overall quality. Including specific measurement criteria and expanding on expert evaluation plans will further strengthen your prototype’s testability and documentation.",2,2.75
Case095_1121.pdf,,Placeholder text for scoring.,1,1,2,1,4,4,4,3,,,,,,,,"The final prototype iteration is clearly and adequately explained with detailed step-by-step construction processes, tools used, and materials. The description includes modifications such as drilling holes, adding cardboard rings, aluminum wire, and sprinklers, showing progression from initial to final prototype. However, the explanation lacks a concise summary of the overall design intent and key functional components in one place. | The prototype is constructed with enough detail to assure that objective data can be collected on many design requirements. The student explicitly states how the prototype allows measurement of ease of use (via user feedback), mold-lessness (by running water and assessing mold growth), and water distribution (observing spread and concentration). This shows a clear link between prototype features and measurable outcomes for multiple requirements. | Most attributes of the unique solution are addressed with test or modeling plans. The attributes mold-lessness, ease of use, and water distribution are described with specific testing approaches. The prototype includes parts that can be tested for mold and water distribution, and user feedback is planned for ease of use. This covers multiple key attributes, though some testing details could be more explicit. | An adequately supported justification is provided for the non-testable attribute 'easy to use' requiring expert review. The student explains that although informal testing with strangers occurred, formal evaluation by experts or the greenhouse club is still needed. However, the justification could be stronger by elaborating on why expert review is necessary and what aspects experts would evaluate.","Your documentation provides a clear and detailed explanation of your final prototype iteration, including step-by-step construction processes, tools, and materials used. This thorough description helps readers understand how your design evolved and the physical components involved. The inclusion of photos and material lists further supports the clarity of your prototype construction.

You have made strong connections between your prototype and the ability to collect objective data on several design requirements, such as mold-lessness, water distribution, and ease of use. Your plan to run water through the prototype to assess mold growth and observe water spread demonstrates thoughtful testability. Additionally, involving users to gather feedback on ease of use shows an understanding of practical evaluation methods. However, some testing procedures could be described in more detail to strengthen the evidence of measurable data collection.

Your justification for non-testable attributes, particularly ease of use, acknowledges the need for expert review, which is appropriate. To improve, consider elaborating on why expert evaluation is necessary and what specific expertise will contribute to the assessment. Also, providing a concise summary of your final prototype’s overall function and key features would enhance clarity. Finally, including more explicit testing protocols or measurement criteria would improve the robustness of your testability claims.",1.25,3.75
Case096_5350.pdf,,Placeholder text for scoring.,5,3,5,0,3,3,3,2,,,,,,,,"The final prototype iteration is adequately explained with descriptions of combining temperature and light intensity sensors on one Arduino, data collection via CSV files, and importing data into MATLAB. However, explanations lack detail on construction steps, specific components, or how the sensors were integrated, and the humidity sensor failure is noted but not deeply elaborated. | The prototype is constructed to collect objective data for some design requirements, specifically light intensity and temperature sensors. The light intensity data is accurately measured and recorded, but temperature data accuracy is uncertain due to unknown sensor scaling, and humidity data is absent. Thus, the prototype supports testability for some but not all requirements. | Some attributes are addressed with measurable outcomes: light intensity data is collected and graphed, and temperature data is collected though its accuracy is questionable. Humidity data is not collected. The student describes mapping light sensor values and attempts to graph data, indicating partial modeling/testing of attributes. | The student acknowledges inability to test humidity and uncertainty in temperature data accuracy but provides only limited justification. There is no explicit explanation that expert review or alternative evaluation methods are needed for these non-testable attributes, resulting in a developing but insufficient justification.","Your documentation provides a clear and adequate explanation of your final prototype iteration, particularly in how you combined the temperature and light intensity sensors on a single Arduino and managed data collection through CSV files for MATLAB analysis. This demonstrates a solid understanding of integrating multiple sensors and data handling, which is a strength in your prototype construction.

However, the prototype's testability is somewhat limited. While you successfully collected and graphed light intensity data, the temperature sensor's data accuracy remains uncertain due to unknown scaling, and the humidity sensor was not integrated, resulting in missing data. This limits the prototype's ability to fully evaluate all design requirements. Additionally, although you recognize these limitations, the justification for non-testable attributes lacks depth and does not clearly explain the need for expert review or alternative evaluation methods.

To improve, consider providing more detailed descriptions of your prototype construction steps and sensor integration to enhance clarity. Work on calibrating sensors or researching sensor specifications to improve data accuracy, especially for temperature. Develop a stronger justification for non-testable attributes by explaining why expert evaluation is necessary. Finally, documenting any troubleshooting or alternative approaches attempted for the humidity sensor could strengthen your explanation and testability.",3.25,2.75
Case097_2200.pdf,,Placeholder text for scoring.,2,2,0,0,4,3,3,2,,,,,,,,"The final prototype iteration is clearly and adequately explained. The student describes the initial separate Arduino prototypes for temperature and light intensity, then the final combined prototype that records data into a CSV file for MATLAB analysis. They also explain the unsuccessful attempt to integrate the humidity sensor and the resulting limitations. | The prototype is constructed to generate objective data for some design requirements, specifically light intensity and temperature. The student explains data collection and storage, but acknowledges issues with temperature calibration and inability to collect humidity data, limiting full testability. | Some attributes are addressed with measurable data: light intensity is mapped and graphed, and temperature data is collected though not fully calibrated. Humidity is not tested due to sensor failure. Thus, some but not all attributes are tested or modeled. | The student notes the inability to test humidity and the uncertainty in temperature calibration but does not provide a well-supported justification or mention expert review or alternative evaluation methods for these non-testable attributes.","Your documentation provides a clear and adequate explanation of your final prototype iteration, detailing the progression from separate Arduino circuits to a combined system that records data for analysis. This clarity helps readers understand your design process and the components involved. The construction of your prototype demonstrates the capability to collect objective data for light intensity and temperature, which is a solid foundation for testing your design requirements.

However, there are gaps in testability, particularly regarding the temperature sensor calibration and the unsuccessful integration of the humidity sensor. While you collected some measurable data, the inability to accurately convert voltage readings to temperature and the absence of humidity data limit the comprehensiveness of your testing. Additionally, the justification for non-testable attributes lacks depth; explicitly discussing why expert review or alternative evaluation methods are necessary would strengthen this aspect.

To improve, consider calibrating sensors more thoroughly to ensure accurate data interpretation, especially for temperature. Work on integrating all sensors into a single circuit to enable simultaneous data collection. Provide detailed explanations of how each attribute will be tested or modeled, including measurement methods. Finally, when attributes cannot be tested, include well-supported justifications and discuss potential expert evaluations or alternative assessments.",1,3
Case098_2110.pdf,,Placeholder text for scoring.,2,1,1,0,5,3,3,2,,,,,,,,"The final prototype iteration is clearly and fully explained with detailed descriptions of materials, construction steps, and design choices. The student describes the use of cardboard and popsicle sticks for early prototyping, the selection of Unistrut for the final frame, various bracing layouts tested, and welding details, providing a comprehensive understanding of the final prototype. | The prototype construction is described in detail, including materials and structural reinforcements, and the frame's ability to hold weight (2,000 lbs) is mentioned. However, explicit explanation of how objective data on all or nearly all design requirements will be collected is limited. While marble counts for different bracing layouts are given, the testing methods and measurement procedures are not fully detailed. | Several attributes such as frame strength, resource usage, and reinforcement strategies are addressed with some quantitative data (marble counts, weight held). However, the explanation of how these attributes are tested or modeled is only partially developed, lacking detailed testing protocols or modeling descriptions. | The student mentions that some attributes require expert review (welding quality), but the justification for why these cannot be tested or modeled is minimal and not well developed. There is no clear explanation of how expert review will be used or why it is necessary.","Your documentation provides a thorough and clear explanation of the final prototype iteration, including detailed descriptions of materials, construction methods, and design decisions. The progression from early cardboard models to a welded Unistrut frame is well articulated, giving a strong sense of the prototype’s development and key components.

While the prototype construction is detailed and includes some quantitative data such as marble counts and load capacity, the explanation of how objective, measurable data will be collected is incomplete. The testing methods and measurement procedures for evaluating design requirements could be more explicitly described to strengthen the evidence of testability. Similarly, although multiple design attributes are addressed, the testing or modeling of these attributes lacks depth and clarity.

The justification for non-testable attributes, such as welding quality requiring expert review, is mentioned but not sufficiently supported. To improve, consider explicitly describing how testing will be conducted and what measurements will be taken for each design requirement. Additionally, clarify the role and process of expert review for non-testable attributes. Including more detailed testing protocols and explaining how data will be collected and analyzed will enhance the overall rigor and clarity of your prototype evaluation.",1,3.25
Case099_5340.pdf,,Placeholder text for scoring.,5,3,4,0,5,3,3,2,,,,,,,,"The final prototype iteration is clearly and fully explained with detailed descriptions of materials, construction steps, and design choices. The student describes the use of cardboard and popsicle sticks for initial testing, the selection of Unistrut for the final frame, various bracing layouts tested, and welding details, providing a comprehensive understanding of the prototype. | The prototype construction is described in detail, and the student reports measurable outcomes such as the number of marbles each frame design could hold and the final frame holding 2,000 lbs. However, the explanation lacks explicit detail on how these tests were conducted or how objective data was systematically collected for all design requirements, limiting the score to some design requirements. | Several attributes are addressed with measurable outcomes, including strength tests with marbles and steel counterbalance weight. The student discusses different bracing layouts and their relative strengths, indicating some testing of structural strength attributes. However, not all attributes are clearly tested or modeled, and the testing methods are not fully detailed. | The student mentions that some attributes require expert review (welding by Corbin with metalworking experience), but the justification for why certain attributes cannot be tested or modeled is minimal and lacks explicit explanation of the need for expert evaluation or alternative assessment methods.","Your documentation provides a thorough and clear explanation of the final prototype iteration, including detailed descriptions of materials, construction methods, and design decisions. The progression from small-scale cardboard models to a welded Unistrut frame is well articulated, giving a strong sense of the prototype’s development and rationale.

You effectively describe testing different bracing layouts and provide quantitative results such as the number of marbles supported and the final frame’s load capacity. This demonstrates some capacity for generating measurable data related to structural strength. However, the testing procedures and data collection methods are not fully detailed, which limits the clarity on how objective and comprehensive the testing was across all design requirements. Additionally, while you mention expert involvement in welding, the justification for non-testable attributes needing expert review is underdeveloped and could be more explicit.

To improve, consider providing more detailed descriptions of your testing protocols and how measurements were taken to strengthen the evidence of testability. Clarify which specific design requirements are being evaluated and how the prototype enables this. Also, expand on the rationale for expert review of non-testable attributes, explaining why testing is not feasible and how expert judgment supplements evaluation. Including diagrams or photos with explanatory captions could further enhance clarity and support your explanations.",3,3.25
Case100_0000.pdf,,Placeholder text for scoring.,0,0,0,0,3,2,1,0,,,,,,,,"The student provides an adequate explanation of the prototype iteration, outlining steps taken to build the project, tools used, and materials involved. However, the explanation lacks clarity on the final prototype's specific features and how the iteration improved or changed from previous versions. | The prototype construction is described with some detail about materials and assembly methods, but there is limited evidence that the prototype is constructed to generate objective data on design requirements. The description of functionality is basic and does not clearly explain how measurable data will be collected. | The student mentions the prototype functions by lifting and lowering a roof using a button or manual method, but does not specify which attributes will be tested or how testing or modeling will be conducted. There is no clear explanation of measurable or observable outcomes. | There is no justification provided for any attributes that cannot be tested or modeled, nor is there mention of expert review or alternative evaluation methods.","Your documentation provides a reasonable overview of the prototype construction process, including the tools and materials used, which helps in understanding how the project was built. The step-by-step description of assembly and the involvement of team members adds clarity to the construction phase. This is a solid foundation for explaining your prototype iteration.

However, the explanation of the final prototype iteration could be more detailed, especially regarding how the prototype functions and what specific design features it includes. While you describe the prototype’s ability to lift and lower the roof, the explanation lacks detail on how you will measure or test these functions to generate objective data. Without clear testing methods or measurable attributes, it is difficult to assess the prototype’s effectiveness fully.

To improve, consider explicitly identifying the design requirements your prototype addresses and describing how you will measure or observe these during testing. Include specific attributes you plan to evaluate and the methods or tools you will use to collect data. Additionally, if some attributes cannot be tested, provide a clear justification and explain how expert review or alternative evaluation will be used. Enhancing these areas will strengthen your prototype’s testability and overall documentation.",0,1.5
Case101_1220.pdf,,Placeholder text for scoring.,1,2,2,0,3,4,3,0,,,,,,,,"The final prototype iteration is described with multiple construction steps, tools, and materials used. However, the explanation is somewhat fragmented and incomplete, with many steps left blank and no cohesive summary of the final prototype's overall function or key components. The description is adequate but lacks clarity and completeness. | The student explicitly links design requirements to measurable data collection methods, such as timing water dripping from IV needles, measuring soil moisture, weighing the system, and measuring water input versus output. This shows the prototype is constructed to allow objective data collection for many design requirements, though not necessarily all. | Some attributes are identified with descriptions of how the prototype can test them, such as water flow and weight. However, the attributes table is incomplete or missing, and the document does not fully list or describe all unique solution attributes or how each will be tested or modeled. Thus, only some attributes are addressed. | No justification is provided for any non-testable attributes, nor is there mention of expert review or external evaluation for attributes that cannot be tested or modeled.","Your documentation provides a reasonable explanation of your prototype construction process, including detailed steps, materials, and tools used. This helps convey how the prototype was physically assembled, which is a strength in demonstrating your hands-on work. However, the explanation of the final prototype iteration is somewhat incomplete and fragmented, with several construction steps left blank and no clear summary of the overall design or key functional components. Enhancing this explanation would improve clarity.

You effectively connect your prototype to measurable design requirements by describing how you will observe water flow, measure soil moisture, weigh the system, and track water usage. This shows your prototype is capable of generating objective data for many requirements. However, the description of specific attributes and how each will be tested or modeled is incomplete, limiting the demonstration of comprehensive testability. Additionally, there is no justification for any attributes that cannot be tested, nor mention of expert review, which is an important aspect to address.

To improve your work, consider fully completing all construction steps with clear descriptions, provide a cohesive summary of the final prototype iteration, explicitly list all design attributes with detailed testing or modeling plans, and include justifications for any non-testable attributes along with plans for expert evaluation. These steps will strengthen your prototype explanation and testability evidence.",1.25,2.5
Case102_1300.pdf,,Placeholder text for scoring.,1,3,0,0,3,4,3,0,,,,,,,,"The final prototype iteration is described with multiple construction steps, tools, and materials used, including PVC pipes, balloons, tubing, IV needles, and hot glue. However, the explanation is somewhat fragmented and incomplete, with many steps left blank and no cohesive summary of the final prototype's overall design or function. The description is adequate but lacks clarity and completeness. | The student explicitly links prototype features to design requirements and explains how objective, measurable data can be collected for most requirements. For example, water dripping from IV needles can be timed and soil moisture measured, weight can be measured with a scale, and water input versus output can be quantified to check for leaks. This shows the prototype is constructed to allow testing of many design requirements. | Some attributes of the design are identified and linked to testing methods, such as water flow and weight. However, the attributes table is missing or incomplete, and the document does not comprehensively address all unique solution attributes or how each can be tested or modeled. The testing descriptions are partial and lack detail for all attributes. | No justification is provided for any non-testable attributes, nor is there any mention of expert review or alternative evaluation methods. The document leaves the section blank, providing no evidence of addressing non-testable attributes.","Your prototype construction shows a clear effort to build a functional system using PVC pipes, balloons, tubing, and IV needles, with detailed steps and tools listed. This provides a solid foundation for understanding how the prototype was assembled. However, the explanation of the final prototype iteration is somewhat incomplete and fragmented, with several construction steps left blank and no cohesive overview of the final design. Enhancing the clarity and completeness of this explanation would improve understanding.

You effectively connect your prototype to your design requirements by describing how measurable data can be collected, such as timing water dripping, measuring soil moisture, weighing the system, and checking for leaks. This demonstrates good testability for many design requirements. However, the discussion of specific attributes and their testing is incomplete, lacking a comprehensive list and detailed testing approaches for all unique features. Additionally, there is no justification for any non-testable attributes or mention of expert review, which is important for a thorough evaluation.

To improve, consider fully completing all construction steps with clear descriptions, explicitly listing all prototype attributes and how each will be tested or modeled, and providing justifications for any attributes that cannot be tested along with plans for expert review. Including photos or sketches with captions could also strengthen your explanation and testability evidence.",1,2.5
Case103_5440.pdf,,Placeholder text for scoring.,5,4,4,0,4,2,2,1,,,,,,,,"The final prototype iteration is clearly and adequately explained with detailed descriptions of materials (cardboard, acrylic), construction steps (3D-printed tracks, bolting), and design decisions (ratcheting latch, nylon bolts). However, the explanation is somewhat incomplete as it ends abruptly and lacks a full summary of the final assembly. | The prototype construction is described with some detail, including mounting tracks and latch mechanisms, but there is no explicit explanation of how objective data on design requirements will be collected or measured. The description implies testability but does not specify measurable attributes or testing methods. | A few attributes are mentioned, such as sliding system functionality and latch mechanism compatibility with X-rays, but there is no clear explanation of how these attributes will be tested or modeled. The document lacks specific measurable outcomes or testing procedures. | There is minimal justification for non-testable attributes. While the text mentions consulting experts about nylon bolt strength and X-ray interference, it does not explicitly explain why certain attributes cannot be tested or how expert review will be used to evaluate them.","The student provides a clear and detailed explanation of the prototype construction process, including the use of cardboard and acrylic materials, 3D-printed tracks, and a ratcheting latch system. The description of assembly steps and material choices demonstrates thoughtful design iteration and collaboration with experts, which strengthens the understanding of the prototype's physical build.

However, the explanation falls short in describing how the prototype enables objective testing or measurement of design requirements. While the sliding mechanism and latch system are mentioned, the document does not specify what attributes will be tested, how measurements will be taken, or what data will be collected. This limits the ability to evaluate the prototype's effectiveness rigorously. Additionally, the justification for attributes that cannot be tested is minimal and lacks explicit reasoning or plans for expert evaluation.

To improve, the student should clearly identify specific design requirements and explain how the prototype allows for measurable testing of these attributes. Including detailed testing procedures or criteria would enhance testability. Furthermore, explicitly stating which attributes cannot be tested and describing how expert review or alternative evaluation methods will be used would strengthen the justification. Finally, completing the explanation of the final assembly and its intended testing would provide a more comprehensive understanding of the prototype iteration.",3.25,2.25
Case104_2331.pdf,,Placeholder text for scoring.,2,3,3,1,4,2,2,0,,,,,,,,"The final prototype iteration is clearly and adequately explained with detailed descriptions of design refinements, material choices, and construction methods. The explanation covers key components such as lattice structures, modular segments, mounting points, and material properties, but lacks some explicit detail on the final assembled prototype as a whole. | The prototype construction is described with material and structural details, but there is no explicit explanation of how objective data on design requirements will be collected. While assembly tests were performed, the document does not specify measurable tests or data collection methods for structural integrity, usability, or load capacity. | Some attributes such as structural integrity, weight reduction, and grip are mentioned as design focuses, but the document does not clearly describe how these attributes will be tested or modeled. There is no explicit description of testing procedures or measurable outcomes, limiting evidence to a few attributes addressed in a general way. | No justification is provided for any attributes that cannot be tested or modeled, nor is there mention of expert review or alternative evaluation methods.","The student provides a well-developed explanation of the final prototype iteration, detailing the design refinements, material selection, and construction approach. The description of lattice structures, modular components, and the use of carbon-fiber-reinforced PLA demonstrates thoughtful consideration of strength, weight, and usability. This clarity supports understanding of the prototype’s intended functionality.

However, the document falls short in describing how the prototype enables objective testing or data collection. While assembly tests are mentioned, there is no explicit plan or method for measuring key design requirements such as structural integrity or usability. Similarly, although several design attributes are discussed, the lack of clear testing or modeling procedures limits the ability to evaluate these attributes effectively. Additionally, the student does not address any attributes that cannot be tested or justify the need for expert review.

To improve, the student should explicitly describe specific tests or measurements planned for the prototype, such as load testing or grip performance evaluation. Including details on how data will be collected and analyzed would strengthen testability. Furthermore, identifying any non-testable attributes and providing justification or plans for expert evaluation would enhance completeness. Finally, a more comprehensive explanation of the final assembled prototype and its testing readiness would improve clarity and support higher scoring.",2.25,2
Case105_1100.pdf,,Placeholder text for scoring.,1,1,0,0,4,2,2,0,,,,,,,,"The final prototype iteration is clearly and adequately explained with detailed descriptions of design refinements, material choices, and construction methods. The explanation covers key components such as lattice structures, modular segments, mounting points, and material properties, but lacks some explicit detail on the final assembled prototype's full configuration. | The prototype construction is described with material choice and structural features, but there is no explicit explanation of how objective data on design requirements will be collected. While assembly tests were performed, the document does not specify measurable tests or data collection methods for structural integrity or usability. | Some attributes such as structural integrity, weight reduction, and grip are mentioned as design focuses, but the document does not clearly describe how these attributes will be tested or modeled. The slight flex is noted as beneficial, but no testing or modeling procedures are detailed. | No justification is provided for any non-testable attributes or explanation of expert review or alternative evaluation methods.","The student provides a well-developed explanation of the final prototype iteration, detailing the design refinements, material selection, and construction approach. The description of lattice structures, modular components, and the use of carbon-fiber-reinforced PLA demonstrates thoughtful consideration of strength, weight, and usability. This clarity helps the reader understand the prototype's intended functionality and design rationale.

However, the document falls short in describing how the prototype enables objective testing or data collection. While assembly tests are mentioned, there is no explicit plan or method for measuring structural integrity, load capacity, or usability attributes. Similarly, although some design attributes like flexibility and grip are discussed, the lack of defined testing or modeling procedures limits the ability to evaluate these features quantitatively. Additionally, the student does not address any attributes that cannot be tested or justify the need for expert review.

To improve, the student should explicitly describe specific tests or measurements planned for key design requirements, such as load testing or grip performance evaluation. Including details on how data will be collected and analyzed would strengthen testability. Furthermore, identifying any attributes that cannot be directly tested and explaining how expert evaluation or alternative methods will be used would enhance completeness. Finally, providing more detail on the final assembled prototype configuration would improve clarity.",0.5,2
Case106_0010.pdf,,Placeholder text for scoring.,0,0,1,0,2,0,0,0,,,,,,,,"The final prototype iteration is somewhat explained by describing the use of a CAD model based on a chosen rain barrel and checking size and dimensions for placement. However, the explanation lacks detail about what was built, how it was constructed, and key components, resulting in gaps. | There is no explicit evidence that the prototype was constructed to generate objective data on design requirements. The description only mentions modeling and approval but does not explain how measurable or testable attributes are enabled. | No attributes of the unique solution are described as being tested or modeled. The document does not specify any measurable or testable design attributes or how testing would be conducted. | There is no justification provided for any non-testable attributes or explanation of the need for expert review or alternative evaluation methods.","The explanation of the final prototype iteration shows some effort to describe the design process by referencing a CAD model based on an existing rain barrel and considering spatial dimensions. This indicates an initial step toward prototype development and stakeholder involvement through approval from a garden worker. However, the description lacks sufficient detail about the prototype's construction, materials, or specific features, which limits clarity and completeness.

Regarding testability, the document does not provide evidence that the prototype can generate objective, measurable data related to design requirements. There is no mention of which attributes will be tested, how testing will be conducted, or what data will be collected. Similarly, no attributes are identified as being modeled or tested, and no justification is given for any attributes that cannot be tested. This limits the ability to evaluate the prototype's effectiveness or performance.

To improve, the student should provide a detailed description of the prototype's construction, including materials and assembly steps. They should explicitly identify design requirements and explain how the prototype enables measurement or testing of these requirements. Including specific attributes to be tested and the methods for evaluation would strengthen the documentation. Finally, if some attributes cannot be tested, a clear justification and explanation of alternative evaluation methods or expert review should be included.",0.25,0.5
Case107_1000.pdf,,Placeholder text for scoring.,1,0,0,0,2,1,1,0,,,,,,,,"The final prototype iteration is somewhat explained by stating it was modeled after a chosen rain barrel and used to check size and dimensions. However, the explanation lacks detail about what was built, how it was constructed, and key components, resulting in gaps. | There is no clear evidence that the prototype was constructed to generate objective data on design requirements. The description only mentions checking size and dimensions and receiving approval, without explaining measurable testing or data collection. | The document does not address specific attributes of the design that can be tested or modeled. The only implied attribute is size/dimension fit, but no testing or modeling approach is described. | No justification is provided for any non-testable attributes or explanation of expert review or alternative evaluation methods.","The student provides a basic explanation of their final prototype iteration, noting that it was modeled after an existing rain barrel and used to verify size and dimensions for placement. This shows some consideration of spatial constraints and stakeholder input, which is a positive aspect of the design process. However, the explanation lacks detail about the prototype’s construction, materials, or specific features, limiting clarity and completeness.

Regarding testability, the prototype’s ability to generate objective, measurable data is minimal. While size and dimension checking is mentioned, there is no description of how these attributes were measured or evaluated, nor is there evidence of testing other design requirements. The document also does not identify or address specific attributes that can be tested or modeled, nor does it provide any justification for attributes that cannot be tested.

To improve, the student should provide a more detailed description of the prototype’s construction and components. They should explicitly state which design requirements will be tested and how measurements or observations will be collected. Including specific testing methods or modeling approaches for key attributes would strengthen the evaluation. Finally, if some attributes cannot be tested, the student should explain why and describe any expert review or alternative evaluation planned.",0.25,1
Case108_1211.pdf,,Placeholder text for scoring.,1,2,1,1,4,2,2,1,,,,,,,,"The final prototype iteration is clearly and adequately explained with a detailed description of the three attempts, materials used, construction steps, and added features such as the door, battery, timer, and gears. The explanation covers what was built and how, but some details about the final assembly and function could be more fully elaborated. | The prototype construction is described in detail, but there is limited evidence that it can generate objective data on design requirements. The student mentions the intended testing with a plant and timer but did not complete testing due to malfunction. There is no clear explanation of how measurements or observations would be systematically collected. | Some attributes are identified (ease of use, low maintenance, environmental friendliness, low cost), but testing or modeling of these attributes is not clearly described. The student states the design 'would have allowed' data collection but provides no concrete testing procedures or measurable outcomes. | There is no explicit justification for non-testable attributes or explanation of why expert review or alternative evaluation is needed. The document lacks discussion on how untestable attributes would be assessed.","Your documentation provides a clear and detailed explanation of the prototype iterations, including the challenges faced with materials and measurements, and the final design features such as the door, battery, and timer. This thorough description helps readers understand the construction process and the evolution of your design. The inclusion of materials and tools used further strengthens the explanation.

However, the prototype's ability to generate objective, measurable data is limited. While you mention the intention to test the design with a plant and timer, the malfunction prevented completion of testing, and there is no detailed plan for how data would be collected or analyzed. Similarly, although you identify key attributes like ease of use and environmental friendliness, the document lacks specific testing or modeling methods for these attributes.

To improve, consider developing and describing clear testing procedures for each attribute, including how measurements or observations will be recorded. Additionally, provide explicit justification for any attributes that cannot be tested, explaining how expert review or alternative evaluation methods would be used. Finally, elaborating on the final prototype’s functional performance and how it meets design requirements would enhance the overall quality and testability of your project.",1.25,2.25
Case109_2220.pdf,,Placeholder text for scoring.,2,2,2,0,3,2,1,0,,,,,,,,"The student provides an adequate explanation of the final prototype iteration, describing the construction steps, materials used, and key components such as the rotating circular platform, engine, batteries, and shade. However, the explanation is somewhat fragmented and lacks a clear, cohesive overview of the final prototype as a whole. | The prototype construction is described in detail, but there is limited explicit evidence that the prototype is constructed to generate objective data on design requirements. While the platform rotates and the shade is adjustable, the student does not explain how these features will be measured or tested to evaluate performance. | The document mentions attributes such as rotation of the platform and shade positioning, but there is no clear explanation of how these attributes will be tested or modeled. No specific measurable outcomes or testing methods are described. | There is no justification provided for any attributes that cannot be tested or modeled, nor is there mention of expert review or alternative evaluation methods.","The student demonstrates a solid effort in constructing and explaining their prototype, detailing the assembly of the rotating platform, engine integration, battery setup, and shade attachment. The step-by-step descriptions and material choices provide a reasonable understanding of the physical build, which is a strength in communicating the prototype's components and construction process.

However, the explanation lacks clarity in connecting the prototype features to specific design requirements and measurable testing. While the platform's rotation and shade are described, the student does not explain how these attributes will be objectively evaluated or what data will be collected to assess performance. This limits the ability to determine the prototype's testability and the extent to which it supports design validation. Additionally, there is no discussion or justification for any attributes that cannot be tested, missing an opportunity to address potential limitations.

To improve, the student should clearly identify the key design requirements and explain how the prototype enables measurement or observation of these attributes. Including specific testing methods or criteria for success would strengthen the evaluation. Furthermore, providing justification for any non-testable attributes and considering expert review would enhance completeness. Finally, organizing the explanation into a more cohesive overview of the final prototype would improve clarity and communication.",1.5,1.5
