filename,source_type,text,G1_expert,G2_expert,G3_expert,G4_expert,G1,G2,G3,G4,G1_flag,G2_flag,G3_flag,G_flag,G1_rationale,G2_rationale,G3_rationale,G4_rationale,narrative_feedback,expert_score,element_score_raw
Case001_5551.pdf,,Placeholder text for scoring.,5,5,5,1,4,4,4,3,,,,,,,,,"Your portfolio demonstrates a strong and clear explanation of the final prototype iteration, including detailed construction steps, tools, and materials. The inclusion of photos, CAD drawings, and design evolution provides a solid understanding of how the prototype was developed and refined. This thorough documentation supports a good grasp of the prototype’s physical characteristics.

The prototype is well-constructed to enable objective testing of many design requirements such as protection, attachment, durability, color, and weight. The descriptions of specific features like grippers, walls, and loops, along with proposed testing methods, indicate that the prototype can generate measurable data for most attributes. However, some testing procedures could be more explicitly detailed to strengthen the evidence of testability.

While you provide a reasonable justification for why ergonomic design cannot be physically tested, expanding this explanation to clarify the need for expert review would improve the completeness of your rationale. To enhance your work, consider providing a more cohesive summary of the final iteration, detailing specific testing protocols, and elaborating on non-testable attribute justifications. Additionally, including quantitative measurements or test results would further support your prototype’s evaluation.",4,3.75
Case002_4554.pdf,,Placeholder text for scoring.,4,5,5,4,4,4,4,3,,,,,,,,,"Your portfolio demonstrates a strong and clear explanation of the final prototype iteration, including detailed construction steps, tools, and materials. The inclusion of photos, CAD modeling, and design evolution provides a solid understanding of your prototype development process. This clarity helps convey how your design progressed and the rationale behind key changes.

The prototype construction supports objective testing of many important design requirements such as protection, attachment security, durability, and weight. You effectively link design features to measurable criteria and describe testing approaches for multiple attributes, which strengthens the testability of your prototype. However, some testing procedures could be elaborated further to enhance clarity and completeness.

The justification for non-testable attributes like ergonomics is present but somewhat minimal. Expanding this explanation with more detailed reasoning or expert feedback would improve the robustness of your justification. To enhance your work, consider providing a more cohesive narrative that integrates all construction steps, elaborating on specific testing methods, including quantitative measurements where possible, and strengthening justifications for non-testable attributes with expert insights or literature references.",4.5,3.75
Case003_2253.pdf,,Placeholder text for scoring.,2,2,5,3,4,4,4,1,,,,,,,,,"Your prototype construction is well documented with clear step-by-step instructions, tool usage, and material details, which provides a solid understanding of how the final design was built. The inclusion of photos and a materials list strengthens the explanation, making it easier to visualize the prototype. This thoroughness is a strong point in your documentation.

The prototype supports testing of many important design requirements, such as size constraints, fan functionality, filter effectiveness, and noise levels, with objective data collection methods like air quality meters. This demonstrates good testability and a practical approach to evaluating your design. However, some design requirements, including chargeability and ease of management, are not testable with the current prototype, which limits comprehensive evaluation.

While most attributes are addressed with explanations of how they can be tested, the lack of justification for non-testable attributes is a notable gap. Providing expert review or rationale for these would strengthen your portfolio.

To improve, consider integrating a more cohesive narrative that explicitly connects all construction steps to the final prototype iteration. Include testing procedures or preliminary results where possible to demonstrate functionality. Provide clear justifications or expert feedback for attributes that cannot be tested. Finally, explore ways to prototype or simulate currently untestable features such as chargeability or diffuser functionality.",3,3.25
Case004_2330.pdf,,Placeholder text for scoring.,2,3,3,0,4,4,4,1,,,,,,,,,"Your prototype construction is well documented with detailed step-by-step descriptions and clear identification of tools and materials used. This thorough explanation helps visualize the build process and understand how key components like the fan, air filter, and vents were integrated. Including photos with captions would further strengthen this section by providing visual confirmation of your work.

The prototype is designed to collect objective data on many important design requirements, such as size, airflow, filtration effectiveness, and noise level. The use of an air quality meter to test particulate matter and VOC filtration is a strong point, demonstrating measurable evaluation of your design's core functions. However, some design requirements like chargeability and ease of management are not testable with this prototype, and these gaps limit full assessment.

While most attributes are addressed with functional testing, the justification for non-testable attributes is missing. Providing expert review or a clear rationale for why certain features cannot be tested would improve the completeness of your documentation. To enhance your work, consider adding a final summary that ties all construction steps together, including photos of the final prototype. Also, develop testing plans or metrics for qualitative attributes like durability and safety, and provide justifications or expert feedback for non-testable features.",2,3.25
Case005_2320.pdf,,Placeholder text for scoring.,2,3,2,0,4,3,3,4,,,,,,,,,"The prototype explanation is a strong aspect of this submission, providing a clear description of the dome-shaped design, materials used, and construction process. The student effectively communicates the rationale behind the shape and scaling, as well as challenges encountered with image clarity due to material texture and handling. This clarity helps the reader understand the prototype's physical form and intended function.

Regarding testability, the prototype supports some objective evaluation, particularly through visibility and reflection tests involving observers at various angles. However, the testing methods are informal and limited, lacking detailed procedures or quantitative data collection. While some attributes are addressed, the scope of testing could be expanded to cover more design requirements comprehensively. The justification for non-testable attributes is present but somewhat general; it would benefit from deeper explanation of why expert review is critical and how it informs design decisions.

To improve, the team should document specific measurable criteria and testing protocols to strengthen objective data collection. Enhancing the prototype with smoother materials as suggested by expert feedback could improve test accuracy. Including detailed diagrams or photos would clarify construction and testing setups. Finally, expanding the justification for non-testable attributes with explicit links to expert insights would provide stronger support for design decisions.",1.75,3.5
Case006_2130.pdf,,Placeholder text for scoring.,2,1,3,0,4,3,3,4,,,,,,,,,"Your prototype explanation is clear and provides a good understanding of the construction process and materials used, including the shape and reflective surface. You also thoughtfully acknowledge some limitations, such as image blurring and fingerprint interference, which shows reflection on the prototype's performance. This clarity helps others visualize your design and its intended function.

Regarding testability, your prototype allows for some evaluation of key attributes like visibility and reflection, demonstrated by your informal testing with students and librarian observation. However, the testing methods are qualitative and lack detailed, objective data collection, which limits the ability to fully assess all design requirements. Additionally, while you address some attributes through testing, others remain untested or only partially evaluated.

Your use of expert feedback to justify non-testable attributes is a positive step, but the justification could be strengthened with more detailed reasoning or additional expert input. To improve, consider incorporating more precise measurement methods during testing, expanding the range of testable attributes, and documenting these tests clearly. Building a larger scale model as planned could also enhance testability. Finally, providing more detailed justification for non-testable attributes will strengthen your overall design evaluation.",1.5,3.5
Case007_2300.pdf,,Placeholder text for scoring.,2,3,0,0,2,2,1,0,,,,,,,,,"The prototype documentation provides a basic overview of materials used and some general design features, which is a good starting point for understanding the construction. However, the explanation of the final prototype iteration lacks clarity and detail, making it difficult to fully grasp what was built and how it functions. Including more specific descriptions or images would strengthen this aspect.

Regarding testability, the prototype appears to be incomplete, notably missing the shooting or dispensing mechanism, which limits its ability to generate objective, measurable data on design requirements. While some components are listed, the document does not clearly identify which attributes can be tested or how testing will be conducted. This gap reduces the potential for meaningful evaluation of the design.

Additionally, there is no justification provided for any attributes that cannot be tested or require expert review, which is an important part of a thorough design evaluation. To improve, consider providing a clearer, more detailed explanation of the prototype iteration, including construction steps and key features. Enhance the prototype to include all critical mechanisms to enable measurable testing. Identify specific attributes that can be tested and describe how testing will be performed. Finally, include justifications for any non-testable attributes to demonstrate thoughtful design consideration.",1.25,1.25
Case008_1122.pdf,,Placeholder text for scoring.,1,1,2,2,3,2,2,0,,,,,,,,,"The prototype documentation provides a basic overview of materials used and some general design features, which helps in understanding the construction approach. The mention of components like the opening at the top and the hole for the ball offers some insight into the design intent. However, the explanation of the final prototype iteration lacks detail and clarity, making it difficult to fully grasp the construction and functionality.

Regarding testability, the prototype includes various materials and parts, but the absence of a shooting or dispensing mechanism and the lack of detailed testing plans limit its ability to generate objective, measurable data. Specific attributes that could be tested or modeled are not clearly identified, which restricts the evaluation of the design's performance. Additionally, there is no justification for attributes that cannot be tested, leaving gaps in understanding how non-testable aspects are addressed.

To improve, provide a clearer and more detailed explanation of the final prototype iteration, including key components and construction steps. Incorporate or describe mechanisms that enable measurable testing of design requirements. Identify and explain specific attributes that can be tested or modeled. Finally, include justification for any non-testable attributes and explain why expert review might be necessary.",1.5,1.75
Case009_4340.pdf,,Placeholder text for scoring.,4,3,4,0,4,4,3,0,,,,,,,,,"The student provides a well-structured and detailed explanation of the final prototype iteration, highlighting key design improvements such as the single motor with belt-driven flywheels and an adjustable side wall. The construction process is thoroughly described, including materials, assembly steps, and mechanical subsystems, which demonstrates a solid understanding of prototype building and functional integration.

The prototype appears capable of generating objective data related to motor and flywheel performance, as well as frisbee guidance, supporting many inferred design requirements. However, the explanation lacks explicit discussion of specific testable attributes or modeling methods, limiting clarity on how the prototype will be evaluated quantitatively. Additionally, there is no justification for any non-testable attributes or expert review needs, which is a notable gap.

To improve, the student should explicitly identify and describe measurable attributes and how they will be tested or modeled. Including test plans or expected data types would strengthen testability evidence. Providing justification for any attributes that cannot be directly tested would also enhance completeness. Finally, clarifying the role and adjustment mechanism of the side wall with respect to performance testing would improve the explanation.",2.75,2.75
Case010_5544.pdf,,Placeholder text for scoring.,5,5,4,4,4,4,3,0,,,,,,,,,"The student provides a clear and detailed explanation of the final prototype iteration, including thoughtful design modifications such as using a single motor with a belt system and an adjustable side wall. The construction process is well documented, with specific materials, assembly steps, and mechanical subsystems described, demonstrating a solid understanding of prototype building.

The prototype appears capable of generating objective data for many design requirements, particularly those related to motor operation and flywheel mechanics. However, the explanation does not explicitly link all design requirements to measurable outcomes, and only some attributes are clearly testable or modelable. This limits the ability to fully evaluate the prototype's performance across all intended functions.

No justification is provided for any non-testable attributes, which is a notable gap. To improve, the student should explicitly identify all key design requirements and describe how the prototype enables measurement for each. Including specific testing plans or data collection methods would strengthen testability. Additionally, providing justification for any attributes that cannot be tested and explaining the need for expert review would complete the evaluation. Finally, clearer connections between design goals and prototype features would enhance the overall explanation.",4.5,2.75
Case011_0000.pdf,,Placeholder text for scoring.,0,0,0,0,2,1,1,0,,,,,,,,,"The student document provides a basic overview of the prototype construction process, including group collaboration, sketching, material selection, and assembly. This shows some effort in explaining the prototype iteration, but the explanation lacks specific details about the final prototype’s design, components, and functionality. Clearer descriptions of what was built and how it meets design requirements would strengthen the explanation.

Regarding testability, the prototype’s construction is described in general terms without clear evidence that it can generate objective, measurable data. While the prototype was physically assembled and attached to a wall, the document does not specify measurable design requirements or how testing was conducted. Similarly, only one attribute—the prototype’s ability to hold up on the wall—is indirectly addressed, with no detailed testing or modeling of other design attributes.

The document also lacks any justification for attributes that cannot be tested or require expert review, which is an important part of a comprehensive design evaluation. To improve, the student should provide a detailed description of the final prototype’s components and how it functions, explicitly identify measurable design requirements, and describe testing methods and results. Additionally, including justification for any non-testable attributes would enhance the completeness of the evaluation.",0,1
Case012_2332.pdf,,Placeholder text for scoring.,2,3,3,2,2,1,1,0,,,,,,,,,"The student demonstrates some effort in explaining the prototype iteration process, including group collaboration, sketching, material selection, and assembly. However, the explanation lacks clarity and detail about the final prototype's specific features and construction, making it difficult to fully understand what was built and how. This limits the ability to assess the prototype's quality and functionality.

Regarding testability, the document provides minimal evidence that the prototype was constructed to generate objective, measurable data on design requirements. While the student mentions testing and fixing flaws, there is no clear description of measurable attributes or how the prototype supports evaluation of these attributes. Additionally, no specific attributes are identified as tested or modeled, and no justification is given for any attributes that cannot be tested.

To improve, the student should provide a clearer, more detailed explanation of the final prototype, including key components and construction steps. They should explicitly identify design requirements and describe how the prototype enables objective measurement of these requirements. Including specific testable attributes and documenting testing procedures or results would strengthen the submission. Finally, if some attributes cannot be tested, the student should justify why and explain the need for expert review.",2.5,1
Case013_4114.pdf,,Placeholder text for scoring.,4,1,1,4,2,1,1,3,,,,,,,,,"The documentation provides a limited explanation of the prototype iteration, primarily listing materials and humidity sensor data without a clear description of a constructed prototype or iteration process. While the students have begun preliminary research and consulted experts, the explanation lacks detail on what was built or how the prototype functions, which limits understanding of their progress.

Regarding testability, the current work does not include a constructed prototype capable of generating objective data on design requirements. The students have only measured humidity levels in various containers but have not yet tested or modeled specific design attributes. This limits the ability to evaluate the prototype’s effectiveness or functionality at this stage.

The justification for non-testable attributes is adequate, as the students explain that expert feedback is guiding their design decisions and that testing will occur after completing the CAD design. To improve, the team should focus on clearly describing their prototype construction and iteration steps, develop a physical prototype that can be tested against design requirements, and document specific attributes targeted for testing. Additionally, providing more detailed justification for attributes that cannot yet be tested would strengthen their rationale and planning.",2.5,1.75
Case014_0012.pdf,,Placeholder text for scoring.,0,0,1,2,2,1,1,3,,,,,,,,,"The documentation shows some initial efforts to explore materials and measure humidity levels, which is a positive start toward understanding design constraints. However, the explanation of the final prototype iteration is incomplete and lacks clarity about what was built or how the components function together. This limits the ability to fully grasp the prototype’s design and purpose.

Regarding testability, the current work does not demonstrate a constructed prototype capable of generating objective data on the design requirements. While some humidity measurements were taken in various containers, no comprehensive testing or modeling of multiple design attributes has been conducted. The justification for non-testable attributes is present but remains general, relying mainly on plans for future expert review without detailed rationale.

To improve, the team should clearly describe the final prototype iteration, including construction details and component integration. Building a physical prototype that can be tested against multiple design requirements will enhance testability. Additionally, expanding testing to cover more attributes and providing detailed justifications for any non-testable aspects will strengthen the documentation. Including diagrams or photos could also improve clarity and support evaluation.",0.75,1.75
Case015_5544.pdf,,Placeholder text for scoring.,5,5,4,4,4,4,3,2,,,,,,,,,"The student provides a thorough and detailed explanation of the final prototype iteration, including the materials used, construction steps, and rationale behind design changes. The iterative process is well documented, showing thoughtful consideration of manufacturing challenges and functional improvements. This clarity helps readers understand the prototype’s development and key components.

The prototype construction demonstrates strong potential for generating objective data on many design requirements, such as water flow and portability. The use of standardized materials and detailed assembly descriptions supports testability. However, some fastening and integration issues remain unresolved, which may limit full evaluation of all design aspects. Testing or modeling is addressed for several attributes, but the coverage is somewhat limited and could be expanded to include more measurable outcomes.

Justification for non-testable attributes is minimal and would benefit from more explicit reasoning or expert input. To improve, the student should (1) provide a more cohesive and organized explanation of the final iteration, (2) explicitly link all design requirements to testable prototype features, (3) expand testing plans to cover additional attributes with measurable criteria, and (4) develop stronger justification for any attributes that cannot be tested, including expert review if applicable.",4.5,3.25
Case016_2100.docx,,Placeholder text for scoring.,2,1,0,0,2,2,1,0,,,,,,,,,"The submitted document does not provide any explanation or description of the final prototype iteration, nor does it include details about the construction process or materials used. Without these elements, it is not possible to assess the prototype's ability to generate objective, measurable data or to evaluate specific design attributes. Additionally, there is no discussion or justification regarding any attributes that cannot be tested or modeled, nor is there evidence of expert review or feedback.

To improve, it is essential to clearly describe the final prototype iteration, including what was built, how it was constructed, and any changes made from initial versions. Providing a detailed materials list, construction techniques, and step-by-step instructions will strengthen the explanation. Furthermore, explicitly linking the prototype's features to design requirements and explaining how objective data can be collected will enhance testability. Addressing which attributes cannot be tested and justifying these with expert input will complete the evaluation.

Including photos, sketches, or CAD drawings with captions and references will also support clarity and completeness. These steps will ensure the prototype is well-documented, testable, and that all aspects of the design are appropriately evaluated.",0.75,1.25
Case017_1110.docx,,Placeholder text for scoring.,1,1,1,0,3,2,1,0,,,,,,,,,"The document provides a general overview of what should be included in Element G but lacks any specific explanation or description of the student's own prototype iteration. There is no detailed account of the final prototype, its construction, or the materials and techniques used, which limits understanding of the design and its development process.

Additionally, the document does not demonstrate that the prototype is capable of generating objective, measurable data related to design requirements. Without descriptions of prototype functionality or testing approaches, it is unclear how design attributes can be evaluated or modeled. The absence of any justification for attributes that cannot be tested further weakens the submission.

To improve, the student should provide a clear and detailed explanation of their final prototype iteration, including materials, construction steps, and changes made during development. They should explicitly link the prototype's features to specific design requirements and describe how objective data can be collected. Including evidence such as photos, diagrams, or testing results would strengthen the submission. Finally, the student should identify any attributes that cannot be tested and provide well-supported justifications, ideally incorporating expert feedback.",0.75,1.5
Case018_1120.docx,,Placeholder text for scoring.,1,1,2,0,2,2,1,0,,,,,,,,,"The submission provides minimal explanation of the final prototype iteration, focusing primarily on instructions for what should be included rather than describing the actual prototype built. This limits understanding of the prototype's construction, materials, and iteration process. To strengthen this area, detailed descriptions of the final prototype, including materials used, construction techniques, and changes made during iteration, are essential.

Regarding testability, the document lacks evidence that the prototype can generate objective, measurable data for any design requirements. There is no discussion of specific attributes that can be tested or modeled, nor is there any indication of how testing would be conducted. Additionally, no justification is provided for attributes that cannot be tested, and no expert review is mentioned. Including clear descriptions of testable attributes, how the prototype supports measurement, and justifications for non-testable aspects would greatly improve the submission.

To enhance the quality of the prototype documentation, consider: 1) providing a comprehensive explanation of the final prototype iteration with materials and construction details; 2) explicitly linking prototype features to design requirements and describing how objective data can be collected; 3) identifying and explaining testable attributes and modeling approaches; and 4) justifying any non-testable attributes with expert feedback. Adding photos, sketches, or diagrams would also support clarity and completeness.",1,1.25
Case019_2220.docx,,Placeholder text for scoring.,2,2,2,0,3,3,3,4,,,,,,,,,"The submission currently serves as a template rather than a completed Element G portfolio section. It lacks a clear and detailed explanation of the final prototype iteration, which limits understanding of what was constructed and how. Providing a thorough description of the prototype’s components, construction steps, and any changes from initial designs would greatly strengthen this section.

There is no evidence that the prototype was constructed to enable objective, measurable testing of design requirements. Without details on how the prototype functions or supports data collection, it is difficult to assess its testability or the ability to evaluate design attributes. Additionally, no attributes are identified as testable or modeled, and no justification is given for any non-testable aspects requiring expert review.

To improve, you should document the final prototype iteration clearly, including photos, construction details, and materials used. Next, explicitly link the prototype’s features to your design requirements and describe how you will collect measurable data. Identify specific attributes that can be tested or modeled and provide justifications for any that cannot, noting the need for expert review. These steps will enhance the clarity, testability, and completeness of your prototype documentation.",1.5,3.25
Case020_2111.docx,,Placeholder text for scoring.,2,1,1,1,3,3,3,4,,,,,,,,,"The submission currently consists solely of a template and instructions without any actual content describing the student's prototype iteration or construction process. This limits the ability to evaluate the clarity and completeness of the final prototype explanation. To strengthen this section, the student should provide a detailed narrative of the final prototype iteration, including what was built, how it was built, and key components involved.

Regarding testability, there is no evidence that the prototype was constructed or that it can generate objective, measurable data related to design requirements. The student should explicitly list design requirements and describe how the prototype enables testing or measurement of these requirements. Additionally, attributes of the design should be identified and linked to testable features of the prototype to demonstrate its evaluation capability.

No justification is provided for any attributes that cannot be tested or require expert review. The student should identify such attributes and provide clear reasoning for why expert input is necessary. To improve, the student should include detailed construction records, photos or diagrams, and explanations of how the prototype supports testing. Providing these elements will enhance the clarity, testability, and overall quality of the prototype documentation.",1.25,3.25
Case021_2231.pdf,,Placeholder text for scoring.,2,2,3,1,4,3,3,3,,,,,,,,,"Your prototype explanation is well-developed, providing a clear overview of the system's components and their functions. The description of the fish tank, grow beds, aeration, and water cycling demonstrates a thoughtful design that integrates multiple elements effectively. This clarity helps readers understand the physical construction and intended operation of the aquaponic system.

Regarding testability, your prototype includes functional features that can generate measurable data, such as water volume and biomass production. However, the current lack of implemented sensors or detailed measurement methods limits the ability to fully test all design requirements. While future plans for Arduino-based monitoring are promising, incorporating these elements sooner would strengthen your prototype's capacity for objective data collection. Additionally, some attributes are addressed with measurable metrics, but others remain untested or only planned.

Your justification for non-testable attributes like educational value and safety is adequate and supported by expert comments, though it could be enhanced by explaining the need for expert review more explicitly. To improve, consider adding detailed construction steps or diagrams, implementing sensor-based monitoring to enable real-time data collection, expanding testing protocols for more attributes, and providing deeper justification for non-testable aspects. These steps will enhance the prototype's clarity, testability, and overall evaluation.",2,3.25
Case022_0112.pdf,,Placeholder text for scoring.,0,1,1,2,3,3,3,3,,,,,,,,,"Your prototype explanation provides a clear sequence of steps taken to disassemble the showerhead, identify buildup, and test cleaning solutions, which helps understand your approach. However, the final prototype iteration could be better summarized to highlight its key components and how they integrate to meet design goals. This would strengthen the clarity of your explanation.

The prototype construction supports testing some design requirements, such as water flow and cleaning effectiveness, by allowing observation through the showerhead opening. Yet, the ability to collect objective, measurable data on all design requirements is limited. Similarly, while functionality is testable, durability is not, and your justification for this is reasonable but could be expanded with more detailed reasoning or expert input.

To improve, consider providing a concise summary of the final prototype and its components. Enhance the prototype to enable more quantitative measurements of cleaning effectiveness and water flow. Develop a more detailed plan or method for testing durability or explain how expert review could assess this attribute. Including diagrams or photos of the prototype could also clarify construction and testability.",1,3
Case023_1110.pdf,,Placeholder text for scoring.,1,1,1,0,3,3,3,3,,,,,,,,,"Your prototype explanation provides a reasonable overview of the steps taken to create and test the cleaning solution within the showerhead, including disassembly and the use of tablets to address buildup. This shows a clear effort to understand the problem and develop a functional prototype. However, the description could be improved by more explicitly detailing the final assembled prototype and how the cleaning tablet is integrated and tested in situ.

The prototype construction supports some objective testing, such as verifying water flow and observing cleaning effectiveness after tablet use. Yet, the testing approach and data collection methods are not fully developed, limiting the ability to measure all design requirements comprehensively. While functionality is addressed, durability remains untestable with the current prototype, and the justification for this limitation is reasonable but could be expanded.

To improve, consider providing a clearer, step-by-step description of the final prototype assembly and testing procedure. Include specific metrics or observations you plan to record during testing to strengthen measurable data collection. Additionally, explore ways to simulate or approximate durability testing or outline plans for longer-term evaluation. Finally, enhancing the explanation of how each design requirement is tested will improve clarity and testability.",0.75,3
Case024_2121.pdf,,Placeholder text for scoring.,2,1,2,1,3,3,3,3,,,,,,,,,"Your prototype explanation provides a clear sequence of steps taken to disassemble the showerhead, identify buildup, and test cleaning methods using a solution and a tablet. This approach demonstrates a practical understanding of the problem and shows effort in constructing a functional prototype. However, the final prototype iteration could be explained more fully, especially regarding how the tablet or solution is integrated and how the prototype is assembled for testing.

The prototype construction supports some objective data collection, such as verifying water flow and visually assessing cleaning effectiveness. These aspects allow for measurable evaluation of functionality. However, the prototype does not fully address all design requirements, and quantitative testing methods are not clearly detailed. While functionality is testable, durability is acknowledged as untestable, with an adequate but brief justification provided.

To improve your work, consider providing a more detailed description or visual documentation of the final prototype assembly. Enhance the testability by specifying measurable criteria or procedures for evaluating cleaning effectiveness. Explore ways to simulate or approximate durability testing or provide a more thorough justification involving expert input. Finally, clarifying how each design requirement is addressed by the prototype will strengthen the overall evaluation.",1.5,3
Case025_2434.pdf,,Placeholder text for scoring.,2,4,3,4,4,3,3,4,,,,,,,,,"Your documentation provides a clear and detailed explanation of the final prototype iteration, effectively describing the materials, construction methods, and design changes from earlier versions. The transition from cardboard to a 3D printed model, including the rationale for printing in separate pieces and resizing, demonstrates thoughtful adaptation to practical constraints. This clarity helps readers understand the prototype's physical form and intended function.

Regarding testability, your prototype supports evaluation of some key design requirements, particularly weight capacity and balance, as evidenced by the expert review and physical construction. However, the inability to test the final design's weight capacity due to reduced infill limits comprehensive data collection. While you address some attributes through modeling and expert analysis, other important factors like mold resistance remain untested, which narrows the scope of measurable attributes.

To improve, consider increasing the infill percentage in future prints to enable full weight capacity testing. Providing more detailed assembly instructions and final prototype dimensions would enhance clarity. Additionally, developing testing methods or simulations for mold resistance and connection durability could strengthen your evaluation. Finally, expanding the justification for non-testable attributes with more technical reasoning or alternative approaches would provide a more robust understanding of design limitations.",3.25,3.5
Case026_5555.docx,,Placeholder text for scoring.,5,5,5,5,4,4,4,2,,,,,,,,,"Your documentation provides a clear and detailed explanation of the final prototype iteration, including thoughtful design changes and material choices that enhance usability and safety. The description of button size, spacing, and LED integration demonstrates a strong understanding of user needs and functional requirements. This clarity helps readers visualize the prototype and its intended operation.

The prototype construction supports objective testing for many design requirements, such as button functionality, light activation, safety features, and mobility. You describe specific testing methods, like pressing buttons to confirm light activation and having classmates move the device, which strengthens the evidence for measurable evaluation. Multiple attributes are addressed with clear testing or modeling approaches, showing a comprehensive effort to validate the design.

Your justification that all attributes are testable within the classroom context is well articulated, eliminating concerns about untestable features. To further improve, consider including quantitative data or test results to strengthen evidence of prototype performance. Adding more precise measurements or diagrams could enhance clarity. Finally, expanding on how testing outcomes inform design improvements would deepen the evaluation.",5,3.5
Case027_1110.pdf,,Placeholder text for scoring.,1,1,1,0,0,0,0,0,,,,,,,,,"The submitted document does not include any explanation or description of a final prototype iteration, which is essential for understanding the design's development and functionality. The content focuses primarily on early-stage activities such as interviews and ideation, without progressing to prototype construction or iteration details. This absence limits the ability to assess the prototype's quality or purpose.

Furthermore, there is no evidence of a constructed prototype capable of generating objective, measurable data related to design requirements. Without a physical or modeled prototype, it is impossible to evaluate the testability of design attributes or the potential for meaningful data collection. Additionally, the document does not address any attributes that cannot be tested or provide justification for expert review, leaving a critical gap in the design evaluation process.

To improve, the student should clearly describe the final prototype iteration, including what was built and how. Providing construction details, materials used, and intended testing methods would enhance clarity. Including specific design attributes that can be tested or modeled, along with explanations of how testing will be conducted, would strengthen the work. Finally, justifying any non-testable attributes and explaining the need for expert review would complete the evaluation and demonstrate thorough design consideration.",0.75,0
Case028_0000.pdf,,Placeholder text for scoring.,0,0,0,0,0,0,0,0,,,,,,,,,"The submitted document does not include any explanation or description of a final prototype iteration, which is essential for understanding the design's development and functionality. The content focuses primarily on early-stage activities such as interviews and ideation, without progressing to prototype construction or testing phases. This absence limits the ability to evaluate the prototype's quality or its capacity to meet design requirements.

Furthermore, there is no evidence that a prototype was constructed to generate objective, measurable data. Without details on materials, assembly, or functional components, it is impossible to assess testability or the evaluation of design attributes. Additionally, the document does not address any attributes that might be non-testable or require expert review, leaving a gap in the justification for such aspects.

To improve, the student should provide a clear and detailed explanation of the final prototype iteration, including what was built and how. Including construction details, materials used, and how the prototype enables measurement of design requirements would strengthen testability. Describing specific attributes that can be tested or modeled, along with any that cannot and why, would enhance the completeness of the documentation. Finally, incorporating visuals or diagrams with explanations would further clarify the prototype's capabilities.",0,0
Case029_1111.pdf,,Placeholder text for scoring.,1,1,1,1,2,2,1,0,,,,,,,,,"The prototype documentation provides a basic outline of the construction steps and materials used, which is a good starting point for understanding the build process. Mentioning components like the platform, springs, and net indicates some thought was given to the physical assembly. However, the explanation of the final prototype iteration is incomplete and lacks clarity about how these parts function together or how the design meets specific requirements.

Regarding testability, the prototype description does not clearly demonstrate that it can generate objective, measurable data for most design requirements. While some functional elements are noted, there is insufficient detail to confirm that multiple attributes can be tested or modeled effectively. Additionally, the document does not address any attributes that cannot be tested, missing an opportunity to justify these aspects or explain the need for expert review.

To improve, provide a more detailed and clear explanation of the final prototype iteration, including how each component contributes to the design goals. Include specific descriptions of how the prototype enables measurement or testing of key attributes. Adding diagrams or images with annotations would strengthen understanding. Finally, discuss any attributes that cannot be tested and justify why, possibly referencing expert input or theoretical considerations.",1,1.25
Case030_3011.pdf,,Placeholder text for scoring.,3,0,1,1,2,2,1,0,,,,,,,,,"The prototype documentation provides a basic outline of the construction process and materials used, which is a good starting point. The inclusion of steps such as creating a platform, out-of-bounds line, net, and springing mechanism shows some progression toward a functional prototype. However, the explanation of the final prototype iteration lacks clarity and detail, making it difficult to fully understand the design and its intended operation.

Regarding testability, the prototype description does not clearly demonstrate how objective data on design requirements can be collected. While the materials and assembly steps suggest some functional elements, there is no explicit connection to measurable attributes or testing procedures. Additionally, the document does not identify which design attributes can be tested or modeled, nor does it provide any justification for attributes that cannot be tested.

To improve, the team should provide a clearer, more detailed explanation of the final prototype, including how each component contributes to the design goals. They should explicitly identify measurable design requirements and describe how the prototype enables testing of these attributes. Including specific testing plans or data collection methods would strengthen the documentation. Finally, addressing any non-testable attributes with reasoned justification would complete the evaluation.",1.25,1.25
Case031_4444.pdf,,Placeholder text for scoring.,4,4,4,4,4,4,4,4,,,,,,,,,"Your documentation provides a clear and detailed explanation of the final prototype iteration, including the construction process, materials used, and challenges encountered. This thorough description helps readers understand the evolution of your design and the practical steps taken to build the prototype. The inclusion of multiple iterations and reflections on design limitations demonstrates thoughtful development.

The prototype construction supports testing of many critical design requirements, particularly weight-bearing capacity and balance, with practical testing methods described. This shows a strong connection between the prototype and measurable outcomes. However, some design requirements such as removability and ease of use are less clearly supported by the construction details or testing plans, which limits full evaluation of these attributes.

Your identification and testing of key attributes are well done, but durability and ease of use could benefit from more explicit testing or modeling. The justification for non-testable attributes like aesthetics is reasonable, though expanding on how expert feedback will be incorporated would strengthen this section.

To improve, consider providing more detailed explanations of how the final prototype differs from earlier versions, explicitly describe testing methods for all key attributes, include plans or evidence for evaluating durability and ease of use, and elaborate on the process for expert review of non-testable features.",4,4
Case032_2323.pdf,,Placeholder text for scoring.,2,3,2,3,4,4,4,4,,,,,,,,,"Your documentation provides a clear and detailed explanation of the final prototype iteration, including the construction steps, materials used, and challenges encountered. This thorough description helps readers understand the evolution of your design and the practical considerations involved in building the prototype. The inclusion of multiple iterations and reflections on limitations demonstrates thoughtful development.

The prototype construction supports testability for many key design requirements, particularly weight-bearing capacity and balance. Your description of using an engine lift and levels to test these attributes shows a practical approach to generating measurable data. However, some requirements such as removability and ease of use are less clearly connected to the prototype’s construction or testing methods, which could be strengthened.

You address several important attributes with testing plans, but some, like durability and safety, would benefit from more explicit testing strategies. Your justification for non-testable attributes, especially the aesthetic considerations, is reasonable and acknowledges the need for expert or stakeholder review.

To improve, consider providing more detailed explanations of how the final prototype differs functionally from earlier versions, explicitly linking all design requirements to testable features, and outlining testing methods for durability and safety. Including quantitative data or test results would also enhance the evaluation of your prototype’s performance.",2.5,4
Case033_3550.pdf,,Placeholder text for scoring.,3,5,5,0,4,4,4,5,,,,,,,,,"Your prototype construction and explanation demonstrate a solid understanding of the building process. The step-by-step details, including tools and materials, provide a clear picture of how the prototype was assembled. This thorough documentation helps others understand the physical makeup of your design and the rationale behind material choices.

You have effectively linked your prototype to measurable design requirements such as height, durability, and transportability. The plan to test these attributes in realistic settings, like the classroom and gym, shows practical thinking. However, the testing descriptions could be enhanced by including specific measurement methods or criteria to better quantify success.

While you address most testable attributes well, expanding on how you will collect and analyze objective data would strengthen your evaluation. Additionally, although you state there are no non-testable attributes, consider if any aspects might require expert review or further justification.

To improve, consider adding more detailed explanations of your testing procedures, including how you will measure durability and transportability. Incorporate diagrams or photos showing key prototype features and testing setups. Finally, reflect on any potential non-testable attributes and provide justifications if applicable to ensure a comprehensive evaluation.",3.25,4.25
Case034_4550.pdf,,Placeholder text for scoring.,4,5,5,0,4,4,4,5,,,,,,,,,"Your prototype construction is well documented with clear step-by-step instructions, material lists, and tools used, which provides a solid understanding of how the final prototype was built. The inclusion of photos and detailed descriptions of folding, cutting, and assembling cardboard and wood components strengthens the explanation. This clarity helps visualize the prototype and its intended function.

The prototype is thoughtfully designed to test key attributes such as height, durability, and transportability. You describe how the prototype can reach birdies placed at different heights, withstand impacts, and be transported easily, which supports measurable testing of these design requirements. However, the testing procedures could be elaborated further to strengthen the evidence of objective data collection.

You effectively address all testable attributes and clearly state that there are no non-testable attributes, which shows good awareness of the prototype’s evaluation scope. To improve, consider providing more detailed testing protocols or data collection methods, include measurements or dimensions to quantify attributes, and expand on how each construction step contributes to meeting design requirements. Adding diagrams or photos with captions of the final prototype in use would also enhance clarity and testability.",3.5,4.25
Case035_2200.pdf,,Placeholder text for scoring.,2,2,0,0,3,2,1,0,,,,,,,,,"The explanation of the final prototype iteration, the Twin-Orb, provides a reasonable overview of the design concept and key components, such as the two HDPE PVC orbs, omni-wheel, and rotating spoke. This gives a basic understanding of the intended function and design rationale, which is a strength. However, the description lacks detailed construction information, such as specific materials, dimensions, or assembly steps, which would strengthen clarity and completeness.

Regarding testability, the prototype shows some potential for generating objective data, particularly through the gravity-based puzzle mechanism and the gyroscopic features. Yet, the document does not provide explicit evidence that the prototype was constructed to measure or evaluate these attributes systematically. Testing or modeling of multiple design attributes is limited, with only one attribute described in a way that might be testable. Additionally, there is no justification for attributes that cannot be tested, leaving a gap in addressing non-testable aspects.

To improve, consider providing detailed construction documentation including materials, dimensions, and assembly steps. Explicitly describe how the prototype enables measurement of each design requirement and outline testing or modeling procedures. Include justification for any attributes that cannot be tested and explain why expert review is necessary. Finally, clarify the transition to the spin drum design with more detail to support understanding of the iterative process.",1,1.5
Case036_2001.pdf,,Placeholder text for scoring.,2,0,0,1,4,2,2,0,,,,,,,,,"Your explanation of the final prototype iteration, the Twin-Orb, provides a clear overview of the design concept and key components, such as the two HDPE PVC orbs and the gravity-based puzzle mechanism. This gives a reasonable understanding of the intended function and design goals. However, the description would benefit from more detailed construction information, including materials, dimensions, and assembly steps, to strengthen clarity and completeness.

While the design hints at functional features that could be tested, such as the reloading system and the puzzle's complexity, there is limited evidence that the prototype is constructed to generate objective, measurable data on these attributes. Additionally, the discussion of testable attributes is minimal and lacks specific testing methods or measurable outcomes. The absence of any justification for non-testable attributes leaves a gap in understanding how untestable aspects are addressed.

To improve, consider providing detailed construction documentation and explicit descriptions of how each design requirement can be objectively tested. Including specific testing procedures or measurable criteria for key attributes would enhance testability. Finally, add clear justifications for any attributes that cannot be tested, explaining why expert review or alternative evaluation methods are necessary.",0.75,2
Case037_2322.pdf,,Placeholder text for scoring.,2,3,2,2,4,4,4,4,,,,,,,,,"Your prototype construction and explanation demonstrate a strong understanding of the assembly process and component integration. The detailed step-by-step instructions and material lists provide clear insight into how the final prototype was built, which supports comprehension of your design iteration. Including photos or diagrams with captions would further enhance clarity.

The prototype is well designed to generate objective data for many of your design requirements, such as air filtering effectiveness and portability. Your use of an air quality meter to measure particulate and VOC levels shows practical testability. However, some attributes like noise rely on subjective observations rather than quantitative data, and certain requirements like battery power are not testable with this prototype.

Your justifications for non-testable attributes are reasonable and acknowledge prototype limitations and subjective factors. To improve, consider incorporating quantitative noise measurements, documenting iteration rationale more explicitly, including visual evidence of the prototype, and seeking expert feedback to strengthen justifications for non-testable attributes. These steps will enhance the robustness and clarity of your prototype evaluation.",2.25,4
Case038_4542.pdf,,Placeholder text for scoring.,4,5,4,2,4,4,4,4,,,,,,,,,"Your prototype construction and explanation demonstrate a strong understanding of the building process and the components involved. The detailed step-by-step instructions and material lists provide clear insight into how the final prototype was assembled, which helps readers visualize the design. Including photos or diagrams with captions would further enhance clarity and completeness.

The prototype is well designed to generate objective, measurable data for many of your design requirements, such as air filtering effectiveness and portability. The inclusion of air quality meter readings and timing of filtration shows a practical approach to testing. However, some attributes like noise level are only qualitatively addressed, and a few design aspects require expert review, indicating room for improvement in comprehensive testability.

Your justifications for non-testable attributes are reasonable and show awareness of prototype limitations. To improve, consider integrating more quantitative noise measurements, providing clearer rationale for design iteration choices, including visual documentation, and exploring ways to test durability or battery power alternatives. These steps will strengthen your prototype’s testability and the clarity of your documentation.",3.75,4
Case039_2300.pdf,,Placeholder text for scoring.,2,3,0,0,3,3,3,1,,,,,,,,,"The prototype construction and explanation provide a basic overview of the final iteration, including the main components and assembly steps. This clarity in identifying materials and construction steps is a strength, though the explanation would benefit from more detailed descriptions and visual documentation to fully convey the prototype's design and functionality.

The prototype demonstrates potential for testing key attributes such as stability, payload capacity, lightweight, and durability through practical activities like riding on various terrains and weight testing. However, the testing approach is somewhat general and lacks specific measurable criteria or detailed procedures, which limits the ability to collect comprehensive objective data across all design requirements. Additionally, while multiple attributes are addressed, the depth of testing and modeling could be enhanced with more structured methods.

A notable gap is the absence of justification for non-testable attributes and the lack of documented expert review addressing these. To improve, the team should provide detailed construction documentation including photos or sketches, develop specific testing protocols with measurable criteria for each attribute, and explicitly justify any attributes that cannot be tested with supporting expert feedback. Including these elements will strengthen the prototype's testability and the overall clarity of the design evaluation.",1.25,2.5
Case040_2120.pdf,,Placeholder text for scoring.,2,1,2,0,3,3,3,1,,,,,,,,,"The prototype explanation provides a basic overview of the construction process, including the materials used and assembly steps. This gives a foundational understanding of the prototype but lacks detailed descriptions or visuals that would clarify how the components function together. Including more comprehensive construction details and images would strengthen the explanation.

The prototype is constructed to allow testing of several important attributes such as stability, payload capacity, weight, and durability. The described testing methods, like riding on different terrains and weighing the scooter, indicate that measurable data can be collected for these attributes. However, the testing plan does not fully address all design requirements, such as weather resistance or LED lighting, limiting the scope of measurable evaluation.

There is a notable gap in justifying non-testable attributes; the document does not explain which features require expert review or why. To improve, the team should provide detailed construction steps with visuals, expand testing plans to cover all design requirements explicitly, and include clear justifications for any attributes that cannot be physically tested, supported by expert feedback. Additionally, specifying measurable criteria and test procedures would enhance the prototype's evaluative strength.",1.25,2.5
Case041_2530.docx,,Placeholder text for scoring.,2,5,3,0,3,2,2,0,,,,,,,,,"The student demonstrates a reasonable understanding of prototype iteration by describing the evolution of their design through multiple versions, culminating in a sturdier and more functional final prototype. This explanation shows some reflection on design improvements, particularly regarding shape and material density, which is a strength in communicating the development process.

However, the documentation lacks sufficient detail on how the prototype was constructed to enable objective testing of design requirements. While the student mentions testing dimensions and materials, there is no clear description of testing methods or measurable outcomes, which limits the ability to evaluate the prototype's effectiveness fully. Additionally, only a few attributes are mentioned as testable, and no justification is provided for any non-testable attributes, leaving gaps in the overall evaluation.

To improve, the student should provide more detailed descriptions of the final prototype's construction, including materials and dimensions, and explicitly explain how the prototype allows for measurable testing of design requirements. Including specific testing procedures or data collection methods would strengthen the testability aspect. Finally, addressing any attributes that cannot be tested with a clear justification would complete the evaluation and demonstrate a comprehensive understanding of the prototype's capabilities.",2.5,1.75
Case042_1210.docx,,Placeholder text for scoring.,1,2,1,0,3,2,2,0,,,,,,,,,"The student demonstrates a reasonable understanding of prototype iteration by describing the evolution of their design from a basic curved wall to a sturdier, more functional final product. The explanation includes some rationale for design changes, such as adding a flat top to hold a heat press and increasing thickness for sturdiness. However, the explanation lacks clarity and detail about the construction process and materials used, which would strengthen understanding of the prototype's capabilities.

While the prototype appears to have functional intent, the documentation does not clearly show how it enables objective measurement or data collection on design requirements. References to testing attributes like height, width, and sturdiness are vague and lack specifics on testing methods or measurable outcomes. Additionally, no justification is provided for any attributes that cannot be tested, leaving gaps in understanding how non-testable aspects are addressed.

To improve, the student should provide clearer, more detailed descriptions of the final prototype’s construction, including materials and dimensions. They should also specify how each design requirement can be objectively tested or measured, with examples of testing procedures or data collection methods. Including justification for any non-testable attributes and explaining why expert review is needed would strengthen the overall evaluation. Organizing the explanation more clearly and focusing on measurable attributes will enhance the prototype’s testability and documentation quality.",1,1.75
Case043_1100.docx,,Placeholder text for scoring.,1,1,0,0,1,0,0,0,,,,,,,,,"The explanation of your final prototype iteration is very limited. While you mention that the current model is the original prototype and that it represents a real ecosystem with symbiotic relationships, there is no detailed description of what the prototype consists of or how it was constructed. Providing more specifics about the components and construction process would strengthen your explanation.

Regarding testability, the document does not provide evidence that the prototype is designed to generate objective, measurable data related to your design requirements. Without clear details on how the prototype can be tested or what attributes can be measured, it is difficult to assess its effectiveness in evaluating your design. Additionally, no justification is given for any attributes that might not be testable, which is important to acknowledge in prototype development.

To improve, consider including a detailed description of your prototype’s construction and key features. Explain how your prototype can be used to test specific design requirements or attributes. If some attributes cannot be tested, provide a clear rationale for why expert review or alternative evaluation methods are necessary. Including diagrams, photos, or data collection plans would also enhance the clarity and testability of your prototype.",0.5,0.25
Case044_1000.docx,,Placeholder text for scoring.,1,0,0,0,1,0,0,0,,,,,,,,,"The prototype explanation is very limited, providing only a brief statement that the current model is the original and final prototype. This minimal description does not clarify what the prototype consists of or how it was constructed, which makes it difficult to understand the design iteration or its components. To strengthen this, more detailed explanations of the prototype’s structure, materials, and assembly process would be beneficial.

Regarding testability, the document does not provide any evidence that the prototype can generate objective, measurable data related to design requirements. There is no mention of specific attributes that can be tested or modeled, nor any indication of how testing might be conducted. Additionally, no justification is offered for any attributes that cannot be tested, leaving a gap in understanding the prototype’s evaluation scope.

To improve, consider providing a thorough description of the prototype’s construction and key features. Include clear identification of design requirements and explain how the prototype enables measurement or observation of these. Also, address any attributes that cannot be tested by explaining why expert review is necessary. Adding diagrams, photos, or detailed notes on materials and assembly would greatly enhance clarity and testability.",0.25,0.25
Case045_2000.pdf,,Placeholder text for scoring.,2,0,0,0,4,2,2,3,,,,,,,,,"Your prototype explanation is clear and detailed, effectively describing the hydroponics unit's dimensions, materials, and key features such as waterproofing, multiple plant sections, and integrated systems like the pump and lighting. This thorough description demonstrates a strong understanding of the design and stakeholder needs, which is a significant strength.

However, the prototype currently exists as a 3D digital model rather than a physical build, which limits its ability to generate objective, measurable data. While you have identified important attributes such as dimensions and material choices, the lack of physical construction restricts direct testing or modeling of these features. Testing is primarily planned through expert and stakeholder feedback rather than measurable experiments, which narrows the scope of testable attributes.

Your justification for non-testable attributes is well supported, acknowledging the prototype's limitations and the role of expert review in refining the design. To improve, consider constructing a physical prototype or partial build to enable direct measurement and testing of key attributes. Additionally, incorporating specific testing plans or simulations for critical features like waterproofing and pump functionality would strengthen testability. Finally, enhancing the representation of all components, such as the pump, will improve clarity and support more comprehensive evaluation.",0.5,2.75
Case046_2222.pdf,,Placeholder text for scoring.,2,2,2,2,4,2,2,3,,,,,,,,,"The student team provides an adequate explanation of their final prototype iteration, describing the hydroponics unit's dimensions, materials, and key features such as waterproofing, multiple plant sections, and integrated pump and lighting. This gives a reasonable overview of the design intent and some functional components, though more detail on the construction process and iteration steps would strengthen the explanation.

While the prototype is well conceptualized as a detailed 3D model with precise measurements and material choices, it currently lacks physical construction, limiting its ability to generate objective, measurable data on design requirements. The testing approach relies heavily on expert and stakeholder feedback rather than direct measurement or functional testing, which restricts the evaluation of multiple design attributes. Some attributes like dimensions and material selection are addressed and could be tested or modeled in the future, but current testability is limited.

The team adequately justifies non-testable attributes by emphasizing the importance of expert review and stakeholder input, though this justification could be more specific. To improve, the team should consider building a physical prototype or partial model to enable direct testing, provide clearer documentation of iteration changes, develop specific measurable tests for key attributes, and expand justification for non-testable features with more detailed reasoning.",2,2.75
Case047_1000.docx,,Placeholder text for scoring.,1,0,0,0,3,2,1,0,,,,,,,,,"The prototype construction includes a list of materials and stepwise assembly instructions, which provides some insight into the building process. This is a strength in explaining the physical components and tools used, such as cardboard, plexiglass, PVC pipe, and adhesives. However, the explanation lacks coherence and detail about how these parts function together in the final prototype, limiting understanding of the design iteration.

Regarding testability, the prototype shows potential to address a few design requirements through its physical assembly, but there is no clear evidence that it can generate objective, measurable data for most attributes. The document does not identify specific attributes for testing or describe testing methods, which restricts the ability to evaluate the prototype’s effectiveness comprehensively. Additionally, no justification is provided for any non-testable attributes, leaving gaps in understanding how untestable aspects are addressed.

To improve, the student should provide a clearer, more integrated explanation of the final prototype iteration, including how components work together. They should explicitly identify design requirements and describe how the prototype enables objective testing of these. Including specific attributes to be tested and outlining testing procedures would strengthen the evaluation. Finally, justifying any non-testable attributes with reasons for expert review or alternative evaluation methods would complete the documentation.",0.25,1.5
Case048_1000.docx,,Placeholder text for scoring.,1,0,0,0,3,2,1,0,,,,,,,,,"The student demonstrates some effort in documenting the construction process of their prototype, including listing materials and stepwise assembly actions. This provides a basic understanding of the components involved, such as cardboard pieces, plexiglass, and PVC pipes. However, the explanation of the final prototype iteration is fragmented and lacks a clear, integrated description of the assembled design and its purpose.

While the prototype construction shows potential functional elements, there is insufficient evidence that it can generate objective, measurable data related to design requirements. The student does not specify which design requirements are addressed or how the prototype enables testing. Similarly, the attributes of the design that could be tested or modeled are not identified, limiting the ability to evaluate the prototype’s effectiveness.

No justification is provided for any non-testable attributes, which is a notable gap. To improve, the student should clearly describe the final prototype as a whole, explicitly link construction details to design requirements, and identify measurable attributes with proposed testing methods. Additionally, providing rationale for any attributes that cannot be tested would strengthen the documentation and support expert review.",0.25,1.5
Case049_3330.pdf,,Placeholder text for scoring.,3,3,3,0,4,4,3,0,,,,,,,,,"The student provides a clear and adequate explanation of the final prototype iteration, detailing the replacement of the original wheels with new ones from a tire shop and the reasoning behind this choice. The description of the construction process, including removing old wheels and installing new ones, supports understanding of the prototype's physical build. This clarity helps convey the improvements made to the chariot.

The prototype is constructed to enable objective testing of key design requirements such as speed and ease of pulling, with plans for timing trials before and after wheel replacement. This supports measurable data collection on many design attributes. However, while some attributes like wheel rolling ability, weight, and axle compatibility are mentioned, testing details are limited and only a few attributes are clearly addressed. Additionally, there is no justification provided for any attributes that cannot be tested or require expert review, which is a gap in the documentation.

To improve, the student should provide more detailed descriptions of the construction steps and components to fully explain the prototype iteration. Including explicit testing procedures and measurable criteria for multiple attributes would strengthen testability. Justifying any non-testable attributes and explaining why expert review is needed would complete the evaluation. Finally, documenting actual test results or data tables would enhance the evidence of prototype effectiveness.",2.25,2.75
Case050_2440.pdf,,Placeholder text for scoring.,2,4,4,0,4,4,3,0,,,,,,,,,"The student provides a clear and adequate explanation of the final prototype iteration, detailing the replacement of the original wheels with new ones from a tire shop. This explanation includes the construction steps and the reasoning behind the final wheel choice, highlighting improved performance due to better tread and easier pulling. This clarity helps understand the prototype's development and its intended improvements.

The prototype construction supports objective testing of many design requirements, particularly through timing trials comparing the original and new wheels. This approach enables measurable data collection on speed and ease of pulling, which are key performance indicators. However, while some attributes such as wheel rolling ability, weight, axle compatibility, and tread are discussed, the testing focus is limited mainly to wheel performance, leaving other potential design attributes unaddressed.

No justification is provided for any non-testable attributes or those requiring expert review, which is a gap in the documentation. To improve, the student should provide more comprehensive details on the prototype construction process, explicitly list all design requirements, expand testing to cover additional attributes, and include justifications for any attributes that cannot be directly tested. Including diagrams or photos could also enhance clarity and support the explanation.",2.5,2.75
Case051_3350.pdf,,Placeholder text for scoring.,3,3,5,0,4,3,3,0,,,,,,,,,"Your prototype explanation demonstrates a solid understanding of the construction process, with clear descriptions of the mounting, extending, and flexible structures. The inclusion of specific materials like PVC pipes and Velcro, as well as the custom 3D printed adapter, strengthens the clarity of your design iteration. This level of detail helps readers visualize the prototype and its intended functionality.

While the prototype appears capable of generating objective data for some design requirements, such as adjustability and mounting security, the explanation lacks explicit evidence that all key attributes can be tested. Attributes like the range of motion and adjustability are addressed, but other important factors, such as stability and durability, are not clearly testable based on the current description. Additionally, there is no justification for any non-testable attributes or explanation of why expert review might be necessary.

To improve your documentation, consider providing more detailed descriptions or measurements that demonstrate how each design requirement can be objectively tested. Include specific testing plans or criteria for key attributes, such as stability and durability. Also, address any attributes that cannot be tested directly by explaining why and how expert review would be used. Finally, clarifying the integration and extension of the hockey stick would enhance the completeness of your prototype explanation.",2.75,2.5
Case052_2450.pdf,,Placeholder text for scoring.,2,4,5,0,4,3,3,0,,,,,,,,,"The prototype explanation is a strong aspect of this submission, with clear descriptions of the main components and their functions. The detailed account of the mounting system, extending system, and flexible structure demonstrates a thoughtful approach to adapting the design to different wheelchair sizes and enabling motion. This clarity helps readers understand the construction and intended functionality.

Regarding testability, the prototype shows promise in generating objective data for some design requirements, such as adjustability and secure attachment. However, the explanation lacks explicit evidence or plans for testing all critical attributes, limiting the ability to fully evaluate the design's performance. Additionally, while some attributes are addressed for testing, others remain unmentioned, and no justification is provided for attributes that cannot be tested.

To improve, consider providing more comprehensive details on how each design requirement will be tested or measured. Including specific testing methods or metrics would strengthen the evaluation. Also, justify any non-testable attributes and explain why expert review is necessary. Finally, expanding on the integration and extension of the hockey stick would enhance clarity and completeness.",2.75,2.5
Case053_2231.pdf,,Placeholder text for scoring.,2,2,3,1,4,3,2,0,,,,,,,,,"Your prototype explanation demonstrates a solid understanding of the key components and their functions, particularly the mounting system, extending structure, and flexible connection for the hockey stick. The detailed description of materials and assembly provides a clear picture of the final iteration, which is a strong aspect of your documentation.

The construction of your prototype shows promise for generating objective data on several design requirements, such as adjustability and secure attachment to a wheelchair. However, the explanation lacks explicit evidence that all critical design requirements can be tested, and specific testing methods or measurable attributes are not fully detailed. This limits the ability to comprehensively evaluate the prototype's performance.

Additionally, while some attributes are addressed for testing or modeling, the absence of justification for any non-testable attributes is a notable gap. To improve, consider including explicit testing plans or measurable criteria for each design requirement, providing clear evidence of how the prototype supports these tests. Also, justify any attributes that cannot be tested and explain why expert review is necessary. Finally, clarifying how the hockey stick extension integrates and functions within the prototype would strengthen your explanation and testability.",2,2.25
Case054_2110.pdf,,Placeholder text for scoring.,2,1,1,0,4,3,3,0,,,,,,,,,"Your prototype explanation is detailed and provides a clear picture of the construction process, including the materials used and the steps taken to assemble the system. This clarity helps in understanding how the prototype functions and the rationale behind design choices, such as nipple placement and pipe connections. The use of reused materials and collaborative planning also strengthens the prototype's practical foundation.

While the prototype appears capable of generating measurable data for some design requirements, such as water flow and nipple functionality, the documentation lacks explicit details on how testing will be conducted or how data will be collected. This limits the ability to fully evaluate all design attributes. Additionally, only a few attributes are clearly testable, and there is no discussion or justification for any attributes that might not be testable or require expert review.

To improve, consider explicitly describing how you will measure or observe key design requirements during testing. Include more attributes that can be tested or modeled and explain the testing methods. Also, provide justification for any design aspects that cannot be directly tested, explaining why expert input might be necessary. Finally, adding diagrams or photos could enhance clarity and support your explanations.",1,2.5
Case055_3431.pdf,,Placeholder text for scoring.,3,4,3,1,4,3,2,0,,,,,,,,,"Your prototype explanation is detailed and provides a clear understanding of the construction process and key components, such as the gutter modifications, piping connections, and nipple placements. This clarity helps visualize the final design and the materials and techniques used, which is a strong aspect of your documentation.

While the prototype appears functional and capable of addressing some design requirements, the explanation lacks explicit details on how objective data will be collected or measured during testing. This limits the ability to fully evaluate all design attributes. Additionally, only some attributes, like nipple spacing and water flow direction, are clearly testable, while others such as leak prevention or structural integrity are not addressed in terms of testing or modeling.

To improve your prototype documentation and testability, consider including specific measurement methods or testing procedures for each design requirement. Also, explicitly identify all key attributes and describe how each can be evaluated. Finally, provide justification for any attributes that cannot be tested and explain why expert review might be necessary. Adding these elements will strengthen your prototype’s ability to generate meaningful data and support comprehensive evaluation.",2.75,2.25
Case056_5455.pdf,,Placeholder text for scoring.,5,4,5,5,4,3,3,4,,,,,,,,,"Your documentation provides a clear and adequate explanation of your final prototype iteration, including detailed construction steps and the rationale for building a smaller modular section. The use of specific tools and materials adds to the clarity of your process. However, the absence of photos or detailed sketches limits the overall understanding of the prototype's physical form.

Your cardboard prototype demonstrates the ability to test several important design attributes, such as organizing filament rolls and fitting on a shelf, which supports measurable data collection for some requirements. Nonetheless, the prototype cannot test the critical weight-bearing capacity, and the wood prototype was not completed, leaving a gap in testability for that key requirement. While you identify multiple attributes and link them to prototype functionality, formal testing or modeling data is missing, which would strengthen your evaluation.

Your justification for non-testable attributes is generally well supported, explaining why expert review is necessary for weight-bearing capacity. To improve, consider including photos or detailed sketches of your prototype to enhance clarity. Completing the wood prototype or providing more detailed modeling would improve testability. Additionally, documenting actual testing procedures or results for the cardboard prototype would strengthen your evidence of measurable data collection.",4.75,3.5
Case057_2000.pdf,,Placeholder text for scoring.,2,0,0,0,4,3,3,4,,,,,,,,,"The student provides a clear and adequate explanation of the final prototype iteration, including detailed construction steps and tools used. The rationale for building a smaller modular section instead of the full shelving system is well articulated, demonstrating thoughtful adaptation during the design process. However, the absence of photos or visual documentation limits the overall clarity and completeness of the explanation.

The cardboard prototype is constructed sufficiently to test several design requirements, such as organizing filament rolls and fitting on a shelf, which supports partial testability. However, the prototype cannot test the critical weight-bearing requirement, which is acknowledged and deferred to expert review. Multiple attributes are identified and linked to prototype functionality, but testing is limited to some attributes, with key aspects like load capacity remaining untested.

To improve, the student should include photos or diagrams of the prototype to enhance clarity. Completing the wood prototype or providing more detailed modeling would strengthen testability for weight-bearing requirements. Additionally, expanding the justification for non-testable attributes with more technical detail would improve the rationale. Finally, specifying testing procedures or measurable criteria for each attribute would better demonstrate the prototype's capability to generate objective data.",0.5,3.5
Case058_2500.pdf,,Placeholder text for scoring.,2,5,0,0,3,2,1,0,,,,,,,,,"The prototype construction is clearly documented through a detailed list of steps and tools used, which provides a reasonable understanding of the physical assembly process. This stepwise description is a strength, as it shows the group’s effort to build a tangible model with components like separators and wooden blocks. However, the explanation lacks a clear overview of the final prototype’s purpose or how the parts function together, which limits the clarity of the iteration explanation.

Regarding testability, the prototype’s construction suggests some potential for evaluating physical aspects, but there is no explicit evidence that it can generate objective, measurable data on design requirements. The absence of identified testable attributes or testing procedures further weakens the ability to assess the design’s performance. Additionally, no justification is provided for any attributes that cannot be tested, leaving gaps in understanding how non-testable features are addressed.

To improve, the team should clearly describe the final prototype’s function and how each component contributes to meeting design requirements. Including specific design requirements and explaining how the prototype enables measurement or observation of these would strengthen testability. The group should also identify which attributes cannot be tested and provide reasoned justification or plans for expert review. Finally, incorporating diagrams or photos with explanations would enhance clarity and support evaluation.",1.75,1.5
Case059_0000.pdf,,Placeholder text for scoring.,0,0,0,0,3,2,1,0,,,,,,,,,"The prototype construction is documented with a clear sequence of steps and tools used, which provides a basic understanding of the building process. This stepwise description is a strength, as it shows the group’s effort to assemble a physical model with components like separators and caulk to hold parts in place. However, the explanation lacks detail about the overall design intent, how the parts function together, or what the final prototype represents, limiting clarity on the iteration’s purpose.

Regarding testability, the prototype’s construction suggests some potential for evaluating physical assembly or fit, but there is no explicit evidence that it can generate objective, measurable data on design requirements. The absence of identified testable attributes or testing methods further weakens the ability to assess the design’s performance. Additionally, no justification is provided for any attributes that cannot be tested, leaving gaps in understanding how non-testable aspects are addressed.

To improve, the team should clearly explain the final prototype’s function and how each construction step contributes to meeting design requirements. Including specific design requirements and describing measurable attributes would strengthen testability. Documenting planned or actual testing procedures and results would enhance evaluation of the prototype’s effectiveness. Finally, providing justification for any non-testable attributes would complete the assessment and demonstrate thorough design consideration.",0,1.5
Case060_2350.pdf,,Placeholder text for scoring.,2,3,5,0,4,3,3,3,,,,,,,,,"Your documentation provides a clear and adequate explanation of the final prototype iteration, including the use of 3D printing and modifications made to improve functionality. The description of key components like the funnel and screw-on cap helps readers understand the design evolution and construction choices. This clarity is a strong point in your work.

Regarding testability, your prototype is constructed to address several important design requirements such as stability, weight, and effectiveness in reducing fruit flies. However, the explanation of how objective data will be collected is somewhat general and could be strengthened by specifying measurement methods or criteria. Similarly, while you identify multiple attributes for testing, the testing plans lack detailed procedures or metrics, which limits the ability to fully evaluate the prototype’s performance.

Your justification for non-testable attributes is reasonable but could be improved by providing more detailed reasoning or referencing expert input. To enhance your work, consider including specific measurement techniques for each design requirement, detailed testing protocols, and clearer documentation of prototype construction steps. Additionally, expanding the justification for non-testable attributes with expert opinions or more thorough explanations would strengthen your evaluation.",2.5,3.25
Case061_2442.pdf,,Placeholder text for scoring.,2,4,4,2,3,3,3,3,,,,,,,,,"The team provides a clear and adequate explanation of their final prototype iteration, detailing the funnel design, screw-on cap, and the choice to 3D print for stability. Their iterative improvements demonstrate thoughtful consideration of design requirements and user needs. This clarity helps understand the physical construction and intended function of the trap.

Regarding testability, the prototype supports evaluation of key attributes such as fly capture efficiency, odor emission, weight, and stability. However, the testing methods are described in general terms without detailed procedures or measurement techniques, which limits the ability to generate fully objective data. Some important attributes are acknowledged as untestable, with basic justification provided, but the rationale could be strengthened by discussing expert review or alternative validation approaches.

To improve, the team should provide more detailed descriptions of how tests will be conducted and measured, including specific metrics and procedures. Including diagrams or photos of the prototype would enhance clarity. Expanding the justification for non-testable attributes with expert input or alternative evaluation methods would strengthen the design validation. Finally, clarifying the specific changes made in the final iteration would improve the explanation of prototype evolution.",3,3
Case062_2211.pdf,,Placeholder text for scoring.,2,2,1,1,3,3,3,3,,,,,,,,,"The student provides an adequate explanation of their final prototype iteration, detailing the materials used and construction steps, including modifications like adding padding to protect the fence. This shows a reasonable understanding of the prototype’s physical makeup and intended function. However, the explanation could be more cohesive and clearly organized to better communicate the overall design.

The prototype construction supports testing of some key design requirements, such as gate closing power and weather resistance, with the use of a tension spring and weather-resistant materials. Yet, the use of cardboard limits the ability to test durability, and the spring was not included in the initial prototype, which restricts comprehensive testing. While some attributes are testable, others remain unaddressed or only partially testable.

The justification for non-testable attributes, particularly durability, is present but brief. Expanding this explanation to include why expert review might be necessary would strengthen the rationale. To improve, the student should provide a clearer, more complete description of the final prototype, include all critical components in the prototype to enable full testing, enhance the detail in justifications for non-testable attributes, and consider documenting specific testing methods or expected measurable outcomes.",1.5,3
Case063_4553.pdf,,Placeholder text for scoring.,4,5,5,3,3,3,3,3,,,,,,,,,"The student provides an adequate explanation of the final prototype iteration, detailing materials used and some construction steps. The inclusion of changes made, such as adding padding to protect the fence paint, shows thoughtful consideration. However, the explanation is somewhat fragmented and could benefit from a clearer, more cohesive description of the final assembled prototype.

Regarding testability, the prototype construction supports testing of a few design requirements, such as gate closing power and weather resistance, but the use of cardboard and the absence of key components like the spring in the initial prototype limit the ability to collect comprehensive objective data. Only a few attributes are addressed for testing, and durability is acknowledged as untestable due to material differences. The justification for non-testable attributes is present but brief and could be strengthened with more detailed reasoning.

To improve, the student should provide a clearer, step-by-step explanation of the final prototype assembly, including all components. Enhancing the prototype with materials closer to the final design would improve testability and data collection. Expanding the testing plan to include more attributes and detailed methods would strengthen the evaluation. Finally, providing a more thorough justification for non-testable attributes, possibly including expert input, would improve the overall documentation.",4.25,3
Case064_5555.pdf,,Placeholder text for scoring.,5,5,5,5,4,4,4,4,,,,,,,,,"Your documentation provides a clear and thorough explanation of the final prototype iteration, including detailed construction steps, materials, and design modifications. The progression from cardboard to 3D printed parts with sanding and assembly demonstrates a thoughtful approach to refining the design. This clarity helps readers understand the prototype’s physical form and function.

The prototype is well-constructed to enable testing of many important design requirements such as size accuracy, durability, and replaceability. Using the same materials as the final product strengthens the prototype’s relevance for generating objective data. Additionally, the testing plans for attributes like presentability, reproducibility, and cost are well articulated, supporting meaningful evaluation of the design’s performance.

One area for improvement is expanding the justification for non-testable attributes like long-term durability, possibly by including expert opinions or accelerated aging tests. To further enhance your work, consider providing more detailed testing procedures, documenting quantitative test results, and clarifying how each test links directly to specific design requirements. Including these elements will improve the robustness and credibility of your prototype evaluation.",5,4
Case065_3340.pdf,,Placeholder text for scoring.,3,3,4,0,4,4,4,4,,,,,,,,,"Your documentation provides a clear and detailed explanation of your prototype iterations, including the use of cardboard and 3D printed components, CAD modeling, and assembly steps. This thorough description helps readers understand the evolution of your design and the construction methods used, which is a strong aspect of your work. The inclusion of materials and tools further supports the clarity of your prototype explanation.

Your prototype construction effectively supports testing for many important design requirements such as size accuracy, durability, and replaceability. The use of consistent materials and iterative adjustments like sanding demonstrate a practical approach to generating objective data. Additionally, you address multiple attributes with specific testing or modeling plans, including visual presentability and cost, which strengthens the testability of your design. However, some testing descriptions could benefit from more detailed procedures or quantitative measures to enhance rigor.

The justification for non-testable attributes, particularly long-term durability, is reasonable and acknowledges practical constraints. To improve, consider integrating your prototype explanation into a more cohesive narrative of the final iteration, providing more detailed testing protocols with measurable criteria, and expanding the justification for non-testable attributes with expert insights or literature references. Including quantitative test results or data tables would also enhance the evaluation of your prototype's performance.",2.5,4
Case066_0100.pdf,,Placeholder text for scoring.,0,1,0,0,1,0,0,0,,,,,,,,,"The explanation of the final prototype iteration is minimal, limited to stating that murals were created digitally on an iPad using Ibis Paint. There is no detailed description of the prototype's components, construction process, or iteration steps, which limits understanding of the design development. 

The prototype construction lacks physical or functional elements that would enable objective testing or data collection on design requirements. Since the murals were digital and the school did not permit physical painting, the prototype does not support measurable evaluation of design attributes. Consequently, no attributes are identified as testable or modeled, and no testing procedures or results are described. Additionally, the document does not provide any justification for attributes that cannot be tested, missing an opportunity to explain constraints or the need for expert review.

To improve, provide a clearer and more detailed explanation of the prototype iteration, including what was built and how. Consider developing a physical or interactive prototype that can be tested against design requirements. Identify specific attributes that can be measured or modeled and describe testing approaches. Finally, include justification for any non-testable attributes, explaining why expert review or alternative evaluation methods are necessary.",0.25,0.25
Case067_2100.pdf,,Placeholder text for scoring.,2,1,0,0,1,0,0,0,,,,,,,,,"The explanation of the final prototype iteration is minimal, limited to stating that murals were created digitally on an iPad using Ibis Paint. There is no detailed description of the prototype’s features, construction process, or components, which limits understanding of the design iteration. This minimal explanation restricts the ability to assess the prototype’s capabilities or improvements.

Regarding testability, the prototype is purely digital artwork without any physical or functional construction that could generate objective, measurable data. Consequently, no attributes of the design are identified as testable or modeled, and no testing approach is described. Additionally, the document lacks any justification for attributes that cannot be tested or require expert review, leaving a gap in addressing non-testable aspects.

To improve, provide a detailed explanation of the prototype iteration including what was built and how. Develop a physical or interactive prototype that can be objectively tested against design requirements. Identify specific attributes that can be measured or modeled and describe testing methods. Finally, include justification for any attributes that cannot be tested and explain why expert review is necessary.",0.75,0.25
Case068_0000.pdf,,Placeholder text for scoring.,0,0,0,0,2,2,1,0,,,,,,,,,"Your prototype explanation provides a basic overview of the final iteration, mentioning the use of a water bottle with the bottom cut open and materials layered inside. This gives a starting point for understanding your design, but the description lacks detail about the specific materials, construction steps, or key components, which would help clarify your approach.

Regarding testability, while you suggest that most aspects of your prototype should be testable, there is no clear explanation of how the prototype enables objective measurement or data collection on design requirements. Additionally, you do not specify which attributes can be tested or modeled, making it difficult to assess the prototype's evaluation capabilities. Furthermore, there is no justification for any attributes that might not be testable or require expert review.

To improve, consider providing a more detailed description of your prototype’s construction, including materials and assembly steps. Clearly identify which design attributes can be tested and explain how testing will be conducted. Also, address any attributes that cannot be tested and provide reasoning or expert input needed. Including diagrams or photos could further strengthen your explanation and support testability claims.",0,1.25
Case069_1111.pdf,,Placeholder text for scoring.,1,1,1,1,2,1,1,0,,,,,,,,,"Your prototype description provides a basic overview of the final iteration, mentioning the use of a water bottle with the bottom cut open and materials layered inside. This gives a starting point for understanding your design, but the explanation lacks detail about the construction steps, specific materials, or key components, which would help clarify how the prototype functions.

While you indicate that most aspects of your prototype should be testable, the explanation does not specify which design requirements can be objectively measured or how testing would be conducted. Without clear details on testable attributes or measurable outcomes, it is difficult to assess the prototype's capability to generate meaningful data. Additionally, no justification is provided for any attributes that might not be testable or require expert evaluation.

To improve your documentation, consider providing a more detailed description of your prototype’s construction, including materials and assembly steps. Identify specific design attributes that can be tested and explain how you plan to measure them. If some attributes cannot be tested, include a rationale for why expert review is necessary. Adding diagrams or photos could also strengthen your explanation and support testability claims.",1,1
Case070_1200.pdf,,Placeholder text for scoring.,1,2,0,0,1,0,0,0,,,,,,,,,"The documentation provided for the prototype iteration is minimal, consisting solely of two images without any descriptive explanation. This lack of narrative detail makes it difficult to understand what the final prototype entails, how it was constructed, or what components it includes. Consequently, the explanation of the prototype iteration is very limited.

Furthermore, there is no evidence that the prototype was constructed in a way that allows for objective data collection or testing of design requirements. Without descriptions or details about the prototype’s functionality or measurable attributes, it is not possible to assess its testability or the evaluation of design attributes. Additionally, the document does not address any attributes that cannot be tested or provide justification for expert review, leaving a significant gap in the overall design evaluation.

To improve, the student should provide a clear and detailed explanation of the final prototype iteration, including construction steps and key components. Including descriptions of how the prototype can generate measurable data for specific design requirements would enhance testability. The student should also identify and justify any attributes that cannot be tested and explain why expert review is necessary. Adding these elements will strengthen the documentation and support a more comprehensive evaluation of the prototype.",0.75,0.25
Case071_0300.pdf,,Placeholder text for scoring.,0,3,0,0,1,0,0,0,,,,,,,,,"The documentation for the final prototype iteration is minimal, consisting solely of references to two images without any descriptive explanation. This lack of detail makes it difficult to understand what was built, how it was constructed, or the key components involved. Providing a clear and thorough explanation of the prototype iteration would greatly enhance comprehension.

Additionally, there is no evidence that the prototype was constructed to enable objective testing or data collection related to design requirements. Without descriptions of measurable attributes or testing procedures, it is unclear how the prototype supports evaluation of its intended functions. Furthermore, no attributes are identified as testable or modeled, and no justification is given for any attributes that might require expert review.

To improve, the student should provide detailed descriptions of the prototype’s construction and components, explicitly link the prototype to design requirements, and identify specific attributes that can be tested or modeled. Including explanations or justifications for any attributes that cannot be tested would also strengthen the documentation. Adding captions or descriptions to the images would help clarify the prototype’s features and testability.",0.75,0.25
Case072_3342.pdf,,Placeholder text for scoring.,3,3,4,2,4,4,3,3,,,,,,,,,"Your portfolio demonstrates a solid effort in documenting the construction of your prototype, with clear step-by-step details and a comprehensive list of materials and tools used. This provides a good foundation for understanding how your prototype was built and the components involved. However, the explanation of the final prototype iteration would benefit from a more cohesive narrative that clearly highlights the final design’s unique features and how it evolved from earlier versions.

Regarding testability, your prototype shows promise in enabling objective data collection for some design requirements, such as timing the gate’s opening and verifying lever functionality. Yet, the descriptions remain somewhat general, and expanding on specific testing procedures or measurable outcomes would strengthen this aspect. Similarly, while you address several design attributes, the testing approaches are mostly qualitative, limiting the ability to fully evaluate all attributes quantitatively.

Your justifications for non-testable attributes are reasonable but could be enhanced with more detailed explanations or examples to better support the need for expert review. To improve your work, consider providing a clearer, more focused explanation of the final prototype iteration, detailing how it meets each design requirement. Additionally, develop more specific testing methods with measurable criteria for each attribute. Finally, expand your justifications for non-testable attributes to include more thorough reasoning or expert input.",3,3.5
Case073_3344.pdf,,Placeholder text for scoring.,3,3,4,4,4,4,3,3,,,,,,,,,"Your portfolio demonstrates a solid effort in documenting the construction of your prototype, with detailed step-by-step descriptions and a comprehensive materials list. This provides a good foundation for understanding how the prototype was built and the tools used, which supports the explanation of your final iteration. However, the explanation would benefit from a more cohesive narrative that clearly ties together the prototype’s components and overall function.

Regarding testability, your prototype shows potential to generate objective data for some design requirements, such as timing the gate’s opening and verifying lever operation. Yet, some requirements, especially those related to user intuition and visual attributes, remain largely subjective and lack clear measurable testing methods. The attributes you identified are relevant but need more concrete testing plans to fully evaluate their effectiveness.

Your justifications for non-testable attributes are reasonable but could be strengthened by incorporating expert feedback or more detailed reasoning. To improve, consider providing a clearer, unified explanation of your final prototype’s function, developing specific testing procedures for subjective attributes, and seeking expert input to support your justifications. Additionally, including photos or diagrams with captions would enhance clarity and support your explanations.",3.5,3.5
Case074_1100.pdf,,Placeholder text for scoring.,1,1,0,0,3,2,2,0,,,,,,,,,"The student demonstrates a basic understanding of prototype construction by describing two iterations: a cardboard tube duct-taped to a blower and a custom 3D printed cone with vortex arms. These descriptions provide a reasonable starting point for understanding the physical build and intended airflow manipulation. However, the explanation lacks depth regarding construction details, such as dimensions, assembly steps, or how the components integrate to meet design goals.

While the prototypes appear functional, the documentation does not clearly establish how objective, measurable data can be collected to evaluate design requirements. Specific attributes that could be tested, like airflow efficiency or vortex effectiveness, are only implied without detailed testing plans or measurable criteria. Additionally, there is no discussion or justification for any attributes that cannot be tested, leaving gaps in understanding the prototype's evaluation scope.

To improve, the student should provide more detailed descriptions of the final prototype's construction, including dimensions and assembly methods. Explicitly identifying measurable design attributes and outlining how testing will be conducted would strengthen testability. Including justification for any non-testable attributes and explaining the need for expert review would complete the evaluation framework. Adding diagrams or photos could also enhance clarity and support the explanation.",0.5,1.75
Case075_1110.pdf,,Placeholder text for scoring.,1,1,1,0,3,2,2,0,,,,,,,,,"The student demonstrates a basic understanding of prototype iteration by describing two versions: a cardboard tube duct-taped to a blower and a custom 3D printed cone with vortex arms. This shows effort in prototype construction and some explanation of design intent, which is a strength in communicating the physical aspects of the design. However, the explanation lacks depth regarding how these prototypes were built or how their components function together, limiting clarity.

Regarding testability, the prototypes suggest potential for airflow manipulation, but the student does not clearly identify measurable design requirements or explain how objective data could be collected. The attributes that could be tested or modeled are only minimally addressed, and no justification is provided for any non-testable attributes. This limits the ability to evaluate the design's effectiveness fully.

To improve, the student should provide more detailed descriptions of prototype construction, including dimensions and assembly steps. Explicitly linking prototype features to specific, measurable design requirements would enhance testability. Including plans or evidence for testing multiple attributes and justifying any non-testable aspects would strengthen the overall evaluation. Adding diagrams or photos could also clarify the prototype's functionality and support the explanation.",0.75,1.75
Case076_5550.pdf,,Placeholder text for scoring.,5,5,5,0,4,4,4,0,,,,,,,,,"Your prototype documentation demonstrates strong construction detail and a clear explanation of the final iteration. The stepwise instructions, including materials and tools used, provide a solid understanding of how the prototype was built and modified, especially with the addition of the lid and latches to improve functionality. This clarity supports comprehension of your design process.

The prototype is well-constructed to enable objective testing of several important design requirements such as proper fit, durability, and safety. You have thoughtfully described measurable methods, including physical measurements and physics-based durability testing, which shows your prototype can generate meaningful data. Most key attributes are addressed with reasonable testing or modeling approaches, linking prototype features to evaluation criteria.

However, the justification for any non-testable attributes is missing, which leaves a gap in explaining how you would handle aspects that cannot be directly measured. To improve, consider providing clear reasoning for any attributes that require expert review or cannot be tested with your prototype. Additionally, elaborating on the mechanical integration of the lid and providing more detailed testing procedures would strengthen your documentation. Including sketches or photos of the final prototype could also enhance clarity and support your explanations.",3.75,3
Case077_4540.pdf,,Placeholder text for scoring.,4,5,4,0,4,4,4,1,,,,,,,,,"The team provides a well-structured and clear explanation of their final prototype iteration, including detailed construction steps and rationale for design changes such as resizing and adding a lid with latches. This clarity helps readers understand how the prototype was built and the purpose of key components.

The prototype construction supports objective data collection for many design requirements, including proper fit, durability, and safety. The team outlines measurable testing approaches, such as using rulers for fit, physics equations for drop tests, and driver safety measurement systems, demonstrating thoughtful planning for evaluation. Most key attributes are addressed with reasonable testing or modeling strategies, linking prototype features to measurable outcomes.

However, the portfolio lacks any justification for non-testable attributes, which is an important aspect of prototype evaluation. To improve, the team should provide explicit explanations for any attributes that cannot be directly tested and why expert review might be necessary. Additionally, expanding the final iteration explanation to include more about component functions and improving specificity in testing procedures would strengthen the documentation. Including photos or diagrams of the final prototype and more detailed testing protocols would also enhance clarity and testability.",3.25,3.25
Case078_2300.pdf,,Placeholder text for scoring.,2,3,0,0,2,1,1,0,,,,,,,,,"The prototype construction is described through a series of steps involving cutting and assembling styrofoam pieces using scissors, box cutters, and hot glue. This stepwise approach provides some insight into the physical assembly process, which is a strength in explaining how the prototype was built. However, the explanation lacks clarity and detail about the overall design intent and how the components function together, limiting understanding of the final iteration.

Regarding testability, the documentation does not clearly demonstrate that the prototype can generate objective, measurable data related to design requirements. The description does not specify which attributes of the design can be tested or modeled, and no testing procedures or measurable outcomes are identified. Additionally, there is no justification for any attributes that cannot be tested, leaving gaps in understanding how non-testable aspects are addressed.

To improve, provide a clearer and more comprehensive explanation of the final prototype iteration, including its purpose and key features. Include explicit descriptions of design requirements and how the prototype enables measurement or observation of these. Identify specific attributes that can be tested or modeled and describe potential testing methods. Finally, offer justification for any attributes that cannot be tested, explaining why expert review or alternative evaluation is necessary.",1.25,1
Case079_1100.pdf,,Placeholder text for scoring.,1,1,0,0,2,1,1,0,,,,,,,,,"The prototype construction description provides a basic outline of the steps taken to build the shelf supports and shelves using styrofoam and simple tools. This shows some effort in documenting the physical assembly process, which is a strength in explaining the prototype iteration. However, the explanation lacks clarity and detail about how these components fit together or the overall design intent, making it difficult to fully understand the final prototype.

Regarding testability, the documentation does not clearly demonstrate how the prototype can generate objective, measurable data related to design requirements. No specific attributes are identified for testing or modeling, and there is no evidence of mechanisms or features that would enable evaluation of performance or functionality. Additionally, there is no justification for any attributes that cannot be tested, leaving gaps in understanding how the design might be validated or reviewed by experts.

To improve, the team should provide a clearer, more comprehensive explanation of the final prototype iteration, including how components integrate and the intended function. They should explicitly identify design requirements and describe how the prototype enables measurement or observation of relevant attributes. Including details on testing methods or expected outcomes would strengthen testability. Finally, addressing any non-testable attributes with reasoned justification would complete the evaluation and support expert review.",0.5,1
Case080_0000.pdf,,Placeholder text for scoring.,0,0,0,0,1,0,0,0,,,,,,,,,"The explanation of your final prototype iteration is very limited, providing only a brief mention of research and materials used. This minimal description does not clearly convey what the prototype is, how it was constructed, or its key components, which makes it difficult to understand your design approach. To strengthen this, consider providing detailed descriptions of the prototype’s structure, materials, and assembly process.

Regarding testability, there is no evidence that your prototype was constructed to generate measurable or objective data related to your design requirements. Without clear construction details or testing plans, it is unclear how you intend to evaluate your design’s performance or attributes. Additionally, no attributes are identified as testable or modeled, and no justification is given for any attributes that cannot be tested. Including specific attributes you plan to test and explaining how your prototype supports this would improve your documentation.

To enhance your work, provide a thorough explanation of your prototype iteration, describe how it can be tested against design requirements, identify measurable attributes, and justify any non-testable aspects. Adding diagrams, photos, or detailed construction steps would also help clarify your design and its evaluation.",0,0.25
Case081_1011.pdf,,Placeholder text for scoring.,1,0,1,1,1,1,0,0,,,,,,,,,"The explanation of your final prototype iteration is very limited. While you mention researching designs and selecting materials, there is no clear description of what the prototype actually is, how it was constructed, or its key components. This makes it difficult to understand your design approach or how your prototype functions.

Additionally, there is no evidence that your prototype was built in a way that allows for objective testing or measurement of design requirements. Without details on construction or testing plans, it is unclear how you would evaluate your design’s performance or attributes. Furthermore, no attributes are identified as testable or modeled, and no justification is provided for any aspects that might require expert review or cannot be tested.

To improve, provide a detailed description of your final prototype, including what it is, how it was built, and the materials used. Include information on how your prototype can be tested or measured against design requirements. Identify specific attributes that can be evaluated and explain any that cannot be tested, offering reasons or expert review needs. Adding diagrams or photos could also strengthen your explanation and demonstrate testability.",0.75,0.5
Case082_1100.docx,,Placeholder text for scoring.,1,1,0,0,2,1,1,0,,,,,,,,,"The documentation provides minimal explanation of the final prototype iteration, with only brief notes on design intentions and no detailed descriptions, photos, or construction steps. This limits understanding of what was built and how the prototype evolved. Including detailed explanations and visual evidence would greatly strengthen this section.

There is a significant gap in demonstrating how the prototype supports testability and measurable data collection. Without explicit design requirements or descriptions of prototype functionality, it is unclear whether the prototype can generate objective data or test design attributes. Additionally, no attributes are identified as testable or modeled, and no testing procedures or results are discussed.

Furthermore, the document lacks any justification for non-testable attributes or mention of expert review, which is important for comprehensive evaluation.

To improve, provide detailed descriptions and photos of the final prototype construction, explicitly list design requirements, and explain how the prototype enables measurement of these requirements. Identify specific attributes that can be tested or modeled and describe testing approaches. Finally, include justifications for any attributes that cannot be tested and note plans for expert review.",0.5,1
Case083_1122.docx,,Placeholder text for scoring.,1,1,2,2,2,1,1,0,,,,,,,,,"The portfolio provides only minimal explanation of the final prototype iteration, with brief notes on design intentions but lacking detailed descriptions, photos, or construction steps. This limits understanding of what was built and how it relates to the design goals. The absence of material lists, sketches, or documented construction processes further weakens the explanation.

Regarding testability, the portfolio does not demonstrate that the prototype was constructed to enable objective, measurable data collection on design requirements. Without explicit design requirements or descriptions of prototype functionality, it is unclear how the prototype could be tested or modeled. Additionally, no attributes of the design are identified as testable, and there is no discussion of non-testable attributes or expert review justifications.

To improve, provide detailed explanations of the final prototype iteration including photos and step-by-step construction notes. Clearly list design requirements and explain how the prototype allows measurement of each. Identify specific attributes that can be tested or modeled and describe testing methods. Finally, include justifications for any attributes that cannot be tested and note plans for expert review. These steps will strengthen the clarity, testability, and completeness of the prototype documentation.",1.5,1
Case084_1220.pdf,,Placeholder text for scoring.,1,2,2,0,3,2,1,0,,,,,,,,,"The student demonstrates a reasonable effort in explaining the prototype iteration by outlining the design inspiration, sketching, material selection, and assembly process. This provides a basic understanding of what was built and how, which is a strength in the documentation. However, the explanation lacks depth regarding specific materials, dimensions, or functional details that would clarify the prototype’s operation.

Regarding testability, the prototype construction is described but not sufficiently detailed to confirm that it can generate objective, measurable data on design requirements. The description implies some potential for testing but does not specify measurable attributes or testing methods. Additionally, no specific design attributes are identified for testing or modeling, limiting the ability to evaluate the prototype’s effectiveness comprehensively.

The student does not address any attributes that cannot be tested or provide justification for expert review, which is a notable gap. To improve, the student should: 1) provide detailed descriptions of materials and construction steps; 2) clearly identify measurable design requirements and how the prototype addresses them; 3) specify which attributes will be tested and how; and 4) include justification for any non-testable attributes requiring expert evaluation. These improvements will enhance clarity, testability, and overall prototype quality.",1.25,1.5
Case085_2211.pdf,,Placeholder text for scoring.,2,2,1,1,3,2,1,0,,,,,,,,,"Your prototype explanation shows a clear process of design development, including researching existing filters, sketching your idea, selecting materials, and assembling the prototype. This demonstrates thoughtful planning and an understanding of the construction steps involved. However, the explanation would benefit from more specific details about the materials used, the function of each layer, and how the prototype operates to meet design goals.

Regarding testability, while you mention testing the filter, there is little information on how the prototype can generate objective, measurable data related to your design requirements. Identifying specific attributes of the filter that can be tested, such as filtration efficiency or flow rate, would strengthen your documentation. Additionally, no justification is provided for any attributes that cannot be tested, which is important for a comprehensive evaluation.

To improve your work, consider including detailed descriptions of materials and their roles, specify measurable attributes and how you plan to test them, and provide reasoning for any aspects that cannot be directly tested. Adding photos or labeled diagrams of your prototype could also enhance clarity and support your explanations.",1.5,1.5
Case086_1001.pdf,,Placeholder text for scoring.,1,0,0,1,3,2,2,3,,,,,,,,,"Your prototype explanation provides a clear overview of the construction process, including dimensions, materials, and modifications like the addition of a hook. This helps readers understand the physical build and design intent, which is a strength. However, the transition to the final 3D printed prototype is briefly mentioned and lacks detail, which creates some confusion about the final iteration.

Regarding testability, your prototype allows for testing a limited number of attributes, such as how many bottles it can hold and the hook's strength. Unfortunately, the use of cardboard and tape restricts testing of critical features like water resistance and durability. The final 3D printed prototype is noted as too small, further limiting its ability to generate objective data. While you provide reasonable justification for these non-testable attributes, expanding on how expert review would address these gaps could strengthen your explanation.

To improve, consider providing a more detailed description of the final prototype iteration, especially the 3D printed version. Use more durable materials to enable testing of water resistance and durability. Include specific plans or methods for testing multiple attributes. Finally, clarify how expert feedback will be integrated to evaluate non-testable features.",0.5,2.5
Case087_4452.pdf,,Placeholder text for scoring.,4,4,5,2,4,4,4,4,,,,,,,,,"Your portfolio demonstrates a strong and methodical approach to prototype construction and iteration. The detailed step-by-step descriptions, including tools and materials, provide a clear understanding of how your final prototype was built. The inclusion of multiple prototype versions shows thoughtful development and refinement. To further strengthen your explanation, consider integrating these steps into a cohesive narrative that highlights how each component contributes to the overall design goals.

Your prototype is well-constructed to enable objective measurement of many critical design requirements, such as VOC and particulate matter reduction. The clear linkage between design requirements and measurable testing methods is a notable strength. Most key attributes are addressed with functional descriptions that support testing or modeling, which enhances the credibility of your prototype’s testability. However, some attributes like durability and student safety remain non-testable within the current scope, and while you provide reasonable justifications, these could be expanded with more detailed plans for expert review or future testing.

To improve, consider adding more explicit connections between prototype features and specific measurable outcomes, enhancing the narrative flow of your iteration explanation, and providing more detailed plans for addressing non-testable attributes. Including photos with captions directly referenced in the text would also strengthen clarity and evidence of construction.",3.75,4
Case088_4432.pdf,,Placeholder text for scoring.,4,4,3,2,4,4,4,4,,,,,,,,,"Your portfolio demonstrates a strong and methodical approach to prototype construction and iteration. The detailed stepwise descriptions, including tools and materials, provide a clear understanding of how your final prototype was built. The inclusion of multiple prototype versions shows thoughtful development and refinement. To further strengthen your explanation, consider providing a more integrated summary of the final prototype as a whole system.

Your prototype is well-constructed to enable objective measurement of many key design requirements, such as VOC and particulate matter reduction, with specific measurement ranges and testing methods outlined. Most design attributes are addressed with clear testing or modeling plans, which supports a robust evaluation of your solution. However, some attributes like durability and student safety are acknowledged as non-testable within the current scope, and while you provide reasonable justifications, these could be enhanced with expert review documentation or more detailed rationale.

To improve your work, consider adding explicit expert feedback for non-testable attributes, summarizing the final prototype’s integrated function more clearly, expanding on how testing will be conducted practically, and including photos or diagrams with captions to visually support your explanations. These steps will enhance clarity, testability, and the overall strength of your prototype documentation.",3.25,4
Case089_4450.docx,,Placeholder text for scoring.,4,4,5,0,3,3,3,1,,,,,,,,,"The documentation provides a basic list of materials and references to pictures and sketches, which is a starting point for prototype construction. However, the explanation of the final prototype iteration is minimal and lacks detail about what was built, how it was assembled, or the key components involved. This limits understanding of the prototype's design and function.

Regarding testability, there is insufficient evidence that the prototype is constructed to generate objective, measurable data related to design requirements. No specific attributes are identified as testable or modeled, and no testing procedures or results are described. Additionally, there is no justification for any attributes that cannot be tested, leaving gaps in understanding how the design might be evaluated or reviewed by experts.

To improve, provide a clear, detailed explanation of the final prototype iteration including construction steps and key features. Include descriptions or evidence of how the prototype can generate measurable data for specific design requirements. Identify and describe testable attributes and outline testing or modeling approaches. Finally, justify any attributes that cannot be tested and explain why expert review is necessary.",3.25,2.5
Case090_5500.docx,,Placeholder text for scoring.,5,5,0,0,3,3,2,0,,,,,,,,,"The documentation provides a basic list of materials and references to pictures and sketches, which offers some insight into the components used in the prototype. However, the explanation of the final prototype iteration is minimal and lacks detail about how the prototype was constructed or how it functions. This limits understanding of the design and its intended operation.

Regarding testability, there is insufficient evidence that the prototype can generate objective, measurable data related to design requirements. The absence of descriptions about testing procedures or measurable attributes means it is unclear how the prototype supports evaluation of its performance. Additionally, no attributes are identified as testable or modeled, and no justification is given for any attributes that cannot be tested.

To improve, the student should provide a clear, detailed explanation of the final prototype iteration, including construction steps and key features. They should also describe how the prototype enables measurement of specific design requirements and identify which attributes can be tested or modeled. Finally, if some attributes cannot be tested, a well-supported justification explaining why expert review is needed would strengthen the documentation and overall design evaluation.",2.5,2
Case091_0220.pdf,,Placeholder text for scoring.,0,2,2,0,4,4,4,0,,,,,,,,,"The student provides a well-detailed explanation of the final prototype iteration, describing the construction materials and assembly process clearly. The use of a wooden base, PVC pipe, clay modeling, and painted components demonstrates thoughtful construction. The mechanism involving paper clips and fishing lines to hold and release petals is described in sufficient detail to understand the prototype's function.

The prototype is constructed to enable objective testing of several key design attributes, such as petal visibility from different angles, the ability to pull petals off using strings, and the petals' ability to remain attached until triggered. These features support measurable data collection, although the description could benefit from explicitly listing all design requirements and more detailed testing procedures. While some attributes are testable, the explanation does not cover all possible attributes or modeling, limiting the comprehensiveness of the evaluation.

No justification is provided for any attributes that cannot be tested or require expert review, which is a notable gap. To improve, the student should explicitly list all design requirements, provide detailed testing protocols, include explanations for any non-testable attributes, and clarify how all components integrate functionally. Adding diagrams or photos could also enhance clarity and support testability.",1,3
Case092_2330.pdf,,Placeholder text for scoring.,2,3,3,0,4,4,4,0,,,,,,,,,"The student provides a clear and detailed explanation of the final prototype iteration, describing the construction materials and assembly process effectively. The description of the wooden base, PVC pipe stem, clay modeling, and petal attachment demonstrates a thoughtful approach to building a functional prototype. This clarity helps the reader understand the physical design and intended operation.

The prototype construction supports testability for many design requirements, such as the visibility of petals dropping from different angles, the mechanism to pull petals off using fishing lines, and the petals' ability to remain attached until pulled. These features suggest the prototype can generate meaningful, objective data. However, the explanation lacks specifics on how these attributes will be quantitatively measured or modeled, limiting the assessment of testing completeness.

No justification is provided for any attributes that cannot be tested or require expert review, which is a notable gap. To improve, the student should include explicit measurement methods for each testable attribute, provide justification for any non-testable aspects, clarify how data will be recorded, and consider adding diagrams or photos to enhance understanding and support testability claims.",2,3
Case093_4342.pdf,,Placeholder text for scoring.,4,3,4,2,3,3,3,2,,,,,,,,,"Your prototype explanation demonstrates a solid understanding of the 3D printing process and iterative design changes, such as resizing and adding decorative features. This provides a reasonable overview of how the prototype was developed and its intended functionality. The inclusion of practical steps and tools used strengthens the explanation, though more detailed descriptions of the final prototype’s components would improve clarity.

The prototype construction supports testing several design requirements, including grip effectiveness, durability, and string retention, with clear plans for observational and timing tests. However, some requirements, like kid-proof and pet-proof standards, rely on external research rather than direct prototype evaluation, limiting comprehensive testability. While some attributes are linked to measurable tests, others remain insufficiently addressed or require expert review.

To enhance your work, consider providing more detailed descriptions and photos of the final prototype to clarify its features. Develop specific, repeatable testing procedures for all design requirements, especially those currently relying on external standards. Expand measurable attributes by defining clear metrics and testing methods. Finally, strengthen justifications for non-testable attributes by elaborating on why expert review is necessary and how it complements prototype testing.",3.25,2.75
Case094_2432.pdf,,Placeholder text for scoring.,2,4,3,2,3,3,3,2,,,,,,,,,"Your prototype documentation demonstrates a solid foundation in explaining the construction and iteration of your 3D printed design. The step-by-step description of the design process and adjustments made to improve fit and usability show thoughtful development. Including photos and notes on material choice adds helpful context. To strengthen your explanation, consider providing more detailed descriptions of design changes and specific dimensions or features that influenced your iterations.

Regarding testability, your prototype supports objective data collection for several design requirements, such as grip and string retention, through practical testing methods like fitting on different hoodie strings and pull tests. However, some evaluation methods, like surveying for fashion appeal, are subjective and could be supplemented with more measurable criteria. Expanding on how you will quantitatively assess durability or grip strength would improve test coverage. Your identification of testable attributes is a good start, but more comprehensive testing plans and clearer modeling approaches would enhance this further.

The justification for non-testable attributes needs more development. Providing detailed reasons why expert review is necessary, perhaps referencing standards or specific challenges in measuring grip strength, would strengthen this section. To improve your prototype documentation, consider adding precise measurements, elaborating on testing procedures, incorporating quantitative evaluation methods, and expanding justifications for attributes requiring expert input.",2.75,2.75
Case095_1110.pdf,,Placeholder text for scoring.,1,1,1,0,3,2,1,0,,,,,,,,,"The student provides an adequate explanation of the final prototype iteration, detailing the materials used and basic construction steps for the duct tape belt pouch. This clarity in describing what was built and the purpose of each component is a strength, though the explanation could be enhanced with more specifics such as dimensions or how the pocket secures the tracker.

Regarding testability, the prototype is constructed to hold and conceal the tracker, which aligns with inferred design requirements. However, the explanation of how the prototype enables collection of objective, measurable data is minimal and lacks detail. While the tracker’s ability to measure location and distance is mentioned, no specific testing methods or modeling of these attributes are described, limiting the assessment of testable features.

No justification is provided for attributes that cannot be tested, which is a notable gap. To improve, the student should include detailed descriptions of how the prototype supports measurable testing of key attributes, specify testing procedures or data collection methods, and provide reasoning for any non-testable aspects. Adding dimensions, construction details, and explicit links between prototype features and design requirements would strengthen the documentation and testability.",0.75,1.5
Case096_1110.pdf,,Placeholder text for scoring.,1,1,1,0,3,2,1,0,,,,,,,,,"The student provides a clear and straightforward explanation of the final prototype iteration, including the materials used and basic construction steps. This clarity helps understand the intended function of the duct tape belt pouch and its role in holding the tracker. The choice of materials and the rationale for selecting Design #1 over Design #2 also add context to the prototype’s purpose.

However, the explanation lacks depth regarding how the prototype enables collection of objective, measurable data. While the prototype is described as capable of tracking location and hiding the tracker, there is no detailed plan or method for testing these attributes. The absence of specific measurable attributes or testing procedures limits the ability to fully evaluate the prototype’s effectiveness. Additionally, no justification is provided for any attributes that cannot be tested, which is an important aspect of prototype evaluation.

To improve, the student should include more detailed construction information such as dimensions and secure attachment methods. They should also describe specific measurable attributes and how testing will be conducted to collect objective data. Finally, providing justification for any non-testable attributes and explaining why expert review might be needed would strengthen the overall evaluation of the prototype.",0.75,1.5
Case097_4021.pdf,,Placeholder text for scoring.,4,0,2,1,4,3,3,3,,,,,,,,,"Your documentation provides a thorough and clear explanation of the prototype iterations, showing thoughtful design evolution and addressing key components and construction methods. The detailed descriptions of mechanisms, materials, and challenges demonstrate strong understanding and planning, which is a significant strength.

While the prototypes include functional elements capable of generating objective data on some design requirements, the incomplete construction and testing of later iterations limit full evaluation. The horizontal traverse mechanism is well addressed, but the elevation mechanism and motor performance under realistic loads remain untested, reducing the scope of measurable attributes. Your acknowledgment of these limitations and the need for expert review is appropriate, though expanding on the justification would strengthen this aspect.

To improve, consider fully constructing at least one prototype iteration to enable comprehensive testing, especially for critical mechanisms like elevation. Enhance documentation of testing procedures and measurable outcomes to better demonstrate testability. Provide more detailed justification for non-testable attributes, explicitly linking them to expert review needs. Finally, including clearer diagrams or photos with explanations would further clarify prototype functionality and support your explanations.",1.75,3.25
Case098_5330.pdf,,Placeholder text for scoring.,5,3,3,0,4,3,3,3,,,,,,,,,"Your documentation provides a thorough and detailed explanation of the prototype iterations, particularly the final iteration (P4). The narrative effectively communicates the evolution of your design, including material choices, construction methods, and the rationale behind significant changes such as removing the elevation mechanism and adjusting the rotary base. This clarity helps readers understand the design process and the challenges encountered.

While the prototype includes many functional components capable of generating objective data, the incomplete construction of later prototypes limits the ability to fully test all design requirements. Early-stage testing of the horizontal rotation and gear mechanisms demonstrates some measurable attributes, but key features like the elevation mechanism and motor performance under realistic loads remain untested. Your justification for these non-testable attributes is reasonable, though it would benefit from more detailed expert input or technical analysis.

To improve, consider focusing on completing at least one full prototype iteration to enable comprehensive testing. Enhance your explanation by summarizing key points more concisely to improve clarity. Additionally, incorporating expert reviews or simulations could strengthen justification for non-testable attributes. Finally, documenting specific testing procedures and measurable outcomes would better demonstrate prototype testability and attribute evaluation.",2.75,3.25
Case099_5333.pdf,,Placeholder text for scoring.,5,3,3,3,4,3,3,2,,,,,,,,,"Your documentation provides a thorough and clear explanation of the prototype iterations, detailing design decisions, materials, and mechanisms across multiple stages. This clarity helps readers understand the evolution of your design and the rationale behind changes, which is a strong aspect of your work. The inclusion of specific components like gears, motors, and base materials demonstrates thoughtful construction planning.

While your prototypes incorporate functional elements capable of testing some design requirements, incomplete construction and CNC machining issues limited full testability. The horizontal rotation mechanism was tested to some extent, but the elevation mechanism remained untested, reducing the scope of measurable attributes. Your acknowledgment of these limitations and the challenges faced shows awareness but leaves some gaps in comprehensive testing.

To improve, consider focusing on completing at least one prototype iteration fully to enable more robust testing. Enhancing the explanation of how each attribute will be measured or modeled would strengthen testability claims. Additionally, providing clearer justification for non-testable attributes, explicitly linking them to expert review needs, would improve completeness. Finally, addressing CNC reliability earlier or exploring alternative fabrication methods could prevent construction delays and support more thorough prototype evaluation.",3.5,3
Case100_5550.pdf,,Placeholder text for scoring.,5,5,5,0,4,3,3,1,,,,,,,,,"Your documentation provides a thorough and well-organized explanation of the prototype construction process, including detailed daily logs and stepwise procedures. The inclusion of materials lists, dimensions, and descriptions of key components such as the window frame, lights, and curtains demonstrates a strong understanding of the prototype's physical makeup. This clarity helps readers visualize the prototype and its intended function.

The prototype shows promise in generating objective data for some design requirements, particularly in light distribution and structural assembly. Testing of materials and lightbox functions indicates an effort to evaluate important attributes. However, the documentation could be strengthened by explicitly linking prototype features to measurable outcomes and by providing more comprehensive testing or modeling results. Additionally, the justification for attributes that cannot be tested is underdeveloped; offering clearer reasoning or expert input would enhance the credibility of these aspects.

To improve, consider explicitly describing how each design requirement will be measured or tested using the prototype. Include quantitative or qualitative data from tests conducted. Provide a more detailed justification for non-testable attributes, possibly with expert consultation. Finally, clarify how all components integrate functionally to support the overall design goals.",3.75,2.75
Case101_5500.pdf,,Placeholder text for scoring.,5,5,0,0,4,3,3,1,,,,,,,,,"Your documentation provides a thorough and well-organized explanation of the prototype construction process, including detailed daily logs, material lists, and stepwise assembly instructions. This clarity helps readers understand the evolution from a small-scale cardboard model to a more refined wooden frame with integrated lighting and curtains. The inclusion of dimensions and materials strengthens the explanation of your final prototype iteration.

Regarding testability, your prototype demonstrates the ability to generate objective data for some design requirements, such as light distribution and structural assembly. Testing different papers and light sources shows thoughtful consideration of measurable attributes. However, the testability of all design requirements is not fully established, and some limitations, like the use of fairy lights and paper thickness, restrict comprehensive evaluation.

The prototype addresses several testable attributes but lacks a complete identification and linkage of all unique solution features to measurable outcomes. Additionally, justification for non-testable attributes is minimal and would benefit from clearer reasoning or expert input.

To improve, consider explicitly linking each design requirement to measurable prototype features, provide detailed testing plans or data collection methods, and include expert justification for attributes that cannot be tested. Enhancing integration explanations between components and clarifying how the prototype supports comprehensive evaluation will also strengthen your documentation.",2.5,2.75
Case102_2440.docx,,Placeholder text for scoring.,2,4,4,0,3,2,1,0,,,,,,,,,"The student demonstrates a reasonable effort in explaining the prototype iteration, including the design inspiration and key features such as the spinning supply box and compartments for small supplies. The description of the assembly process, including cutting and gluing pieces and adding a spinning mechanism, provides a basic understanding of the prototype construction. However, the explanation could be improved by providing more detailed and clear descriptions of the final iteration and how it evolved from earlier versions.

While the prototype includes functional elements that suggest some design requirements could be tested, the documentation lacks clear evidence that objective, measurable data can be collected for most requirements. The student mentions features like the spinning cylinder and compartments but does not specify how these attributes will be tested or modeled. Additionally, there is no justification for any attributes that cannot be tested, which leaves gaps in understanding the prototype's evaluation scope.

To improve, the student should provide more detailed explanations of the final prototype iteration, including specific construction steps and materials. They should also describe how each design attribute can be objectively tested or modeled, including potential measurement methods. Finally, including justification for any non-testable attributes and explaining why expert review is needed would strengthen the overall documentation and evaluation of the prototype.",2.5,1.5
Case103_3111.docx,,Placeholder text for scoring.,3,1,1,1,3,2,2,0,,,,,,,,,"The student provides an adequate explanation of their prototype iteration, detailing the design inspiration, key components like compartments and a spinning mechanism, and the assembly process. This gives a reasonable understanding of what was built and how, though the explanation could be more cohesive and focused on the final prototype as a whole.

While the prototype includes functional features that suggest some testability, such as the spinning base and storage compartments, there is limited evidence of how objective data will be collected or how the design requirements will be quantitatively evaluated. The description lacks specific testing methods or measurable attributes, which restricts the ability to fully assess the prototype's performance. Additionally, no justification is provided for any design attributes that cannot be tested, leaving gaps in understanding how non-testable aspects are addressed.

To improve, the student should clearly define the design requirements and explain how the prototype construction enables measurement of these requirements. Including specific testing procedures or criteria for evaluating attributes like rotation smoothness or compartment capacity would strengthen testability. Providing justification for any non-testable attributes and their need for expert review would also enhance completeness. Finally, a more structured and detailed explanation of the final prototype iteration would improve clarity and communication.",1.5,1.75
Case104_2422.pdf,,Placeholder text for scoring.,2,4,2,2,4,3,3,0,,,,,,,,,"Your documentation provides a solid and clear explanation of the prototype construction process, including detailed blueprints and descriptions of key components such as hinges, rails, and door folding mechanisms. This clarity helps in understanding the physical assembly and intended functionality of the prototype, which is a strong point in your work.

However, while the prototype appears to incorporate many functional elements, the explanation lacks explicit details on how objective, measurable data will be collected to evaluate design requirements. The testability of multiple design attributes is only partially addressed, with some attributes like hinge attachment and door folding mentioned but not fully elaborated in terms of measurable outcomes. Additionally, there is no justification for attributes that cannot be tested or require expert review, which leaves a gap in the evaluation of the prototype’s completeness.

To improve, consider explicitly linking prototype features to specific design requirements and describing how you will measure or observe their performance. Include a more detailed plan for testing multiple attributes and provide justification for any aspects that cannot be directly tested. Finally, integrating a summary of how all components work together in the final iteration would strengthen the explanation and demonstrate comprehensive understanding.",2.5,2.5
Case105_5555.pdf,,Placeholder text for scoring.,5,5,5,5,5,4,4,2,,,,,,,,,"The prototype explanation is a strong aspect of this submission, with a comprehensive and clear stepwise description of the construction process. The team effectively details the tools, materials, and techniques used, providing a vivid picture of the final prototype. This clarity supports understanding of how the prototype was built and the rationale behind design choices.

Regarding testability, the prototype is well-constructed to enable objective measurement of many important design attributes, including color change, brightness, size fitting, and light patterns. The team outlines specific methods for testing these attributes, demonstrating a solid understanding of measurable outcomes. However, the absence of interactive features is acknowledged but not deeply justified, and the justification for non-testable attributes is minimal, lacking explanation of why expert review might be necessary.

To improve, the team should provide more detailed justification for any attributes that cannot be tested, explaining the need for expert evaluation. Including explicit measurements or data from initial tests would strengthen evidence of testability. Additionally, expanding on potential future interactivity and how it might be evaluated would enhance completeness. Finally, integrating more quantitative data or diagrams could further support the prototype’s testability and evaluation.",5,3.75
Case106_3400.pdf,,Placeholder text for scoring.,3,4,0,0,4,3,2,0,,,,,,,,,"The student provides a clear and detailed explanation of their final prototype iteration, including the choice of materials, construction methods, and assembly challenges. The description of laser cutting acrylic pieces, building wooden frames, and string attachment demonstrates a solid understanding of prototype construction. This clarity helps visualize the physical build and the iterative improvements made, such as looping strings twice to prevent sliding.

While the prototype includes measurable elements like piece size and string spacing, the documentation lacks explicit plans or methods for collecting objective data on design requirements. The testability of multiple design attributes is only partially addressed, with some focus on material suitability and assembly, but without clear testing procedures or measurable outcomes. Additionally, the student does not provide any justification for attributes that cannot be tested or require expert review, which is a notable gap.

To improve, the student should explicitly link prototype features to specific design requirements and describe how these will be quantitatively tested. Including detailed testing plans or data collection methods would strengthen testability. Providing justification for non-testable attributes and clarifying the final iteration’s improvements would also enhance the documentation. Finally, incorporating diagrams or photos with explanations could further support understanding and evaluation.",1.75,2.25
Case107_4322.pdf,,Placeholder text for scoring.,4,3,2,2,4,3,3,0,,,,,,,,,"Your prototype explanation is detailed and provides a clear understanding of the construction process, including material selection, laser cutting, frame assembly, and stringing techniques. This thorough description helps visualize the physical build and the design choices made, which is a strong aspect of your documentation.

However, while the prototype appears functional, the explanation lacks explicit evidence that it can generate objective, measurable data for all design requirements. Only some attributes, such as the spacing of acrylic pieces and attachment methods, are implicitly testable. There is limited discussion of testing or modeling multiple design attributes, and no data or formal testing procedures are described. Additionally, no justification is provided for any attributes that cannot be tested, which leaves gaps in understanding how non-testable aspects are addressed.

To improve, consider explicitly linking prototype features to specific measurable design requirements and describing how you plan to collect objective data. Include more attributes for testing or modeling and document any testing performed. Also, provide clear justifications for attributes that cannot be tested and explain why expert review might be necessary. Finally, clarifying the overall function and goals of the prototype would strengthen the explanation.",2.75,2.5
Case108_5553.pdf,,Placeholder text for scoring.,5,5,5,3,4,4,4,4,,,,,,,,,"Your documentation provides a clear and adequate explanation of the final prototype iteration, detailing the progression through multiple design changes and improvements. The reflections on printing challenges and design modifications demonstrate thoughtful iteration and problem-solving. The inclusion of CAD models, assembly steps, and material details further supports understanding of the prototype construction.

The prototype is constructed to allow collection of objective, measurable data for many design requirements, such as fit, weight, and durability. The testing approach for attributes like sound clarity and head removal is well described, enabling meaningful evaluation. However, some testing relies on subjective feedback or collaboration, which could be supplemented with more quantitative measures. The justification for non-testable attributes like authenticity is reasonable but would benefit from elaboration on expert review criteria.

To improve your prototype documentation, consider providing a more comprehensive summary of the final iteration’s key components and construction details. Enhance testability by incorporating more objective measurement methods for subjective attributes like comfort. Clarify the expert review process for non-testable attributes to strengthen justification. Finally, including explicit testing results or data tables would further demonstrate prototype effectiveness and support your design claims.",4.5,4
Case109_5555.pdf,,Placeholder text for scoring.,5,5,5,5,4,4,4,4,,,,,,,,,"Your documentation provides a clear and adequate explanation of the final prototype iteration, detailing the evolution of your design through multiple versions. The rationale behind key changes, such as switching from screw threads to velcro and adjusting the size and shape for authenticity and fit, is well articulated. This clarity helps readers understand your design decisions and prototype development process.

The prototype construction supports objective data collection for many design requirements, including fit, weight, and comfort. You effectively describe how measurable data can be gathered, such as measuring slot dimensions and weighing the assembly. Additionally, your prototype enables testing of several important attributes like head removal and sound clarity, demonstrating thoughtful consideration of functional testing. However, some testing methods, particularly for durability and comfort, could benefit from more detailed procedures or quantitative measures.

Your justification for non-testable attributes, specifically authenticity, is reasonable and acknowledges the need for expert review. To improve, consider providing more detailed descriptions of your final prototype iteration, including explicit construction steps and materials used. Enhance your testing plans by outlining specific methods for durability and comfort evaluation. Finally, expand your justification for non-testable attributes by describing how expert feedback will be obtained and applied. These improvements will strengthen the overall quality and testability of your prototype.",5,4
