filename,source_type,text,A1__expert,A2__expert,A3__expert,A4__expert,A5__expert,A6__expert,A1,A2,A3,A4,A5,A6,A1_flag,A2_flag,A3_flag,A4_flag,A5_flag,A6_flag,scoring_hints,A1_rationale,A2_rationale,A3_rationale,A4_rationale,A5_rationale,A6_rationale,narrative_feedback,element_score_raw
Case001_554333.pdf,docx,Placeholder text for scoring.,5,5,4,3,3,3,5,4,4,4,4,4,,,,,,,"['Examine whether the problem statement explicitly and objectively identifies the core issue without ambiguity or assumptions.', 'Evaluate the depth of the problem definition, particularly the inclusion of medical and ergonomic details, to determine if it goes beyond superficial description.', 'Assess the distinctness and number of primary stakeholder groups mentioned to verify if they represent truly separate affected populations.', 'Consider the variety and credibility of sources cited, ensuring they include multiple reputable organizations or studies rather than relying heavily on a few.', 'Review the extent and consistency of objective detail provided in the justification, distinguishing between general statements and specific, measurable evidence.']","['Examine whether the problem statement explicitly and objectively identifies the core issue without ambiguity or assumptions.', 'Evaluate the depth of the problem definition, particularly the inclusion of medical and ergonomic details, to determine if it goes beyond superficial description.', 'Assess the distinctness and number of primary stakeholder groups mentioned to verify if they represent truly separate affected populations.', 'Consider the variety and credibility of sources cited, ensuring they include multiple reputable organizations or studies rather than relying heavily on a few.', 'Review the extent and consistency of objective detail provided in the justification, distinguishing between general statements and specific, measurable evidence.']","The problem identification is clear and objective, explicitly stating that Mr. Kiser experiences lower back pain when bending over to push a cart, with detailed context about his height, medical condition, and the specific activity causing pain.","The problem is defined with adequate depth, including medical details about the L1 and L2 disc ruptures, the physical activity causing pain, and the broader implications for others with similar issues, though some aspects could be more technically detailed.","The problem is elaborated with explanations of the medical condition, the impact on Mr. Kiser’s daily activities, and the potential for worsening injury, as well as the broader workplace relevance, showing a developed elaboration though not exhaustively detailed.","The justification highlights several primary stakeholder groups including Mr. Kiser, students, other faculty, ACT proctors, and anyone who pushes a cart, showing consideration of a range of affected groups but not quite reaching almost all primary stakeholders.","The problem justification is supported by multiple timely, credible, and varied sources including the Premier Spine Institute, NCBI study, CDC, and Harvard Health Blog, demonstrating research backing though not an exceptionally large number of sources.","This submission presents a clear and objective problem identification, focusing on Mr. Kiser’s lower back pain caused by bending over to push a cart, supported by detailed medical context. The problem is elaborated adequately, connecting the individual case to broader workplace issues and potential future users, though some technical depth could be enhanced. The identification of primary stakeholders is broad and thoughtful, including multiple distinct groups affected by the problem, which supports the justification. The use of multiple credible and timely sources from reputable organizations adds research support, though expanding the variety and number of sources could improve it further. Objective detail is mostly consistent, with specific medical and statistical information, but some areas could benefit from more precise data or clearer quantification. To improve, the student should deepen the technical problem definition with more biomechanical or ergonomic details, clarify the scope of stakeholders with more distinct groups if possible, and incorporate additional varied sources to enhance credibility. Overall, the submission is developed and demonstrates an understanding of the problem and its significance.",4.166666667
Case002_454453.pdf,docx,Placeholder text for scoring.,4,5,4,4,5,3,5,4,4,4,4,4,,,,,,,"['Examine whether the problem statement explicitly and objectively identifies the core issue without relying on implied or vague language.', 'Evaluate the depth of the problem definition by checking if technical and systemic aspects are sufficiently detailed beyond general descriptions.', 'Assess the differentiation and clarity of stakeholder groups to confirm they represent distinct and primary affected parties rather than overlapping or secondary mentions.', 'Consider the variety and credibility of sources cited, ensuring they include multiple reputable and timely references rather than primarily personal opinions or single-source reliance.', 'Review the consistency and objectivity of the problem justification details, verifying that quantitative and factual information predominates over subjective or anecdotal content.']","['Examine whether the problem statement explicitly and objectively identifies the core issue without relying on implied or vague language.', 'Evaluate the depth of the problem definition by checking if technical and systemic aspects are sufficiently detailed beyond general descriptions.', 'Assess the differentiation and clarity of stakeholder groups to confirm they represent distinct and primary affected parties rather than overlapping or secondary mentions.', 'Consider the variety and credibility of sources cited, ensuring they include multiple reputable and timely references rather than primarily personal opinions or single-source reliance.', 'Review the consistency and objectivity of the problem justification details, verifying that quantitative and factual information predominates over subjective or anecdotal content.']","The problem identification is clear and objective. The document explicitly states the problem of safely transporting Komodo dragons within the zoo, highlighting the challenges due to their unique characteristics and the limitations of current methods.","The problem is defined with adequate depth, describing the current transportation system, its limitations, and specific safety and medical concerns. However, while detailed, it does not provide exhaustive technical or systemic analysis that would warrant the highest level.","The problem is elaborated with descriptions of the dragons’ physical traits, current transport methods, safety concerns, and veterinary needs. The inclusion of interviews and specific examples adds some depth, though some elaboration could be more precise or technical.","The document identifies several primary stakeholder groups: Komodo dragons, handlers, veterinary staff, and zoo administration. It also mentions secondary stakeholders like zoo attendees and other zoos. This breadth supports a score of many primary stakeholder groups.","The justification is based on multiple credible, timely, and varied sources including reputable zoo websites, interviews with zoo staff, and conservation biology institutes. The sources are well cited and diverse, though the number of sources is moderate rather than numerous.","This document presents a clear and objective identification of the problem related to safely transporting Komodo dragons within a zoo setting, supported by descriptions of the animals and current challenges. The problem definition is adequate, covering safety, veterinary, and logistical concerns, though it could benefit from deeper technical analysis to reach the highest depth level. The elaboration includes concrete examples and stakeholder interviews that contribute to understanding, but some areas could be more precise or technical. The inclusion of multiple primary stakeholder groups such as the dragons, handlers, veterinary staff, and zoo administration shows a broad consideration of affected parties. The problem justification is supported by a variety of credible and timely sources, including institutional websites and personal interviews, though expanding the number of sources could strengthen this further. Objective detail is generally provided, with quantitative data and specific constraints outlined, but occasional subjective phrasing slightly reduces full objectivity. To improve, the work should aim to deepen the technical problem definition, increase the number and variety of credible sources, and maintain consistently objective language throughout. Overall, the document communicates the problem and its context adequately, providing a foundation for subsequent design work.",4.166666667
Case003_552454.pdf,docx,Placeholder text for scoring.,5,5,2,4,5,4,5,4,4,4,4,4,,,,,,,"['Examine whether the problem statement explicitly and objectively defines the core issue without relying on implied or vague language.', 'Evaluate the depth of the problem definition by checking for quantitative data or specific impact measures beyond descriptive text.', 'Assess if the stakeholder groups listed represent truly distinct and primary groups affected by the problem rather than overlapping or secondary parties.', 'Consider whether the sources cited meet the criteria for credibility, timeliness, and variety, especially distinguishing between personal interviews and published authoritative sources.', 'Review the balance between subjective language and objective detail in the problem justification to determine if the evidence consistently supports the claims.']","['Examine whether the problem statement explicitly and objectively defines the core issue without relying on implied or vague language.', 'Evaluate the depth of the problem definition by checking for quantitative data or specific impact measures beyond descriptive text.', 'Assess if the stakeholder groups listed represent truly distinct and primary groups affected by the problem rather than overlapping or secondary parties.', 'Consider whether the sources cited meet the criteria for credibility, timeliness, and variety, especially distinguishing between personal interviews and published authoritative sources.', 'Review the balance between subjective language and objective detail in the problem justification to determine if the evidence consistently supports the claims.']","The problem identification is clear and objective. The document explicitly states the problem of safely transporting Komodo dragons within the zoo, highlighting the challenges due to their unique characteristics and the limitations of current transport methods.","The problem is defined with adequate depth, describing the current transport system, its limitations, and specific safety and medical imaging concerns. However, some technical details or quantitative measures of the problem's impact could further deepen the definition.","The problem is elaborated with descriptions of the current transport tubes, safety concerns, and veterinary needs. The inclusion of interviews and specific examples adds some depth, though further elaboration could be more precise regarding the frequency or severity of issues.","The document identifies several primary stakeholder groups: Komodo dragons, handlers, veterinary staff, and zoo administration, plus secondary stakeholders like zoo attendees and other zoos. This represents many distinct groups, though not quite 'almost all' primary stakeholders.","The justification is based on numerous credible, timely, and varied sources including reputable zoo websites, interviews with staff, and conservation biology institutes. The sources are well-cited and relevant, though some sources are personal interviews which somewhat limit the variety.","This document presents a clear and objective identification of the problem related to safely transporting Komodo dragons within a zoo setting, supported by descriptions and stakeholder input. The problem definition is adequate, covering the current transport system's limitations and safety concerns, though it could be enhanced with more quantitative data or impact metrics. The elaboration includes interviews and specific examples, but could benefit from more precise details on the frequency or severity of issues. The identification of stakeholder groups is fairly comprehensive, including primary and secondary groups, but could be expanded to include additional relevant parties. The use of numerous credible and varied sources, including reputable organizations and personal interviews, supports the justification, though reliance on interviews somewhat limits source variety. Objective detail is mostly consistent, with clear data and descriptions, but occasional subjective phrasing slightly reduces full objectivity. To improve, the student should incorporate more quantitative evidence, clarify the impact of the problem, and ensure all stakeholder groups are distinctly represented. Additionally, balancing subjective language with more objective data will enhance the justification's rigor.",4.166666667
Case004_212101.pdf,docx,Placeholder text for scoring.,2,1,2,1,0,1,4,3,3,2,1,3,,,,,,,"['Examine whether the problem statement explicitly and objectively defines the discomfort and its causes without relying on assumptions or vague language.', 'Evaluate the depth of problem definition by checking if the document explores technical, contextual, and user-related aspects beyond the initial description.', 'Assess the range and distinctness of stakeholder groups mentioned to determine if multiple primary stakeholders are clearly identified and justified.', 'Consider the credibility, variety, and timeliness of sources cited to support the problem justification, noting reliance on a single or non-credible source.', 'Review the consistency and objectivity of details provided in the problem justification, distinguishing between subjective opinions and verifiable data.']","['Examine whether the problem statement explicitly and objectively defines the discomfort and its causes without relying on assumptions or vague language.', 'Evaluate the depth of problem definition by checking if the document explores technical, contextual, and user-related aspects beyond the initial description.', 'Assess the range and distinctness of stakeholder groups mentioned to determine if multiple primary stakeholders are clearly identified and justified.', 'Consider the credibility, variety, and timeliness of sources cited to support the problem justification, noting reliance on a single or non-credible source.', 'Review the consistency and objectivity of details provided in the problem justification, distinguishing between subjective opinions and verifiable data.']","The problem identification is generally clear and objective, specifying the discomfort experienced by Mr. Kiser when pushing the lab carts due to handle height and his medical condition. The description includes measurable details such as handle height and user height range, making the problem defined and understandable.","The problem definition provides some depth by explaining the physical discomfort caused by the handle height, the medical background of the primary user, and the intended user height range. However, it lacks more detailed exploration of the problem's broader context or technical constraints.","The problem is elaborated with some supporting details such as the medical condition, height statistics, and potential user benefits. However, the elaboration is somewhat general and could be more precise or detailed, especially regarding the impact on other users or the environment.","The document identifies a few primary stakeholders: Mr. Kiser (tall users), moving/shipping companies’ upper management, workers, and students. While these represent distinct groups, the number is limited and the description of their concerns is brief, not covering many primary stakeholder groups.","The only source cited is the 2007-2008 NHANES for height statistics, which is credible but singular and not timely. Other claims, such as labor strikes and benefits to workers, are unsupported by credible or varied sources.","This submission identifies the problem of discomfort caused by the cart handle height for a tall user with a medical condition, providing measurable and generally objective details. The problem definition offers some explanation of the physical challenges and user height range, but it could be improved by exploring broader implications or technical constraints. The elaboration includes relevant details but remains somewhat general and could benefit from more precise analysis of impacts on other users and contexts. Stakeholder identification is limited to a few groups, with brief descriptions of their concerns; expanding and differentiating stakeholder groups would strengthen the justification. The use of sources is minimal, relying on a single credible but dated source; incorporating multiple, timely, and varied references would improve credibility. Objective detail is present but inconsistently applied, with some subjective or speculative claims; focusing on verifiable data would enhance the justification. To improve, the team should deepen problem analysis, broaden stakeholder consideration, and support claims with diverse, credible sources.",2.666666667
Case005_332302.pdf,docx,Placeholder text for scoring.,3,3,2,3,0,2,4,3,4,3,2,4,,,,,,,"['Examine whether the problem identification explicitly and objectively describes the core issue without relying on assumptions or implied context.', 'Evaluate the depth of the problem definition to determine if it goes beyond surface-level description to include specific challenges and contextual factors.', 'Assess the variety and credibility of sources cited to justify the problem, noting whether multiple independent and timely sources are used.', 'Consider whether the identified stakeholders represent truly distinct groups affected by the problem or if some are overlapping or closely related.', 'Review the extent and consistency of objective detail provided in the justification, checking for clear data or evidence supporting claims.']","['Examine whether the problem identification explicitly and objectively describes the core issue without relying on assumptions or implied context.', 'Evaluate the depth of the problem definition to determine if it goes beyond surface-level description to include specific challenges and contextual factors.', 'Assess the variety and credibility of sources cited to justify the problem, noting whether multiple independent and timely sources are used.', 'Consider whether the identified stakeholders represent truly distinct groups affected by the problem or if some are overlapping or closely related.', 'Review the extent and consistency of objective detail provided in the justification, checking for clear data or evidence supporting claims.']","The problem identification is clear and objective, describing the special education class at Whitemarsh Elementary School, the fluctuating number of students with varying needs, and the need for resources to help these students succeed. The inclusion of statistics about students with disabilities in Pennsylvania provides relevant support for the clarity and objectivity.","The problem is defined with some depth, explaining the classroom environment, the sensory room's limitations, and the challenge of designing a product that supports motor skills and learning. However, the definition could be more developed regarding specific challenges faced by students or teachers.","The problem is elaborated with details about the classroom layout, sensory room features, and the importance of lighting. The explanation of how lighting affects mood and alertness, supported by a cited source, adds useful elaboration. The description of potential lighting games further contributes to the problem context.","Several primary stakeholder groups are identified: teachers (Mrs. Brennan and Dr. Sabatino), students, families, aides, and future students. While these represent multiple groups, some are closely related (e.g., families and future students), so the range is moderate rather than extensive.","The justification includes one credible and timely source (TCP Lighting) and a statistical reference to Pew Research. However, the sources are limited in number and variety, and some claims lack citation, so the evidence is credible but not varied or numerous.","This project presents a clear and objective identification of the problem, focusing on the needs of a special education classroom and the challenges posed by the physical environment and student needs. The problem definition is somewhat developed, describing the classroom and sensory room but could benefit from deeper exploration of specific challenges faced by students and teachers. The elaboration provides relevant detail, especially regarding the role of lighting and its potential benefits, supported by some credible evidence. Multiple stakeholder groups are identified, including teachers, students, families, and aides, though the range could be more distinctly differentiated. The justification includes objective details such as statistics and environmental descriptions, which generally support the problem's importance. To improve, the team should deepen the problem definition by including more detailed challenges and needs, increase the variety and number of credible sources to strengthen justification, and clarify distinctions among stakeholder groups to better reflect the full range of affected parties. Enhancing these areas will provide a more comprehensive and compelling foundation for the design solution.",3.333333333
Case006_223333.pdf,docx,Placeholder text for scoring.,2,2,3,3,3,3,4,3,3,3,4,4,,,,,,,"['Evaluate whether the problem definition sufficiently explores underlying causes beyond immediate symptoms to justify a higher depth score.', 'Assess if the elaboration on mental health and patient care during COVID-19 is detailed and specific enough to be considered well elaborated.', 'Consider whether the identified stakeholder groups represent distinct and primary groups or if additional stakeholders should be recognized.', 'Verify the variety and credibility of sources to confirm they meet the standard for multiple, timely, and varied evidence.', 'Determine if the objective details are consistently integrated throughout the justification or if some data points are isolated and underdeveloped.']","['Evaluate whether the problem definition sufficiently explores underlying causes beyond immediate symptoms to justify a higher depth score.', 'Assess if the elaboration on mental health and patient care during COVID-19 is detailed and specific enough to be considered well elaborated.', 'Consider whether the identified stakeholder groups represent distinct and primary groups or if additional stakeholders should be recognized.', 'Verify the variety and credibility of sources to confirm they meet the standard for multiple, timely, and varied evidence.', 'Determine if the objective details are consistently integrated throughout the justification or if some data points are isolated and underdeveloped.']","The problem identification is clear and objective, explicitly stating the healthcare workforce is overloaded and at risk of losing 10 million workers by 2030, supported by WHO data.","The problem definition provides some depth by explaining the causes (overburdened with patient issues) and consequences (lack of consistent, high-quality care), but it lacks more detailed exploration of underlying factors or broader context.","The problem is generally elaborated with examples such as the COVID-19 case surge and mental health statistics of healthcare workers, but the elaboration is somewhat general and could be more detailed and structured.","Several primary stakeholder groups are identified: healthcare workers (nurses, doctors), patients, and investors of clinics/hospitals. This meets the criterion for several groups but not many or almost all.","The justification is based on multiple credible, timely, and varied sources including WHO, American Hospital Association, and a peer-reviewed journal article, demonstrating adequate source use.","This submission presents a generally clear and objective identification of the problem, highlighting the healthcare workforce crisis with credible data from reputable organizations. The problem definition provides some development, explaining key causes and consequences, though it would benefit from deeper exploration of systemic factors. The elaboration includes relevant examples such as COVID-19 impacts and mental health statistics, but these points could be more precisely connected and expanded for improved clarity. The identification of stakeholder groups is adequate, covering healthcare workers, patients, and investors, but could be broadened to include additional relevant groups for a more comprehensive view. The use of multiple credible and timely sources supports the justification, though the source use is somewhat limited in depth. Objective detail is mostly consistent, with useful statistics and financial data, though integrating these details more seamlessly would strengthen the overall argument. To enhance this work, it is recommended to deepen the problem definition, elaborate more precisely on impacts, and consider a wider range of stakeholders to better capture the problem’s complexity and significance.",3.5
Case007_111221.pdf,docx,Placeholder text for scoring.,1,1,1,2,2,1,4,3,3,3,4,4,,,,,,,"['Evaluate whether the problem statement sufficiently distinguishes between the problem identification and problem definition to justify separate scoring.', 'Consider if the cited statistics and examples provide enough elaboration to move beyond general statements about the problem.', 'Assess whether the identified stakeholders represent distinct groups or if some could be combined or expanded for a higher score.', 'Verify the variety and credibility of sources to confirm they meet the criteria for multiple, timely, and varied evidence.', 'Examine the consistency and clarity of objective details throughout the justification to determine if they support a mostly or consistently detailed rating.']","['Evaluate whether the problem statement sufficiently distinguishes between the problem identification and problem definition to justify separate scoring.', 'Consider if the cited statistics and examples provide enough elaboration to move beyond general statements about the problem.', 'Assess whether the identified stakeholders represent distinct groups or if some could be combined or expanded for a higher score.', 'Verify the variety and credibility of sources to confirm they meet the criteria for multiple, timely, and varied evidence.', 'Examine the consistency and clarity of objective details throughout the justification to determine if they support a mostly or consistently detailed rating.']","The problem identification is clear and objective, explicitly stating the healthcare workforce is overloaded and at risk of losing 10 million workers by 2030, supported by WHO data, though the presentation could be more detailed.","The problem definition provides some depth by explaining the cause (overburdened healthcare workers), the impact (lack of consistent, high-quality care), and referencing COVID-19 as an example, but it lacks more detailed exploration of underlying factors or broader context.","The problem is generally elaborated with statistics on COVID-19 cases, mental health issues among workers, and financial losses, but the elaboration is somewhat uneven and could be more precise and detailed.","Several primary stakeholder groups are identified: healthcare workers (nurses, doctors), patients, and investors, but the list is limited and does not include other relevant groups such as administrators, policymakers, or families.","The justification is based on multiple credible, timely, and varied sources including WHO, American Hospital Association, and a peer-reviewed journal article, demonstrating adequate source variety and credibility.","This submission presents a generally clear and objective identification of the healthcare workforce problem, supported by credible data from reputable organizations. The problem definition includes relevant causes and impacts with examples such as COVID-19, though it would benefit from deeper exploration of systemic factors. The elaboration incorporates useful statistics and financial data, but the discussion is somewhat general and could be more precise and comprehensive. Several primary stakeholders are identified, including healthcare workers, patients, and investors, but expanding this to include other affected groups would strengthen the justification. The use of multiple credible and varied sources supports the justification’s reliability, and objective details are mostly consistent, though integrating these details more thoroughly would improve clarity. To improve, the work should deepen the problem definition by exploring root causes and broader implications, elaborate more precisely on the problem’s facets, and identify a wider range of stakeholders to fully capture the problem’s scope. Additionally, ensuring objective details are consistently and clearly presented will enhance the overall justification.",3.5
Case008_210200.pdf,docx,Placeholder text for scoring.,2,1,0,2,0,0,4,3,4,4,2,3,,,,,,,"['Examine whether the problem statement explicitly and objectively identifies the core issue without ambiguity or assumptions.', 'Evaluate the depth of the problem definition by checking for detailed context, background, and scope beyond basic descriptions.', ""Assess if the elaboration includes specific examples and consequences that clearly illustrate the problem's impact on stakeholders."", 'Verify that the identified stakeholder groups are distinct and primary, avoiding overlap or minor variations of the same group.', 'Consider whether the problem justification is supported by multiple credible and varied sources rather than relying on a single citation.']","['Examine whether the problem statement explicitly and objectively identifies the core issue without ambiguity or assumptions.', 'Evaluate the depth of the problem definition by checking for detailed context, background, and scope beyond basic descriptions.', ""Assess if the elaboration includes specific examples and consequences that clearly illustrate the problem's impact on stakeholders."", 'Verify that the identified stakeholder groups are distinct and primary, avoiding overlap or minor variations of the same group.', 'Consider whether the problem justification is supported by multiple credible and varied sources rather than relying on a single citation.']","The problem identification is clear and objective, explicitly stating that Churchill students need a map due to the confusing school layout and inadequate current solutions. The statement identifies who is affected and under what circumstances, meeting the rubric's criteria for a clear and objective problem identification.","The problem definition provides some depth by describing the background, the affected population, the location where the problem is most prevalent, and the frequency of occurrence. However, it lacks more detailed quantitative data or broader contextual analysis that would improve its depth beyond a basic level.","The problem elaboration is developed with explanations of how the problem affects different groups, the frequency of the problem, and the consequences such as lateness and emergency response difficulties. The elaboration is generally clear and supported by examples, though it could include more detail to reach a higher level.","The document identifies several primary stakeholder groups: students, teachers, emergency responders, and visitors. These are distinct groups with articulated concerns, meeting the criteria for multiple primary stakeholder groups. However, it does not include nearly all primary stakeholders, such as administrative staff or maintenance personnel.","The problem justification is based on one credible and timely source (MGT article) that supports the importance of digital maps in schools. However, the source variety is limited to a single citation, and much of the justification relies on the student's own statements, so it does not meet higher levels requiring multiple credible and varied sources.","This submission identifies the problem of students needing a better map to navigate the confusing layout of Churchill school with a clear and objective problem statement. The problem definition includes background information and context but would benefit from more detailed data or broader analysis to deepen understanding. The elaboration explains the problem's impact on various groups and the frequency of occurrence, though additional detail and examples could strengthen it. Several primary stakeholders are identified, including students, teachers, emergency responders, and visitors, but expanding to additional groups could improve completeness. The justification relies on a single credible source, limiting the variety and depth of evidence; incorporating multiple, diverse sources would enhance credibility. Objective detail is generally present, with concrete examples illustrating the problem's importance, but more consistent use of data or statistics would improve the justification's strength. To improve, additional credible sources, more quantitative evidence, and consideration of a wider range of stakeholders would help fully capture the problem's scope and significance.",3.333333333
Case009_122111.pdf,docx,Placeholder text for scoring.,1,2,2,1,1,1,4,3,4,5,1,3,,,,,,,"['Examine whether the problem statement explicitly and objectively defines the issue or if it relies on implied or vague descriptions.', 'Evaluate the depth of the problem definition by checking for detailed technical or environmental context beyond basic device requirements.', 'Assess the completeness and credibility of the source citation, including whether the single source sufficiently supports the problem justification.', 'Consider if the identified stakeholder groups are truly distinct and primary, and whether their concerns are clearly articulated and relevant.', 'Review the consistency and specificity of objective details provided to justify the problem, noting any gaps or vague statements.']","['Examine whether the problem statement explicitly and objectively defines the issue or if it relies on implied or vague descriptions.', 'Evaluate the depth of the problem definition by checking for detailed technical or environmental context beyond basic device requirements.', 'Assess the completeness and credibility of the source citation, including whether the single source sufficiently supports the problem justification.', 'Consider if the identified stakeholder groups are truly distinct and primary, and whether their concerns are clearly articulated and relevant.', 'Review the consistency and specificity of objective details provided to justify the problem, noting any gaps or vague statements.']","The problem identification is clear and objective, explicitly stating the issue of plants receiving too much or too little sunlight and the need for a device to regulate sunlight exposure. The problem is presented with specific constraints and stakeholders, though some aspects could be more fully developed.","The problem definition provides some depth by describing the device requirements, the unique situation, and the general impact of the problem. However, it lacks more detailed technical or environmental context, limiting its completeness.","The problem is elaborated with multiple details about the device's function, the scope of the problem (occurs everywhere with plants), and the consequences for stakeholders. The elaboration is generally clear but could be more precise or supported with additional data.","The document identifies five distinct primary stakeholder groups: suppliers, employees, unions, community, and customers. Each group’s concerns are described in detail, indicating a fairly comprehensive understanding of the problem’s impact.","Only one source is cited, a single online article about drought impacts on crop yields. The source is partially credible but limited in variety and quantity, and the citation is incomplete and lacks detail.","This submission identifies the problem of plants receiving improper sunlight and presents a device concept with relevant constraints. The elaboration includes multiple details about the problem’s scope and impact. A notable aspect is the identification and explanation of five distinct stakeholder groups, showing a broad understanding of the problem’s social and economic effects. However, the problem definition could be expanded with more technical or environmental context to improve clarity and completeness. The justification relies mainly on a single, partially credible source with limited variety, which weakens the evidence base. Objective detail is present but inconsistent, and more precise data or multiple sources would strengthen the justification. To improve, additional credible and varied sources should be incorporated, the problem definition expanded with more technical specifics, and more consistent objective data provided to support the problem’s importance. Clarifying and expanding the source citation would also enhance credibility. Overall, the submission demonstrates a basic foundation but would benefit from deeper research and more rigorous evidence to better justify the problem.",3.333333333
Case010_525333.docx,docx,Placeholder text for scoring.,5,2,5,3,3,3,4,4,4,3,4,4,,,,,,,"['Examine whether the problem statement explicitly and objectively defines the core issue without relying on implied or vague language.', 'Evaluate if the problem definition sufficiently explores causes, effects, and current solutions to justify the problem’s significance.', 'Assess whether the elaboration includes detailed examples and evidence that deepen understanding beyond a general description.', 'Consider if the identified stakeholders represent distinct and primary groups affected by the problem rather than overlapping or limited categories.', 'Verify the credibility, variety, and timeliness of sources cited to ensure they robustly support the problem justification.']","['Examine whether the problem statement explicitly and objectively defines the core issue without relying on implied or vague language.', 'Evaluate if the problem definition sufficiently explores causes, effects, and current solutions to justify the problem’s significance.', 'Assess whether the elaboration includes detailed examples and evidence that deepen understanding beyond a general description.', 'Consider if the identified stakeholders represent distinct and primary groups affected by the problem rather than overlapping or limited categories.', 'Verify the credibility, variety, and timeliness of sources cited to ensure they robustly support the problem justification.']","The problem identification is clearly stated and objective: young students at Freedom Hill Elementary struggle to focus due to excess energy. The statement is explicit and supported by examples and consequences, making it generally clear and objective but not highly comprehensive.","The problem is defined with adequate depth, discussing the causes (excess energy), effects (poor performance, health issues), and current mitigation methods (movement breaks) along with their limitations. The definition includes specific examples and context relevant to the target group.","The problem is elaborated with supporting evidence, examples of behaviors, and potential pitfalls of existing solutions (e.g., fidget spinners causing distraction). The elaboration is clear and detailed but somewhat limited in comprehensiveness.","Three primary stakeholder groups are identified: the teacher, high-energy ESOL students, and other ESOL students. These represent several distinct groups but not many or almost all, which aligns with the score level.","The justification is based on multiple credible, timely, and varied sources including academic studies, reputable organizations, and recent publications. The sources cover different perspectives and provide reasonable support for the problem's importance and context.","This submission presents a generally clear and objective identification of the problem, focusing on young students struggling to concentrate due to excess energy. The problem definition is adequately developed, providing context, causes, and limitations of current solutions. The elaboration includes relevant examples and research findings, though it could be expanded for greater depth. The identification of stakeholder groups is adequate, naming the teacher, high-energy ESOL students, and other ESOL students, but it lacks a broader range of stakeholders. The problem justification is supported by numerous credible and varied sources, including academic studies and reputable organizations, which provides reasonable support for the argument. Objective detail is mostly consistent, with specific data and study results, though some areas could benefit from more precise quantification or direct evidence. To improve, consider elaborating further on the problem’s nuances and impacts, and expand stakeholder analysis to include additional groups such as parents or school administrators. Additionally, integrating more quantitative data or direct quotes from studies would enhance the objectivity and depth of justification. Overall, the work demonstrates an adequate foundational understanding and research but can be refined for greater completeness and precision.",3.833333333
Case011_545355.docx,docx,Placeholder text for scoring.,5,4,5,3,5,5,4,4,4,3,4,4,,,,,,,"['Examine whether the problem statement explicitly and objectively defines the core issue without relying on implied or vague language.', 'Evaluate if the problem definition sufficiently explores causes, effects, and context to justify the problem’s significance beyond a surface level.', 'Assess whether the identified stakeholders represent distinct groups with unique concerns or if some groups overlap or are underrepresented.', 'Consider the credibility, timeliness, and variety of sources cited to support the problem justification and whether they adequately cover different perspectives.', 'Review the extent to which objective detail is consistently provided through data, studies, or factual evidence rather than general or subjective statements.']","['Examine whether the problem statement explicitly and objectively defines the core issue without relying on implied or vague language.', 'Evaluate if the problem definition sufficiently explores causes, effects, and context to justify the problem’s significance beyond a surface level.', 'Assess whether the identified stakeholders represent distinct groups with unique concerns or if some groups overlap or are underrepresented.', 'Consider the credibility, timeliness, and variety of sources cited to support the problem justification and whether they adequately cover different perspectives.', 'Review the extent to which objective detail is consistently provided through data, studies, or factual evidence rather than general or subjective statements.']","The problem identification is clearly stated and objective: young students at Freedom Hill Elementary struggle to focus due to excess energy. The statement is explicit and supported by examples and consequences, making it generally clear and objective but not highly comprehensive.","The problem definition goes beyond superficial description by explaining the causes (excess energy), effects (poor performance, inability to complete tasks), and current mitigation challenges (impracticality of movement breaks). It provides adequate depth but lacks extensive technical or contextual detail for a higher score.","The problem is elaborated with examples of behaviors, references to studies on fidget toys, and potential pitfalls (distraction risk). The elaboration is clear and detailed, though some points could be more fully analyzed or connected for a more thorough treatment.","Three primary stakeholder groups are identified: the teacher, high-energy ESOL students, and other ESOL students. These represent several distinct groups but not many or almost all primary stakeholders, which limits the score to this level.","The justification uses multiple credible and timely sources including academic papers, reputable organizations, and recent studies. The sources are varied and relevant, though the number is moderate rather than extensive, supporting a solid but not highest-level score.","This submission presents a generally clear and objective identification of the problem, focusing on young students’ difficulty concentrating due to excess energy. The problem definition is adequately developed, explaining causes, effects, and current challenges in classroom management. The elaboration includes relevant examples and research findings, though some connections could be more fully developed for greater insight. The identification of stakeholders is adequate, naming the teacher and two student groups, but could be expanded to include additional affected parties such as parents or school administrators. The use of multiple credible and timely sources strengthens the justification, drawing from academic studies and reputable organizations, though increasing the variety and number of sources would enhance credibility further. Objective detail is mostly consistent, with quantitative evidence and direct quotes supporting claims, but some areas rely on general statements that could be more precise. To improve, elaboration on stakeholder diversity and deeper problem analysis with additional data or context would be beneficial. Expanding the source base and integrating more quantitative evidence would also strengthen the justification. Overall, the work demonstrates an adequate understanding and research effort but would benefit from more comprehensive elaboration and stakeholder consideration.",3.833333333
Case012_534434.pdf,docx,Placeholder text for scoring.,5,3,4,4,3,4,4,4,4,4,3,4,,,,,,,"['Examine whether the problem statement explicitly and objectively defines the core issue without ambiguity or assumptions.', 'Evaluate if the problem definition sufficiently addresses technical and contextual factors to demonstrate depth beyond a superficial description.', 'Assess whether the elaboration connects the problem to broader implications and related issues in a clear and well-developed manner.', 'Consider if the identified stakeholders represent distinct and primary groups affected by the problem rather than overlapping or minor parties.', 'Verify the credibility, timeliness, and variety of sources cited to ensure they adequately support the problem justification.']","['Examine whether the problem statement explicitly and objectively defines the core issue without ambiguity or assumptions.', 'Evaluate if the problem definition sufficiently addresses technical and contextual factors to demonstrate depth beyond a superficial description.', 'Assess whether the elaboration connects the problem to broader implications and related issues in a clear and well-developed manner.', 'Consider if the identified stakeholders represent distinct and primary groups affected by the problem rather than overlapping or minor parties.', 'Verify the credibility, timeliness, and variety of sources cited to ensure they adequately support the problem justification.']","The problem identification is clear and objective, explicitly stating the need for a reliable, mold-free watering system for the greenhouse to support plant health and safety. The description includes specific issues such as overwatering, underwatering, and mold contamination, making the problem defined and understandable.","The problem is defined with adequate depth, discussing technical challenges like pressure drop and head loss, the need for material selection and layout design, and the variability of plant watering needs. The explanation covers multiple facets of the problem, including health, sanitation, and adaptability.","The problem elaboration is adequate, detailing the consequences of mold and improper watering on plant health, sanitation, and safety. It also connects the problem to broader issues such as unsafe water pumping in underdeveloped areas and environmental sustainability, showing a developed understanding.","The document identifies several primary stakeholder groups, including the science department, the school, students, the school board, consumers of the food grown, and farmers. These represent distinct groups affected by the problem, showing a broad consideration of stakeholders.","The problem justification uses three credible and timely sources from reputable organizations (Water Tech Online, Gardener’s Supply Company, Kellogg Garden). However, the variety is somewhat limited, and the sources are mostly web-based articles rather than academic or government publications.","This submission presents a clear and objective identification of the problem, focusing on the need for a reliable, mold-free watering system in the greenhouse. The problem is defined with adequate depth, addressing technical challenges such as pressure drop and the need for adaptable watering based on plant type and environment. The elaboration provides relevant detail on the consequences of mold and improper watering, connecting the problem to broader issues like unsafe water pumping in underdeveloped areas and environmental sustainability. The document identifies several primary stakeholder groups, including the science department, students, school board, consumers, and farmers, showing a broad understanding of those affected. The justification is supported by credible and timely sources, though the variety of sources could be expanded to include more academic or governmental references for stronger support. Objective detail is generally consistent, with clear explanations of technical aspects and plant stress symptoms, but could benefit from more quantitative data or statistics to enhance precision. To improve, it is recommended to incorporate a wider range of authoritative sources and include more specific data to strengthen the problem justification. Additionally, expanding on the environmental and health impacts with measurable evidence would enhance the overall quality.",3.833333333
Case013_333223.pdf,docx,Placeholder text for scoring.,3,3,3,2,2,3,4,4,4,4,3,4,,,,,,,"['Examine whether the problem statement explicitly and objectively defines the core issue without ambiguity or assumptions.', 'Evaluate if the problem definition sufficiently addresses technical and contextual factors to justify a higher depth score.', 'Assess the distinctness and number of stakeholder groups to confirm they represent separate primary groups rather than overlapping categories.', 'Consider the credibility, timeliness, and variety of sources cited to determine if they adequately support the problem justification.', 'Review the level of objective detail provided, especially technical specifics and quantitative information, to verify consistency and clarity.']","['Examine whether the problem statement explicitly and objectively defines the core issue without ambiguity or assumptions.', 'Evaluate if the problem definition sufficiently addresses technical and contextual factors to justify a higher depth score.', 'Assess the distinctness and number of stakeholder groups to confirm they represent separate primary groups rather than overlapping categories.', 'Consider the credibility, timeliness, and variety of sources cited to determine if they adequately support the problem justification.', 'Review the level of objective detail provided, especially technical specifics and quantitative information, to verify consistency and clarity.']","The problem identification is clear and objective, explicitly stating the need for a reliable, mold-free watering system for the greenhouse to support plant health and safety. The description includes specific issues such as overwatering, underwatering, and mold contamination, making the problem defined and understandable.","The problem is defined with adequate depth, discussing technical challenges like pressure drop and head loss, the need for material selection and layout design, and the variability of plant watering needs. The explanation covers multiple facets of the problem, including health, sanitation, and adaptability.","The problem is elaborated with supporting details such as the effects of improper watering on plant stress, mold contamination risks, and connections to broader issues like unsafe water pumping in underdeveloped areas. The elaboration is generally clear and relevant, though it could be more detailed in some areas.","The document identifies several primary stakeholder groups, including the science department, the school, students, the school board, consumers of the food grown, and farmers. These represent distinct groups affected by the problem, showing a reasonable consideration of stakeholders.","The problem justification uses three credible and timely sources from Water Tech Online, Gardener’s Supply Company, and Kellogg Garden. These sources are relevant and support the problem but are limited in variety and number, which limits the strength of the argument.","This submission presents a clear and objective identification of the problem, focusing on the need for a reliable, mold-free watering system in the greenhouse. The problem is defined with adequate depth, addressing technical challenges and the necessity for adaptability to different plant needs. The elaboration provides relevant details connecting the problem to broader issues such as unsafe water pumping in underdeveloped areas and the consequences of mold contamination, though some areas could be expanded. The document identifies several primary stakeholder groups, demonstrating a reasonable understanding of those affected. The use of credible and timely sources supports the problem justification, but the limited variety and number of sources reduce the overall strength of the argument. Objective detail is generally consistent, with technical explanations and plant stress indicators presented clearly, though more quantitative data could enhance the justification. To improve, incorporating more diverse and numerous credible sources and providing more specific data would enhance the objectivity and depth of the justification. Additionally, further elaboration on technical aspects and potential solutions could strengthen the problem elaboration.",3.833333333
Case014_433443.docx,docx,Placeholder text for scoring.,4,3,3,4,4,3,5,4,4,4,4,4,,,,,,,"['Examine whether the problem statement explicitly and objectively defines the core issue without relying on implied or vague language.', 'Assess if the problem definition includes sufficient technical or contextual depth beyond general descriptions to justify a higher score.', 'Evaluate the distinctness and number of stakeholder groups mentioned to confirm they represent genuinely separate primary stakeholders rather than overlapping categories.', 'Consider the variety and credibility of sources cited, ensuring they are timely and from reputable organizations rather than solely relying on surveys or single-source data.', 'Review the extent to which objective, quantitative details are consistently used throughout the justification rather than occasional or general statements.']","['Examine whether the problem statement explicitly and objectively defines the core issue without relying on implied or vague language.', 'Assess if the problem definition includes sufficient technical or contextual depth beyond general descriptions to justify a higher score.', 'Evaluate the distinctness and number of stakeholder groups mentioned to confirm they represent genuinely separate primary stakeholders rather than overlapping categories.', 'Consider the variety and credibility of sources cited, ensuring they are timely and from reputable organizations rather than solely relying on surveys or single-source data.', 'Review the extent to which objective, quantitative details are consistently used throughout the justification rather than occasional or general statements.']","The problem identification is clear and objective, explicitly stating the importance of maintaining optimal soil moisture for plant health and efficient water usage, and the limitations of traditional manual methods.","The problem is defined with adequate depth, discussing consequences of overwatering and underwatering, the need for real-time monitoring, and the benefits of an automated system, though it could include more technical or contextual details.","The problem is elaborated with several supporting points including the impact on plant health, labor reduction, and environmental benefits, supported by statistics and trends, but some elaboration could be more tightly integrated.","The justification highlights multiple primary stakeholder groups: plant owners with limited time or experience, environmental organizations, urban gardeners, busy individuals, and tech enthusiasts, representing a broad and diverse set of stakeholders.","The problem justification uses several credible, timely, and varied sources including government reports, reputable organizations, and surveys, supporting the claims with relevant data.","This submission presents a clear and objective identification of the problem, emphasizing the importance of soil moisture monitoring and the drawbacks of manual methods. The problem definition is adequately developed, covering key issues such as overwatering and underwatering and the benefits of automation, though it could be enhanced with more technical depth. The elaboration includes relevant statistics and trends, but could be more cohesively integrated to strengthen the argument. The document identifies a broad range of primary stakeholders, including plant owners, environmental groups, urban gardeners, and tech enthusiasts, demonstrating awareness of diverse user needs. The use of several credible and varied sources adds weight to the justification, with timely data from reputable organizations. Objective detail is mostly consistent, with quantitative evidence supporting claims, though some areas rely on general statements. To improve, the student should deepen the technical problem definition, integrate elaboration points more tightly, and increase the consistency of objective detail. Including more explicit connections between stakeholder concerns and problem impacts would also enhance clarity and justification.",4.166666667
Case015_220124.pdf,docx,Placeholder text for scoring.,2,2,0,1,2,4,4,4,4,4,3,3,,,,,,,"['Examine whether the problem statement sufficiently addresses all aspects of the 5 Ws + 1 H with clarity and objectivity or if some elements are implied rather than explicit.', 'Evaluate the depth of the problem definition, particularly if technical details about water requirements and system constraints are fully developed or only superficially mentioned.', 'Assess the range and distinctness of stakeholder groups to confirm they represent truly separate primary stakeholders rather than overlapping or secondary interests.', 'Consider the credibility and variety of sources cited, verifying if they include peer-reviewed journals, government publications, or primarily web articles and blogs.', 'Review the extent and consistency of objective detail in the problem justification, checking if data and statistics are clearly linked to the problem’s importance and urgency.']","['Examine whether the problem statement sufficiently addresses all aspects of the 5 Ws + 1 H with clarity and objectivity or if some elements are implied rather than explicit.', 'Evaluate the depth of the problem definition, particularly if technical details about water requirements and system constraints are fully developed or only superficially mentioned.', 'Assess the range and distinctness of stakeholder groups to confirm they represent truly separate primary stakeholders rather than overlapping or secondary interests.', 'Consider the credibility and variety of sources cited, verifying if they include peer-reviewed journals, government publications, or primarily web articles and blogs.', 'Review the extent and consistency of objective detail in the problem justification, checking if data and statistics are clearly linked to the problem’s importance and urgency.']","The problem identification is generally clear and objective, addressing the who, what, where, when, why, and how of the problem in detail. The description of the garden irrigation issue, client needs, and environmental context is explicit and organized, though it could be more concise for a higher score.","The problem is defined with adequate depth, including specifics about the garden size, water source, duration, and client constraints. The explanation covers technical and contextual details, but some aspects like the exact water requirements and system constraints could be expanded for greater depth.","The problem elaboration includes detailed stakeholder concerns and environmental impacts. The document discusses the problem’s social and environmental dimensions, though some elaborations are somewhat general rather than deeply analytical.","The document identifies several primary stakeholder groups including the client, engineering team, investors, retailers, and customers, as well as secondary stakeholders like municipal water centers and the environment. This breadth supports recognition of many primary stakeholder groups.","The problem justification uses multiple sources, including websites and extension services, with some credible and timely information. However, the sources are mostly web articles and blogs rather than peer-reviewed journals or government publications, and the citation style is inconsistent, which limits the variety and strength of evidence.","This submission presents a generally clear and objective identification of the problem, addressing key aspects of the garden irrigation challenge. The problem definition provides adequate detail about the garden’s size, water source, and client needs. The elaboration includes stakeholder concerns and environmental impacts, though some points could be more analytically developed. The identification of multiple primary and secondary stakeholder groups shows awareness of the problem’s broader social and economic context. The use of sources is credible and timely but relies heavily on web-based articles and lacks peer-reviewed or government publications, limiting the variety and strength of evidence. Objective detail is generally present with useful statistics and data, but the argument for urgency could be more consistently supported with quantitative evidence. To improve, incorporating more authoritative and varied sources, deepening the problem elaboration with technical specifics, and strengthening the objective justification with clearer data linkage would be beneficial. Enhancing citation clarity and integrating more peer-reviewed or official data would also improve the justification’s credibility and impact.",3.666666667
Case016_444555.pdf,docx,Placeholder text for scoring.,4,4,4,5,5,5,5,4,4,4,4,4,,,,,,,"['Examine whether the problem statement explicitly and objectively addresses all relevant aspects of the problem or if some elements are implied rather than clearly stated.', 'Evaluate the depth of the problem definition to determine if it sufficiently covers technical and environmental dimensions beyond basic descriptions.', 'Assess the distinction and relevance of the identified stakeholder groups to confirm they represent truly separate primary stakeholders rather than overlapping or secondary interests.', 'Consider the credibility and variety of sources cited, especially the balance between peer-reviewed, governmental, and commercial or informal websites.', 'Review the consistency and sufficiency of objective data and statistics used to justify the problem’s importance, noting any gaps or overreliance on general statements.']","['Examine whether the problem statement explicitly and objectively addresses all relevant aspects of the problem or if some elements are implied rather than clearly stated.', 'Evaluate the depth of the problem definition to determine if it sufficiently covers technical and environmental dimensions beyond basic descriptions.', 'Assess the distinction and relevance of the identified stakeholder groups to confirm they represent truly separate primary stakeholders rather than overlapping or secondary interests.', 'Consider the credibility and variety of sources cited, especially the balance between peer-reviewed, governmental, and commercial or informal websites.', 'Review the consistency and sufficiency of objective data and statistics used to justify the problem’s importance, noting any gaps or overreliance on general statements.']","The problem identification is clear and objective, addressing the who, what, where, when, why, and how in detail. The description of the garden irrigation issue, client needs, and environmental context is explicit and organized.","The problem definition is adequately developed, describing the garden size, water collection needs, transportability, and duration of irrigation. However, some aspects such as technical constraints or broader environmental impacts could be expanded for greater depth.","The problem elaboration is developed, with detailed stakeholder concerns and environmental considerations. The explanation of the irrigation system’s requirements and the client’s situation is generally thorough, though some elaboration on secondary stakeholders and broader social impacts could be improved.","The document identifies several primary stakeholder groups including the client, engineering team, investors, retailers, and customers. Secondary stakeholders such as municipal water centers and environmental impacts are also mentioned, showing a broad stakeholder consideration but not encompassing all primary groups.","The problem justification uses multiple credible and timely sources from professional websites and extension services, covering gardening, weather, water harvesting, and soil science. The sources are varied and relevant, though the number of sources is just at the threshold and some are from commercial or blog-like sites rather than peer-reviewed journals.","This submission presents a clear and objective problem identification, addressing the essential questions about the irrigation system challenge. The problem definition is adequately developed, detailing the garden’s size, water needs, and transportability, though it could benefit from deeper technical or environmental context. The elaboration highlights stakeholder concerns and the system’s requirements, but expanding on secondary stakeholders and social impacts would strengthen it further. The identification of multiple primary and secondary stakeholder groups shows awareness of the broader system, though it does not include all relevant groups. The use of multiple credible and timely sources supports the problem justification, but reliance on some less formal sources limits the strength of this support. Objective detail is mostly consistent, with useful statistics and data supporting the problem’s importance, though more comprehensive quantitative evidence would improve clarity and impact. To enhance this work, it is recommended to deepen the problem definition with technical and environmental specifics, expand stakeholder analysis to include more diverse groups, and incorporate additional peer-reviewed or governmental sources. Strengthening the objective detail with more precise data will also improve the justification’s persuasiveness.",4.166666667
Case017_433534.pdf,docx,Placeholder text for scoring.,4,3,3,5,3,4,4,4,4,4,3,4,,,,,,,"['Examine whether the problem statement is sufficiently concise and focused to be considered very clear and objective rather than just clear.', 'Evaluate the depth of problem definition to determine if it fully addresses systemic causes and technical details or if it remains at a more general level.', 'Assess the variety and completeness of cited sources to verify if multiple distinct credible sources are present or if the evidence relies heavily on a few similar reports.', 'Consider whether the identified stakeholder groups represent truly distinct primary stakeholders or if some groups overlap or are secondary in nature.', 'Review the consistency and integration of objective data throughout the justification to confirm it supports the problem importance without contradictions or excessive repetition.']","['Examine whether the problem statement is sufficiently concise and focused to be considered very clear and objective rather than just clear.', 'Evaluate the depth of problem definition to determine if it fully addresses systemic causes and technical details or if it remains at a more general level.', 'Assess the variety and completeness of cited sources to verify if multiple distinct credible sources are present or if the evidence relies heavily on a few similar reports.', 'Consider whether the identified stakeholder groups represent truly distinct primary stakeholders or if some groups overlap or are secondary in nature.', 'Review the consistency and integration of objective data throughout the justification to confirm it supports the problem importance without contradictions or excessive repetition.']","The problem identification is generally clear and objective, supported by specific statistics on fire fatalities and the lack of working fire alarms. The student states the problem of insufficient fire protection engineering leading to preventable deaths and injuries. However, the problem statement could be more concise and focused to improve clarity.","The problem is defined with adequate depth, including multiple data points, references to specific studies, and explanation of why the problem persists (lack of working alarms, engineering standards). The student discusses the systemic nature of the issue and its consequences, though the depth does not fully reach a comprehensive technical or systemic analysis.","The problem elaboration covers various dimensions such as vulnerable populations, economic impact, and the role of fire protection engineers and regulations. The elaboration includes relevant details and connects multiple aspects, though some points could be more tightly integrated or supported with additional data.","The student identifies several primary stakeholder groups including homeowners, firefighters, children, disabled/elderly people, and the U.S. Fire Administration. These represent relevant groups affected by the problem. The inclusion of a secondary stakeholder (government) is noted but does not increase the score beyond the identification of many primary groups.","The problem justification cites credible and timely sources such as USFA, MDSP, and NIH, but the variety of sources is somewhat limited. The references are mostly government or institutional reports, with no clear evidence of numerous or highly varied sources. The citation style is inconsistent and some references are incomplete.","This submission presents a generally clear and objective identification of the problem of fire-related fatalities due to insufficient fire protection engineering, supported by relevant statistics and studies. The problem is elaborated with attention to multiple dimensions including vulnerable populations, economic impacts, and regulatory responsibilities. Several primary stakeholder groups are identified, showing awareness of those affected by the issue. The justification is based on credible and timely sources, though the variety and completeness of references could be improved to strengthen the argument. Objective detail is mostly consistent, with specific data points and study findings supporting the problem's importance, but some repetition and minor inconsistencies are present. To improve, the work would benefit from refining the problem statement for greater conciseness and clarity, expanding the variety of credible sources, and ensuring all references are fully cited and integrated. Additionally, tightening the elaboration to avoid repetition and inconsistencies would enhance overall coherence. These steps would help develop the work further in depth, elaboration, and justification.",3.833333333
Case018_444335.pdf,docx,Placeholder text for scoring.,4,4,4,3,3,5,4,4,4,4,3,4,,,,,,,"['Examine whether the problem statement explicitly and objectively defines the issue or if some parts rely on subjective language or assumptions.', 'Evaluate the depth of the problem definition to determine if it sufficiently explores systemic causes and technical details beyond surface-level statistics.', 'Assess the diversity and distinctness of the stakeholder groups listed to confirm they represent separate primary stakeholders rather than overlapping categories.', 'Consider whether the cited sources demonstrate sufficient variety and timeliness to support a strong justification, or if the evidence is too limited or repetitive.', 'Review the extent to which the problem justification includes consistent, objective detail versus general or unsupported statements.']","['Examine whether the problem statement explicitly and objectively defines the issue or if some parts rely on subjective language or assumptions.', 'Evaluate the depth of the problem definition to determine if it sufficiently explores systemic causes and technical details beyond surface-level statistics.', 'Assess the diversity and distinctness of the stakeholder groups listed to confirm they represent separate primary stakeholders rather than overlapping categories.', 'Consider whether the cited sources demonstrate sufficient variety and timeliness to support a strong justification, or if the evidence is too limited or repetitive.', 'Review the extent to which the problem justification includes consistent, objective detail versus general or unsupported statements.']","The problem identification is generally clear and objective, supported by specific statistics on fire fatalities and the lack of working fire alarms. The student states the problem of insufficient fire protection engineering leading to preventable deaths and injuries.","The problem is defined with adequate depth, including multiple data points, references to specific studies, and explanation of the systemic nature of the issue. However, it does not fully reach the comprehensive, multi-faceted exploration expected for a higher score.","The problem elaboration is developed, detailing impacts on various populations, economic consequences, and responsibilities of fire protection engineers and regulatory bodies. The elaboration is fairly thorough but could be more nuanced or detailed to achieve the highest level.","The student identifies several primary stakeholder groups including homeowners, firefighters, children, disabled/elderly people, and the U.S. Fire Administration. This represents a broad and diverse set of stakeholders, though it does not include nearly all primary groups.","The justification cites credible and timely sources such as USFA, MDSP, and NIH, but the variety is limited and the references are somewhat general. The sources are credible and timely but not numerous or varied enough for a higher score.","This submission presents a generally clear and objective identification of the problem of fire-related fatalities due to insufficient fire protection engineering, supported by relevant statistics and credible sources. The problem definition includes multiple data points and systemic factors, though it could benefit from deeper exploration of underlying causes and technical aspects. The elaboration addresses impacts on various vulnerable populations and economic consequences, providing a reasonably well-rounded view of the issue. A broad range of primary stakeholders is identified, including homeowners, firefighters, children, and regulatory bodies, showing awareness of diverse concerns. The justification is supported by credible and timely sources, but the variety and number of sources could be expanded to strengthen the argument. Objective detail is generally consistent, with specific statistics and study findings, though some claims could be better quantified or supported. To improve, the problem definition should be deepened with more technical detail, the variety of credible sources expanded, and all claims fully supported by objective data. Overall, the submission is adequate but could be enhanced by more comprehensive evidence and nuanced elaboration.",3.833333333
Case019_111100.pdf,docx,Placeholder text for scoring.,1,1,1,1,0,0,4,3,3,2,0,2,,,,,,,"['Examine whether the problem statement sufficiently distinguishes between the roles of the named individuals to justify multiple stakeholder groups or if they represent a narrow set of users.', ""Assess the extent to which the description of the problem's frequency and impact provides objective detail versus subjective opinion."", 'Consider whether the absence of cited sources should be treated as a complete lack of external justification or if implicit evidence from the context might partially fulfill the requirement.', 'Verify that the problem definition includes more than a superficial description by looking for depth in context, causes, and consequences.', ""Evaluate if the problem elaboration goes beyond general statements to include specific examples or detailed explanations that clarify the problem's nature.""]","['Examine whether the problem statement sufficiently distinguishes between the roles of the named individuals to justify multiple stakeholder groups or if they represent a narrow set of users.', ""Assess the extent to which the description of the problem's frequency and impact provides objective detail versus subjective opinion."", 'Consider whether the absence of cited sources should be treated as a complete lack of external justification or if implicit evidence from the context might partially fulfill the requirement.', 'Verify that the problem definition includes more than a superficial description by looking for depth in context, causes, and consequences.', ""Evaluate if the problem elaboration goes beyond general statements to include specific examples or detailed explanations that clarify the problem's nature.""]","The problem is identified clearly and objectively as the disorganization and messiness of 3D printer filaments, with mention of who is affected and the context.","The problem definition provides some depth by explaining where and how the problem occurs, who it affects, and the consequences, but it lacks more detailed analysis or quantification.","The problem is generally elaborated with examples of stakeholders and the situation, but the elaboration is somewhat general and could benefit from more detail or support.","The document identifies a few primary stakeholders (Mrs. Barletta, Matt, Mr. Thib) with distinct roles, but the groups are limited and do not cover a broad range of affected parties.",No sources or external evidence are cited; the justification is based solely on the authors' statements and observations.,"This submission identifies the problem of disorganized 3D printer filaments and some stakeholders involved, providing a basic foundation for understanding the issue. The problem definition includes context and impact but lacks deeper analysis or quantification that would enhance the explanation. The elaboration is present but remains somewhat general, missing richer detail or examples that could better illustrate the problem's scope. Stakeholder identification is limited to a few individuals closely connected to the printers, without broader consideration of other affected groups such as students or maintenance staff. The justification does not include any cited sources or external evidence, relying solely on personal observation, which limits the support for the problem statement. Objective detail is somewhat present but inconsistent and could be improved by including more specific data or observations. To improve, it would be beneficial to incorporate credible sources to support the problem's significance, expand stakeholder analysis to include more groups, and provide more detailed elaboration and objective evidence to better justify the problem's importance and impact.",2.333333333
Case020_442200.pdf,docx,Placeholder text for scoring.,4,4,2,2,0,0,4,3,3,2,0,2,,,,,,,"['Examine whether the problem statement sufficiently distinguishes between the roles of individuals and broader stakeholder groups to justify the number of stakeholders identified.', ""Evaluate if the description of the problem's frequency and impact provides enough objective detail to support a higher level of elaboration."", 'Consider whether the absence of cited sources should be treated as a complete lack of external justification or if implicit evidence might partially fulfill the requirement.', 'Verify that the problem definition goes beyond a superficial statement by assessing the depth of context and consequences described.', 'Assess whether the problem identification is both clear and objective, avoiding subjective or vague language.']","['Examine whether the problem statement sufficiently distinguishes between the roles of individuals and broader stakeholder groups to justify the number of stakeholders identified.', ""Evaluate if the description of the problem's frequency and impact provides enough objective detail to support a higher level of elaboration."", 'Consider whether the absence of cited sources should be treated as a complete lack of external justification or if implicit evidence might partially fulfill the requirement.', 'Verify that the problem definition goes beyond a superficial statement by assessing the depth of context and consequences described.', 'Assess whether the problem identification is both clear and objective, avoiding subjective or vague language.']","The problem is identified clearly and objectively as the disorganization and messiness of 3D printer filaments, with mention of who is affected and the context.","The problem definition provides some depth by describing the setting, frequency, and impact on storage space, but it lacks detailed exploration of consequences or underlying causes.","The problem is generally elaborated with examples of who is affected and how the problem manifests, but the elaboration is somewhat general and could be more detailed or better supported.","The document identifies a few primary stakeholders (Mrs. Barletta, Matt, Mr. Thib) with distinct roles, though these represent a limited number of stakeholder groups.",No sources or external evidence are cited; the justification is based solely on the writer's statements.,"This submission identifies the problem of disorganized 3D printer filaments and the stakeholders involved, providing a reasonable foundation. The problem definition and elaboration include relevant descriptions but could be improved by offering more detailed accounts of the problem's impact and underlying causes. The stakeholder discussion covers a few individuals but does not extend to broader groups, which limits the scope of concern. A notable limitation is the absence of cited sources or external evidence to support the problem, which affects the strength of the justification. Objective details are present but minimal and could be expanded with quantitative or observational data to enhance the argument. To improve, it would be beneficial to incorporate credible and varied sources to support the problem's significance, elaborate more thoroughly on the problem's effects and context, and consider a wider range of stakeholders affected by the issue. Adding specific examples or data about how the disorganization impacts workflow or safety would also strengthen the justification.",2.333333333
Case021_520000.pdf,docx,Placeholder text for scoring.,5,2,0,0,0,0,4,3,3,1,0,2,,,,,,,"['Evaluate whether the problem statement sufficiently distinguishes the issue from general inconvenience to meet clarity and objectivity standards.', 'Assess if the example provided effectively elaborates the problem or if it remains too general to demonstrate thorough understanding.', 'Consider whether the mention of cologne owners alone adequately represents primary stakeholders or if other groups should be identified.', ""Verify the presence and credibility of any external sources or evidence supporting the problem justification beyond the student's opinion."", 'Examine the consistency and sufficiency of objective details throughout the justification to determine if they support a strong problem rationale.']","['Evaluate whether the problem statement sufficiently distinguishes the issue from general inconvenience to meet clarity and objectivity standards.', 'Assess if the example provided effectively elaborates the problem or if it remains too general to demonstrate thorough understanding.', 'Consider whether the mention of cologne owners alone adequately represents primary stakeholders or if other groups should be identified.', ""Verify the presence and credibility of any external sources or evidence supporting the problem justification beyond the student's opinion."", 'Examine the consistency and sufficiency of objective details throughout the justification to determine if they support a strong problem rationale.']","The problem is identified as the lack of a neat display place for multiple cologne bottles, with a direct statement of the issue and its impact.","The problem definition provides some depth by describing the organizational and aesthetic challenges faced by cologne owners, but it lacks deeper contextual or technical details.","The elaboration includes specifics about the product features (capacity, LED lighting) and a practical example, but the explanation is somewhat general and could be more detailed.",Only one primary stakeholder group is implied—people who own many cologne bottles; no other distinct stakeholder groups are mentioned.,No external sources or references are cited; the justification is based solely on the writer's opinion and example.,"This submission identifies the problem of lacking a neat display for multiple cologne bottles with a focused problem statement. The problem definition provides some insight into organizational and aesthetic concerns but could be improved by exploring user needs or contextual factors more thoroughly. The elaboration includes relevant product features and a relatable example, though it remains somewhat general and would benefit from more detailed explanation or evidence. The justification addresses only a single stakeholder group—cologne owners—without recognizing other potentially affected groups such as retailers or manufacturers. There is no use of external sources or credible evidence to support the problem’s significance, which limits the justification. Some objective details about product capacity and lighting are included, but these are limited and not consistently developed. To improve, the work should incorporate multiple stakeholder perspectives, provide credible supporting sources, and elaborate more thoroughly on the problem’s context and impact. Adding quantitative data or research findings would also enhance the justification’s objectivity and depth.",2.166666667
Case022_430202.pdf,docx,Placeholder text for scoring.,4,3,0,2,0,2,4,3,3,1,0,3,,,,,,,"['Evaluate whether the problem statement sufficiently distinguishes between the problem identification and the solution description to ensure clarity.', 'Consider if the example of being late for a date effectively elaborates the problem or if it remains too anecdotal and subjective.', 'Assess whether the mention of LED lighting and bottle capacity qualifies as objective detail or if it is primarily descriptive without supporting data.', 'Verify if the absence of cited sources should be interpreted strictly as no external justification or if implicit references might be present.', 'Reflect on the number and diversity of stakeholder groups mentioned and whether the single implied group justifies the assigned score.']","['Evaluate whether the problem statement sufficiently distinguishes between the problem identification and the solution description to ensure clarity.', 'Consider if the example of being late for a date effectively elaborates the problem or if it remains too anecdotal and subjective.', 'Assess whether the mention of LED lighting and bottle capacity qualifies as objective detail or if it is primarily descriptive without supporting data.', 'Verify if the absence of cited sources should be interpreted strictly as no external justification or if implicit references might be present.', 'Reflect on the number and diversity of stakeholder groups mentioned and whether the single implied group justifies the assigned score.']","The problem is identified clearly and objectively as the lack of a neat display place for multiple cologne bottles, with a direct statement of the issue and its impact.","The problem definition provides some depth by describing the organizational and aesthetic challenges faced by cologne owners, but it lacks more detailed contextual or technical information.","The problem is elaborated with examples such as difficulty finding a fragrance when in a rush and the inclusion of features like LED lighting, but the elaboration is somewhat general and not fully detailed.",Only one primary stakeholder group is implied—people who own many cologne bottles; no other distinct stakeholder groups are mentioned.,No sources or external evidence are cited; the justification is based solely on the writer's opinion and example.,"This submission identifies the problem of lacking a neat display for multiple cologne bottles with a clear and objective statement. The problem definition provides some relevant detail about organizational and aesthetic issues but could be improved by including broader context or technical aspects. The elaboration includes examples and product features like LED lighting, though it remains somewhat general and could benefit from more detailed scenarios or user perspectives. The justification focuses on a single stakeholder group—owners of many colognes—without addressing other potential groups such as retailers or manufacturers. Additionally, the justification does not include cited sources or external evidence, relying mainly on the writer’s opinion, which limits its support. Some objective details like bottle capacity and lighting features are provided, offering a basic understanding of the solution’s benefits, but more consistent and quantitative data would enhance this further. To improve, incorporating credible sources to support the problem’s significance, elaborating on multiple stakeholder groups, and deepening the problem definition with richer context and data are recommended. Including user research or market analysis would also strengthen the justification’s objectivity.",2.333333333
Case023_433333.docx,docx,Placeholder text for scoring.,4,3,3,3,3,3,3,2,2,3,3,2,,,,,,,"['Examine whether the problem statement clearly distinguishes the problem from general observations or opinions to confirm the clarity and objectivity of the problem identification.', 'Assess the depth of the problem definition by checking if the student provides detailed context or specific challenges beyond surface-level statements.', 'Evaluate the elaboration by determining if the student expands on the problem with detailed reasoning or if the statements remain general and unsupported.', 'Verify that the identified stakeholder groups represent distinct and primary groups affected by the problem rather than overlapping or secondary mentions.', 'Consider whether the cited sources are sufficiently varied and credible to support the problem justification beyond a few brief references.']","['Examine whether the problem statement clearly distinguishes the problem from general observations or opinions to confirm the clarity and objectivity of the problem identification.', 'Assess the depth of the problem definition by checking if the student provides detailed context or specific challenges beyond surface-level statements.', 'Evaluate the elaboration by determining if the student expands on the problem with detailed reasoning or if the statements remain general and unsupported.', 'Verify that the identified stakeholder groups represent distinct and primary groups affected by the problem rather than overlapping or secondary mentions.', 'Consider whether the cited sources are sufficiently varied and credible to support the problem justification beyond a few brief references.']","The problem identification is generally clear and objective. The student states the problem as traditional geography learning being boring and the need for an innovative, fun way to learn geography. However, the statement remains somewhat general and lacks precise articulation.","The problem definition is limited in depth. The student mentions that geography is overlooked and that interactive learning improves retention, but the explanation is brief and lacks detailed exploration or specific problem parameters.",The problem elaboration is limited. The document provides some general statements about the benefits of gamification and interactive learning but does not provide detailed or nuanced explanation.,"Several primary stakeholder groups are identified: K-8 students, teachers, parents, administrators, and other tech creators. These represent distinct groups affected by the problem, though the descriptions are brief.","The problem justification cites three sources from 2021-2023, including EdTech Review, National Geographic, and Education Week. These are credible and timely sources, though the variety is moderate and the citations are brief.","This submission presents a generally clear and objective identification of the problem, focusing on the need for innovative geography learning methods. The problem definition is limited in depth, lacking detailed exploration of the issue. The elaboration is also limited, with general statements about gamification benefits but little nuanced explanation. The identification of several primary stakeholder groups, including students, teachers, parents, administrators, and tech creators, adds relevant context, though descriptions are brief. The use of three credible and timely sources supports the problem justification, but the citations are brief and could be expanded for greater variety and depth. Objective details such as statistics are included but are somewhat limited and inconsistently applied. To improve, the problem definition should be deepened by exploring specific challenges in geography education and elaborated more thoroughly on how the proposed solution addresses these. Expanding the range and depth of sources and integrating objective data more consistently would also strengthen the justification. Additionally, providing more detailed descriptions of stakeholder concerns would enhance the overall presentation.",2.5
Case024_211101.pdf,docx,Placeholder text for scoring.,2,1,1,1,0,1,4,3,3,2,0,4,,,,,,,"['Examine whether the description of Mr. Kiser’s pain and posture sufficiently establishes a clear and objective problem identification or if it remains somewhat subjective.', 'Evaluate if the problem definition includes enough technical and contextual depth beyond the physical symptoms to justify a higher score.', 'Assess whether the identified stakeholders represent distinct groups or if the mention of students and Mr. Kiser alone limits the stakeholder analysis.', 'Consider the absence of external credible sources and whether the interview alone can be treated as sufficient justification evidence.', 'Review the level of objective detail provided, especially the use of quantitative data, and whether subjective statements undermine the overall objectivity.']","['Examine whether the description of Mr. Kiser’s pain and posture sufficiently establishes a clear and objective problem identification or if it remains somewhat subjective.', 'Evaluate if the problem definition includes enough technical and contextual depth beyond the physical symptoms to justify a higher score.', 'Assess whether the identified stakeholders represent distinct groups or if the mention of students and Mr. Kiser alone limits the stakeholder analysis.', 'Consider the absence of external credible sources and whether the interview alone can be treated as sufficient justification evidence.', 'Review the level of objective detail provided, especially the use of quantitative data, and whether subjective statements undermine the overall objectivity.']","The problem identification is generally clear and objective, describing Mr. Kiser's back pain caused by the cart handle being too low, including specific details about his posture and pain triggers.","The problem is defined with some depth, including the cause of pain, the physical conditions contributing to it, and the context of cart use, but it lacks more detailed technical or environmental factors.","The problem is elaborated with some specifics about Mr. Kiser’s height, wingspan, cart weight limits, and the need for adjustability, though the elaboration is somewhat uneven and could be more detailed.","The document identifies a few primary stakeholders: Mr. Kiser and his students, but it does not mention other distinct stakeholder groups such as maintenance staff, school administration, or others affected.",No credible or external sources are cited; all information appears to come from a personal interview and the student's own observations.,"This submission presents a generally clear and objective identification of the problem, focusing on Mr. Kiser’s back pain caused by the cart handle height (A1). The problem definition includes relevant physical causes and context but would benefit from more detailed technical or environmental considerations (A2). The elaboration provides useful specifics such as Mr. Kiser’s height, wingspan, and cart weight limits, though it is somewhat uneven and could be expanded for better clarity (A3). Stakeholder consideration is limited to Mr. Kiser and his students, omitting other potentially relevant groups, which narrows the scope of the problem’s impact (A4). The justification relies solely on interview data and personal observations without external credible sources, which limits evidentiary support (A5). However, it includes mostly objective detail with quantitative data and clear constraints, contributing to the problem’s clarity (A6). To improve, incorporating multiple credible sources to support the problem’s significance and broadening stakeholder analysis to include other affected groups would be beneficial. Additionally, deeper elaboration on technical and environmental factors would strengthen the problem definition and elaboration.",2.666666667
Case025_343545.docx,docx,Placeholder text for scoring.,3,4,3,5,4,5,5,5,5,5,5,5,,,,,,,"['Examine whether the problem statement explicitly and objectively defines the scope and nature of the fire risk without relying on implied or vague language.', 'Evaluate if the detailed statistics and timelines provided sufficiently demonstrate a deep understanding of the problem’s progression and consequences.', 'Assess whether the stakeholder groups listed represent truly distinct and primary groups affected by the problem rather than overlapping or secondary mentions.', 'Consider the variety and credibility of sources cited, ensuring they are authoritative and recent rather than relying heavily on a single type of source.', 'Verify that the problem justification consistently includes objective, quantifiable details rather than subjective or anecdotal information throughout the document.']","['Examine whether the problem statement explicitly and objectively defines the scope and nature of the fire risk without relying on implied or vague language.', 'Evaluate if the detailed statistics and timelines provided sufficiently demonstrate a deep understanding of the problem’s progression and consequences.', 'Assess whether the stakeholder groups listed represent truly distinct and primary groups affected by the problem rather than overlapping or secondary mentions.', 'Consider the variety and credibility of sources cited, ensuring they are authoritative and recent rather than relying heavily on a single type of source.', 'Verify that the problem justification consistently includes objective, quantifiable details rather than subjective or anecdotal information throughout the document.']","The problem identification is clear and objective, explicitly stating the dangers of house fires, their rapid spread, and the high risk to occupants. The student provides detailed context and statistics that define the problem scope.","The problem is defined with considerable depth, including detailed descriptions of fire behavior, timelines of fire progression, causes of fires, death rates, and financial losses. The student integrates multiple data points and authoritative explanations.","The problem is elaborated with substantial detail on fire dynamics, health impacts, structural risks, and societal consequences. The elaboration includes timelines, physiological effects, and economic impacts, showing a solid understanding.","The student identifies most primary stakeholder groups affected by house fires, including homeowners, fire departments, wildlife, insurance companies, and local government officials, plus secondary stakeholders like communities and healthcare workers, demonstrating broad stakeholder consideration.","The justification is based on numerous, timely, credible, and varied sources including government agencies (FEMA, NFPA), expert articles, and recent statistics. The references are well integrated and support the problem justification effectively.","This submission presents a clear and objective identification of the problem of house fires, supported by detailed problem definition and elaboration. The student integrates authoritative sources and recent statistics, providing a solid evidence base that supports the problem justification. The inclusion of a wide range of primary and secondary stakeholders shows an understanding of the problem’s impact on diverse groups. To improve, the student could enhance clarity by organizing some sections with clearer headings or summaries to guide the reader through the extensive information. Additionally, while the elaboration is detailed, linking the problem details more explicitly to potential design challenges or needs could strengthen the connection to engineering design. Overall, the work is well-developed and demonstrates a competent grasp of the problem’s complexity and significance, making it a reasonable foundation for subsequent design work.",5
Case026_555555.docx,,Placeholder text for scoring.,5,5,5,5,5,5,5,5,5,5,5,5,,,,,,,"['Examine whether the problem statement explicitly and objectively defines the core issue without relying on implied or vague language.', 'Evaluate the depth of problem definition by checking if multiple dimensions such as causes, effects, and statistics are clearly and comprehensively presented.', 'Assess if the stakeholder groups listed represent distinct and primary groups affected by the problem rather than overlapping or secondary mentions.', 'Verify that the sources cited are varied, credible, and timely, and that the problem justification relies on these rather than personal opinion or unsubstantiated claims.', 'Consider whether the problem justification consistently provides objective detail throughout or if there are sections where detail is lacking or unclear.']","['Examine whether the problem statement explicitly and objectively defines the core issue without relying on implied or vague language.', 'Evaluate the depth of problem definition by checking if multiple dimensions such as causes, effects, and statistics are clearly and comprehensively presented.', 'Assess if the stakeholder groups listed represent distinct and primary groups affected by the problem rather than overlapping or secondary mentions.', 'Verify that the sources cited are varied, credible, and timely, and that the problem justification relies on these rather than personal opinion or unsubstantiated claims.', 'Consider whether the problem justification consistently provides objective detail throughout or if there are sections where detail is lacking or unclear.']","The problem identification is clear and objective, explicitly stating the dangers of house fires, their rapid spread, and the high risk to occupants. The student provides specific statistics and authoritative explanations, making the problem well defined.","The problem is defined with considerable depth, including detailed causes of fire spread, toxic effects, timelines of fire progression, death rates, financial losses, and historical context. Multiple dimensions of the problem are explored in a thorough manner.","The problem elaboration is developed with detailed information on fire dynamics, health impacts, economic consequences, and societal effects. The student connects these elaborations to real-world data and authoritative sources, showing a solid understanding.","The student identifies most primary stakeholder groups affected by house fires, including homeowners, fire departments, wildlife, insurance companies, and local government officials, plus secondary stakeholders like communities and healthcare workers. Each group’s concerns are articulated clearly.","The problem justification is based on numerous, timely, credible, and varied sources including government agencies (FEMA, NFPA), expert articles, and recent statistics. The references are integrated well and support the problem statement effectively.","This submission presents a clear and objective identification of the problem of house fires, supported by detailed problem definition and elaboration. The student integrates numerous credible and timely sources, including government and expert publications, to justify the problem with consistent objective detail. The inclusion of most primary stakeholder groups, with clearly articulated concerns, demonstrates a solid understanding of the problem’s social context. To improve, the student could enhance clarity by organizing some sections more cohesively and ensuring all citations are consistently formatted. Additionally, while the problem is well elaborated, explicitly linking the problem’s impact to potential engineering design solutions could strengthen the justification further. Overall, the work is thorough and well supported, providing a solid foundation for subsequent design development.",5
Case027_550100.pdf,,Placeholder text for scoring.,5,5,0,1,0,0,5,4,4,3,1,4,,,,,,,"['Examine whether the single citation from the Smithsonian National Zoo sufficiently supports the problem justification or if additional credible sources are necessary.', 'Evaluate if the identified stakeholders represent distinct groups or if some are overlapping or secondary, affecting the breadth of stakeholder consideration.', 'Assess the depth and clarity of the problem elaboration, particularly whether technical details and constraints are sufficiently developed or remain general.', 'Consider whether the problem definition includes enough specific, measurable criteria to qualify as more than adequate depth rather than superficial.', 'Verify that the objective details provided consistently support the problem justification and are not primarily subjective or anecdotal.']","['Examine whether the single citation from the Smithsonian National Zoo sufficiently supports the problem justification or if additional credible sources are necessary.', 'Evaluate if the identified stakeholders represent distinct groups or if some are overlapping or secondary, affecting the breadth of stakeholder consideration.', 'Assess the depth and clarity of the problem elaboration, particularly whether technical details and constraints are sufficiently developed or remain general.', 'Consider whether the problem definition includes enough specific, measurable criteria to qualify as more than adequate depth rather than superficial.', 'Verify that the objective details provided consistently support the problem justification and are not primarily subjective or anecdotal.']","The problem identification is clear and objective, explicitly stating the current system's safety risks, limitations, and the need for a new modular containment system with specific features.","The problem is defined with adequate depth, detailing specific requirements such as accommodating seven-foot dragons, preventing rotation, medical access points, segmented design, and integration constraints.","The problem is elaborated with descriptions of the current system's shortcomings, stakeholder requests, and technical constraints, though some aspects could be analyzed in more detail.","Several primary stakeholder groups are identified, including zookeepers, other project groups working on related subsystems, and the animals themselves implicitly, but the range of distinct stakeholder groups is somewhat limited.","Only one external source is cited (Smithsonian National Zoo), which is credible but singular and limited in variety and timeliness; most justification relies on internal statements and stakeholder input.","This submission presents a clear and objective identification of the problem, outlining the safety risks and limitations of the current Komodo dragon containment system. The problem definition provides adequate detail, specifying requirements such as size constraints, modularity, and medical access. The elaboration includes descriptions of the current system’s deficiencies and stakeholder needs, although some areas could benefit from more detailed technical analysis. The discussion of stakeholders includes zookeepers and collaborating project groups, but the range of distinct stakeholder groups is somewhat narrow, limiting the breadth of perspective. The justification relies heavily on internal stakeholder input and only one credible external source, which restricts the variety and timeliness of supporting evidence. Objective detail is generally consistent, with descriptions of safety concerns and design constraints, though some claims could be supported with more quantitative data. To improve, it would be beneficial to incorporate multiple credible and varied sources to strengthen justification, expand stakeholder analysis to include additional relevant groups, and deepen technical elaboration with quantitative or empirical data where possible.",3.5
Case028_435155.pdf,,Placeholder text for scoring.,4,3,5,1,5,5,5,5,5,4,5,5,,,,,,,"['Examine whether the problem identification is explicitly stated and supported by objective data rather than implied or anecdotal evidence.', 'Evaluate the depth of problem definition by checking if economic, ergonomic, and health aspects are all sufficiently detailed and interconnected.', 'Assess the range and distinctness of stakeholder groups mentioned to determine if they represent several clearly differentiated primary stakeholders.', 'Verify the credibility, timeliness, and variety of sources cited, ensuring they include peer-reviewed studies and reputable industry or government reports.', 'Consider the consistency and specificity of objective detail throughout the justification, especially quantitative data and biomechanical explanations.']","['Examine whether the problem identification is explicitly stated and supported by objective data rather than implied or anecdotal evidence.', 'Evaluate the depth of problem definition by checking if economic, ergonomic, and health aspects are all sufficiently detailed and interconnected.', 'Assess the range and distinctness of stakeholder groups mentioned to determine if they represent several clearly differentiated primary stakeholders.', 'Verify the credibility, timeliness, and variety of sources cited, ensuring they include peer-reviewed studies and reputable industry or government reports.', 'Consider the consistency and specificity of objective detail throughout the justification, especially quantitative data and biomechanical explanations.']","The problem identification is clear and objective, explicitly stating the issue of musculoskeletal stress and injury related to pushing carts, supported by quantitative data and specific examples.","The problem is defined with considerable depth, including detailed statistics on costs, prevalence, and specific ergonomic factors such as handle height and user stature, as well as the impact on various industries and individuals.","The problem is elaborated with substantial evidence, including multiple studies, detailed biomechanical explanations, and real-world examples, culminating in a specific case study of the primary stakeholder, Mr. Kiser.","The justification highlights many primary stakeholder groups including industrial workers, nurses, firefighters, business owners, employers, insurance companies, and supply chain participants, though it does not explicitly cover almost all possible stakeholders.","The problem justification is supported by numerous, timely, credible, and varied sources including peer-reviewed journal articles, government and industry reports, and recent studies spanning multiple fields.","This submission presents a strong and well-developed presentation and justification of the problem. The problem identification is clear and supported by quantitative data, making it objective (A1). The problem definition covers economic, ergonomic, and health aspects in considerable depth (A2). The elaboration is developed, integrating multiple studies and real-world examples, including a detailed primary stakeholder case (A3). The discussion of stakeholders is broad, covering many relevant groups such as workers, employers, and insurers, though it could be expanded to include additional affected parties for more comprehensive coverage (A4). The use of numerous credible and varied sources strengthens the justification (A5). Objective detail is consistently provided throughout, with clear data and biomechanical explanations (A6). To improve, the work could explicitly identify more diverse stakeholder groups to enhance stakeholder consideration and ensure the problem definition explicitly addresses all relevant dimensions. Additionally, clarifying the linkage between some cited studies and the specific problem context would improve coherence. Overall, this is a well-researched and clearly articulated problem presentation with solid evidence and stakeholder consideration.",4.833333333
Case029_344454.pdf,,Placeholder text for scoring.,3,4,4,4,5,4,4,3,3,3,4,3,,,,,,,"['Examine whether the problem statement explicitly addresses all relevant aspects of the problem or if some key elements are only implied or insufficiently detailed.', 'Evaluate the depth and clarity of the problem definition to determine if it moves beyond superficial description to a more comprehensive understanding.', 'Assess the extent to which stakeholder groups are distinct and their concerns are meaningfully articulated rather than merely listed.', 'Consider whether the sources cited are sufficiently varied and credible, and if the in-line citations clearly link evidence to claims.', 'Review the consistency and specificity of objective details provided to justify the problem, noting any gaps or generalizations.']","['Examine whether the problem statement explicitly addresses all relevant aspects of the problem or if some key elements are only implied or insufficiently detailed.', 'Evaluate the depth and clarity of the problem definition to determine if it moves beyond superficial description to a more comprehensive understanding.', 'Assess the extent to which stakeholder groups are distinct and their concerns are meaningfully articulated rather than merely listed.', 'Consider whether the sources cited are sufficiently varied and credible, and if the in-line citations clearly link evidence to claims.', 'Review the consistency and specificity of objective details provided to justify the problem, noting any gaps or generalizations.']","The problem identification is clear and objective, describing the issue of microplastics in ocean water and sediment, who is involved (Mary Kerr, One Ocean Expedition, researchers), what is being done (collecting samples), where (oceans worldwide), when (ongoing), why (ecosystem and human health impacts), and how (remotely operated vehicles). The problem statement is explicit and generally well articulated, though some parts rely on general statements rather than precise data.","The problem definition is somewhat adequate, providing a reasonable depth of explanation about microplastics, their sources, and impacts on marine life and humans. However, the depth is uneven, with some scientific details and statistics present but lacking comprehensive elaboration or integration of all relevant aspects such as detailed mechanisms or broader environmental context.","The problem elaboration is generally present but somewhat imprecise and general. The document includes stakeholder questions and some elaboration on sampling methods and environmental factors, but the elaboration lacks depth and detailed analysis. The discussion of impacts and sampling challenges is present but not fully developed.","Several primary stakeholder groups are identified explicitly: Mary Kerr, One Ocean Expedition, marine animals, humans, and researchers. This meets the criterion for several groups but does not extend to many or almost all primary stakeholders. The concerns of these groups are mentioned but not explored in depth.","The problem justification is supported by multiple credible and timely sources, including peer-reviewed journals, government and professional organization publications, and reputable websites. The sources cover scientific studies, sampling technologies, and health effects. The variety and credibility are adequate, though the in-line citation practice is inconsistent and sometimes indirect.","This submission presents a generally clear and objective identification of the problem of microplastics in ocean environments, outlining the who, what, where, when, why, and how. The problem definition provides reasonable scientific context and explanation, though it could benefit from deeper integration of data and mechanisms. The elaboration is present but somewhat general and could be strengthened by more detailed analysis of sampling challenges and environmental impacts. Several primary stakeholder groups are identified, but their concerns could be more thoroughly developed to enhance justification. The use of multiple credible and varied sources supports the problem justification, though more consistent in-line citation would improve clarity. Objective detail is generally provided but lacks consistent depth and quantitative specificity. To improve, the team should focus on deepening the problem definition with more comprehensive scientific detail, elaborating stakeholder concerns with specific impacts, and ensuring consistent citation practices. Enhancing the integration of objective data throughout the justification will also strengthen the overall presentation.",3.333333333
Case030_434355.pdf,,Placeholder text for scoring.,4,3,4,3,5,5,4,3,3,3,4,3,,,,,,,"['Examine whether the problem statement explicitly addresses all relevant aspects of the problem, including who, what, where, when, why, and how, to confirm the clarity and objectivity of the problem identification.', 'Assess the depth of the problem definition by verifying if quantitative data or detailed analysis is provided beyond general descriptions to justify the assigned depth score.', 'Evaluate the elaboration for coherence and integration of multiple perspectives rather than isolated facts or questions to determine if it meets the criteria for well-developed elaboration.', 'Consider whether the identified stakeholders represent truly distinct groups with differentiated concerns or if some are overlapping or insufficiently developed.', 'Verify the presence and quality of in-line citations linking specific claims to credible, timely, and varied sources to ensure the problem justification is well supported.']","['Examine whether the problem statement explicitly addresses all relevant aspects of the problem, including who, what, where, when, why, and how, to confirm the clarity and objectivity of the problem identification.', 'Assess the depth of the problem definition by verifying if quantitative data or detailed analysis is provided beyond general descriptions to justify the assigned depth score.', 'Evaluate the elaboration for coherence and integration of multiple perspectives rather than isolated facts or questions to determine if it meets the criteria for well-developed elaboration.', 'Consider whether the identified stakeholders represent truly distinct groups with differentiated concerns or if some are overlapping or insufficiently developed.', 'Verify the presence and quality of in-line citations linking specific claims to credible, timely, and varied sources to ensure the problem justification is well supported.']","The problem identification is generally clear and objective, explicitly stating the issue of microplastics in ocean water and sediment, who is involved (Mary Kerr and One Ocean Expedition), what is being done (collecting samples), where (surface-level water and shallow ocean floor globally), when (ongoing), why (to understand microplastic impact), and how (using remotely operated vehicles). The problem statement is articulated with relevant context.","The problem definition provides some depth by describing the microplastics issue, its environmental and health impacts, and the need for data collection. However, it lacks more comprehensive quantitative data or detailed analysis of the problem's scale and complexity. The explanation is mostly descriptive and somewhat general rather than deeply analytical.","The problem elaboration is generally present, with some discussion of microplastic effects on marine life and humans, sampling challenges, and research goals. However, elaboration is uneven and occasionally vague, with limited detailed explanation or integration of multiple perspectives. The document includes questions and notes but lacks a fully developed, cohesive elaboration.","Several primary stakeholder groups are identified, including Mary Kerr, One Ocean Expedition, marine animals, humans, and researchers. This represents multiple distinct groups but not a broad or comprehensive range. The concerns of these stakeholders are mentioned but not deeply explored or differentiated.","The problem justification cites multiple credible and timely sources, including peer-reviewed articles, government and professional organization publications, and research repositories. The sources cover various aspects of microplastics and ROV technology, demonstrating variety and credibility. However, in-line citations are limited and not consistently linked to specific claims.","This submission presents a generally clear and objective identification of the microplastics problem, outlining who is involved, what is being done, and why it matters. The problem definition provides some depth by describing environmental and health impacts, but it would benefit from more quantitative analysis and detailed exploration of the problem's scale. The elaboration includes relevant points about sampling challenges and stakeholder concerns but lacks cohesion and depth in integrating these elements. Multiple primary stakeholders are identified, including researchers, marine animals, and humans, though the discussion of their distinct concerns could be expanded for greater clarity. The use of credible and varied sources supports the justification, but more consistent in-line citations linking evidence to claims would improve clarity and credibility. Objective detail is present but uneven; incorporating more specific data and statistics throughout would enhance the argument's persuasiveness. To improve, focus on deepening the problem definition with quantitative data, elaborating stakeholder concerns with more nuance, and explicitly connecting sources to claims. Strengthening these areas will provide a more comprehensive and compelling justification for addressing the microplastics issue.",3.333333333
Case031_122121.pdf,,Placeholder text for scoring.,1,2,2,1,2,1,4,3,3,3,2,3,,,,,,,"['Examine whether the problem statement is sufficiently explicit and objective to distinguish it clearly from general background information.', 'Evaluate the depth of the problem definition to determine if it moves beyond superficial description to include underlying causes or broader context.', 'Assess whether the cited sources meet the criteria for credibility and variety, considering the nature and number of sources provided.', 'Consider if the identified stakeholder groups represent distinct and primary groups affected by the problem rather than overlapping or limited categories.', 'Review the level of objective detail in the justification to verify if it is consistent and supported by specific data or remains mostly general.']","['Examine whether the problem statement is sufficiently explicit and objective to distinguish it clearly from general background information.', 'Evaluate the depth of the problem definition to determine if it moves beyond superficial description to include underlying causes or broader context.', 'Assess whether the cited sources meet the criteria for credibility and variety, considering the nature and number of sources provided.', 'Consider if the identified stakeholder groups represent distinct and primary groups affected by the problem rather than overlapping or limited categories.', 'Review the level of objective detail in the justification to verify if it is consistent and supported by specific data or remains mostly general.']","The problem identification is stated clearly and objectively: people with illnesses or busy schedules forget to take medications, and the project aims to create a smart pillbox to address this. The description is straightforward and focused, though it lacks more detailed development.","The problem definition is developed to an adequate degree, explaining why regular pillboxes fail (people forget or have memory issues) and the need for reminders. However, it does not explore underlying causes or broader context beyond basic explanations in depth.","The problem elaboration includes some discussion of consequences (health risks, overreliance on technology) and examples of affected populations, but the elaboration is somewhat general and imprecise rather than deeply analytical or richly detailed.","Several primary stakeholder groups are identified: patients with chronic illnesses, older adults, caretakers, doctors, and nurses. These represent distinct groups, but the list is not extensive enough to be considered many or nearly all primary stakeholders.","The justification cites three sources from medical or health-related websites, which appear credible but are limited in variety and depth. The sources are not academic or government publications, and the number is small, so the evidence is credible but not strongly varied or numerous.","This project presents a clear and objective problem identification focused on medication adherence challenges faced by people with illnesses or busy schedules. The problem definition is adequately developed, explaining why traditional pillboxes are insufficient, but it could benefit from deeper exploration of underlying causes and broader context. The elaboration includes relevant consequences and affected populations but remains somewhat general and could be strengthened with more precise analysis. The identification of stakeholder groups is adequate, naming patients, older adults, caretakers, and healthcare professionals, though expanding this list would improve comprehensiveness. The problem justification draws on a few credible health-related sources, but the variety and depth of sources are limited; incorporating academic or government publications would enhance credibility and robustness. Objective detail is generally present, with some useful references to health models and risks, but more consistent and precise data would improve the justification. To improve, the student should deepen the problem definition and elaboration with more detailed analysis, broaden stakeholder consideration, and strengthen justification by integrating a wider range of authoritative sources and more specific objective data.",3
Case032_544313.pdf,,Placeholder text for scoring.,5,4,4,3,1,3,4,3,3,3,2,3,,,,,,,"['Examine whether the problem statement explicitly and objectively defines the core issue without relying on implied or vague language.', 'Evaluate the depth of the problem definition by checking for detailed explanations or data supporting the significance of the problem.', 'Assess if the elaboration includes specific examples and consequences rather than general statements to justify the problem effectively.', 'Consider whether the identified stakeholders represent distinct and meaningful groups affected by the problem rather than overlapping or minimal categories.', 'Verify the credibility and variety of sources cited, ensuring they are authoritative and relevant rather than solely opinion-based or limited in scope.']","['Examine whether the problem statement explicitly and objectively defines the core issue without relying on implied or vague language.', 'Evaluate the depth of the problem definition by checking for detailed explanations or data supporting the significance of the problem.', 'Assess if the elaboration includes specific examples and consequences rather than general statements to justify the problem effectively.', 'Consider whether the identified stakeholders represent distinct and meaningful groups affected by the problem rather than overlapping or minimal categories.', 'Verify the credibility and variety of sources cited, ensuring they are authoritative and relevant rather than solely opinion-based or limited in scope.']","The problem identification is clearly stated and objective: people with illnesses or busy schedules forget to take medication, and the project aims to create a smart pillbox to address this. The description is straightforward and generally focused on the core issue.","The problem definition provides some depth by explaining why regular pillboxes fail (people forget them on counters, busy schedules, memory issues) and the consequences of missed medication. However, it lacks more detailed analysis or quantification of the problem's scope.","The problem elaboration is present, discussing specific user groups, potential benefits, and unintended consequences like overreliance on technology. However, the elaboration is somewhat general and could be more precise or detailed.","Several primary stakeholder groups are identified: patients with chronic illnesses, older adults, caretakers, doctors, and nurses. These represent distinct groups affected by the problem, though the list is not extensive enough to be considered many or almost all.","The justification cites three sources from medical or health-related websites, which appear credible but are limited in variety and depth. The sources are not academic or government publications, and the number is small, so the evidence is credible but limited.","This project identifies the problem of medication non-adherence among people with illnesses or busy schedules, presenting a generally clear and objective problem statement. The problem definition provides some explanation of why traditional pillboxes fail and the consequences of missed doses, though it could benefit from deeper analysis or data. The elaboration includes relevant user groups and potential unintended consequences, but it remains somewhat general and could be more detailed. The identification of stakeholders covers patients, caretakers, and healthcare professionals, but could be expanded to include more diverse groups. The justification relies on a few credible health-related sources, but these are limited in variety and depth; incorporating academic or government studies would strengthen this aspect. Objective detail is somewhat present, with some references to health models and risks, but more precise data and consistent detail would improve the justification. To enhance this work, it would be helpful to deepen the problem definition with quantitative data, elaborate more precisely on consequences and stakeholder needs, and broaden the range and credibility of sources cited.",3
Case033_221131.pdf,,Placeholder text for scoring.,2,2,1,1,3,1,4,3,4,3,2,3,,,,,,,"['Examine whether the problem statement explicitly and objectively defines the issue or if it relies on general descriptions that might reduce clarity.', 'Evaluate the depth of the problem definition to determine if it goes beyond surface-level explanations to include underlying causes or broader context.', 'Assess the variety and credibility of the cited sources to confirm if they sufficiently support the problem justification or if more authoritative references are needed.', 'Consider whether the identified stakeholder groups represent distinct and relevant parties affected by the problem or if the list is too narrow or overlapping.', 'Review the level of objective detail provided in the justification to decide if it consistently supports the problem with precise data or remains mostly general.']","['Examine whether the problem statement explicitly and objectively defines the issue or if it relies on general descriptions that might reduce clarity.', 'Evaluate the depth of the problem definition to determine if it goes beyond surface-level explanations to include underlying causes or broader context.', 'Assess the variety and credibility of the cited sources to confirm if they sufficiently support the problem justification or if more authoritative references are needed.', 'Consider whether the identified stakeholder groups represent distinct and relevant parties affected by the problem or if the list is too narrow or overlapping.', 'Review the level of objective detail provided in the justification to decide if it consistently supports the problem with precise data or remains mostly general.']","The problem identification is clearly stated and objective: people with illnesses or busy schedules forget to take medications, and the project aims to create a smart pillbox to address this. The description is straightforward and generally focused on the issue.","The problem definition is developed, explaining why regular pillboxes fail (people forget or have memory issues) and the need for reminders. However, it lacks deeper exploration of underlying causes or broader context beyond the immediate problem.","The problem is elaborated with examples of affected populations (people with dementia, ADHD, busy schedules), potential benefits (improved health outcomes), and unintended consequences (overreliance on technology). This reflects some consideration beyond a basic statement.","Several primary stakeholder groups are identified: patients with chronic illnesses, older adults, caretakers, doctors, and nurses. While these are distinct groups, the list is somewhat limited and could be expanded to include family members or pharmacists.","The justification cites three sources from medical magazines and health organizations, which are credible but somewhat limited in variety and depth. The sources support the importance of medication adherence but lack academic or government research.","This project presents a generally clear and objective identification of the problem: many individuals forget to take their medications due to memory issues or busy schedules. The problem definition is developed, explaining why traditional pillboxes are insufficient, though it could benefit from deeper contextual analysis. The elaboration includes examples of affected populations and potential unintended consequences, showing some depth in problem understanding. The identification of stakeholder groups includes patients, caretakers, and healthcare professionals, but could be broadened to encompass additional relevant groups such as family members or pharmacists. The problem justification is supported by credible sources from health organizations, but the range and depth of sources are limited; incorporating academic or government research would strengthen this aspect. Objective detail is generally present, with references to epidemiological data and health risks, though more precise statistics or studies would improve consistency. To enhance this work, it is recommended to deepen the problem definition with more context, expand stakeholder analysis, and incorporate a wider variety of authoritative sources with more detailed evidence.",3.166666667
Case034_111000.docx,,Placeholder text for scoring.,1,1,1,0,0,0,3,2,2,1,0,1,,,,,,,"['Examine whether the problem statement sufficiently clarifies the specific issue to justify a higher clarity score.', 'Assess if the explanation of why controlling plant light is necessary provides enough depth or remains too general.', 'Consider whether the document identifies multiple distinct stakeholder groups or only implies one primary group.', 'Verify if any external credible sources are cited or referenced to support the problem justification.', 'Evaluate the presence and clarity of objective details such as data, statistics, or factual evidence supporting the problem.']","['Examine whether the problem statement sufficiently clarifies the specific issue to justify a higher clarity score.', 'Assess if the explanation of why controlling plant light is necessary provides enough depth or remains too general.', 'Consider whether the document identifies multiple distinct stakeholder groups or only implies one primary group.', 'Verify if any external credible sources are cited or referenced to support the problem justification.', 'Evaluate the presence and clarity of objective details such as data, statistics, or factual evidence supporting the problem.']","The problem identification is generally clear and objective. The student states the need to design a platform to control the amount of light plants receive, which is a recognizable problem. However, the statement is brief and lacks precise framing or context, which limits clarity.","The problem definition is basic. The student mentions the importance of plants for oxygen and photosynthesis and the need to control sunlight exposure, but the explanation is limited and does not explore the problem's scope or impact in detail.","The problem elaboration is limited. The student provides some reasoning about why controlling light is necessary but does not expand on specific challenges, consequences, or technical considerations. The explanation is general and somewhat repetitive.",Only one primary stakeholder group is implied—plants and indirectly people who rely on plants. There is no clear mention of multiple distinct stakeholder groups affected by the problem.,No credible or cited sources are provided. The justification is based solely on the student's own statements without reference to external evidence.,"The document presents a generally clear problem identification by stating the need for a platform to control plant light exposure, which provides a basic foundation. However, the problem definition is limited and lacks detailed context about the problem's significance or scope. The elaboration is also limited and somewhat repetitive, missing opportunities to explore the problem's technical or practical challenges. The justification mentions only one stakeholder group implicitly, without identifying a broader range of affected parties such as gardeners, farmers, or environmentalists. There is no use of credible or varied sources to support the problem's importance, which weakens the justification. Objective detail is limited and unclear, with no quantitative or specific evidence provided. To improve, the problem definition should be expanded to explain why controlling light is challenging and important, multiple stakeholder groups should be explicitly identified, and credible, timely sources should be incorporated to support the claims. Adding objective data or examples would strengthen the justification and demonstrate a more comprehensive understanding of the problem.",1.5
Case035_321000.docx,,Placeholder text for scoring.,3,2,1,0,0,0,3,2,2,1,0,1,,,,,,,"['Examine whether the problem statement sufficiently clarifies the specific issue and its context to justify a higher clarity rating.', 'Assess if the explanation of why controlling sunlight is necessary includes enough depth or if it remains too general and superficial.', 'Consider whether the document identifies multiple distinct stakeholder groups or only implies a single group, affecting stakeholder scoring.', ""Verify if any external credible sources are cited or referenced to support the problem justification beyond the student's opinion."", 'Evaluate the presence and clarity of objective details such as data, examples, or factual evidence that support the problem justification.']","['Examine whether the problem statement sufficiently clarifies the specific issue and its context to justify a higher clarity rating.', 'Assess if the explanation of why controlling sunlight is necessary includes enough depth or if it remains too general and superficial.', 'Consider whether the document identifies multiple distinct stakeholder groups or only implies a single group, affecting stakeholder scoring.', ""Verify if any external credible sources are cited or referenced to support the problem justification beyond the student's opinion."", 'Evaluate the presence and clarity of objective details such as data, examples, or factual evidence that support the problem justification.']","The problem identification is generally clear and objective. The student states the need to design a platform to control light exposure for plants, which is a recognizable problem. However, the statement is brief and lacks precise framing or context that would improve clarity and objectivity.","The problem definition is limited. The student mentions the importance of plants for oxygen and photosynthesis and the need to control sunlight exposure, but the explanation is basic and does not explore the problem's scope or impact in detail.","The problem elaboration is minimal. The student provides some reasoning about why controlling sunlight is necessary but does not expand on specific challenges, consequences, or detailed aspects of the problem.",Only one primary stakeholder group is implied—plants and indirectly people who rely on plants. There is no clear identification or discussion of multiple distinct stakeholder groups.,No credible or cited sources are provided. The justification is based solely on the student's own statements without reference to external evidence.,"The submission presents a generally clear problem identification related to controlling light exposure for plants, though it lacks detailed framing and context. The problem definition touches on the importance of plants and photosynthesis but remains limited without exploring broader implications or technical challenges. Elaboration is minimal, with little explanation of specific difficulties or consequences related to controlling sunlight. The document implies only one stakeholder group, missing the opportunity to discuss other affected parties such as gardeners, farmers, or environmentalists. There is no use of credible or varied sources to support the problem justification, which weakens the argument's foundation. Objective detail is sparse and unclear, with no quantitative data or specific examples to substantiate the claims. To improve, the student should deepen the problem definition by including more detailed explanations and consequences, explicitly identify multiple stakeholder groups, and incorporate credible, timely sources to strengthen justification. Adding objective data or examples would also enhance clarity and persuasiveness.",1.5
Case036_122011.pdf,,Placeholder text for scoring.,1,2,2,0,1,1,3,2,3,2,1,2,,,,,,,"['Examine whether the problem statement clearly distinguishes between the problem identification and its causes or effects to justify the clarity score.', 'Assess if the description of stakeholders truly represents distinct groups or if some are overlapping or insufficiently differentiated.', ""Evaluate the credibility and variety of the cited source and whether the student's own statements dominate the justification."", 'Consider whether the problem elaboration provides sufficient objective detail or relies too heavily on subjective or vague descriptions.', ""Verify that the problem definition goes beyond superficial statements to include depth about the problem's scope and impact.""]","['Examine whether the problem statement clearly distinguishes between the problem identification and its causes or effects to justify the clarity score.', 'Assess if the description of stakeholders truly represents distinct groups or if some are overlapping or insufficiently differentiated.', ""Evaluate the credibility and variety of the cited source and whether the student's own statements dominate the justification."", 'Consider whether the problem elaboration provides sufficient objective detail or relies too heavily on subjective or vague descriptions.', ""Verify that the problem definition goes beyond superficial statements to include depth about the problem's scope and impact.""]","The problem is somewhat clear and objective, describing the issue of plants receiving too much or too little sunlight leading to heat stress and damage. However, the explanation is somewhat informal and occasionally vague, such as 'this issue is not really too big but at the same time we don't want this issue.' The problem is identified globally due to climate change, which adds some objectivity.","The problem definition is basic, mentioning that plants suffer from too much or too little sunlight causing heat stress and damage, but it lacks detailed explanation of mechanisms, scope, or consequences. The description is general and provides limited depth about the problem's complexity or specific parameters.","The problem is generally elaborated with examples such as leaves turning brown or yellow and plant death due to excessive sunlight. The text mentions stakeholders and climate change as contributing factors, but the elaboration is uneven and sometimes imprecise or subjective.","The document identifies a few primary stakeholder groups: farmers, energy companies, and plant companies. These are distinct groups but limited in number, so the score reflects at least a few stakeholders but not several or many.","Only one source is cited, a single webpage from a horticulture site. While it may be credible, the source is not varied or numerous, and the citation is incomplete and informal. The justification relies heavily on the student's own explanation.","This submission presents a generally clear and somewhat objective identification of the problem related to plants suffering from excessive or insufficient sunlight, which is linked to climate change. However, the problem definition is basic and lacks detailed explanation of the underlying causes and broader implications. The elaboration includes some examples of plant damage and mentions stakeholders, but the discussion is uneven and occasionally subjective. The identification of stakeholders is limited to a few groups, missing a broader range of affected parties such as consumers or environmentalists. The justification relies on a single, informal source, which limits the credibility and depth of the problem justification. Objective detail is present but inconsistent and lacks quantitative support. To improve, the student should deepen the problem definition by explaining mechanisms and consequences more thoroughly, expand stakeholder analysis to include more groups, and incorporate multiple credible and varied sources to strengthen justification. Adding specific data or examples would enhance objective detail and overall clarity. Attention to formal writing and source citation would also improve professionalism and reliability.",2.166666667
Case037_121101.pdf,,Placeholder text for scoring.,1,2,1,1,0,1,3,2,2,2,1,2,,,,,,,"['Evaluate whether the problem statement clearly distinguishes between the effects of too much versus too little sunlight and how explicitly these are defined.', ""Assess if the cited horticulture source provides sufficient credible support or if the justification relies too heavily on the student's own assertions."", 'Consider whether the identified stakeholders represent distinct groups with different concerns or if they overlap significantly.', 'Verify the extent to which objective details about plant damage and environmental factors are consistently presented rather than anecdotal or vague.', 'Examine if the problem elaboration includes sufficient depth and examples to move beyond minimal description toward a well-developed explanation.']","['Evaluate whether the problem statement clearly distinguishes between the effects of too much versus too little sunlight and how explicitly these are defined.', ""Assess if the cited horticulture source provides sufficient credible support or if the justification relies too heavily on the student's own assertions."", 'Consider whether the identified stakeholders represent distinct groups with different concerns or if they overlap significantly.', 'Verify the extent to which objective details about plant damage and environmental factors are consistently presented rather than anecdotal or vague.', 'Examine if the problem elaboration includes sufficient depth and examples to move beyond minimal description toward a well-developed explanation.']","The problem is generally clear and objective, describing the issue of plants receiving too much or too little sunlight leading to heat stress and plant damage. However, the explanation is somewhat informal and occasionally vague, which affects clarity.","The problem definition is basic, mentioning causes like climate change and human neglect but providing limited explanation or technical detail about the mechanisms or scope of the problem.","The problem is minimally elaborated with some examples of plant damage and general statements about frequency and importance, but it lacks detailed analysis or more comprehensive elaboration.","The document identifies a few primary stakeholder groups: farmers, energy companies, and plant companies. These groups are distinct but limited in number, so the score reflects a few stakeholders rather than several or many.","Only one source is cited, which appears to be a credible horticulture website, but the source is not well integrated or varied. The justification relies mainly on the student's own statements.","This submission presents a generally clear and objective identification of the problem related to plants receiving excessive or insufficient sunlight, causing heat stress and damage. However, the problem definition is basic and lacks technical detail, which limits understanding of the issue's complexity. The elaboration is minimal, with general statements and limited examples rather than thorough analysis. The identification of stakeholders includes a few relevant groups such as farmers and energy companies, but the range is narrow and could be expanded to include other affected parties. The justification relies primarily on the student's own observations with only one cited source, which reduces the variety of evidence supporting the problem. Objective detail is present but inconsistent and sometimes vague, which weakens the overall justification. To improve, the student should deepen the problem definition by explaining underlying causes and effects more thoroughly, elaborate with specific examples or data, broaden stakeholder identification, and incorporate multiple credible and varied sources. Enhancing objective detail with clear, precise information will strengthen the justification and presentation of the problem.",2
Case038_433254.pdf,,Placeholder text for scoring.,4,3,3,2,5,4,5,4,4,4,5,4,,,,,,,"['Examine whether the problem statement explicitly and objectively defines the issue without relying on assumptions or implied context.', 'Evaluate the depth of the problem definition to confirm it goes beyond superficial description and includes relevant forensic science context.', 'Assess the distinctness and sufficiency of the identified stakeholder groups to ensure they represent multiple, clearly differentiated primary stakeholders.', 'Verify the credibility, variety, and timeliness of the sources cited to support the problem justification, ensuring they are not overly reliant on a single type of source.', 'Consider the extent and consistency of objective detail provided in the justification, including whether quantitative data and authoritative quotes are clearly presented and integrated.']","['Examine whether the problem statement explicitly and objectively defines the issue without relying on assumptions or implied context.', 'Evaluate the depth of the problem definition to confirm it goes beyond superficial description and includes relevant forensic science context.', 'Assess the distinctness and sufficiency of the identified stakeholder groups to ensure they represent multiple, clearly differentiated primary stakeholders.', 'Verify the credibility, variety, and timeliness of the sources cited to support the problem justification, ensuring they are not overly reliant on a single type of source.', 'Consider the extent and consistency of objective detail provided in the justification, including whether quantitative data and authoritative quotes are clearly presented and integrated.']","The problem identification is clear and objective. The document explicitly states the current issue: students must eyeball the angle of the paper during the blood splatter lab, leading to inconsistent and inaccurate data. The description is precise, well contextualized, and leaves little ambiguity about the problem.","The problem definition is adequately developed. It explains the context of the lab, the importance of angle measurement in forensic science, and the consequences of the current method's inaccuracy. It also details the desired features of the solution. However, while reasonably thorough, it does not fully explore all technical or educational implications.","The problem is elaborated with supporting information about forensic science, the impact of angle accuracy on crime scene reconstruction, and the educational significance. The document references the effects on students, teachers, and forensic professionals, and includes some research-based justification. The elaboration is generally effective but could be more tightly integrated and detailed in some areas.","The document identifies four distinct primary stakeholder groups: Dr. Kovacs (the initiating teacher), Mrs. Alba (another teacher), students participating in the lab, aspiring forensic scientists, and other forensic science teachers in the district. These represent several primary stakeholders, though not all. The groups are clearly differentiated and their concerns are explained.","The problem justification is supported by numerous, timely, credible, and varied sources including government publications (National Institute of Justice), academic journals, and reputable scientific organizations. The citations cover forensic science education, wrongful convictions, and the need for improved forensic methodologies, demonstrating a well-researched foundation.","This submission presents a clear and objective identification of the problem, focusing on the lack of a consistent method to hold paper at precise angles during a forensic blood splatter lab. The problem definition is adequately developed and well contextualized within forensic science education, though it could benefit from deeper technical exploration. The elaboration connects the problem to real-world forensic applications and educational outcomes, supported by relevant research, but could be more cohesively integrated and detailed. The identification of multiple distinct stakeholder groups, including teachers, students, aspiring forensic scientists, and other educators, supports the justification, though it does not encompass all possible stakeholders. The use of numerous credible, timely, and varied sources, such as government and academic publications, provides a solid evidence base for the problem’s significance. Objective detail is generally consistent, with relevant statistics and authoritative quotes, though some data could be more explicitly presented. To improve, the document could integrate elaboration more cohesively and provide more explicit quantitative data in the justification. Additionally, expanding the problem definition to include potential technical challenges or constraints would deepen understanding. Overall, the submission demonstrates solid research and justification but could enhance clarity and depth in some areas.",4.333333333
Case039_555455.pdf,,Placeholder text for scoring.,5,5,5,4,5,5,5,4,4,4,5,4,,,,,,,"['Examine whether the problem statement explicitly and objectively defines the issue without relying on assumptions or implied context.', 'Evaluate the depth of the problem definition to confirm it goes beyond superficial description and includes relevant forensic science context and educational impact.', 'Assess the clarity and distinctness of the identified stakeholder groups to ensure they represent truly separate groups rather than overlapping or repeated categories.', 'Verify the credibility, timeliness, and variety of sources cited to support the problem justification, ensuring reliance is not placed on a single type of source or opinion.', 'Consider the extent and consistency of objective detail provided in the justification, particularly the use of quantitative data and authoritative quotations.']","['Examine whether the problem statement explicitly and objectively defines the issue without relying on assumptions or implied context.', 'Evaluate the depth of the problem definition to confirm it goes beyond superficial description and includes relevant forensic science context and educational impact.', 'Assess the clarity and distinctness of the identified stakeholder groups to ensure they represent truly separate groups rather than overlapping or repeated categories.', 'Verify the credibility, timeliness, and variety of sources cited to support the problem justification, ensuring reliance is not placed on a single type of source or opinion.', 'Consider the extent and consistency of objective detail provided in the justification, particularly the use of quantitative data and authoritative quotations.']","The problem identification is clear and objective. The document explicitly states the current issue: students must eyeball the angle of the paper during the blood splatter lab, which can lead to inconsistent and inaccurate data. The description is precise, well contextualized, and leaves little ambiguity about the problem.","The problem definition is adequately developed. It explains the context of the lab, the importance of angle measurement in forensic science, and the consequences of inaccurate angle measurement on data quality and forensic education. While generally comprehensive, it could be somewhat deeper by including more technical details or quantifying the impact.","The problem elaboration is developed, discussing the impact of inaccurate angle measurement on student learning, forensic science education, and professional forensic analysis. It references the need for precision and repeatability and connects the problem to broader forensic science challenges. However, some elaboration is somewhat general rather than highly detailed.","The document identifies several primary stakeholder groups: Dr. Kovacs, Mrs. Alba, students in both classes, aspiring forensic scientists, and other forensic science teachers in the district. These represent distinct groups affected by the problem, showing a broad stakeholder consideration. However, it does not explicitly cover all possible primary stakeholders such as school administration or forensic professionals beyond educators and students.","The problem justification is supported by numerous, timely, credible, and varied sources including government publications (National Institute of Justice), academic journals, and reputable forensic science organizations. The citations are relevant and generally well integrated, providing evidence for the problem's significance and the need for improved forensic education tools.","This submission presents a clear and objective identification of the problem, focusing on the lack of a consistent method to hold paper at precise angles during a forensic blood splatter lab. The problem is defined with adequate depth, explaining the educational and forensic implications of inaccurate angle measurement. The elaboration connects the problem to broader forensic science challenges and educational outcomes, though some details could be more specific. The identification of multiple primary stakeholder groups, including teachers, students, aspiring forensic scientists, and other educators, shows a reasonable understanding of those affected by the problem. The justification is supported by numerous credible and varied sources, including government and academic publications, which supports the argument for the project's importance. Objective detail is mostly consistent, with relevant statistics and authoritative quotes, though some areas could benefit from more quantitative data. To improve, the problem definition could include more technical specifics and the elaboration could be enhanced with additional precise examples. Including a wider range of stakeholders, such as forensic professionals or school administrators, would also strengthen stakeholder analysis. Overall, the submission is generally thorough and researched, providing a solid foundation for the design project.",4.333333333
Case040_334335.pdf,,Placeholder text for scoring.,3,3,4,3,3,5,5,4,4,4,4,5,,,,,,,"['Examine whether the problem statement explicitly and objectively quantifies the issue or relies on generalizations.', 'Evaluate if the problem definition sufficiently explores underlying causes and systemic factors beyond surface-level descriptions.', 'Assess whether the stakeholder groups listed represent truly distinct and primary groups affected by the problem or if some overlap.', 'Consider the variety and credibility of sources cited, ensuring they include multiple types of reputable publications rather than a narrow selection.', 'Verify the consistency and specificity of objective details provided to justify the problem, checking for reliance on quantitative data and referenced studies.']","['Examine whether the problem statement explicitly and objectively quantifies the issue or relies on generalizations.', 'Evaluate if the problem definition sufficiently explores underlying causes and systemic factors beyond surface-level descriptions.', 'Assess whether the stakeholder groups listed represent truly distinct and primary groups affected by the problem or if some overlap.', 'Consider the variety and credibility of sources cited, ensuring they include multiple types of reputable publications rather than a narrow selection.', 'Verify the consistency and specificity of objective details provided to justify the problem, checking for reliance on quantitative data and referenced studies.']","The problem identification is clear and objective, explicitly stating the magnitude of energy wasted in homes, its economic impact, and the global consequences related to climate change. The statement is precise and supported by quantitative data.","The problem definition is adequate, detailing causes such as high costs, lack of optimization, and homeowner apathy, and connecting the problem to broader issues like grid overload and climate change. However, it could be deeper by including more technical or systemic factors.","The problem is elaborated with connections to economic, environmental, and infrastructure impacts, including specific effects on utility costs and grid stress. The elaboration is clear and developed but not extensively detailed or nuanced.","The document identifies several primary stakeholder groups: homeowners, energy providers, engineers, smart tech companies, and policymakers. These represent distinct groups with clear concerns, though the list could be expanded to include other affected parties such as renters or environmental groups.","The problem justification is supported by multiple credible, timely, and varied sources including corporate, academic, and research publications. The sources are relevant and well-cited, though the number is moderate rather than numerous.","This submission presents a clear and objective identification of the problem of energy inefficiency in homes, supported by quantitative data and credible sources. The problem definition is adequately developed, connecting causes and broader impacts such as grid stress and climate change, though it could benefit from deeper technical detail. The elaboration links economic, environmental, and infrastructure concerns, providing a reasonable context for the problem. The identification of stakeholder groups covers several primary and secondary groups with distinct interests, but could be expanded to include additional affected parties. The use of multiple credible and timely sources supports the justification, though a wider variety of sources could enhance the argument further. Objective detail is consistently provided, with clear statistics and study findings that reinforce the problem’s importance. To improve, consider deepening the problem definition with more systemic or technical factors and expanding stakeholder analysis to include renters or environmental advocates. Additionally, incorporating a broader range of sources would further solidify the justification.",4.333333333
Case041_120000.pdf,,Placeholder text for scoring.,1,2,0,0,0,0,4,3,4,2,2,3,,,,,,,"['Examine whether the problem statement explicitly and objectively identifies the core issue without relying on implied context or assumptions.', 'Evaluate if the problem definition sufficiently explores the educational context and challenges beyond the immediate project description.', 'Assess whether the document distinguishes multiple distinct stakeholder groups or primarily focuses on students and teachers alone.', 'Consider the credibility and variety of sources, especially whether they include research-based or academic references beyond product websites.', 'Determine if the justification includes consistent objective details such as data, statistics, or research findings rather than general descriptive statements.']","['Examine whether the problem statement explicitly and objectively identifies the core issue without relying on implied context or assumptions.', 'Evaluate if the problem definition sufficiently explores the educational context and challenges beyond the immediate project description.', 'Assess whether the document distinguishes multiple distinct stakeholder groups or primarily focuses on students and teachers alone.', 'Consider the credibility and variety of sources, especially whether they include research-based or academic references beyond product websites.', 'Determine if the justification includes consistent objective details such as data, statistics, or research findings rather than general descriptive statements.']","The problem identification is stated clearly and objectively: teaching middle school students and teachers to use electrical circuits with the Makey Makey STEM Kit in response to a new curriculum. The description is focused and mostly explicit, though it could be more concise.","The problem is defined with some depth, explaining the context of the new curriculum, the need for motivating projects, and the educational benefits of the Makey Makey kit. However, it does not explore underlying challenges or broader educational needs in detail.","The problem is elaborated with clear details about how the kit works, what students learn, and the skills developed. The explanation includes examples of materials and project types, and the educational impact is discussed, showing a generally developed elaboration.","The document mentions two primary stakeholder groups: middle school students and teachers. It does not mention other stakeholders such as parents, school administrators, or curriculum developers, which limits the stakeholder scope.","Three sources are cited, all related to the Makey Makey kit and educational use. While these are credible and relevant, they are limited in variety and mostly promotional or descriptive rather than research-based, so the source base is credible but narrow.","This submission identifies the problem of teaching middle school students and teachers to use electrical circuits with the Makey Makey STEM Kit, aligning with a new curriculum initiative. The problem definition provides some context and rationale but could be expanded by exploring broader educational challenges or needs. The elaboration includes clear details about the kit's function and learning outcomes, which helps clarify the problem's significance. However, the stakeholder analysis is limited to students and teachers, missing other relevant groups such as parents or school administrators, which would strengthen the justification. The sources cited are credible and relevant but lack variety and research depth, relying mainly on product-related websites. Objective detail is generally present, describing educational benefits and skills gained, but would benefit from quantitative data or more precise evidence to enhance credibility. To improve, the work should expand stakeholder consideration, incorporate more diverse and research-based sources, and include objective metrics or studies supporting the educational impact. This would provide a more comprehensive and balanced justification for the problem and its importance.",3
Case042_221331.pdf,,Placeholder text for scoring.,2,2,1,3,3,1,5,4,4,4,3,4,,,,,,,"['Examine whether the problem statement explicitly and objectively defines the issue without ambiguity or assumptions.', 'Evaluate the depth of the problem definition by checking if causes, effects, and consequences are clearly and thoroughly explained.', 'Assess the range and distinctness of stakeholder groups to confirm they represent truly separate primary stakeholders affected by the problem.', 'Consider the credibility, timeliness, and variety of sources cited to determine if they adequately support the problem justification.', 'Review the extent to which objective details are consistently provided and whether subjective or general statements are minimized.']","['Examine whether the problem statement explicitly and objectively defines the issue without ambiguity or assumptions.', 'Evaluate the depth of the problem definition by checking if causes, effects, and consequences are clearly and thoroughly explained.', 'Assess the range and distinctness of stakeholder groups to confirm they represent truly separate primary stakeholders affected by the problem.', 'Consider the credibility, timeliness, and variety of sources cited to determine if they adequately support the problem justification.', 'Review the extent to which objective details are consistently provided and whether subjective or general statements are minimized.']","The problem identification is clear and objective, explicitly stating that the watering system in the WCHS greenhouse has become moldy due to the humid atmosphere, negatively affecting plants and potentially human health.","The problem definition is adequately developed, describing the mold's effects on plants, health risks to people, and potential damage to the building, with some explanation of the causes and consequences.","The problem is elaborated with details about mold's health impacts, how it spreads, the emotional attachment of a stakeholder, and related issues like overwatering, showing a developed understanding though some points could be more clearly connected.","The justification highlights several primary stakeholder groups including Mr. Doffemeyer, the Gardening Club, students, teachers, and janitors, with some mention of secondary stakeholders, showing consideration though not exhaustive.","The problem justification uses several credible and timely sources, including health and restoration service websites, but the variety is somewhat limited and some sources lack clear authority or academic rigor.","This submission presents a clear and objective identification of the problem, describing the mold issue in the WCHS greenhouse watering system and its impacts on plants and human health (A1). The problem definition is adequately developed, covering multiple dimensions including health risks and structural damage, though it could benefit from deeper integration of cause-effect relationships (A2). The elaboration provides relevant information about mold’s effects and related concerns like overwatering, but some points could be more clearly connected to the core problem (A3). The document identifies several primary stakeholders, including staff, students, and janitors, showing awareness of the problem’s broader impact (A4). The use of credible and timely sources supports the justification, though expanding the variety and academic rigor of references would strengthen the argument (A5). Objective detail is generally consistent, with specific health and environmental facts, but some statements could be more precise or supported by stronger evidence (A6). To improve, the student should deepen the problem definition by linking causes and effects more explicitly, broaden the range of credible sources, and ensure all claims are clearly supported by objective data. This will enhance the overall clarity and persuasiveness of the problem presentation.",4
Case043_332323.docx,,Placeholder text for scoring.,3,3,2,3,2,3,4,3,4,3,4,4,,,,,,,"['Examine whether the problem statement explicitly and objectively defines the issue beyond general descriptions to justify the assigned clarity level.', 'Evaluate the depth of the problem definition to determine if it sufficiently explains the problem’s context and implications or if it remains somewhat superficial.', 'Assess the differentiation and number of stakeholder groups to confirm if they represent truly distinct groups with unique concerns rather than overlapping or similar roles.', 'Consider the variety and credibility of sources cited, verifying that they include multiple independent studies or data sources rather than relying heavily on a single study or internal opinions.', 'Review the extent and consistency of objective detail in the justification, ensuring quantitative data and examples are clearly linked to the problem rather than presented in isolation.']","['Examine whether the problem statement explicitly and objectively defines the issue beyond general descriptions to justify the assigned clarity level.', 'Evaluate the depth of the problem definition to determine if it sufficiently explains the problem’s context and implications or if it remains somewhat superficial.', 'Assess the differentiation and number of stakeholder groups to confirm if they represent truly distinct groups with unique concerns rather than overlapping or similar roles.', 'Consider the variety and credibility of sources cited, verifying that they include multiple independent studies or data sources rather than relying heavily on a single study or internal opinions.', 'Review the extent and consistency of objective detail in the justification, ensuring quantitative data and examples are clearly linked to the problem rather than presented in isolation.']",The problem of swiveling desks causing distractions and disruptions is identified with specific examples such as water bottles falling and potential injuries. The description is focused and directly relates to the issue at DCI.,"The problem is defined with some depth, explaining how the desks cause distractions, discomfort, and potential injuries. However, the definition could be expanded with more technical or contextual details about the desks or the environment.","The problem is elaborated with examples, consequences, and some discussion of potential unintended effects. The inclusion of specific scenarios and the impact on class time provides a reasonable elaboration, though some points could be more detailed.","Several primary stakeholder groups are identified: students, teachers, administration, parents/guardians, and other staff. While these are distinct groups, the explanation treats some as overlapping and does not deeply differentiate their concerns.","The justification uses multiple credible and timely sources, including academic studies and a local student poll. The sources are varied (university studies, surveys) and relevant, though the number of sources is moderate rather than numerous.","This presentation identifies and justifies the problem of swiveling desks at DCI, noting their disruptive nature and potential for causing distractions and injuries. The problem definition provides some explanation of the impact on students and class efficiency, though it could include more technical context. The elaboration includes concrete examples and consideration of unintended consequences, contributing to understanding of the issue. Multiple stakeholder groups are recognized, including students, teachers, administration, and parents, but the distinctions among their concerns could be more clearly articulated. The justification is supported by credible and varied sources, such as academic studies and a local survey, lending relevance to the claims. Objective detail is provided through quantitative data and specific examples, though further integration of this data into the problem narrative would strengthen the argument. To improve, the team should deepen the problem definition with more technical or environmental specifics, clarify stakeholder concerns distinctly, and more explicitly connect data points to the problem’s impact. Overall, the work demonstrates a reasonable foundation with room for refinement in depth and clarity.",3.666666667
Case044_555555.docx,,Placeholder text for scoring.,5,5,5,5,5,5,4,3,4,3,4,4,,,,,,,"['Examine whether the problem statement explicitly and objectively defines the issue or if it relies on subjective language or assumptions.', 'Evaluate the depth of the problem definition to determine if it goes beyond surface-level descriptions to include underlying causes or broader context.', 'Assess the variety and credibility of sources cited to confirm they include multiple, timely, and reputable studies rather than primarily local or anecdotal evidence.', 'Consider whether the identified stakeholder groups represent truly distinct and primary groups affected by the problem rather than overlapping or minor groups.', 'Review the extent and consistency of objective detail provided in the justification, especially the use of quantitative data and specific examples supporting the problem claims.']","['Examine whether the problem statement explicitly and objectively defines the issue or if it relies on subjective language or assumptions.', 'Evaluate the depth of the problem definition to determine if it goes beyond surface-level descriptions to include underlying causes or broader context.', 'Assess the variety and credibility of sources cited to confirm they include multiple, timely, and reputable studies rather than primarily local or anecdotal evidence.', 'Consider whether the identified stakeholder groups represent truly distinct and primary groups affected by the problem rather than overlapping or minor groups.', 'Review the extent and consistency of objective detail provided in the justification, especially the use of quantitative data and specific examples supporting the problem claims.']","The problem of swiveling desks causing distractions and disruptions is identified with specific examples such as water bottles falling and potential injuries. The description is focused and directly states the issue at DCI, though the clarity could be somewhat more developed.","The problem is defined with some depth, explaining how the desks cause distractions, discomfort, and potential injuries, and why this matters during class time. However, the definition remains somewhat general and could be expanded with more technical or contextual details.","The problem is elaborated with examples, consequences, and some discussion of potential unintended effects. The inclusion of specific scenarios and the impact on class efficiency provides a reasonable elaboration, though some points could be more detailed.","Several primary stakeholder groups are identified: students, teachers, administration, parents/guardians, and other staff. These represent distinct groups, but the list is somewhat limited and could be expanded or more deeply differentiated.","The justification is supported by multiple credible and timely sources, including university studies and a local student poll. The sources are varied (academic studies and survey data) and relevant, though the number of sources is moderate rather than extensive.","This presentation identifies and justifies the problem of swiveling desks at DCI, explaining how they disrupt class and cause discomfort. The problem definition provides some explanation of the impact on students’ focus and safety, though it could benefit from additional technical or contextual details. The elaboration includes relevant examples and potential unintended consequences, contributing to understanding the issue, but some areas could be more detailed. The identification of stakeholders includes students, teachers, administration, parents, and staff, but could be improved by further differentiating or expanding these groups. The justification is supported by multiple credible and timely sources, including academic studies and a local survey, which adds relevance, though the number of sources is moderate. Objective detail is generally consistent, with quantitative data and specific examples, though some claims could be more precisely detailed. To improve, the work would benefit from deepening the problem definition with more technical context, expanding stakeholder analysis to include additional groups or perspectives, and enhancing elaboration with more detailed consequences or data. Overall, the work demonstrates an adequate foundation with room for refinement in depth and breadth.",3.666666667
Case045_323502.pdf,,Placeholder text for scoring.,3,2,3,5,0,2,4,3,3,3,2,2,,,,,,,"['Examine whether the problem statement explicitly and objectively defines the core issue without relying on assumptions or implied context.', 'Evaluate the depth of the problem definition to determine if it includes sufficient technical or contextual detail beyond a basic description.', 'Assess the elaboration of the problem to see if risks and consequences are supported with specific examples or data rather than general statements.', 'Consider whether the identified stakeholders represent truly distinct groups affected by the problem or if some are overlapping or indirect.', 'Review the nature and variety of sources cited to verify if they meet the criteria for credible, timely, and varied evidence supporting the problem justification.']","['Examine whether the problem statement explicitly and objectively defines the core issue without relying on assumptions or implied context.', 'Evaluate the depth of the problem definition to determine if it includes sufficient technical or contextual detail beyond a basic description.', 'Assess the elaboration of the problem to see if risks and consequences are supported with specific examples or data rather than general statements.', 'Consider whether the identified stakeholders represent truly distinct groups affected by the problem or if some are overlapping or indirect.', 'Review the nature and variety of sources cited to verify if they meet the criteria for credible, timely, and varied evidence supporting the problem justification.']","The problem identification is stated clearly and objectively, specifying the need to organize cables in the TV Production Studio to prevent tangling and damage, with reference to the stakeholder Mr. O’Farrell and the TV crew. The description is focused and generally unambiguous.","The problem definition provides some depth by describing the need for a fixed cable management system with specific dimensions and functional goals. However, it lacks more detailed technical or contextual background that would provide a fuller understanding.","The problem elaboration is generally present, mentioning risks such as loss of work time and data corruption, and the need for a walkable path. However, the elaboration is somewhat general and could be more detailed or supported with quantitative data.","Several primary stakeholder groups are identified: Mr. O’Farrell, Walpole Media, student crew members, and parents/adults funding the school. These represent distinct groups, but the list is limited and some groups are indirectly connected, so it fits 'several' rather than 'many' or 'almost all.'","The sources cited include photos taken by students and a document from Walpole Media. While these are somewhat credible, the variety and timeliness are limited, and the sources are mostly internal or primary observations rather than external credible research or authoritative publications.","This submission identifies the problem of disorganized and vulnerable cables in the TV Production Studio with a generally clear and objective problem statement. The problem definition outlines the need for a fixed cable management system with specific dimensions and functional priorities but could benefit from more technical or contextual detail. The elaboration includes some risk factors like potential data loss and damage but remains general and could be supported with more detailed analysis or data. The identification of stakeholder groups includes several distinct parties such as the studio manager, media outlet, students, and community taxpayers, though the list could be expanded or more closely connected to the problem. The use of sources is limited primarily to internal photos and a media document, which provide some credibility but lack variety and external validation. Objective detail is present but inconsistent, with some technical specifics but limited quantitative evidence or broader context. To improve, the problem definition should be deepened with more technical or contextual information, risks elaborated with data or examples, stakeholder analysis expanded to include more diverse perspectives, and a wider range of credible, external sources incorporated to strengthen justification and detail.",2.833333333
Case046_111201.pdf,,Placeholder text for scoring.,1,1,1,2,0,1,4,3,3,3,1,2,,,,,,,"['Examine whether the problem statement explicitly and objectively defines the core issue without relying on assumptions or implied context.', 'Evaluate the depth of the problem definition by checking for technical details, background context, and specific design requirements beyond basic descriptions.', 'Assess the elaboration for specificity and clarity regarding the consequences and risks associated with the problem, rather than general statements.', 'Consider whether the listed stakeholders represent truly distinct groups with different concerns or if some are overlapping or redundant.', 'Review the nature and credibility of the cited sources to determine if they provide authoritative, varied, and timely support for the problem justification.']","['Examine whether the problem statement explicitly and objectively defines the core issue without relying on assumptions or implied context.', 'Evaluate the depth of the problem definition by checking for technical details, background context, and specific design requirements beyond basic descriptions.', 'Assess the elaboration for specificity and clarity regarding the consequences and risks associated with the problem, rather than general statements.', 'Consider whether the listed stakeholders represent truly distinct groups with different concerns or if some are overlapping or redundant.', 'Review the nature and credibility of the cited sources to determine if they provide authoritative, varied, and timely support for the problem justification.']","The problem identification is generally clear and objective, explicitly stating the need to organize cables in the TV Production Studio to prevent tangling and damage, with specific reference to Mr. O’Farrell and the TV crew’s needs.","The problem definition provides some depth by describing the need for a fixed cable management system with specific dimensions and functional goals, but it lacks more detailed technical or contextual background that would provide a fuller understanding.","The problem elaboration is present, mentioning risks such as loss of work time and data corruption, but the elaboration is somewhat general and could be more detailed and specific about consequences and technical challenges.","Several primary stakeholder groups are identified, including Mr. O’Farrell, Walpole Media, student crew members, and local taxpayers, showing a reasonable range of affected parties, though some groups are closely related and could be more distinctly differentiated.","The sources cited are mostly photographs taken by group members and an organizational website, which provide some credibility but lack variety and authoritative external sources such as studies or expert publications.","This portfolio presents a generally clear and objective identification of the problem, focusing on the need to organize and protect cables in the TV Production Studio (A1). The problem definition includes specific design goals and dimensions, though it could benefit from additional technical context and background (A2). The elaboration addresses important risks such as data loss and workflow disruption but remains somewhat general and could be expanded with more precise consequences and technical challenges (A3). The identification of stakeholder groups is reasonable, including the studio manager, media outlet, students, and taxpayers, but some groups are closely related and could be more distinctly characterized to strengthen this section (A4). The justification relies mainly on internal photographs and a single organizational website, lacking diverse and authoritative external sources, which limits the credibility of the problem justification (A5). Objective detail is present but limited, with few quantitative or technical specifics to fully support the problem’s importance (A6). To improve, the student should incorporate more varied and credible external sources, deepen the problem definition with technical and contextual information, and provide more detailed elaboration on the consequences and stakeholder impacts. Enhancing objective detail with data or expert input would also strengthen the justification.",2.666666667
Case047_530412.pdf,,Placeholder text for scoring.,5,3,0,4,1,2,4,3,3,4,3,3,,,,,,,"['Examine whether the problem statement explicitly and objectively defines the problem or if some parts rely on subjective or vague language.', 'Evaluate the depth of the problem definition, particularly whether technical details about microplastics and sampling challenges are sufficiently developed.', 'Assess the variety and credibility of sources cited, especially the reliance on a single government source versus multiple distinct peer-reviewed or professional references.', 'Consider whether the listed stakeholder groups represent truly distinct primary stakeholders or if some are overlapping or secondary, affecting the breadth score.', 'Review the consistency and clarity of objective detail in the problem justification, noting any subjective or general statements that might weaken the argument.']","['Examine whether the problem statement explicitly and objectively defines the problem or if some parts rely on subjective or vague language.', 'Evaluate the depth of the problem definition, particularly whether technical details about microplastics and sampling challenges are sufficiently developed.', 'Assess the variety and credibility of sources cited, especially the reliance on a single government source versus multiple distinct peer-reviewed or professional references.', 'Consider whether the listed stakeholder groups represent truly distinct primary stakeholders or if some are overlapping or secondary, affecting the breadth score.', 'Review the consistency and clarity of objective detail in the problem justification, noting any subjective or general statements that might weaken the argument.']","The problem identification is clear and objective, explicitly stating the widespread presence of microplastics in oceans, their impact on marine life, and the need for an ROV to collect samples and data. The statement includes quantitative data (358 trillion particles) and specifies the problem context and stakeholders, providing an adequate level of detail.","The problem definition provides some depth by describing the problem's scale, who is involved, what is needed, and why it matters. However, it lacks more detailed technical or scientific elaboration on microplastics' characteristics or the challenges in sampling, limiting it to a somewhat general rather than more developed explanation.","The problem is generally elaborated with some details about sampling methods, stakeholder concerns, and environmental impacts. However, the elaboration is somewhat imprecise and general, with some points presented as questions rather than fully developed explanations, resulting in a limited level of detail.","The document identifies several primary stakeholder groups including Mary, marine science students, sea life, the ocean, and environmentalists, each with distinct concerns. Secondary stakeholders are also listed. This breadth supports an adequate score, though it does not fully cover all possible primary stakeholders.","The justification cites multiple credible and timely sources, including government and scientific websites, with in-line citations. However, the variety is somewhat limited, as many citations come from the same NOAA source, and peer-reviewed journal articles are listed but not explicitly cited in-line with specific data, indicating a somewhat limited use of sources.","This submission presents a generally clear and objective identification of the problem of microplastics in oceans, supported by quantitative data and a defined context. The problem definition covers key aspects such as stakeholders and the need for an ROV, but it could be expanded with more technical details about microplastics and sampling challenges. The elaboration is present but somewhat imprecise, with some points left as questions rather than fully developed explanations. The identification of primary stakeholders includes several relevant groups, though it could be more comprehensive. The problem justification is supported by multiple credible and timely sources, mainly government and scientific websites, but the variety and explicit in-line citation of peer-reviewed research could be improved. Objective detail is generally provided but inconsistently, with some subjective language and broad statements that reduce clarity. To improve, the student should deepen the problem definition with more scientific detail, elaborate stakeholder concerns with more specificity, diversify and explicitly cite sources, and ensure consistent use of objective data and language throughout the justification.",3.333333333
Case048_222353.pdf,,Placeholder text for scoring.,2,2,2,3,5,3,4,3,4,3,4,4,,,,,,,"['Examine whether the problem statement explicitly and objectively identifies the core issue without ambiguity or assumptions.', 'Evaluate the depth of the problem definition, particularly whether technical or contextual details beyond general impacts are sufficiently developed.', 'Assess the distinction and number of primary stakeholder groups to confirm if the submission truly addresses several distinct primary stakeholders.', 'Verify the credibility, timeliness, and variety of sources cited, distinguishing between academic, professional, and informal sources.', 'Consider the consistency and specificity of objective details provided to justify the problem, especially quantitative data and clear cause-effect relationships.']","['Examine whether the problem statement explicitly and objectively identifies the core issue without ambiguity or assumptions.', 'Evaluate the depth of the problem definition, particularly whether technical or contextual details beyond general impacts are sufficiently developed.', 'Assess the distinction and number of primary stakeholder groups to confirm if the submission truly addresses several distinct primary stakeholders.', 'Verify the credibility, timeliness, and variety of sources cited, distinguishing between academic, professional, and informal sources.', 'Consider the consistency and specificity of objective details provided to justify the problem, especially quantitative data and clear cause-effect relationships.']","The problem identification is stated clearly and objectively: Antonio and his employees struggle with disorganized sockets, causing wasted time and reduced efficiency. The description is straightforward and focused on the core issue without ambiguity, though it could be presented with slightly less emphasis on clarity.","The problem definition provides some depth by explaining the impact on worker well-being, efficiency, and time lost due to disorganization. However, it lacks more detailed technical or contextual specifics that would provide a fuller understanding.","The problem is elaborated with multiple facets including time wasted, worker well-being, and efficiency impacts. The inclusion of quantitative estimates of lost time and the description of socket sizes and storage method contribute to the elaboration, though some points could be more precise.","Several primary stakeholder groups are identified: Antonio, workers, customers, other shops, and salesmen. While the document distinguishes between primary and secondary stakeholders, only two primary groups are clearly identified, with others being secondary. This supports a score of several primary stakeholder groups but not many or almost all.","The problem justification cites multiple credible and timely sources including academic articles and reputable publications. The sources cover productivity, well-being, and efficiency, showing variety and credibility. However, some sources are less formal (e.g., a blog), which limits the overall credibility.","This portfolio presents a generally clear and objective identification of the problem, focusing on the disorganization of sockets in an auto repair shop and its impact on efficiency and worker well-being. The problem definition provides some development by explaining the consequences of disorganization but could benefit from deeper technical specifics or contextual details. The elaboration includes quantitative estimates of lost time and descriptions of the workspace, though some points could be more precise or detailed. The identification of stakeholder groups distinguishes between primary and secondary stakeholders, but only two primary groups are clearly defined, limiting the breadth of stakeholder consideration. The justification is supported by multiple credible and timely sources, including academic research, though some sources are less formal, which affects the overall credibility. Objective detail is mostly consistent, with useful quantitative data and explanations of impacts on efficiency and customer satisfaction, but some statements remain somewhat general. To improve, the student should deepen the problem definition with more technical context, clarify and expand primary stakeholder groups, and ensure all sources are highly credible and formal. Adding more precise elaboration on the workspace and tool organization would also strengthen the submission.",3.666666667
Case049_545555.pdf,,Placeholder text for scoring.,5,4,5,5,5,5,4,4,4,3,4,4,,,,,,,"['Examine whether the problem statement explicitly and objectively identifies the core issue without ambiguity or conflation with symptoms.', 'Evaluate the depth of problem definition by checking for specific details about scale, context, and impact rather than general descriptions.', ""Assess the elaboration for inclusion of quantitative or qualitative evidence that clearly supports the problem's significance and consequences."", 'Consider whether the identified stakeholders represent distinct primary groups affected by the problem rather than overlapping or secondary groups.', 'Verify the credibility, variety, and timeliness of sources cited to ensure they adequately support the problem justification.']","['Examine whether the problem statement explicitly and objectively identifies the core issue without ambiguity or conflation with symptoms.', 'Evaluate the depth of problem definition by checking for specific details about scale, context, and impact rather than general descriptions.', ""Assess the elaboration for inclusion of quantitative or qualitative evidence that clearly supports the problem's significance and consequences."", 'Consider whether the identified stakeholders represent distinct primary groups affected by the problem rather than overlapping or secondary groups.', 'Verify the credibility, variety, and timeliness of sources cited to ensure they adequately support the problem justification.']","The problem identification is clearly stated and objective: Antonio and his employees struggle with disorganized sockets, causing wasted time and reduced efficiency. The description is straightforward and generally focused on the core issue without ambiguity.","The problem is defined with adequate depth, including the scale of the problem (35-40 sockets), the physical setup (pegboard on the wall), and the impact on workflow and worker well-being. The explanation includes specific details about time lost and workspace layout.","The problem is elaborated with multiple facets: time wasted searching for sockets, impact on worker well-being, efficiency, and customer wait times. The elaboration includes quantitative estimates of lost time and consequences for business operations, showing a developed understanding.","Several primary stakeholder groups are identified: Antonio and workers (primary), customers, other shops, and salesmen (secondary). However, only two primary stakeholder groups are clearly distinguished, with others classified as secondary. This meets the level for several primary groups but not many or almost all.","The justification cites multiple credible and timely sources, including academic articles and research studies related to worker well-being, productivity, and organizational improvements. The sources are varied and relevant, though the number is moderate rather than extensive.","This portfolio presents a clear and generally objective identification of the problem, focusing on the disorganization of sockets in an auto repair shop and its impact on efficiency and worker well-being. The problem is defined with adequate depth, including specific details about the number of sockets and physical setup. The elaboration provides quantitative estimates of time lost and links the problem to broader business and employee outcomes. Stakeholder analysis identifies several groups, including primary and secondary stakeholders, but could be improved by distinguishing more primary groups to deepen the analysis. The problem justification is supported by multiple credible and timely sources from academic and professional literature, enhancing the argument's basis. Objective detail is generally consistent, with clear quantitative data supporting the problem's significance. To improve, clarifying and expanding the primary stakeholder groups and providing more comprehensive objective data where possible would be beneficial. Additionally, integrating more diverse sources could strengthen the justification further. Overall, the submission demonstrates an adequate understanding of the problem and its context, with room for deeper stakeholder engagement and richer data.",3.833333333
Case050_121502.pdf,,Placeholder text for scoring.,1,2,1,5,0,2,4,4,4,4,3,3,,,,,,,"['Examine whether the problem statement explicitly and objectively defines the core issue without ambiguity or assumptions.', 'Evaluate the depth and specificity of the problem elaboration, particularly how well the impacts on the library environment and users are detailed.', 'Assess the distinctness and number of primary stakeholder groups identified to ensure they represent truly separate groups with unique concerns.', 'Verify the credibility, timeliness, and variety of the sources cited to support the problem justification, considering whether the references sufficiently cover the topic.', 'Consider the consistency and integration of objective detail throughout the problem justification, checking if statistics and evidence are clearly connected to the problem.']","['Examine whether the problem statement explicitly and objectively defines the core issue without ambiguity or assumptions.', 'Evaluate the depth and specificity of the problem elaboration, particularly how well the impacts on the library environment and users are detailed.', 'Assess the distinctness and number of primary stakeholder groups identified to ensure they represent truly separate groups with unique concerns.', 'Verify the credibility, timeliness, and variety of the sources cited to support the problem justification, considering whether the references sufficiently cover the topic.', 'Consider the consistency and integration of objective detail throughout the problem justification, checking if statistics and evidence are clearly connected to the problem.']","The problem is clearly and objectively identified as the need to create a recyclable, effective bookend that supports the Green School initiative and addresses issues with traditional bookends. The description is focused and generally clear, though it could be somewhat more concise.","The problem definition is provided with adequate depth, detailing the shortcomings of traditional bookends (non-recyclable, rusting, poor support causing book damage) and linking these to stakeholder concerns and the Green School initiative. The design requirements contribute to the problem definition.","The problem is elaborated with specific examples of how it affects the school library environment, including book misalignment and damage, and the impact on various users. The elaboration is relevant and generally clear but could be more detailed to reach a higher level.","The document identifies several primary stakeholder groups: librarian, students, staff/teachers, and secondary stakeholders such as the principal and administrators. These groups are distinct and their concerns are outlined, supporting a reasonable score.","The problem justification cites three sources: National Association of Independent Schools, New York Times, and U.S. EPA. These are credible and timely but limited in variety and number, so the score reflects credible and timely sources but not numerous or diverse.","This presentation identifies and defines the problem of creating a recyclable, effective bookend aligned with the Green School initiative with generally clear and objective statements. The elaboration describes the impact on the school library and users, though it could benefit from more detailed examples or data. The identification of multiple primary stakeholder groups, including librarian, students, staff, and secondary stakeholders, shows awareness of diverse concerns but could be expanded. The problem justification is supported by credible and timely sources, but the limited number and variety of references restrict the depth of evidence. Objective detail is generally present, with some statistics and quotations, but could be more consistently detailed and integrated to strengthen the argument. To improve, the work would benefit from expanding the elaboration with more specific impacts or data, increasing the variety and number of credible sources to deepen justification, and integrating objective details more thoroughly throughout the justification. Clarifying and tightening the problem statement could also enhance clarity. Overall, the work demonstrates a structured approach with room for deeper research and elaboration.",3.666666667
Case051_444343.pdf,,Placeholder text for scoring.,4,4,4,3,4,3,4,4,4,4,3,4,,,,,,,"['Examine whether the problem statement explicitly and objectively defines the core issue without ambiguity or assumptions.', ""Evaluate the depth of problem elaboration, particularly if the examples and impacts provided sufficiently explain the problem's context and consequences."", 'Assess the distinctness and number of stakeholder groups identified to confirm they represent truly separate groups with unique concerns.', 'Consider whether the cited sources meet the criteria for credibility, timeliness, and variety, and if the number of sources justifies a higher score.', 'Review the extent and consistency of objective detail in the problem justification, especially the use of quantitative data and authoritative evidence.']","['Examine whether the problem statement explicitly and objectively defines the core issue without ambiguity or assumptions.', ""Evaluate the depth of problem elaboration, particularly if the examples and impacts provided sufficiently explain the problem's context and consequences."", 'Assess the distinctness and number of stakeholder groups identified to confirm they represent truly separate groups with unique concerns.', 'Consider whether the cited sources meet the criteria for credibility, timeliness, and variety, and if the number of sources justifies a higher score.', 'Review the extent and consistency of objective detail in the problem justification, especially the use of quantitative data and authoritative evidence.']","The problem is clearly and objectively identified as creating a recyclable, effective bookend that supports the Green School initiative and sustains book weight without moving. The description is focused on the core issue.","The problem definition is adequate, detailing issues with traditional bookends such as rusting, poor support causing book damage, and the need to align with sustainability goals. It includes specific functional and aesthetic requirements.","The problem is elaborated with context about where it occurs (school library), its impact on book organization and preservation, and consequences for stakeholders. The elaboration includes examples of book misalignment and damage, though some points could be more detailed.","The document identifies several primary stakeholder groups: librarian, students, faculty/staff, and secondary stakeholders like the principal and administrators. Each group’s concerns are outlined, showing a reasonably broad stakeholder consideration.","The justification cites three sources: National Association of Independent Schools, New York Times, and U.S. EPA. These are credible and timely but limited in variety and number, focusing mainly on recycling statistics and environmental importance.","This presentation identifies and defines the problem of creating a recyclable, functional bookend aligned with the Green School initiative, demonstrating a generally clear understanding of the issue. The elaboration provides relevant context about the library setting and consequences for book preservation, though some points could be expanded for greater depth. The identification of multiple primary stakeholder groups, including librarian, students, and faculty, as well as secondary stakeholders, shows awareness of diverse concerns but could be more comprehensive. The problem justification is supported by credible and timely sources, though the limited number and focus on recycling somewhat restrict the breadth of evidence. Objective detail is generally presented with relevant statistics and authoritative quotes, though more quantitative data could enhance the argument. To improve, the work would benefit from deeper problem elaboration with more specific examples and impacts, a broader range of sources to include varied perspectives, and additional objective data to strengthen justification. Overall, the work is structured and thoughtful but would benefit from more comprehensive evidence and elaboration to reach higher levels of the rubric.",3.833333333
Case052_221101.pdf,,Placeholder text for scoring.,2,2,1,1,0,1,4,3,2,3,3,3,,,,,,,"['Examine whether the problem statement explicitly and objectively defines the core issue without relying on anecdotal or vague language.', 'Evaluate the depth of the problem definition to determine if it moves beyond surface-level description to include causes, effects, and context.', 'Assess the elaboration of stakeholder concerns to see if they are clearly articulated and supported with evidence or remain general and underdeveloped.', 'Consider whether the cited sources meet the criteria for credibility and variety, and if they sufficiently support the problem justification.', 'Verify the consistency and specificity of objective details provided to justify the problem, ensuring they are factual and relevant rather than general statements.']","['Examine whether the problem statement explicitly and objectively defines the core issue without relying on anecdotal or vague language.', 'Evaluate the depth of the problem definition to determine if it moves beyond surface-level description to include causes, effects, and context.', 'Assess the elaboration of stakeholder concerns to see if they are clearly articulated and supported with evidence or remain general and underdeveloped.', 'Consider whether the cited sources meet the criteria for credibility and variety, and if they sufficiently support the problem justification.', 'Verify the consistency and specificity of objective details provided to justify the problem, ensuring they are factual and relevant rather than general statements.']","The problem identification is clear and objective. The student explicitly states the problem that doorstops don't always fit under doors and get lost or kicked easily, supported by a stakeholder's direct experience. The description is straightforward and generally understandable.","The problem definition is provided with some depth. The student explains the problem's cause (doorstops not fitting well, requiring kicking that damages them) and its effects (widespread in schools). However, the definition lacks detailed analysis or quantification.","The problem elaboration is minimal. While some stakeholder concerns and environmental impact are mentioned, these points are brief and lack detailed explanation or evidence. The elaboration is general rather than well-developed.","Several primary stakeholder groups are identified: Mr. Salazar, students, teachers, schools, and possibly the whole country. These represent distinct groups, though the last is somewhat vague. The concerns of some stakeholders are briefly noted.","The problem justification is based on credible and timely sources. Three external URLs from hardware and doorstop-related websites are cited, providing some objective support. However, the sources are limited in variety and depth.","This submission identifies the problem of doorstops not fitting properly and being easily lost or damaged, supported by a stakeholder's experience, which contributes to the clarity and objectivity of the problem statement. The problem definition explains causes and effects with some depth but would benefit from more detailed analysis or data to enhance understanding. The elaboration of the problem is minimal, with brief mentions of stakeholder concerns and environmental impact that lack detailed development or evidence. Several primary stakeholder groups are identified, including a named individual, students, teachers, and schools, though the inclusion of 'the whole country' is somewhat vague and weakens the stakeholder analysis. The justification draws on multiple credible sources related to doorstops, but these are limited in variety and depth, which reduces the strength of the evidence. Objective detail is generally present, with factual information about doorstops' safety role and a supporting quotation, but the detail is somewhat general and could be expanded for greater impact. To improve, the student should deepen the problem definition with more specific data, elaborate stakeholder concerns with clearer distinctions and evidence, and incorporate a wider variety of credible sources to strengthen justification.",3
Case053_432302.pdf,,Placeholder text for scoring.,4,3,2,3,0,2,4,3,2,3,3,3,,,,,,,"['Examine whether the problem statement explicitly and objectively defines the issue beyond the anecdotal example provided by the stakeholder.', 'Evaluate the depth of the problem definition to determine if causes, effects, and scope are sufficiently detailed or if they remain superficial.', 'Assess the elaboration of stakeholder concerns and environmental impacts to verify if these points are meaningfully developed or merely mentioned.', 'Consider whether the listed stakeholder groups represent truly distinct and primary groups affected by the problem rather than overlapping or vague categories.', 'Review the credibility, timeliness, and variety of the cited sources to confirm they adequately support the problem justification beyond a single perspective.']","['Examine whether the problem statement explicitly and objectively defines the issue beyond the anecdotal example provided by the stakeholder.', 'Evaluate the depth of the problem definition to determine if causes, effects, and scope are sufficiently detailed or if they remain superficial.', 'Assess the elaboration of stakeholder concerns and environmental impacts to verify if these points are meaningfully developed or merely mentioned.', 'Consider whether the listed stakeholder groups represent truly distinct and primary groups affected by the problem rather than overlapping or vague categories.', 'Review the credibility, timeliness, and variety of the cited sources to confirm they adequately support the problem justification beyond a single perspective.']","The problem identification is clear and objective, describing the issue with doorstops not fitting under doors, getting lost, and losing form when kicked. The description includes a specific stakeholder example and generalizes the problem's impact on schools, making it reasonably clear.","The problem definition provides some depth by explaining the cause (doorstops not fitting and being kicked), the effect (doorstops losing form and becoming ineffective), and the scope (affecting most teachers' classrooms). However, it lacks detailed analysis or quantification that would provide greater depth.","The problem elaboration is minimal. While some stakeholder concerns and environmental impact are mentioned, these points are brief and lack detailed explanation or evidence. The elaboration is general and does not deeply explore the problem's nuances.","The document lists five primary stakeholders: Mr. Salazar, students, teachers, schools, and possibly the whole country. These represent several distinct groups, though the inclusion of 'maybe the whole country' is vague and reduces clarity. The concerns of these groups are briefly noted but not deeply developed.","The problem justification cites three external sources that appear credible and timely, related to doorstops and their advantages. However, the sources are not deeply integrated into the argument, and the variety is limited to similar types of sources, so the justification is credible and timely but somewhat limited in variety and integration.","This submission identifies the problem of doorstops not fitting properly and becoming ineffective when kicked, supported by a specific stakeholder example, which contributes to the clarity and objectivity of the problem statement. The problem definition provides some explanation of causes and effects but lacks deeper analysis or quantification. The elaboration of the problem is minimal, with brief mentions of stakeholder concerns and environmental impact that could be expanded for greater depth. Several primary stakeholder groups are identified, though some are vaguely defined, and their concerns are only superficially addressed. The use of three external sources provides credible and timely support for the problem justification, but the integration and variety of sources could be improved to enhance credibility. Objective detail is generally present but could be more consistent and specific throughout the justification. To improve, the problem elaboration should be deepened by exploring stakeholder concerns and environmental impacts more thoroughly, stakeholder group definitions clarified and expanded, and a wider variety of credible sources integrated with stronger connections to the problem. Adding quantitative data or examples would also strengthen the problem definition and justification.",3
Case054_332123.pdf,,Placeholder text for scoring.,3,3,2,1,2,3,5,4,4,2,2,4,,,,,,,"['Examine whether the problem statement explicitly and objectively identifies the core issue without relying on implied or vague language.', 'Evaluate the depth of the problem definition by checking if technical and operational details are sufficiently developed beyond basic descriptions.', 'Assess the range and distinctness of stakeholder groups mentioned to determine if multiple primary stakeholders are clearly identified and justified.', ""Verify the credibility, timeliness, and variety of sources cited to ensure they meet the rubric's standards for supporting problem justification."", 'Consider the extent to which objective details are consistently provided throughout the justification rather than relying on general or subjective statements.']","['Examine whether the problem statement explicitly and objectively identifies the core issue without relying on implied or vague language.', 'Evaluate the depth of the problem definition by checking if technical and operational details are sufficiently developed beyond basic descriptions.', 'Assess the range and distinctness of stakeholder groups mentioned to determine if multiple primary stakeholders are clearly identified and justified.', ""Verify the credibility, timeliness, and variety of sources cited to ensure they meet the rubric's standards for supporting problem justification."", 'Consider the extent to which objective details are consistently provided throughout the justification rather than relying on general or subjective statements.']","The problem identification is clear and objective, explicitly stating the need to enhance living conditions for elands at the Nashville Zoo by designing enrichment toy hangers that meet specific requirements.","The problem is defined with adequate depth, detailing the physical characteristics of the elands, the design constraints (weight, height, safety), and operational considerations, though some technical details could be further expanded.","The problem is elaborated with explanations of animal behavior, safety concerns, design features, and operational needs, but some elaboration on alternative solutions or more technical challenges could improve completeness.","The document identifies a few primary stakeholder groups: the elands, zookeepers, and indirectly the zoo management, but does not clearly distinguish or elaborate on several distinct stakeholder groups.","Two credible sources from reputable organizations are cited, supporting the justification, but the variety and number of sources are limited, and no research studies or academic articles are referenced.","This submission presents a clear and objective identification of the problem, focusing on the need for enrichment toy hangers for elands at the Nashville Zoo (A1). The problem definition provides adequate detail, covering animal characteristics, safety, and operational constraints, though some technical details could be expanded for greater depth (A2). The elaboration explains behavioral issues related to boredom and design considerations, but could benefit from discussing alternative solutions or challenges more explicitly (A3). Stakeholder consideration is limited to a few groups, primarily the animals and zookeepers, without broader stakeholder analysis (A4). The justification is supported by two credible sources from reputable organizations, but the source variety and number are limited, reducing the strength of evidence (A5). Objective detail is generally consistent, with specific data on animal size and behavior, though some claims could be better quantified (A6). To improve, the team should incorporate more diverse and numerous credible sources, expand stakeholder analysis to include additional groups such as zoo visitors or animal welfare experts, and deepen technical elaboration on design challenges and alternatives. Including more quantitative data and research findings would also strengthen the justification.",3.5
Case055_221121.pdf,,Placeholder text for scoring.,2,2,1,1,2,1,4,3,3,1,2,3,,,,,,,"['Examine whether the problem statement explicitly and objectively defines the issue beyond the individual stakeholder’s experience to justify a higher clarity score.', 'Assess if the problem elaboration includes sufficient technical or environmental details to move beyond general statements and support a stronger elaboration rating.', 'Verify the distinctness and number of primary stakeholder groups mentioned to determine if the justification adequately reflects multiple affected parties.', 'Consider the credibility, variety, and integration of sources cited to evaluate whether they meet the criteria for timely, credible, and various evidence.', 'Evaluate the consistency and specificity of objective details provided in the justification to confirm if they support a mostly or consistently objective presentation.']","['Examine whether the problem statement explicitly and objectively defines the issue beyond the individual stakeholder’s experience to justify a higher clarity score.', 'Assess if the problem elaboration includes sufficient technical or environmental details to move beyond general statements and support a stronger elaboration rating.', 'Verify the distinctness and number of primary stakeholder groups mentioned to determine if the justification adequately reflects multiple affected parties.', 'Consider the credibility, variety, and integration of sources cited to evaluate whether they meet the criteria for timely, credible, and various evidence.', 'Evaluate the consistency and specificity of objective details provided in the justification to confirm if they support a mostly or consistently objective presentation.']","The problem is identified as the need for an autonomous irrigation system to water a garden when the stakeholder is away. The description includes who is affected, what the problem is, and why it matters, with references to the stakeholder's situation.","The problem definition provides some depth by explaining the context (stakeholder’s absence, inability to water plants), the consequences (plants dying), and some specifics about watering frequency. However, it lacks more detailed technical or environmental factors that would provide greater depth.","The problem is elaborated with supporting details such as the stakeholder’s schedule, plant watering needs, and effects of lack of watering. However, elaboration is somewhat general and imprecise, with some statements lacking clear linkage or detailed explanation.",Only one primary stakeholder group is clearly identified—the individual gardener (Heather DeGeorge). There is mention of 'other gardeners on a global scale' but no elaboration or distinct stakeholder groups beyond the individual.,"Several sources are listed, mostly from gardening blogs and extension websites, which are somewhat credible but not strongly authoritative or varied. The sources are not well integrated into the justification, and some appear to be informal or secondary.","This submission identifies the problem of needing an autonomous irrigation system for a home garden when the stakeholder is away, providing a focused and objective problem statement. The problem definition includes relevant context and consequences but could be expanded with more technical or environmental specifics. The elaboration contains relevant details about the stakeholder’s schedule and plant needs but remains somewhat general and imprecise. The justification focuses on a single primary stakeholder, missing the opportunity to explore other affected groups such as neighbors, local gardeners, or commercial growers. The use of sources is present but limited to somewhat credible gardening blogs and extension sites, lacking a broader variety or stronger academic or scientific references. Objective detail is provided in some areas, including watering frequency and plant health impacts, but it is inconsistently applied and sometimes vague. To improve, the problem definition should be expanded with more detailed environmental and technical factors, multiple distinct stakeholder groups should be identified, and a wider range of credible, timely sources should be incorporated with clearer integration into the justification. Enhancing the objective detail with quantitative data or more precise evidence would also strengthen the justification.",2.666666667
Case056_443132.pdf,,Placeholder text for scoring.,4,4,3,1,3,2,4,3,3,1,1,3,,,,,,,"[""Examine whether the problem statement explicitly and objectively defines the issue beyond the stakeholder's personal experience to confirm clarity and objectivity."", 'Assess if the problem elaboration includes precise, detailed information about plant watering needs and environmental factors rather than general statements.', 'Verify whether multiple distinct stakeholder groups beyond the individual gardener are identified and justified as primary stakeholders affected by the problem.', 'Consider the nature and credibility of the listed sources and whether they are effectively integrated into the problem justification to support claims.', 'Evaluate the consistency and specificity of objective details provided in the justification, distinguishing between anecdotal and evidence-based information.']","[""Examine whether the problem statement explicitly and objectively defines the issue beyond the stakeholder's personal experience to confirm clarity and objectivity."", 'Assess if the problem elaboration includes precise, detailed information about plant watering needs and environmental factors rather than general statements.', 'Verify whether multiple distinct stakeholder groups beyond the individual gardener are identified and justified as primary stakeholders affected by the problem.', 'Consider the nature and credibility of the listed sources and whether they are effectively integrated into the problem justification to support claims.', 'Evaluate the consistency and specificity of objective details provided in the justification, distinguishing between anecdotal and evidence-based information.']","The problem identification is stated clearly and objectively, focusing on the need to design an autonomous irrigation system for a stakeholder who cannot water their garden during two-week absences in summer. The description is specific to the stakeholder's situation.","The problem definition provides some depth by explaining the stakeholder's inability to water plants during absences, the importance of watering frequency for leafy greens, and the consequences of dehydration. However, it lacks more detailed technical or environmental context that would provide a fuller understanding.","The problem is elaborated with supporting details such as the frequency of watering needed, the timing of the problem (summer, two-week absences), and effects on plants (stunted growth, sun damage). However, the elaboration remains somewhat general and could be more precise and comprehensive.","Only one primary stakeholder group is clearly identified: the individual gardener (Heather DeGeorge). There is mention that the solution could help other gardeners globally, but no other distinct stakeholder groups are described or justified.","The sources listed are mostly blogs and extension articles, some of which may be credible, but the document does not clearly integrate or cite these sources in the justification. The justification relies mainly on the stakeholder's experience and general statements rather than multiple credible, timely, and varied sources.","This submission identifies the problem of designing an autonomous irrigation system for a gardener who cannot water plants during two-week summer absences with clarity and objectivity. The problem definition explains the significance and timing of the issue but could be enhanced with more technical or environmental context. The elaboration provides relevant supporting details about plant needs and consequences but lacks precision and comprehensive development. The justification focuses mainly on a single stakeholder, limiting the scope of stakeholder consideration. While several sources are listed, they are not well integrated or clearly cited, resulting in limited use of credible and varied evidence. Objective detail is present but inconsistent, with some claims lacking strong support. To improve, the problem definition should include more technical specifics, the problem elaboration should be more precise, additional stakeholder groups should be identified, and credible, timely sources should be better integrated to strengthen justification. Consistent use of objective detail throughout the justification would also enhance the overall quality.",2.5
Case057_321202.pdf,,Placeholder text for scoring.,3,2,1,2,0,2,4,3,3,2,1,2,,,,,,,"['Examine whether the problem statement is sufficiently explicit and objective to distinguish it from general background information.', 'Evaluate the depth of the problem definition, particularly whether technical or quantitative details are adequately developed.', ""Assess the variety and credibility of sources cited, considering whether commercial listings and a YouTube video meet the rubric's standards for credible evidence."", 'Consider whether the identified stakeholders represent distinct groups or if the document mainly repeats similar stakeholders under different descriptions.', 'Review the balance between subjective opinions and objective details in the problem justification to determine the consistency of objective evidence.']","['Examine whether the problem statement is sufficiently explicit and objective to distinguish it from general background information.', 'Evaluate the depth of the problem definition, particularly whether technical or quantitative details are adequately developed.', ""Assess the variety and credibility of sources cited, considering whether commercial listings and a YouTube video meet the rubric's standards for credible evidence."", 'Consider whether the identified stakeholders represent distinct groups or if the document mainly repeats similar stakeholders under different descriptions.', 'Review the balance between subjective opinions and objective details in the problem justification to determine the consistency of objective evidence.']","The problem identification is stated and objective: the existing gong stand is deteriorating and unsafe, affecting band students and staff. The description includes the context (Eleanor Roosevelt High School Band), the issue (falling apart stand), and the need for a replacement. It is generally clear and objective, though some informal language and minor ambiguity about the exact problem remain.","The problem definition is somewhat developed, describing the safety risks, the cost issues with pre-manufactured stands, and the need for a new, sturdy, and visually appealing stand with a detachable mute. However, the depth is limited by lack of detailed technical or quantitative specifications and limited exploration of the problem's scope.","The problem is elaborated with examples of related percussion stands, safety concerns, and stakeholder opinions. However, the elaboration is somewhat general and includes some subjective language, with limited detailed analysis or evidence.","The document identifies two primary stakeholder groups: band students and the band director (teacher). These are distinct but limited in number. No additional stakeholder groups such as school administration, parents, or maintenance staff are mentioned.","Sources include a YouTube video and several commercial product listings with prices. These are partially credible but lack academic or authoritative backing. The sources are limited in variety and credibility, mostly commercial and informal.","This problem justification identifies a relevant issue affecting the Eleanor Roosevelt High School Band: the deteriorating gong stand that poses safety risks. The problem is described with reasonable clarity and some objectivity, though some informal language and ambiguity remain. The definition includes cost and safety concerns but lacks technical depth. The elaboration provides context and examples but remains somewhat general and includes subjective language. Stakeholder identification is limited to students and the band director, missing other potentially affected groups. The sources cited are mostly commercial and informal, lacking authoritative or academic credibility, which limits the justification. Objective details such as gong weight and stand prices are included but are inconsistent and overshadowed by subjective opinions. To improve, the problem definition should be deepened with more technical specifics, stakeholder analysis expanded to include additional groups, and more credible, varied sources incorporated, such as academic articles or expert interviews. Increasing the use of objective data and reducing subjective language will strengthen the justification and better support the design project.",2.5
Case058_533303.pdf,,Placeholder text for scoring.,5,3,3,3,0,3,4,3,3,2,1,2,,,,,,,"['Examine whether the problem identification is explicitly stated and objective enough to distinguish it from a general description or background information.', 'Evaluate the depth of the problem definition to determine if it goes beyond surface-level issues and includes technical or contextual details.', 'Assess the variety and credibility of the sources cited, considering whether commercial listings and a YouTube video meet the standard for credible and varied evidence.', 'Consider whether the identified stakeholders represent distinct groups or if the document mainly repeats variations of the same group.', 'Review the balance between subjective opinions and objective details in the problem justification to verify the consistency and sufficiency of objective evidence.']","['Examine whether the problem identification is explicitly stated and objective enough to distinguish it from a general description or background information.', 'Evaluate the depth of the problem definition to determine if it goes beyond surface-level issues and includes technical or contextual details.', 'Assess the variety and credibility of the sources cited, considering whether commercial listings and a YouTube video meet the standard for credible and varied evidence.', 'Consider whether the identified stakeholders represent distinct groups or if the document mainly repeats variations of the same group.', 'Review the balance between subjective opinions and objective details in the problem justification to verify the consistency and sufficiency of objective evidence.']","The problem identification is clearly stated and objective: the existing gong stand is deteriorating and unsafe, affecting band students and staff. The description includes the context (Eleanor Roosevelt High School Band), the issue (gong stand falling apart), and the need for a new stand. It is generally clear and objective, though not detailed or nuanced enough to merit a higher rating.","The problem definition is somewhat developed, describing the safety risks, the cost issues with pre-manufactured stands, and the need for a new, sturdy, and visually appealing gong stand with a detachable mute. However, the depth is limited and lacks extensive technical or contextual detail that would improve its development.","The problem is elaborated with some general details about the risks of injury, the cost of existing stands, and the impact on stakeholders. However, elaboration is somewhat general and imprecise, with some subjective language and limited quantitative or technical detail. The mention of related percussion stands adds some context but is not deeply developed.","The document identifies two primary stakeholder groups: band students and the band director (teacher). These are clearly stated, but no additional distinct stakeholder groups are mentioned. The concerns of these stakeholders are described, but the number of groups is limited.","The sources cited are mostly commercial product listings and a YouTube video, which are partially credible but not authoritative or varied. There is no use of academic, governmental, or research-based sources. The sources mainly support price points rather than problem justification.","This problem justification identifies the issue of a deteriorating gong stand affecting safety in the Eleanor Roosevelt High School Band, providing a generally clear foundation. The problem definition covers safety risks, cost concerns, and the need for a new stand with additional features, though it lacks deeper technical or contextual detail. Elaboration includes some relevant context about percussion stands and stakeholder concerns but remains somewhat general and subjective. The identification of stakeholders is limited to band students and the band director, missing other potentially affected groups such as school administrators or maintenance staff. The sources used are primarily commercial listings and a YouTube video, which offer limited credibility and variety; incorporating more authoritative and diverse sources would strengthen the justification. Objective detail is present but inconsistent, with some useful specifics like gong weight and floor condition, yet much relies on subjective opinion. To improve, the student should deepen the problem definition with technical details, expand stakeholder analysis to include more groups, seek credible and varied sources, and provide more consistent objective data to support the problem’s significance.",2.5
Case059_550215.docx,,Placeholder text for scoring.,5,5,0,2,1,5,4,4,4,3,4,4,,,,,,,"['Evaluate whether the problem statement explicitly and objectively defines the issue without ambiguity or assumptions.', ""Assess if the problem definition sufficiently explains the causes, contexts, and timing of food spoilage to justify the problem's scope."", 'Consider whether the elaboration on vacuum sealing mechanisms is detailed enough to demonstrate a thorough understanding or if it remains somewhat general.', 'Determine if the listed stakeholders represent distinct and primary groups affected by the problem or if the list is too narrow or overlapping.', ""Verify that the cited sources are credible, varied, and timely, and that the problem justification relies on these rather than solely on the student's opinion.""]","['Evaluate whether the problem statement explicitly and objectively defines the issue without ambiguity or assumptions.', ""Assess if the problem definition sufficiently explains the causes, contexts, and timing of food spoilage to justify the problem's scope."", 'Consider whether the elaboration on vacuum sealing mechanisms is detailed enough to demonstrate a thorough understanding or if it remains somewhat general.', 'Determine if the listed stakeholders represent distinct and primary groups affected by the problem or if the list is too narrow or overlapping.', ""Verify that the cited sources are credible, varied, and timely, and that the problem justification relies on these rather than solely on the student's opinion.""]","The problem is clearly and objectively identified as preventing fruits from going to waste too quickly due to improper sealing and excess air exposure. The description is straightforward and focused on the issue of food spoilage, particularly fruits, with clear cause-effect relationships.","The problem definition goes beyond a basic description by explaining where and why food spoilage occurs, including factors like improper storage, temperature, humidity, and packaging. It also specifies the timing of spoilage and the environments affected, providing adequate depth.","The problem is elaborated with explanations of how vacuum sealing works to reduce spoilage, including mechanisms like oxygen removal, slowed oxidation, and moisture retention. The elaboration is detailed and technical, though it could be more comprehensive with additional quantitative data or examples.","Several primary stakeholder groups are mentioned: families, grocery stores, restaurants, chefs, and consumers who store food. While these represent distinct groups, the list is somewhat limited and could be expanded to include other relevant stakeholders such as food transporters or packaging manufacturers.","The justification cites multiple credible and timely sources including Henkelman, USDA, and a named expert from PacBak, as well as statistics from FAO, ReFED, EPA, and WWF. These sources are varied and credible, providing reasonable support for the problem justification.","This submission presents a generally clear and objective identification of the problem of fruit spoilage due to improper sealing and air exposure. The problem definition is adequately developed, explaining the causes and contexts of food spoilage with reasonable depth. The elaboration on vacuum sealing mechanisms is detailed and informative, though it could benefit from additional quantitative examples to enhance understanding. The identification of stakeholder groups is adequate, covering families, grocery stores, restaurants, and chefs, but could be broadened to include other relevant parties such as transporters or packaging suppliers. The problem justification is supported by multiple credible and varied sources, including government and expert references, as well as relevant statistics on food waste and environmental impact. Objective detail is mostly consistent and informative, with clear explanations of spoilage processes and consequences, though some claims could be further quantified for greater precision. To improve, the analysis should expand stakeholder consideration, incorporate more quantitative data in elaboration and objective detail, and ensure all claims are supported with precise evidence. Overall, the submission demonstrates an adequate understanding of the problem and its significance, with room for deeper elaboration and broader stakeholder consideration.",3.833333333
Case060_555245.docx,,Placeholder text for scoring.,5,5,5,2,4,5,4,4,4,3,4,4,,,,,,,"['Examine whether the problem statement explicitly and objectively defines the issue or if it relies on implicit assumptions.', 'Evaluate the depth of the problem definition to determine if causes and contexts are sufficiently detailed or if important aspects are missing.', 'Assess whether the elaboration on vacuum sealing includes enough technical detail and explanation to be considered well elaborated.', 'Consider if the identified stakeholder groups are sufficiently distinct and numerous to justify a higher score for stakeholder concern.', 'Verify the credibility, variety, and timeliness of the sources cited to ensure they meet the rubric’s standards for multiple credible and varied sources.']","['Examine whether the problem statement explicitly and objectively defines the issue or if it relies on implicit assumptions.', 'Evaluate the depth of the problem definition to determine if causes and contexts are sufficiently detailed or if important aspects are missing.', 'Assess whether the elaboration on vacuum sealing includes enough technical detail and explanation to be considered well elaborated.', 'Consider if the identified stakeholder groups are sufficiently distinct and numerous to justify a higher score for stakeholder concern.', 'Verify the credibility, variety, and timeliness of the sources cited to ensure they meet the rubric’s standards for multiple credible and varied sources.']","The problem is clearly and objectively identified as preventing fruits from going to waste too quickly due to improper sealing and excess air exposure. The description is straightforward and specific, though somewhat basic in detail.","The problem definition is adequate, detailing causes such as improper storage, buying in bulk, lack of knowledge, refrigeration failures, and packaging issues. It explains where and when the problem occurs, providing relevant context.","The problem is elaborated with explanations of how vacuum sealing works to prevent spoilage, including reduced spoilage, slowed oxidation, and moisture retention. The elaboration is clear and reasonably detailed but could benefit from deeper technical or quantitative data.","Several primary stakeholder groups are identified: families, grocery stores, restaurants, chefs, and consumers who store food. While multiple groups are mentioned, the distinctions between some groups (e.g., families and consumers) overlap somewhat, limiting the score to several rather than many.","The justification uses multiple credible and timely sources including Henkelman, USDA, and a named expert from PacBak, as well as statistics from FAO, ReFED, EPA, and WWF. The sources are varied and credible, though the number of direct citations for vacuum sealing is somewhat limited.","This submission presents a generally clear and objective identification of the problem of fruit spoilage due to improper sealing and air exposure. The problem definition covers multiple causes and contexts where spoilage occurs, providing relevant detail. The elaboration on vacuum sealing’s benefits is reasonably detailed, explaining biological and chemical processes that slow spoilage, though it could be enhanced with more technical or quantitative evidence. Several primary stakeholder groups are identified, including families, grocery stores, restaurants, and chefs, but some overlap limits the breadth of stakeholder representation. The problem justification is supported by multiple credible and timely sources, including government and industry experts, as well as relevant statistics on food waste and environmental impact, although the number of direct sources specifically about vacuum sealing is somewhat limited. Objective detail is consistently provided, with explanations of spoilage mechanisms and economic and environmental consequences, but additional quantitative data could strengthen the argument. To improve, the work could deepen the problem elaboration with more technical or quantitative evidence and clarify distinctions among stakeholder groups to demonstrate a broader impact. Additionally, expanding the variety and number of direct sources specifically about vacuum sealing would enhance the justification. Overall, the submission is adequate but could benefit from more comprehensive detail and stakeholder analysis.",3.833333333
Case061_444233.docx,,Placeholder text for scoring.,4,4,4,2,3,3,4,4,4,3,3,3,,,,,,,"['Examine whether the problem statement explicitly and objectively addresses all relevant aspects of the problem or if any key elements are implied rather than clearly stated.', 'Evaluate the depth and clarity of the explanation regarding the environmental impacts of salt runoff and whether this justifies a higher level of problem definition.', 'Assess the distinctness and relevance of the listed stakeholder groups and whether their concerns are sufficiently articulated to support a strong justification.', ""Consider the credibility, variety, and integration of the cited sources and whether they adequately support the problem justification beyond the student's own assertions."", 'Review the consistency and clarity of objective details provided in the justification, especially the use of data and quotations, to determine if the detail is mostly or only generally objective.']","['Examine whether the problem statement explicitly and objectively addresses all relevant aspects of the problem or if any key elements are implied rather than clearly stated.', 'Evaluate the depth and clarity of the explanation regarding the environmental impacts of salt runoff and whether this justifies a higher level of problem definition.', 'Assess the distinctness and relevance of the listed stakeholder groups and whether their concerns are sufficiently articulated to support a strong justification.', ""Consider the credibility, variety, and integration of the cited sources and whether they adequately support the problem justification beyond the student's own assertions."", 'Review the consistency and clarity of objective details provided in the justification, especially the use of data and quotations, to determine if the detail is mostly or only generally objective.']","The problem identification is clear and objective, explicitly stating the issue of pavement cracking due to salt use in winter conditions. The description includes who is affected, what the problem is, where and when it occurs, and why it happens, generally fulfilling the 5 Ws + 1 H framework.","The problem definition is provided with adequate depth, explaining the chemical action of salt, the freeze-thaw cycle, and environmental impacts. It discusses the physical process causing the damage and the broader environmental consequences, showing a reasonable understanding beyond a basic description.","The problem is elaborated with multiple paragraphs detailing the mechanisms, environmental effects, and the scope of the issue. While the elaboration is generally developed, some explanations could be more precise or better integrated.","Several primary stakeholder groups are identified, including students, teachers, visitors, facility workers, delivery drivers, and alumni. This represents several distinct groups directly impacted by the problem, though the discussion of their concerns is somewhat brief and could be expanded.","The justification cites three sources, including a website and an article, which appear credible and timely. However, the sources are limited in variety and number, and the citations are not fully integrated or detailed, which limits the strength of the evidence.","This submission presents a generally clear and objective identification of the problem of pavement cracking caused by salt use in winter, addressing the who, what, where, when, why, and how to a reasonable extent. The problem definition provides adequate depth, explaining the chemical and physical processes involved and touching on environmental consequences, demonstrating a reasonable understanding. The elaboration includes multiple paragraphs expanding on the issue, though some explanations could be more precise or better integrated. Several primary stakeholder groups are identified, including students, teachers, visitors, facility workers, delivery drivers, and alumni, but their concerns are only briefly mentioned, limiting the depth of stakeholder analysis. The problem justification references three credible and timely sources, but the variety and integration of these sources could be improved to strengthen the evidence base. Objective detail is generally provided, with explanations and some data, but the detail is uneven and occasionally unclear, suggesting room for more consistent and thorough justification. To improve, the analysis could deepen the stakeholder discussion by elaborating on their specific concerns, increase the number and variety of credible sources with clearer citations, and enhance the clarity and consistency of objective details throughout the justification.",3.5
Case062_430001.pdf,,Placeholder text for scoring.,4,3,0,0,0,1,4,4,4,2,0,4,,,,,,,"['Examine whether the problem statement explicitly distinguishes the challenge from general inconvenience to a clearly defined engineering issue.', 'Evaluate if the description of stakeholders truly represents distinct groups or if some are overlapping roles within the same group.', 'Assess the presence and quality of external sources or references that support the problem justification beyond personal or anecdotal evidence.', 'Consider whether the problem elaboration sufficiently details the context and consequences of the problem to justify the design effort.', 'Verify the extent to which objective, measurable details are consistently integrated throughout the problem justification to support clarity and precision.']","['Examine whether the problem statement explicitly distinguishes the challenge from general inconvenience to a clearly defined engineering issue.', 'Evaluate if the description of stakeholders truly represents distinct groups or if some are overlapping roles within the same group.', 'Assess the presence and quality of external sources or references that support the problem justification beyond personal or anecdotal evidence.', 'Consider whether the problem elaboration sufficiently details the context and consequences of the problem to justify the design effort.', 'Verify the extent to which objective, measurable details are consistently integrated throughout the problem justification to support clarity and precision.']","The problem is clearly and objectively identified as the difficulty in managing and securing a light-reflecting board for TV production lighting, with a description of current methods and their shortcomings.","The problem is defined with adequate depth, including specific details such as the size and weight of the board, budget constraints, and desired features, providing a reasonable understanding of the design challenge.","The problem is elaborated with explanations of current inefficiencies, user difficulties, and desired improvements, including multiple functional requirements and contextual usage scenarios, showing a generally developed elaboration.","The document identifies three stakeholder groups: the teacher, TV production students, and interviewed students. While these are distinct, they represent a limited number of primary stakeholders rather than several or many groups.",No credible or external sources are cited to justify the problem; only the opinions and observations of the teacher and students are presented.,"This portfolio presents a generally clear and objective identification of the problem related to managing TV production lighting materials, specifically the challenges with securing a reflective board. The problem definition includes relevant details such as size, weight, budget, and functional requirements, which provide a reasonable foundation for design. The elaboration explains current inefficiencies and desired improvements, helping to contextualize the problem. However, the stakeholder analysis is limited to three groups, missing opportunities to consider additional affected parties such as school administration or technical staff. The justification relies solely on internal observations and opinions without credible external sources, which limits the evidence base. The problem justification includes specific quantitative details that enhance clarity. To improve, incorporating credible, varied sources to support the problem’s significance and broadening stakeholder identification to include more diverse groups impacted by the solution would be beneficial. Additionally, expanding the elaboration to include potential impacts or constraints beyond the immediate users would strengthen the problem presentation.",3
Case063_433302.pdf,,Placeholder text for scoring.,4,3,3,3,0,2,4,4,4,2,1,4,,,,,,,"['Examine whether the problem identification explicitly distinguishes the core issue from related challenges or if it conflates multiple concerns.', 'Assess if the problem definition includes sufficient technical and contextual details to justify a higher depth score or if some aspects remain underdeveloped.', 'Evaluate the range and distinctness of stakeholder groups mentioned to determine if they represent several clearly differentiated groups or just variations of the same group.', 'Consider whether the sources cited meet the criteria for credible and varied evidence or if they primarily reflect internal opinions and observations.', 'Review the extent and consistency of objective detail provided in the justification, noting any reliance on subjective language or lack of quantitative data.']","['Examine whether the problem identification explicitly distinguishes the core issue from related challenges or if it conflates multiple concerns.', 'Assess if the problem definition includes sufficient technical and contextual details to justify a higher depth score or if some aspects remain underdeveloped.', 'Evaluate the range and distinctness of stakeholder groups mentioned to determine if they represent several clearly differentiated groups or just variations of the same group.', 'Consider whether the sources cited meet the criteria for credible and varied evidence or if they primarily reflect internal opinions and observations.', 'Review the extent and consistency of objective detail provided in the justification, noting any reliance on subjective language or lack of quantitative data.']","The problem is clearly and objectively identified as the difficulty in managing and securing a light-reflecting board for TV production lighting, with a description of current methods and their shortcomings.","The problem is defined with adequate depth, including specific details such as the size and weight of the board, budget constraints, and desired features, providing a reasonable understanding of the design challenge.","The problem is elaborated with explanations of current inefficiencies, user difficulties, and desired improvements, including multiple functional requirements and contextual usage scenarios, showing a developed elaboration.","The document identifies three stakeholder groups: the teacher, TV production students, and interviewed students. These represent a few primary stakeholders but do not include several distinct groups that would be needed to reach higher levels.","The justification relies primarily on the opinion and observations of the teacher and students, with no credible or external sources cited beyond a YouTube video link and internal photos, which do not qualify as credible sources.","This portfolio presents a generally clear and objective identification of the problem related to managing TV production lighting materials, particularly the challenges with securing a reflective board. The problem definition provides relevant detail on size, weight, budget, and desired features, which offers a reasonable foundation for design. The elaboration explains current inefficiencies and user needs, though it could benefit from further exploration of alternative solutions or technical constraints. Stakeholder consideration includes the teacher, students in the production class, and interviewees, but the range is limited; expanding to include other potential users or technical staff could strengthen this aspect. The justification relies heavily on internal observations and lacks credible external sources, which limits the evidential support for the problem's significance. Objective details are mostly consistent, with quantitative data and clear descriptions supporting the problem's context. To improve, incorporating credible external sources to substantiate the problem's impact and broadening stakeholder analysis to include more diverse groups affected by the design would be beneficial. Additionally, further elaboration on technical challenges and potential constraints would enhance the problem presentation.",3.166666667
Case064_522111.docx,,Placeholder text for scoring.,5,2,2,1,1,1,4,3,3,4,2,3,,,,,,,"['Examine whether the problem statement explicitly and objectively defines the problem or if it relies on vague or subjective language.', 'Evaluate the depth of the problem definition to determine if it includes sufficient technical or contextual detail beyond basic descriptions.', 'Assess whether the listed stakeholder groups represent truly distinct primary stakeholders or if some are overlapping or minor mentions.', 'Consider if the single cited source sufficiently supports the problem justification or if multiple varied sources are necessary for stronger evidence.', 'Review the consistency and specificity of objective detail throughout the justification to decide if it is generally or mostly detailed.']","['Examine whether the problem statement explicitly and objectively defines the problem or if it relies on vague or subjective language.', 'Evaluate the depth of the problem definition to determine if it includes sufficient technical or contextual detail beyond basic descriptions.', 'Assess whether the listed stakeholder groups represent truly distinct primary stakeholders or if some are overlapping or minor mentions.', 'Consider if the single cited source sufficiently supports the problem justification or if multiple varied sources are necessary for stronger evidence.', 'Review the consistency and specificity of objective detail throughout the justification to decide if it is generally or mostly detailed.']","The problem identification is stated clearly and objectively: the need to control the amount of sunlight plants receive to keep them healthy. The statement names stakeholders and contexts, making the problem understandable and focused.","The problem definition provides some depth by explaining why the problem matters (people are busy, plants need proper sunlight), who benefits, and when the problem occurs. However, it lacks more detailed technical or environmental factors that would provide greater depth.","The problem is elaborated with examples of situations (work, vacations), locations (households, nurseries), and causes (people busy, plants unattended). However, the elaboration is somewhat general and could be more precise or detailed.","The document lists several distinct primary stakeholder groups: Dr. Jokerst, homeowners, gardeners, nurseries, stores, florists, and garden clubs. This represents many primary stakeholders, though not nearly all possible groups.",Only one credible source is cited (a horticulture website from Texas A&M). The source is credible and relevant but there is a lack of multiple or varied sources to support the problem justification.,"This submission identifies the problem of controlling sunlight exposure for plants with a clear and focused statement. The problem definition provides some context and identifies beneficiaries but could be expanded with more technical or environmental specifics. The elaboration includes relevant examples and causes but remains somewhat general and could benefit from more precise detail. The identification of stakeholder groups includes several distinct groups involved in or affected by the problem, though it does not cover all possible stakeholders. The justification relies on a single credible source, limiting the breadth and variety of evidence supporting the problem’s importance. Objective detail is present regarding plant light requirements and exposure but is not consistently thorough throughout the justification. To improve, incorporating multiple credible and varied sources would strengthen the problem justification, and deepening the problem definition with more specific environmental or technical factors would enhance clarity and depth. Additionally, elaborating more precisely on the problem’s impact and potential challenges would improve the overall development. Overall, the submission demonstrates a foundational understanding but would benefit from more comprehensive research and detailed elaboration to better meet higher rubric levels.",3.166666667
Case065_000000.pdf,,Placeholder text for scoring.,0,0,0,0,0,0,1,1,2,1,1,2,,,,,,,"['Examine whether the listed design constraints and requirements collectively form a clear and objective problem identification or if the problem remains implicit and vague.', 'Assess the depth and clarity of the problem definition, considering if the document moves beyond listing requirements to explain why these constraints matter.', 'Evaluate the extent to which the document elaborates on the problem context and implications beyond basic descriptive details.', 'Consider whether the references to experts and testing represent credible and varied sources or if they primarily reflect limited personal or anecdotal evidence.', 'Verify if the document identifies multiple distinct stakeholder groups affected by the problem or if it focuses narrowly on the designer and a single expert.']","['Examine whether the listed design constraints and requirements collectively form a clear and objective problem identification or if the problem remains implicit and vague.', 'Assess the depth and clarity of the problem definition, considering if the document moves beyond listing requirements to explain why these constraints matter.', 'Evaluate the extent to which the document elaborates on the problem context and implications beyond basic descriptive details.', 'Consider whether the references to experts and testing represent credible and varied sources or if they primarily reflect limited personal or anecdotal evidence.', 'Verify if the document identifies multiple distinct stakeholder groups affected by the problem or if it focuses narrowly on the designer and a single expert.']","The document does not explicitly state a clear problem identification. While there are references to design constraints and requirements, the actual problem to be solved is not clearly or objectively identified.",The problem definition is somewhat unclear and superficial. The document lists design requirements and some constraints but does not provide a detailed or clear definition of the problem itself.,"There is limited elaboration on the problem. Some details about room sizes, door dimensions, and system activation times are provided, but these are mostly descriptive and lack deeper explanation or context.","Only a few stakeholder groups are implied, such as the designer and possibly an expert consulted. There is no clear identification or discussion of multiple primary stakeholder groups affected by the problem.","The justification relies mainly on discussions with an expert and personal testing. These sources provide some credibility but are limited in variety and depth, lacking citations from external credible or varied sources.","The submission shows some effort to address design viability through listing constraints and testing results, but it does not clearly identify or define the core problem. The problem elaboration is limited, offering basic descriptive details without deeper analysis or context. Stakeholder consideration is minimal, with no clear identification of multiple groups affected by the problem. The justification depends largely on informal expert discussions and personal experiments, lacking credible, varied, and timely sources to support the problem's significance. Objective details are present but inconsistently and superficially presented, which reduces their effectiveness in justifying the problem. To improve, the problem should be explicitly stated in clear, objective terms, with elaboration on its context and impact, and a broader range of stakeholders identified. Incorporating multiple credible and varied sources would strengthen justification. Additionally, providing consistent and comprehensive objective data would enhance the overall argument. These steps will help create a more robust and convincing presentation and justification of the problem.",1.333333333
Case066_440222.pdf,,Placeholder text for scoring.,4,4,0,2,2,2,4,3,3,2,2,3,,,,,,,"['Examine whether the problem statement sufficiently distinguishes the problem from general annoyance to a clearly defined engineering challenge.', 'Evaluate if the discussion of potential risks and unknowns adequately deepens the problem definition or remains superficial.', 'Consider whether the identified stakeholders represent truly distinct groups or are variations of the same primary stakeholder.', 'Assess the credibility and variety of the cited sources to determine if they meet the standard for multiple credible and varied references.', 'Review the extent and consistency of objective detail in the justification to decide if it supports a well-elaborated problem.']","['Examine whether the problem statement sufficiently distinguishes the problem from general annoyance to a clearly defined engineering challenge.', 'Evaluate if the discussion of potential risks and unknowns adequately deepens the problem definition or remains superficial.', 'Consider whether the identified stakeholders represent truly distinct groups or are variations of the same primary stakeholder.', 'Assess the credibility and variety of the cited sources to determine if they meet the standard for multiple credible and varied references.', 'Review the extent and consistency of objective detail in the justification to decide if it supports a well-elaborated problem.']","The problem identification is generally clear and objective, explicitly stating that Student E has an insect problem in his bedroom at night that affects his sleep. The description is straightforward and understandable, though it could be somewhat more precise about the nature of the problem.","The problem definition provides some depth by describing the insect problem, its impact on sleep, and the unknown source of the insects. It also mentions potential risks of solutions, such as chemical attractants and stings, but lacks more detailed exploration of the problem's scope or underlying causes.","The problem is elaborated with some discussion of the risks involved with potential solutions and the impact on Student E and others. However, the elaboration is somewhat general and lacks detailed analysis or extensive explanation.","The document identifies a few primary stakeholders: Student E, his pets, and family members. These represent distinct groups but are limited in number and scope, not reaching the level of several or many stakeholder groups.","Two sources are cited, both from pest control companies, which are credible but limited in variety and number. The sources provide relevant information but do not represent a broad or diverse range of credible evidence.","This presentation identifies the problem of wasps and hornets disturbing Student E’s sleep with a generally clear and objective problem statement. The problem definition provides some relevant detail about the issue and potential risks of solutions but could benefit from deeper exploration of the problem’s causes and broader impacts. The elaboration includes discussion of risks and effects but remains general and could be expanded with more detailed analysis. Stakeholder identification includes Student E, his pets, and family members, which is a start but does not fully capture the range of affected groups. The use of two credible pest control sources supports the justification but lacks variety and depth, indicating a need for more diverse and timely references. Objective detail is generally present but could be more consistently integrated to strengthen the justification. To improve, the problem definition and elaboration should be deepened, stakeholder analysis expanded to include other potentially affected groups, and a wider range of credible sources with more detailed, specific evidence incorporated. This will create a more comprehensive and compelling problem presentation.",2.833333333
Case067_433323.pdf,,Placeholder text for scoring.,4,3,3,3,2,3,4,3,3,2,2,3,,,,,,,"['Examine whether the problem statement explicitly and objectively defines the issue without ambiguity or assumptions.', 'Evaluate the depth of problem elaboration, particularly the specificity and completeness of risks and consequences described.', 'Assess whether the identified stakeholders represent distinct groups and if any relevant stakeholders might be missing.', 'Consider the credibility, variety, and timeliness of the sources cited and whether they sufficiently support the problem justification.', 'Review the extent and consistency of objective details provided to justify the problem beyond general statements.']","['Examine whether the problem statement explicitly and objectively defines the issue without ambiguity or assumptions.', 'Evaluate the depth of problem elaboration, particularly the specificity and completeness of risks and consequences described.', 'Assess whether the identified stakeholders represent distinct groups and if any relevant stakeholders might be missing.', 'Consider the credibility, variety, and timeliness of the sources cited and whether they sufficiently support the problem justification.', 'Review the extent and consistency of objective details provided to justify the problem beyond general statements.']","The problem identification is generally clear and objective, explicitly stating that Student E has an insect problem in his bedroom at night that affects his sleep. The description is straightforward and understandable.","The problem definition is somewhat developed, describing the insect issue, its impact on sleep, and some unknowns such as the source of the insects. However, it lacks deeper exploration of the problem's scope or underlying causes.","The problem is elaborated with mention of potential risks from chemical attractants, dangers to pets and family, and the aggressive nature of hornets and wasps. However, the elaboration remains somewhat general and could be more detailed.","The document identifies a few primary stakeholders: Student E, his pets, and family members. These represent distinct groups but are limited in number and scope.","Two credible sources are cited from reputable pest control organizations, providing relevant information about wasp stings and nesting behavior. However, the sources are limited in variety and number.","This presentation identifies the problem of wasps and hornets disturbing Student E’s sleep with a generally clear and objective problem statement. The problem definition outlines the issue and its impact but could benefit from deeper exploration of causes and context. The elaboration includes potential risks and concerns related to chemical attractants and insect aggression, though these points remain somewhat general and could be expanded with more specifics. Stakeholder identification is limited to Student E, his pets, and family members, covering primary affected groups but lacking broader stakeholder consideration. The use of two credible sources from pest control organizations supports the problem justification, yet the variety and number of sources are limited, restricting the depth of evidence. Objective details such as allergic reactions and nesting damage are mentioned but not consistently detailed or quantified. To improve, the problem definition should be deepened by exploring underlying causes and potential consequences more thoroughly, stakeholder analysis expanded to include additional affected groups, and a wider range of credible, timely sources with more detailed objective data incorporated to strengthen justification.",2.833333333
Case068_320121.docx,,Placeholder text for scoring.,3,2,0,1,2,1,4,4,4,2,3,3,,,,,,,"['Examine whether the problem statement explicitly and objectively defines the issue without relying on assumptions or vague language.', 'Assess if the problem elaboration sufficiently connects the primary problem to secondary issues with clear, relevant examples.', 'Verify the distinctness and number of stakeholder groups to determine if they represent several clearly differentiated groups rather than overlapping categories.', 'Consider whether the cited sources meet the criteria for credibility, timeliness, and variety, and if the number of sources is adequate to support the problem justification.', 'Evaluate the level of objective detail in the justification, checking for the presence of quantitative data or specific evidence beyond general statements.']","['Examine whether the problem statement explicitly and objectively defines the issue without relying on assumptions or vague language.', 'Assess if the problem elaboration sufficiently connects the primary problem to secondary issues with clear, relevant examples.', 'Verify the distinctness and number of stakeholder groups to determine if they represent several clearly differentiated groups rather than overlapping categories.', 'Consider whether the cited sources meet the criteria for credibility, timeliness, and variety, and if the number of sources is adequate to support the problem justification.', 'Evaluate the level of objective detail in the justification, checking for the presence of quantitative data or specific evidence beyond general statements.']","The problem identification is clearly stated and objective: the Bridge to Wellness room has guitars scattered around, causing clutter and undermining the room's purpose. The description is straightforward and generally focused on the issue of guitar storage and cleanliness.","The problem definition is provided with adequate depth, explaining the context of the room, the presence of guitars, the impact on mental health, and the need for storage. It includes causes, effects, and the setting, though it could be expanded with more quantitative data.","The problem is elaborated with connected issues such as safety hazards (tripping, falling guitars), financial risks (lawsuits, repair costs), and the broader purpose of the room. This elaboration is clear and relevant, though it is not extensively detailed.","The document lists three primary stakeholders: Mr. Elliot (room owner), students using the room, and staff such as building service and admin. This meets the criterion for at least a few primary stakeholder groups but does not reach several or many distinct groups.","The problem justification cites two credible and timely sources from reputable websites discussing mental health and depression intervention. The sources are relevant and support the problem's importance, but the variety is limited to two sources and categories.","This submission identifies and defines the problem of cluttered guitars in the Bridge to Wellness room, linking it to mental health concerns and the room's purpose with reasonable clarity. The elaboration on related safety and financial risks provides relevant context but lacks extensive detail. Stakeholder analysis includes three groups, which limits the breadth of perspectives considered. The problem justification is supported by two credible and relevant sources, though the limited variety and number of sources reduce the strength of evidence. Objective detail is generally present but could be improved with more specific data or statistics to deepen the argument. To enhance the work, expanding stakeholder identification to include more distinct groups affected by the problem, incorporating additional credible sources from varied categories, and providing more detailed, quantitative evidence would be beneficial. Including more precise data on the frequency or impact of the problem would also improve depth and elaboration. Overall, the work demonstrates a foundational understanding but would benefit from greater completeness and detail to reach higher levels of the rubric.",3.333333333
Case069_443122.docx,,Placeholder text for scoring.,4,4,3,1,2,2,4,4,4,3,3,3,,,,,,,"['Examine whether the problem statement explicitly and objectively defines the issue without relying on assumptions or vague language.', 'Evaluate the depth of the problem definition by checking for detailed context, causes, and effects rather than superficial descriptions.', 'Assess if the stakeholder groups listed represent distinct and primary groups directly impacted by the problem, avoiding overlap or minimal listing.', 'Verify the credibility, timeliness, and variety of sources cited to support the problem justification, ensuring they come from recognized authorities.', 'Consider the consistency and specificity of objective details provided to justify the problem, distinguishing between general statements and well-supported facts.']","['Examine whether the problem statement explicitly and objectively defines the issue without relying on assumptions or vague language.', 'Evaluate the depth of the problem definition by checking for detailed context, causes, and effects rather than superficial descriptions.', 'Assess if the stakeholder groups listed represent distinct and primary groups directly impacted by the problem, avoiding overlap or minimal listing.', 'Verify the credibility, timeliness, and variety of sources cited to support the problem justification, ensuring they come from recognized authorities.', 'Consider the consistency and specificity of objective details provided to justify the problem, distinguishing between general statements and well-supported facts.']","The problem identification is clearly stated and objective: the Bridge to Wellness room has guitars scattered around, causing clutter and undermining the room's purpose. The description is straightforward and generally focused on the issue of guitar storage and cleanliness.","The problem definition is provided with adequate depth, explaining the context of the room, the presence of guitars, the impact on mental health, and the need for storage. It includes causes, effects, and the setting, though it could be somewhat more detailed in quantifying the problem's scale.","The problem is elaborated with examples of related issues such as safety hazards (tripping, falling guitars), financial risks (lawsuits, repair costs), and the mental health purpose of the room. The elaboration is clear and relevant, though it is not extensively detailed.","The document identifies three primary stakeholder groups: the room owner (Mr. Elliot), students using the room, and staff such as building service and admin. While these are distinct groups, the number is limited to three, which fits the 'several' category but not 'many' or 'almost all.'","The problem justification cites two credible and timely sources from reputable health-related websites discussing mental health and cleaning's impact. The sources are relevant and credible but limited in variety and number, not reaching the threshold for numerous or various sources.","This submission presents a generally clear and objective problem identification focused on the clutter of guitars in the Bridge to Wellness room, linking it to the room's mental health purpose (A1). The problem definition is adequately developed, providing context and causes, though it could benefit from more quantitative data to deepen understanding (A2). The elaboration includes safety and financial concerns, enhancing the problem's relevance, but lacks extensive detail (A3). Stakeholder identification is adequate but limited to three groups; expanding this to include additional stakeholders such as parents, mental health professionals, or the wider school community would strengthen the justification (A4). The use of two credible and timely sources supports the problem justification, but increasing the number and variety of sources would improve credibility and depth (A5). Objective detail is generally present but could be enhanced with more specific statistics or examples to consistently support claims (A6). To improve, the student should incorporate more diverse stakeholder perspectives, add quantitative data or statistics, and include a broader range of credible sources. Additionally, refining the elaboration with more detailed examples and clearer connections to the problem's impact would strengthen the overall presentation.",3.5
Case070_221120.pdf,,Placeholder text for scoring.,2,2,1,1,2,0,4,4,4,3,3,4,,,,,,,"['Examine whether the problem identification explicitly and objectively defines the issue beyond the single client example to justify the clarity level assigned.', 'Assess the depth of the problem definition, particularly the inclusion of technical and ergonomic details, to confirm if it meets more than adequate depth or requires adjustment.', 'Evaluate the differentiation and number of primary stakeholder groups to determine if the description supports several distinct groups or if it is more limited.', 'Verify the credibility, timeliness, and variety of the cited sources to ensure they meet the criteria for multiple credible and varied sources rather than just a few.', 'Consider the consistency and specificity of objective details provided in the justification, especially quantitative data and ergonomic measurements, to confirm the level of detail.']","['Examine whether the problem identification explicitly and objectively defines the issue beyond the single client example to justify the clarity level assigned.', 'Assess the depth of the problem definition, particularly the inclusion of technical and ergonomic details, to confirm if it meets more than adequate depth or requires adjustment.', 'Evaluate the differentiation and number of primary stakeholder groups to determine if the description supports several distinct groups or if it is more limited.', 'Verify the credibility, timeliness, and variety of the cited sources to ensure they meet the criteria for multiple credible and varied sources rather than just a few.', 'Consider the consistency and specificity of objective details provided in the justification, especially quantitative data and ergonomic measurements, to confirm the level of detail.']","The problem identification is generally clear and objective, describing the issue of back strain caused by the height mismatch between the cart handle and the user, specifically Mr. Kiser. The description includes the context, the affected user, and the challenge of designing for a range of heights. Some phrasing is slightly informal and the problem is somewhat narrowly focused on one client, but overall it is adequately articulated.","The problem definition is adequate, detailing the ergonomic and biomechanical issues, the weight of the cart, the physical strain, and the need for adjustability and durability. It also includes specific client requirements such as budget and longevity. However, it lacks the comprehensive depth and technical detail that would support a higher score.","The problem is elaborated with explanations of the physical impact on the lumbar spine, the ergonomic challenges, and the broader applicability of the design. The document discusses the forces involved and the consequences of poor design, showing a reasonable level of elaboration. It is not fully elaborated due to some generalizations and lack of detailed quantitative data.","Several primary stakeholder groups are identified: the direct user (Mr. Kiser and other teachers), ergonomic designers, manufacturers, distributors, users in manual material handling, and healthcare providers. While these represent multiple groups, the description is somewhat general and some groups overlap in function. The number and differentiation of stakeholders is adequate but limited.","The justification cites multiple credible and timely peer-reviewed journals such as Applied Ergonomics, Journal of Biomechanics, and Human Factors. The sources are relevant and credible, but the variety is limited to three main journals, and the document does not demonstrate extensive use of numerous or highly varied sources.","This submission presents a generally clear and objective identification of the problem, focusing on the ergonomic challenges faced by a specific user and the broader applicability to similar users. The problem definition is adequately developed, addressing physical strain, ergonomic needs, and design constraints such as budget and durability. The elaboration includes biomechanical impacts and the forces involved, providing a reasonable understanding of the issue. Multiple primary stakeholder groups are identified, including users, designers, manufacturers, and healthcare providers, though the distinctions among these groups could be more explicitly developed. The justification is supported by credible peer-reviewed sources relevant to ergonomics and biomechanics, but the variety and number of sources could be expanded for stronger support. Objective detail is mostly consistent, with specific data on angles, weights, and design requirements, though more quantitative analysis would enhance this further. To improve, the team should deepen the problem definition with more technical data, clarify stakeholder distinctions, and incorporate a wider range of credible sources. Including more precise measurements and ergonomic standards would also strengthen the justification and elaboration.",3.666666667
Case071_440412.pdf,,Placeholder text for scoring.,4,4,0,4,1,2,4,3,4,4,2,3,,,,,,,"['Examine whether the problem statement explicitly and objectively defines the issue or if it relies on subjective or vague language.', 'Evaluate the depth of the problem definition by checking for detailed descriptions of context, timing, and consequences rather than general statements.', 'Assess whether the identified stakeholders represent truly distinct groups affected by the problem or if some are overlapping or redundant.', 'Consider the credibility and variety of sources cited, especially the reliance on AI-generated content versus authoritative references.', 'Verify the consistency and specificity of objective details provided to support the problem justification, including survey data and fire code references.']","['Examine whether the problem statement explicitly and objectively defines the issue or if it relies on subjective or vague language.', 'Evaluate the depth of the problem definition by checking for detailed descriptions of context, timing, and consequences rather than general statements.', 'Assess whether the identified stakeholders represent truly distinct groups affected by the problem or if some are overlapping or redundant.', 'Consider the credibility and variety of sources cited, especially the reliance on AI-generated content versus authoritative references.', 'Verify the consistency and specificity of objective details provided to support the problem justification, including survey data and fire code references.']","The problem identification is clear and objective, explicitly stating that backpack clutter in the Athletic Commons causes safety issues and creates choke points that slow movement. The description is straightforward and generally focused on the problem context.","The problem definition provides some depth by describing when and where the problem occurs, who it affects, and the consequences such as safety hazards and inefficiency. However, it lacks more detailed analysis or quantification beyond general descriptions.","The problem is elaborated with several examples of how the backpack clutter affects different activities (chapel, lunch, tours), times of day, and locations. The explanation includes traffic flow, safety concerns, and social/environmental impacts, showing an adequately developed elaboration.","The document identifies multiple primary stakeholder groups: student athletes, non-driving students, staff working at the Bow, visitors, people needing bathroom access, and coaches. This represents a range of primary stakeholders affected by the problem.","The justification cites two sources: a fire code website and a ChatGPT AI-generated statement. The fire code is credible, but the AI source is less authoritative. The survey data is mentioned but not sourced or detailed. Overall, sources are limited and only partially credible.","This submission identifies and presents the problem of backpack clutter in the Athletic Commons with reasonable clarity, emphasizing safety and congestion issues. The problem definition provides some relevant context about when and where the problem occurs and its effects, though it could benefit from deeper analysis or quantification. The elaboration includes multiple examples illustrating the problem’s impact on various activities and times, reflecting an adequate consideration of the issue’s complexity. The identification of several distinct stakeholder groups, including students, staff, visitors, and coaches, shows an understanding of who is affected. However, the problem justification relies on limited sources: a credible fire code website and an AI-generated statement, with survey data mentioned but lacking detail or citation, which limits the strength of evidence. Objective detail is generally present but inconsistent, with some vague or incomplete information reducing clarity. To improve, the work should incorporate more authoritative and varied sources, provide detailed survey methodology and results, and deepen the problem definition with quantitative data or specific examples. Enhancing the consistency and specificity of objective details will also strengthen the justification. Overall, the submission demonstrates a basic understanding but would benefit from more rigorous evidence and depth.",3.333333333
Case072_000000.pdf,,Placeholder text for scoring.,0,0,0,0,0,0,2,2,2,1,0,2,,,,,,,"['Examine whether the description of flooding and beautification issues constitutes a clear and objective problem identification or if it remains implicit and vague.', 'Assess if the document provides sufficient depth in defining the problem beyond surface-level mentions, including causes and impacts.', 'Evaluate the extent to which multiple distinct stakeholder groups are identified and their concerns articulated, rather than a single implied group.', 'Consider whether the absence of cited credible sources is justified by the context or if external references are necessary to support the problem justification.', 'Determine if the objective details about past attempts and improvements are sufficiently detailed and consistent to support a strong problem justification.']","['Examine whether the description of flooding and beautification issues constitutes a clear and objective problem identification or if it remains implicit and vague.', 'Assess if the document provides sufficient depth in defining the problem beyond surface-level mentions, including causes and impacts.', 'Evaluate the extent to which multiple distinct stakeholder groups are identified and their concerns articulated, rather than a single implied group.', 'Consider whether the absence of cited credible sources is justified by the context or if external references are necessary to support the problem justification.', 'Determine if the objective details about past attempts and improvements are sufficiently detailed and consistent to support a strong problem justification.']","The problem identification is generally clear and objective as the document mentions flooding and lack of natural beauty on campus, but it is not explicitly stated as a formal problem statement.","The problem definition is limited, mentioning flooding and beautification issues but providing little detail or depth about the problem's scope or impact.","The problem elaboration is minimal, with brief references to past attempts and general ideas for improvement but lacking detailed analysis or comprehensive elaboration.","Only one primary stakeholder group, the school community, is implied; multiple or distinct stakeholder groups are not clearly identified.",No credible or cited sources are provided; the justification relies solely on the authors' observations and opinions.,"The document provides a generally clear identification of the problem related to flooding and lack of natural beauty on the school campus, though it lacks a clear, explicit problem statement. The problem definition is limited, offering only a general sense of the issues without exploring their causes or consequences in detail. Elaboration is minimal, with brief mentions of past efforts and potential improvements but no detailed analysis or supporting data. The concerns of stakeholders are limited to the school community, without identifying multiple or distinct groups affected by the problem. The justification lacks credible sources or references, relying solely on the authors' observations, which limits the argument's credibility. Some objective details are included, such as previous attempts to address flooding, but these are not consistently or thoroughly developed. To improve, the student should clearly articulate the problem with specific details, expand the problem definition to include impacts and causes, identify multiple stakeholder groups, and support the justification with credible, varied sources. Adding more objective data and elaboration will strengthen the overall presentation and justification of the problem.",1.5
Case073_100000.pdf,,Placeholder text for scoring.,1,0,0,0,0,0,2,2,2,1,0,2,,,,,,,"['Examine whether the problem statement explicitly defines the issue or remains a general observation about flooding and beautification.', ""Assess if the document identifies distinct stakeholder groups beyond the implied school community to justify the problem's impact."", 'Evaluate the presence and credibility of sources cited to support the problem justification or if the rationale relies solely on personal observation.', 'Consider whether the problem elaboration includes sufficient detail and analysis to move beyond minimal or superficial description.', 'Verify the extent and consistency of objective details provided to support the problem justification throughout the document.']","['Examine whether the problem statement explicitly defines the issue or remains a general observation about flooding and beautification.', ""Assess if the document identifies distinct stakeholder groups beyond the implied school community to justify the problem's impact."", 'Evaluate the presence and credibility of sources cited to support the problem justification or if the rationale relies solely on personal observation.', 'Consider whether the problem elaboration includes sufficient detail and analysis to move beyond minimal or superficial description.', 'Verify the extent and consistency of objective details provided to support the problem justification throughout the document.']","The problem identification is generally clear and objective, as the document mentions flooding and lack of natural beauty on campus. However, the statement remains somewhat general and does not precisely articulate the problem.","The problem definition is limited, mentioning past attempts and the need for improvements like adding plants and more uncovered areas, but it provides little detailed explanation or depth about the problem's scope or impact.","The problem elaboration is limited, with brief references to previous efforts and general ideas for improvement, but it lacks detailed analysis or more comprehensive elaboration.","Only one primary stakeholder group, the school community, is implied. There is no clear identification or differentiation of multiple stakeholder groups.",No sources are cited or referenced; the justification appears to be based solely on the writer's observations or opinions.,"The document provides a generally clear identification of the problem related to flooding and lack of natural beauty on the school campus, though the articulation remains somewhat general and lacks precision. The problem definition is limited, offering only a brief overview of past attempts and potential improvements without deeper exploration of the problem's causes or consequences. Elaboration is limited, with minimal analysis of prior efforts or detailed reasoning behind proposed solutions. The justification mentions only the school community implicitly, without identifying multiple distinct stakeholder groups affected by the problem. There is no evidence of research or credible sources to support the problem justification, which weakens the argument's foundation. Some objective details are included, such as references to flooding and drainage efforts, but these are sparse and not consistently developed. To improve, the student should clearly define the problem with specific details, elaborate on the context and impact, identify multiple stakeholder groups, and incorporate credible, varied sources to strengthen justification. Adding more objective data and detailed analysis will also enhance the overall quality and persuasiveness of the problem presentation.",1.5
Case074_433434.pdf,,Placeholder text for scoring.,4,3,3,4,3,4,4,3,3,3,3,4,,,,,,,"['Examine whether the problem statement explicitly and objectively defines the fire hazard beyond general descriptions to justify the clarity score.', 'Evaluate the depth of the problem definition to determine if it sufficiently explains the technical and contextual aspects or remains superficial.', 'Assess the elaboration on environmental impacts and stakeholder concerns to verify if they are adequately developed or only briefly mentioned.', 'Consider whether the cited sources meet the criteria for credibility, timeliness, and variety, and if the evidence is sufficiently integrated into the justification.', 'Review the consistency and specificity of objective details supporting the problem importance, especially the use of statistics and authoritative quotes.']","['Examine whether the problem statement explicitly and objectively defines the fire hazard beyond general descriptions to justify the clarity score.', 'Evaluate the depth of the problem definition to determine if it sufficiently explains the technical and contextual aspects or remains superficial.', 'Assess the elaboration on environmental impacts and stakeholder concerns to verify if they are adequately developed or only briefly mentioned.', 'Consider whether the cited sources meet the criteria for credibility, timeliness, and variety, and if the evidence is sufficiently integrated into the justification.', 'Review the consistency and specificity of objective details supporting the problem importance, especially the use of statistics and authoritative quotes.']","The problem identification is generally clear and objective, describing the fire hazard in apartments and other buildings, explaining the cause (oxygen, fuel, heat), and emphasizing its global and spontaneous nature. The statement is explicit and focused on the fire problem in living spaces.","The problem definition provides some depth by explaining the cause of fire, the environment it affects, and the importance of immediate suppression to minimize damage and save lives. However, it lacks more detailed technical or contextual depth that would improve its development beyond a basic level.","The problem elaboration is present with some examples of fire causes and impacts, but it remains somewhat general and imprecise. The environmental impact discussion is brief and not fully developed, which limits the elaboration.","Several primary stakeholder groups are identified, including schools, homes, work buildings, restaurants, and retail stores, with some explanation of their concerns. While the groups are distinct, the elaboration on each is uneven and some groups are only briefly mentioned.","The problem justification cites two credible and timely sources: a company website and the National Fire Protection Association research. These sources provide relevant statistics and authoritative statements, but the variety is limited to two sources.","This submission presents a generally clear and objective identification of the fire problem in residential and commercial buildings, explaining the cause and urgency of fire suppression. The problem definition provides some depth but could benefit from more detailed technical or contextual information to enhance understanding. The elaboration includes relevant examples and a brief environmental impact discussion, though it remains somewhat general and could be expanded for greater impact. The identification of multiple stakeholder groups covers diverse settings such as schools, homes, and workplaces, but the discussion of their concerns is uneven and could be more comprehensive. The use of two credible and timely sources supports the problem justification, though incorporating a wider variety of sources would strengthen the evidence base. Objective detail is mostly consistent, with useful statistics and authoritative quotes that clarify the importance of fire suppression systems. To improve, the work would benefit from deeper problem definition and elaboration, more balanced stakeholder analysis, and additional credible sources to enhance justification. Overall, the submission demonstrates an adequate understanding but would gain from more thorough development and evidence.",3.333333333
Case075_323332.pdf,,Placeholder text for scoring.,3,2,3,3,3,2,4,3,3,3,3,4,,,,,,,"['Examine whether the problem statement explicitly and objectively defines the fire hazard beyond general descriptions to justify the clarity level assigned.', 'Evaluate the depth of the problem definition to determine if the explanation sufficiently addresses technical and contextual aspects or remains superficial.', 'Assess the elaboration on environmental and social impacts to verify if the discussion is detailed or too general for higher scoring.', 'Consider whether the identified stakeholder groups are sufficiently distinct and well-explained to support the assigned score for stakeholder concerns.', 'Review the credibility, timeliness, and variety of sources cited to confirm if the justification meets the criteria for multiple credible and varied sources.']","['Examine whether the problem statement explicitly and objectively defines the fire hazard beyond general descriptions to justify the clarity level assigned.', 'Evaluate the depth of the problem definition to determine if the explanation sufficiently addresses technical and contextual aspects or remains superficial.', 'Assess the elaboration on environmental and social impacts to verify if the discussion is detailed or too general for higher scoring.', 'Consider whether the identified stakeholder groups are sufficiently distinct and well-explained to support the assigned score for stakeholder concerns.', 'Review the credibility, timeliness, and variety of sources cited to confirm if the justification meets the criteria for multiple credible and varied sources.']","The problem identification is generally clear and objective, describing the fire hazard in apartments and other buildings, explaining the cause (oxygen, fuel, heat), and emphasizing the global and spontaneous nature of fires. The statement is explicit and focused on the problem context.","The problem definition provides some depth by explaining the cause of fires, the environment where it occurs, and the importance of immediate suppression to minimize damage and save lives. However, it lacks more detailed technical or contextual elaboration that would improve its depth.","The problem elaboration is present with some examples of fire causes and impacts, but it remains somewhat general and imprecise. The environmental impact discussion is brief and not fully developed, and the social implications are only lightly addressed.","Several primary stakeholder groups are identified, including schools, homes, work buildings, restaurants, and retail stores, with some explanation of their concerns. While the groups are distinct, the elaboration on each is uneven and limited, fitting the level of several primary stakeholder groups but not many or almost all.","The justification uses two credible and timely sources: a company website and the National Fire Protection Association research. These sources are relevant and support the problem importance, but the variety is limited to two sources, and one is a commercial entity, so it does not reach the highest levels of source variety and number.","This submission presents a generally clear and objective identification of the fire suppression problem, explaining the cause and context of fires in residential and commercial buildings. The problem definition is somewhat developed, describing the importance of immediate fire suppression to save lives and property, though it could benefit from deeper technical or contextual detail. The elaboration on the problem is present but somewhat broad and lacking in depth, especially regarding environmental and social impacts. Several distinct primary stakeholder groups are identified with some discussion of their concerns, but the elaboration is uneven and could be expanded to include more comprehensive perspectives. The problem justification is supported by two credible and timely sources, including NFPA research, which strengthens the argument, though a wider variety of sources would enhance credibility further. Objective detail is mostly consistent, with relevant statistics and quotations that support the importance of fire suppression systems, but some claims remain general. To improve, the work should deepen the problem definition and elaboration with more specific data and examples, expand stakeholder analysis to include additional groups and perspectives, and incorporate a broader range of credible sources to strengthen justification.",3.333333333
Case076_322102.pdf,,Placeholder text for scoring.,3,2,2,1,0,2,3,2,3,1,0,2,,,,,,,"['Examine whether the problem identification clearly distinguishes the issue beyond a general gardening concern and if it is articulated objectively.', 'Assess if the problem definition includes sufficient depth about the technical or environmental aspects of the sunlight issue rather than superficial statements.', ""Evaluate whether the justification includes any credible external sources or if it relies solely on the student's opinion and general knowledge."", 'Consider if the identified stakeholders represent multiple distinct groups or if the submission focuses narrowly on a single group.', ""Verify the extent and quality of objective detail provided about the problem's effects, including whether quantitative or specific evidence is present.""]","['Examine whether the problem identification clearly distinguishes the issue beyond a general gardening concern and if it is articulated objectively.', 'Assess if the problem definition includes sufficient depth about the technical or environmental aspects of the sunlight issue rather than superficial statements.', ""Evaluate whether the justification includes any credible external sources or if it relies solely on the student's opinion and general knowledge."", 'Consider if the identified stakeholders represent multiple distinct groups or if the submission focuses narrowly on a single group.', ""Verify the extent and quality of objective detail provided about the problem's effects, including whether quantitative or specific evidence is present.""]","The problem identification is generally clear and objective. The student identifies the stakeholders (people with gardens facing sunlight issues) and describes the problem context (plants getting too much sunlight). However, the description is somewhat general and does not include a precise articulation or a formal problem statement.","The problem definition is limited. The student mentions the issue of plants receiving too much sunlight and the difficulty in tracking the sun's position, but the explanation is brief and lacks technical detail about the problem's scope or impact.","The problem is somewhat elaborated with some explanation of when and where it occurs, why it happens, and its effects on plants. However, the elaboration is imprecise and lacks detailed analysis or examples.","Only one primary stakeholder group is identified: people who have gardens. There is no mention of other distinct stakeholder groups such as gardeners, agricultural businesses, environmentalists, or others.","No credible or external sources are cited. The justification relies solely on the student's own statements without referencing research, studies, or authoritative data.","The submission presents a generally clear identification of the problem related to plants receiving excessive sunlight, primarily focusing on gardeners as stakeholders. However, the problem definition is limited, lacking depth and technical detail about the issue's scope and impact. The elaboration provides some context about when and where the problem occurs and its effects on plants, but it is imprecise and could benefit from more detailed examples or analysis. The justification does not include any credible or varied sources, relying solely on the student's own assertions, which limits the argument's credibility. Some objective details about the consequences of too much sunlight on plants are included, but these are general and would be stronger with quantitative data or specific studies. To improve, the problem definition should be deepened by including more technical details and the stakeholder analysis expanded to include multiple distinct groups affected by the problem. Incorporating credible, timely, and varied sources would strengthen the justification. Adding precise, objective data would also enhance the problem's presentation and support the need for a solution.",1.833333333
Case077_133001.docx,,Placeholder text for scoring.,1,3,3,0,0,1,4,4,4,3,0,3,,,,,,,"['Examine whether the problem statement explicitly and objectively defines the fire protection issue or if some aspects are implied rather than clearly stated.', 'Assess if the document sufficiently distinguishes multiple primary stakeholder groups or if the groups mentioned overlap or are too general.', 'Verify the presence and credibility of external sources cited to support the problem justification, noting the absence of references in this submission.', 'Consider whether the problem elaboration includes detailed and specific examples or remains at a general descriptive level.', 'Evaluate the extent to which objective detail is consistently provided throughout the justification, including quantitative or technical data.']","['Examine whether the problem statement explicitly and objectively defines the fire protection issue or if some aspects are implied rather than clearly stated.', 'Assess if the document sufficiently distinguishes multiple primary stakeholder groups or if the groups mentioned overlap or are too general.', 'Verify the presence and credibility of external sources cited to support the problem justification, noting the absence of references in this submission.', 'Consider whether the problem elaboration includes detailed and specific examples or remains at a general descriptive level.', 'Evaluate the extent to which objective detail is consistently provided throughout the justification, including quantitative or technical data.']","The problem identification is generally clear and objectively presented, outlining multiple facets of fire protection including risks to life, property, economy, environment, and society. The description is explicit and reasonably well-structured, though it could be more concise to improve clarity.","The problem definition is provided with adequate depth, covering various dimensions such as fire dynamics, evolving hazards, accessibility, and public awareness. The explanation includes relevant details but lacks some technical specificity or quantitative data that would provide greater depth.","The problem is elaborated with multiple aspects and implications, including social, economic, environmental, and legal considerations. The elaboration is detailed, though some points could be expanded or supported with examples to enhance the explanation.","Several primary stakeholder groups are implied, such as individuals, businesses, communities, emergency services, and society at large. However, the groups are not explicitly differentiated or discussed in depth, which limits the scope of stakeholder consideration.","No credible or external sources are cited or referenced. The justification relies entirely on the writer's statements without supporting evidence from research, government, or reputable organizations.","This submission presents a generally clear and objective identification of the fire protection problem, outlining its multifaceted nature and broad impacts. The problem definition covers various dimensions such as fire dynamics and social equity, but it would benefit from more technical depth or quantitative data to enhance understanding. The elaboration addresses social, economic, environmental, and legal aspects, though some points could be further developed with examples or additional explanation. The discussion of stakeholders includes several affected groups but does not explicitly distinguish or deeply analyze them, limiting the depth of stakeholder consideration. A notable limitation is the absence of credible, external sources to support the problem justification, which weakens the evidential basis of the claims. The justification provides generally objective detail but remains mostly qualitative and would be strengthened by consistent use of specific data or statistics. To improve, it is recommended to incorporate credible and varied sources, explicitly identify and elaborate on distinct stakeholder groups, and include more quantitative or technical details to deepen the problem definition and justification.",3
Case078_115000.docx,,Placeholder text for scoring.,1,1,5,0,0,0,4,3,4,3,0,3,,,,,,,"['Examine whether the problem statement explicitly and objectively defines the fire protection issue or if it relies on general descriptions.', 'Assess if the document sufficiently distinguishes multiple primary stakeholder groups or if the groups mentioned overlap significantly.', ""Verify the presence and credibility of external sources cited to justify the problem, noting if any references beyond the author's opinion exist."", 'Consider whether the problem elaboration includes detailed, specific factors or remains at a general level of discussion.', 'Evaluate the extent and consistency of objective detail provided in the justification, especially the presence of quantitative or empirical evidence.']","['Examine whether the problem statement explicitly and objectively defines the fire protection issue or if it relies on general descriptions.', 'Assess if the document sufficiently distinguishes multiple primary stakeholder groups or if the groups mentioned overlap significantly.', ""Verify the presence and credibility of external sources cited to justify the problem, noting if any references beyond the author's opinion exist."", 'Consider whether the problem elaboration includes detailed, specific factors or remains at a general level of discussion.', 'Evaluate the extent and consistency of objective detail provided in the justification, especially the presence of quantitative or empirical evidence.']","The problem identification is presented clearly and objectively, outlining multiple facets of fire protection including risk to life, economic impact, environmental damage, and social disruption. The description is explicit and generally well-structured, making the problem mostly clear and objective.","The problem definition provides some depth by discussing various dimensions such as fire dynamics, evolving hazards, accessibility, and public awareness. However, it lacks more detailed technical or quantitative information that would provide greater depth.","The problem is elaborated with multiple aspects including complexity of fire behavior, evolving hazards, equity, and public education. The elaboration is generally clear and covers a range of relevant factors, though it could benefit from more detailed discussion or supporting examples.","Several primary stakeholder groups are implied, including individuals (life and property owners), businesses, communities, emergency services, and society at large. While these groups are distinct, the document does not explicitly differentiate or elaborate on a broader range of stakeholders beyond these.","No credible or cited sources are provided. The justification relies entirely on the author's statements without referencing any external research, studies, or authoritative publications.","This submission presents a generally clear and objective identification of the fire protection problem, outlining its multifaceted nature and societal importance. The problem definition includes relevant aspects such as fire dynamics and evolving hazards, but would benefit from more detailed technical information or specific examples to enhance depth. The elaboration covers various relevant factors, though additional detail or supporting examples could improve clarity. The document identifies several primary stakeholder groups, including individuals, businesses, and communities, but does not explicitly distinguish a broader range of stakeholders or elaborate on their specific concerns. A notable limitation is the absence of credible, cited sources to support the problem justification, which affects the rigor of the argument. The justification provides generally objective detail but remains somewhat general and would be strengthened by including quantitative data or empirical evidence. To improve, it is recommended to incorporate multiple credible and timely sources, provide more explicit stakeholder analysis, and deepen the problem definition with technical or contextual specifics. Including data or case studies would also enhance the objective detail and overall persuasiveness of the justification.",2.833333333
Case079_100010.pdf,,Placeholder text for scoring.,1,0,0,0,1,0,2,2,2,1,2,2,,,,,,,"['Examine whether the descriptions of irrigation technologies collectively form a clear and objective problem identification or if they remain general historical notes.', 'Assess if the document provides sufficient depth in defining the problem beyond listing prior designs, especially regarding the challenges these designs aimed to solve.', 'Evaluate the presence and clarity of stakeholder groups impacted by irrigation systems, noting if any are explicitly named or only implied.', 'Consider the credibility and variety of sources cited, distinguishing between general web pages and authoritative academic or industry references.', 'Review the extent and consistency of objective detail, such as quantitative data or specific historical facts, supporting the problem justification.']","['Examine whether the descriptions of irrigation technologies collectively form a clear and objective problem identification or if they remain general historical notes.', 'Assess if the document provides sufficient depth in defining the problem beyond listing prior designs, especially regarding the challenges these designs aimed to solve.', 'Evaluate the presence and clarity of stakeholder groups impacted by irrigation systems, noting if any are explicitly named or only implied.', 'Consider the credibility and variety of sources cited, distinguishing between general web pages and authoritative academic or industry references.', 'Review the extent and consistency of objective detail, such as quantitative data or specific historical facts, supporting the problem justification.']",The document identifies the general topic of irrigation and water transportation systems historically but does not clearly or objectively state a specific problem. The descriptions are generally clear but lack a focused problem statement.,"The problem definition is limited, mainly providing historical background on irrigation technologies without a detailed explanation of the problem these designs address or the challenges involved.","The elaboration is limited, consisting mostly of brief descriptions of prior irrigation designs without detailed analysis or explanation of their significance or limitations.","The document does not explicitly identify primary stakeholder groups. Any stakeholder concerns are implied or absent, with no clear mention of affected groups.","The sources cited are somewhat credible, including websites and historical references, but the variety and timeliness are limited. The sources are mostly general web pages rather than academic or highly authoritative references.","This submission provides a basic overview of historical irrigation and water transportation designs, such as Roman cement pipes, the Noria water wheel, center pivot irrigation, sprinkler control systems, and drip irrigation. While the document includes some factual information and references, it lacks a clear and objective problem statement and only provides a limited definition of the problem context. The elaboration on the significance and challenges of these designs is limited, which restricts the reader's understanding of their importance. Additionally, the submission does not explicitly identify or discuss the concerns of primary stakeholder groups affected by irrigation systems, which reduces the strength of the justification. The sources cited are somewhat credible but limited in variety and depth, and the objective detail provided is inconsistent and not fully developed. To improve, the student should clearly articulate the specific problem being addressed, elaborate on the implications and challenges of prior designs, and explicitly identify relevant stakeholders. Incorporating a wider range of credible, timely sources and providing more detailed, objective data would strengthen the justification and overall presentation.",1.833333333
Case080_000000.pdf,,Placeholder text for scoring.,0,0,0,0,0,0,2,2,2,1,3,2,,,,,,,"['Examine whether the historical descriptions collectively form a clear and objective problem identification or if an explicit problem statement is missing.', 'Assess if the document sufficiently defines the problem beyond listing prior designs, considering the depth and significance of the problem explanation.', 'Evaluate the extent to which the document elaborates on the problem with detailed analysis rather than general descriptions.', 'Consider whether the document identifies distinct primary stakeholder groups affected by irrigation systems or if stakeholders are only implied or absent.', 'Verify the credibility, timeliness, and variety of sources cited to determine if they adequately support the problem justification.']","['Examine whether the historical descriptions collectively form a clear and objective problem identification or if an explicit problem statement is missing.', 'Assess if the document sufficiently defines the problem beyond listing prior designs, considering the depth and significance of the problem explanation.', 'Evaluate the extent to which the document elaborates on the problem with detailed analysis rather than general descriptions.', 'Consider whether the document identifies distinct primary stakeholder groups affected by irrigation systems or if stakeholders are only implied or absent.', 'Verify the credibility, timeliness, and variety of sources cited to determine if they adequately support the problem justification.']","The document identifies the general problem of water transportation and irrigation development through historical examples, but it does not provide a clear, explicit problem statement. The problem is somewhat clear and objective but only partially stated.","The problem definition is limited, mainly describing historical irrigation technologies without much explanation of the underlying problem or its significance. There is little depth in defining the problem beyond basic descriptions.","The elaboration is limited, offering brief descriptions of prior irrigation designs without detailed analysis or contextual expansion. The information is presented generally with minimal elaboration.",The document does not explicitly identify or discuss primary stakeholder groups affected by the problem. There is no clear mention of stakeholders beyond implicit users of irrigation systems.,"The sources cited are generally credible and timely, including reputable websites and historical references. There is some variety in sources, but the number and diversity are somewhat limited.","This submission provides a basic overview of historical irrigation technologies, such as Roman cement pipes, the Noria water wheel, center pivot irrigation, sprinkler control systems, and drip irrigation. While the document includes generally credible sources and some objective historical details (A5, A6), it lacks a clear and explicit problem statement, resulting in a partially unclear problem identification (A1). The problem definition is limited, focusing on descriptions rather than exploring the significance or challenges related to irrigation systems (A2). Elaboration is limited, with brief summaries that do not deeply analyze or contextualize the information (A3). Additionally, the document does not identify or discuss primary stakeholder groups, which limits the justification of the problem from multiple perspectives (A4). To improve, the student should explicitly state the problem they are addressing, deepen the problem definition by explaining why these irrigation systems matter today or what challenges remain, and elaborate on the impacts for various stakeholders such as farmers, communities, and environmental groups. Including a broader range of credible sources and integrating more consistent objective detail would also strengthen the justification. Overall, the work shows foundational research but requires more focused problem articulation and elaboration to meet higher standards.",2
Case081_222201.pdf,,Placeholder text for scoring.,2,2,2,2,0,1,4,3,3,2,1,2,,,,,,,"['Examine whether the problem statement explicitly and objectively defines the problem or if it relies on implied context.', 'Assess the depth of the problem definition by checking for detailed technical or environmental information beyond basic descriptions.', 'Evaluate the variety and credibility of sources cited to determine if they meet the standard for supporting problem justification.', 'Consider whether the identified stakeholders represent distinct groups with different concerns or if they overlap significantly.', 'Review the consistency and specificity of objective details provided to support the problem justification throughout the document.']","['Examine whether the problem statement explicitly and objectively defines the problem or if it relies on implied context.', 'Assess the depth of the problem definition by checking for detailed technical or environmental information beyond basic descriptions.', 'Evaluate the variety and credibility of sources cited to determine if they meet the standard for supporting problem justification.', 'Consider whether the identified stakeholders represent distinct groups with different concerns or if they overlap significantly.', 'Review the consistency and specificity of objective details provided to support the problem justification throughout the document.']","The problem identification is stated clearly and objectively: the need to design an ROV to collect microplastic samples for a marine biology class project. The statement includes the purpose, stakeholders, and context, making it generally clear and objective though not highly detailed.","The problem definition provides some depth by describing the microplastic issue, the size and types of plastics targeted, and the intended use of the samples. However, it lacks more detailed technical or environmental context that would improve its depth.","The problem is elaborated with background on microplastics, their origin, and the mission's goals. However, the elaboration is somewhat general and does not include detailed analysis or extensive explanation.","The document mentions a few primary stakeholders: Mary Kerr, Mr. Infante, the Marine Bio class, San Francisco Mayor Daniel Lurie, and marine animals. These represent some distinct groups but not a wide range of stakeholders.","The justification relies mainly on the opinions and statements of project participants and a YouTube video reference. There is limited evidence of credible, timely, or varied sources such as academic or governmental publications.","This submission identifies the problem of designing an ROV to collect microplastic samples with a generally clear and objective problem statement. The problem definition provides some relevant detail about microplastics and their environmental impact but would benefit from additional technical or ecological context. The elaboration offers background and mission goals but remains somewhat general without detailed analysis. Several primary stakeholders are identified, including project supervisors, students, local government, and marine life, though the range of stakeholder groups is limited. The justification depends largely on participant opinions and a single informal source, lacking a broader range of credible and timely references. Objective details such as microplastic characteristics and project timelines are included but are limited and inconsistently applied. To improve, incorporating multiple credible sources, expanding stakeholder analysis to include broader affected groups, and providing more detailed elaboration on the problem's technical and environmental aspects would strengthen the problem presentation.",2.5
Case082_444104.pdf,,Placeholder text for scoring.,4,4,4,1,0,4,4,3,3,2,1,2,,,,,,,"[""Evaluate whether the problem statement sufficiently clarifies the problem's scope and purpose beyond naming the task."", 'Assess if the description of microplastics and their impact provides enough depth to be considered more than adequate.', 'Consider whether the listed stakeholders represent distinct groups or if some are overlapping or insufficiently differentiated.', 'Verify if the references cited meet the criteria for credible, timely, and varied sources or if they rely mainly on opinion or informal media.', 'Determine if the objective details about microplastics and project parameters are consistently presented and sufficiently detailed to support the problem justification.']","[""Evaluate whether the problem statement sufficiently clarifies the problem's scope and purpose beyond naming the task."", 'Assess if the description of microplastics and their impact provides enough depth to be considered more than adequate.', 'Consider whether the listed stakeholders represent distinct groups or if some are overlapping or insufficiently differentiated.', 'Verify if the references cited meet the criteria for credible, timely, and varied sources or if they rely mainly on opinion or informal media.', 'Determine if the objective details about microplastics and project parameters are consistently presented and sufficiently detailed to support the problem justification.']","The problem identification is stated clearly and objectively: the need to assemble an ROV to collect microplastic samples for a marine biology class project. The statement includes the purpose, stakeholders, and context, making it clear and objective though somewhat limited in detail.","The problem definition provides some depth by describing the microplastics' size, types, origin, and environmental impact. However, it lacks more detailed technical or scientific information that would improve its depth beyond a basic level.","The problem is generally elaborated with background on microplastics, their types, and the intended use of the ROV. The elaboration is somewhat general and does not include detailed analysis or extensive explanation.","The document mentions a few primary stakeholders: Mary Kerr (requester), Mr. Infante (instructor/materials provider), the Marine Bio class, San Francisco Mayor Daniel Lurie, and marine animals. These represent some distinct groups but not a wide range of stakeholders.","The justification relies mainly on opinions and statements within the document, with no cited credible or varied sources. The only reference is a YouTube video mentioned without details, which provides limited evidential support.","This submission identifies the problem of designing an ROV to collect microplastic samples, providing a clear foundation for the project. The problem definition offers some context about microplastics and their environmental impact but would benefit from more detailed scientific or technical information. The elaboration includes relevant background but remains general and could be improved with more specific analysis or explanation. The document identifies several primary stakeholders, including the project requester, instructor, students, local government, and marine life, but does not explore a broader range of affected groups. The justification is mainly based on internal statements and an unsubstantiated video reference, limiting its evidential strength. Objective details are present but limited and inconsistently applied. To improve, incorporating multiple credible sources, expanding stakeholder analysis, and deepening the problem definition and elaboration with technical and scientific insights are recommended. Including explicit citations and more comprehensive objective data would strengthen the justification and overall presentation.",2.5
Case083_550400.pdf,,Placeholder text for scoring.,5,5,0,4,0,0,5,4,4,3,0,4,,,,,,,"['Examine whether the interview with the assistant curator provides sufficient objective evidence or if additional external sources are necessary to support the problem justification.', 'Evaluate if the identified stakeholder groups represent distinct and comprehensive perspectives or if the analysis is limited to internal zoo staff only.', 'Consider whether the problem elaboration adequately addresses all mentioned concerns, such as cleaning and claw trimming, or if these points are underdeveloped.', 'Verify that the problem definition includes enough technical and contextual depth to move beyond a superficial description.', 'Assess the extent to which objective details like measurements and procedural descriptions are consistently provided throughout the justification.']","['Examine whether the interview with the assistant curator provides sufficient objective evidence or if additional external sources are necessary to support the problem justification.', 'Evaluate if the identified stakeholder groups represent distinct and comprehensive perspectives or if the analysis is limited to internal zoo staff only.', 'Consider whether the problem elaboration adequately addresses all mentioned concerns, such as cleaning and claw trimming, or if these points are underdeveloped.', 'Verify that the problem definition includes enough technical and contextual depth to move beyond a superficial description.', 'Assess the extent to which objective details like measurements and procedural descriptions are consistently provided throughout the justification.']","The problem identification is clear and objective, explicitly stating the need for a safe, adjustable box to transport Komodo dragons for medical examinations, and highlighting the current unsafe method and specific challenges.","The problem is defined with adequate depth, detailing the safety concerns, the need for variable sizing, medical testing requirements, and current handling methods, though some technical specifics could be expanded.","The problem is elaborated with descriptions of current procedures, risks, stakeholder needs, and size variations of the dragons, but some aspects like the cleaning process and claw trimming are mentioned briefly without full elaboration.","Several primary stakeholder groups are identified: Nashville Zoo, zookeepers, veterinarians, and the assistant curator. While these are distinct, the groups are limited in number and focus mainly on zoo staff and animals.","No external sources or references are cited; the justification relies solely on an interview with a zoo staff member and internal observations, which do not meet the rubric's criteria for credible or varied sources.","This submission presents a clear and objective identification of the problem, focusing on the safety and medical needs related to transporting Komodo dragons (A1). The problem definition is adequate, covering multiple facets such as size variability, safety concerns, and medical testing requirements, though some technical details could be further developed (A2). The elaboration includes descriptions of current practices and challenges, but some points like cleaning and claw trimming are only briefly mentioned (A3). The identification of stakeholder groups is sufficient, naming several key groups within the zoo, but it could be improved by including a broader range of stakeholders such as visitors or animal welfare organizations (A4). A notable limitation is the lack of credible, external sources; the justification relies solely on an internal interview, which limits the strength of the evidence (A5). The problem justification includes mostly objective details, such as specific size ranges and procedural descriptions, but some areas could benefit from more precise data (A6). To improve, it is recommended to incorporate multiple credible sources to support the problem's significance and expand stakeholder analysis to include more diverse perspectives. Additionally, elaborating on all mentioned concerns with more detail would strengthen the overall justification.",3.333333333
Case084_000000.pdf,,Placeholder text for scoring.,0,0,0,0,0,0,3,2,2,1,2,2,,,,,,,"['Examine whether the description of ergonomic discomfort and cart modifications sufficiently constitutes a clear and objective problem identification or if it remains implicit.', 'Assess if the document provides enough depth in defining the problem beyond mentioning discomfort and modifications, including context and impact.', 'Evaluate the extent to which multiple distinct stakeholder groups are identified and justified as primary stakeholders affected by the problem.', 'Consider whether the sources cited meet the criteria for credibility, timeliness, and variety, or if they are limited in scope and type.', 'Determine if the objective details about discomfort and modifications are consistently presented and sufficiently detailed to support the problem justification.']","['Examine whether the description of ergonomic discomfort and cart modifications sufficiently constitutes a clear and objective problem identification or if it remains implicit.', 'Assess if the document provides enough depth in defining the problem beyond mentioning discomfort and modifications, including context and impact.', 'Evaluate the extent to which multiple distinct stakeholder groups are identified and justified as primary stakeholders affected by the problem.', 'Consider whether the sources cited meet the criteria for credibility, timeliness, and variety, or if they are limited in scope and type.', 'Determine if the objective details about discomfort and modifications are consistently presented and sufficiently detailed to support the problem justification.']","The problem identification is generally clear and objective, describing ergonomic issues with industrial carts causing discomfort and the need for modifications. However, it is not explicitly stated as a formal problem statement.","The problem definition is somewhat superficial, mentioning discomfort in specific body regions and modifications made to reduce it, but lacking a detailed explanation of the problem's scope, impact, or context.","The problem elaboration is limited, with brief descriptions of discomfort areas and modifications but no detailed analysis or comprehensive elaboration of the problem or its consequences.","Only one primary stakeholder group, the operators of the carts, is implied. No other distinct stakeholder groups are identified or discussed.","The justification is based on credible sources such as a conference paper and a woodworking forum, but the sources are limited in number and variety.","The submission generally identifies the problem related to ergonomic discomfort in industrial cart operation, though it lacks a formal problem statement. The problem definition is somewhat superficial, providing limited context and impact analysis. Elaboration on the problem’s consequences and underlying causes is limited. The justification focuses mainly on the operators as stakeholders, without identifying other relevant groups such as manufacturers or maintenance personnel. The sources include a credible conference paper and a woodworking forum, but the variety and number of sources are limited, which affects the strength of the justification. Objective detail is somewhat present, mentioning specific discomfort areas and modifications, but it is not consistently detailed or comprehensive. To improve, the work should explicitly state the problem, deepen the problem definition with more context and impact analysis, elaborate on the problem’s consequences, identify multiple stakeholder groups, incorporate a wider range of credible and timely sources, and provide more consistent objective detail to strengthen the justification.",2
Case085_322323.pdf,,Placeholder text for scoring.,3,2,2,3,2,3,3,3,3,2,2,3,,,,,,,"['Examine whether the problem statement is explicitly and clearly articulated or if it requires inference from fragmented descriptions.', 'Evaluate the depth of problem definition by checking for quantitative data or detailed impacts beyond general statements.', 'Assess whether the cited sources meet credibility standards and represent a variety of perspectives rather than a limited set.', ""Consider if the identified stakeholder groups are sufficiently distinct and comprehensive to reflect the problem's scope."", 'Verify the consistency and objectivity of the problem justification details, distinguishing between subjective opinions and supported facts.']","['Examine whether the problem statement is explicitly and clearly articulated or if it requires inference from fragmented descriptions.', 'Evaluate the depth of problem definition by checking for quantitative data or detailed impacts beyond general statements.', 'Assess whether the cited sources meet credibility standards and represent a variety of perspectives rather than a limited set.', ""Consider if the identified stakeholder groups are sufficiently distinct and comprehensive to reflect the problem's scope."", 'Verify the consistency and objectivity of the problem justification details, distinguishing between subjective opinions and supported facts.']","The problem identification is generally clear and objective. The student identifies that students who participate in strength and conditioning need more time, space, and equipment in the weight room, and that current solutions require faculty time or money. However, the statement is somewhat fragmented and lacks a concise, explicit problem statement.","The problem definition is provided with some depth. The student explains the limited time (45 minutes), limited space, and equipment constraints, and the consequences of current solutions requiring faculty time or money. However, the explanation is somewhat general and could be more detailed regarding the specific impacts or scope.","The problem is elaborated with some details about time constraints, stakeholder involvement, and consequences. However, the elaboration is somewhat imprecise and lacks depth, such as quantitative data on how many students are affected or detailed impacts on stakeholders.","The student identifies three primary stakeholder groups: Mr. B (athletic director), students who use the gym, and faculty members/supervisors. These represent a few distinct groups but not several or many, which limits the score to 1.","The student cites a few sources with some credibility (e.g., Dojo Business 2025, Sports Venue Calculator 2025, Physical Activity Basis 2024). However, the sources are limited in number and variety, and their credibility is not fully established, so the score is limited to 2.","This presentation of the problem shows a basic understanding of the issue facing students who use the school gym for strength and conditioning. The problem identification is generally clear but could benefit from a more concise and explicit statement. The problem definition outlines the constraints of time, space, and equipment but lacks deeper exploration of the problem's scope and impact. Elaboration provides some context but would be improved with more precise data and detailed stakeholder impacts. The identification of stakeholder groups is limited to three groups; including additional relevant stakeholders would strengthen the justification. The use of sources shows an attempt to support claims with external information, but the sources are few and their credibility is not fully established. Objective detail is generally present but inconsistent, with some subjective statements reducing the overall rigor. To improve, focus on crafting a clear, concise problem statement, deepen the problem definition with quantitative data, broaden stakeholder analysis, and incorporate a wider range of credible, timely sources. Additionally, ensure all justifications are supported by objective, specific details to enhance the overall quality of the problem presentation.",2.666666667
Case086_211210.pdf,,Placeholder text for scoring.,2,1,1,2,1,0,4,3,3,3,2,3,,,,,,,"['Examine whether the problem statement explicitly and objectively defines the issue without ambiguity or assumptions.', 'Evaluate the depth of the problem definition to determine if it goes beyond surface-level description to include causes and implications.', 'Assess the range and distinctness of stakeholder groups mentioned to confirm they represent several primary groups rather than just a few.', 'Consider whether the single cited scientific article sufficiently supports the problem justification or if multiple varied sources are expected.', 'Review the consistency and specificity of objective detail throughout the justification to decide if it is generally or mostly present.']","['Examine whether the problem statement explicitly and objectively defines the issue without ambiguity or assumptions.', 'Evaluate the depth of the problem definition to determine if it goes beyond surface-level description to include causes and implications.', 'Assess the range and distinctness of stakeholder groups mentioned to confirm they represent several primary groups rather than just a few.', 'Consider whether the single cited scientific article sufficiently supports the problem justification or if multiple varied sources are expected.', 'Review the consistency and specificity of objective detail throughout the justification to decide if it is generally or mostly present.']","The problem is clearly and objectively identified as the lack of storage for guitars in the Bridge to Wellness room, with explicit mention of the cause (lack of space due to other items) and the impact (users cannot find a place to put guitars), though the statement could be more fully developed.","The problem definition is adequate, describing the background and cause of the problem and the need for a solution to organize guitars. However, it provides limited exploration of the problem's broader implications or technical constraints.","The problem is generally elaborated with some detail about the stakeholders, the room's environment, and the consequences of the problem. However, the elaboration is somewhat general and could be more precise or detailed.","Several primary stakeholder groups are identified: Mr. Elliot, students, and building services. The document also mentions secondary stakeholders like school staff and faculty, but the focus remains on three main groups, which aligns with the 'several' category.","The problem justification cites one credible and timely source (a scientific article on music's benefits). However, only a single source is used, which limits the variety and number of references.","This submission identifies the problem of insufficient guitar storage in the Bridge to Wellness room with a focused and objective problem statement, though it could be more fully developed. The problem definition outlines the background and need for a solution but offers limited exploration of broader context and constraints. The elaboration includes relevant stakeholder concerns and some contextual details but remains somewhat general and could be more precise. Identification of several primary stakeholder groups, including the room director, students, and building services, is appropriate, though a more comprehensive stakeholder analysis would strengthen the justification. The use of a credible scientific source to support the importance of music for wellbeing adds value, but reliance on a single source limits the strength of the justification. Objective detail is generally present, especially in the problem importance section, but could be more consistently integrated throughout the document. To improve, deepen the problem definition with more technical or contextual details, expand stakeholder analysis to include additional relevant groups, and incorporate multiple credible sources to strengthen the justification. Enhancing elaboration with more precise and detailed explanations will also improve clarity and impact.",3
Case087_444222.pdf,,Placeholder text for scoring.,4,4,4,2,2,2,4,3,4,3,2,3,,,,,,,"['Examine whether the problem statement explicitly and objectively defines the issue without ambiguity or assumptions.', 'Evaluate the depth of the problem definition to determine if it includes sufficient background and context beyond a superficial description.', 'Assess the range and distinctness of stakeholder groups mentioned to confirm they represent multiple primary groups rather than overlapping or secondary stakeholders.', 'Consider whether the single cited source sufficiently supports the problem justification or if multiple varied sources are expected for stronger evidence.', 'Review the consistency and specificity of objective detail throughout the justification to decide if it moves beyond general statements to well-integrated evidence.']","['Examine whether the problem statement explicitly and objectively defines the issue without ambiguity or assumptions.', 'Evaluate the depth of the problem definition to determine if it includes sufficient background and context beyond a superficial description.', 'Assess the range and distinctness of stakeholder groups mentioned to confirm they represent multiple primary groups rather than overlapping or secondary stakeholders.', 'Consider whether the single cited source sufficiently supports the problem justification or if multiple varied sources are expected for stronger evidence.', 'Review the consistency and specificity of objective detail throughout the justification to decide if it moves beyond general statements to well-integrated evidence.']","The problem is clearly and objectively identified as the lack of storage for guitars in the Bridge to Wellness room, with explicit mention of the cause (lack of space due to other items) and the impact (users cannot find a place to put guitars). The statement is generally clear but could be more detailed.","The problem definition provides some depth by explaining the background of the problem, including how additions to the room reduce guitar space and the importance of guitars to the room's environment. However, it lacks more detailed analysis or quantification of the problem's scope.","The problem is elaborated with specific details about the stakeholders, the room's usage, and the consequences of the lack of storage. The explanation of how the clutter affects cleaning and the room atmosphere adds some elaboration beyond a basic statement.","Several primary stakeholder groups are identified: Mr. Elliot (room owner), students who use the room, and building services staff. The document also mentions secondary stakeholders like school staff and faculty but does not elaborate on them as primary groups, limiting the stakeholder consideration.","The problem justification cites one credible and timely source (a scientific article on music's benefits) to support the importance of music for wellbeing. However, only a single source is used, which limits the variety and number of supporting evidence.","This submission identifies the problem of insufficient guitar storage in the Bridge to Wellness room with a generally clear and objective statement. The problem definition includes background context and the importance of guitars to the room’s environment, though it would benefit from more detailed analysis or quantification. The elaboration provides relevant details about stakeholders and the impact on room usage and cleaning, but the development is somewhat limited. Several primary stakeholders are identified, including the room owner, students, and building services staff, while secondary stakeholders are mentioned but not fully developed, which narrows the stakeholder perspective. The justification draws on a credible scientific source to support the importance of music for wellbeing, but reliance on a single source restricts the depth and variety of evidence. Objective detail is generally present in the discussion of music’s benefits, though it could be more consistently integrated throughout the justification. To improve, expanding the problem definition with more specific data or examples, incorporating additional credible sources to strengthen justification, and more fully developing the concerns of all relevant stakeholder groups would enhance the overall clarity, depth, and persuasiveness of the problem presentation.",3.166666667
Case088_544453.pdf,,Placeholder text for scoring.,5,4,4,4,5,3,4,4,4,4,4,4,,,,,,,"['Examine whether the problem statement explicitly and objectively defines the core issue without relying on assumptions or implied context.', 'Evaluate if the description of stakeholder groups truly represents distinct and primary groups rather than overlapping or secondary categories.', 'Assess the credibility, variety, and timeliness of the sources cited to ensure they adequately support the problem justification.', 'Consider the extent to which objective details are consistently presented throughout the justification rather than selectively or superficially.', 'Verify that the problem elaboration sufficiently addresses multiple facets of the problem, including technical, educational, and practical considerations.']","['Examine whether the problem statement explicitly and objectively defines the core issue without relying on assumptions or implied context.', 'Evaluate if the description of stakeholder groups truly represents distinct and primary groups rather than overlapping or secondary categories.', 'Assess the credibility, variety, and timeliness of the sources cited to ensure they adequately support the problem justification.', 'Consider the extent to which objective details are consistently presented throughout the justification rather than selectively or superficially.', 'Verify that the problem elaboration sufficiently addresses multiple facets of the problem, including technical, educational, and practical considerations.']","The problem identification is generally clear and objective. The document describes the setting (a LifeSkills class for children with physical and cognitive disabilities), the observed issues (staff overwhelmed, lack of materials for motor skills and cause-effect teaching), and the need for a device to engage students safely and effectively. The problem is reasonably contextualized and specific.","The problem definition is provided with adequate depth. The document details the specific needs of the students (engagement, motor skills, cause-effect understanding), the staff's challenges (time, resources), and the device requirements (15 minutes engagement, safety, durability). It also generalizes the problem to other similar classes nationally and internationally, indicating thoughtful scope.","The problem is elaborated with several facets: student needs, staff workload, and device specifications. The document discusses the educational goals, safety concerns, and durability, as well as the broader applicability of the solution. While elaborated, some points could be more detailed or supported with quantitative data.","The document identifies multiple primary stakeholder groups: students, staff (teachers), parents, caregivers, administrators, and other children with disabilities. These groups are distinct and their concerns are described, including safety, engagement, developmental progress, workload, cost-effectiveness, and educational outcomes. This meets the criterion for many primary stakeholder groups.","The problem justification cites several credible, timely, and varied sources including news articles about sensory rooms, a Girl Scout project, and peer-reviewed studies from the National Library of Medicine and occupational therapy journals. The sources cover different aspects of the problem and support the need for cause-effect and motor skill devices, demonstrating solid research backing.","This submission presents a generally clear and objective identification of the problem faced by the LifeSkills class, describing the challenges of engaging students with disabilities and the staff’s workload. The problem is elaborated to address multiple dimensions such as safety, engagement, and device durability, and considers broader applicability. The identification of several distinct primary stakeholder groups, including students, staff, parents, caregivers, and administrators, supports the justification. The use of multiple credible and varied sources, including news reports and peer-reviewed studies, provides reasonable support for the problem’s significance and the proposed solution’s educational benefits. Objective details are mostly consistent, with quantitative data and direct quotes enhancing the argument. To improve, the document could deepen elaboration by including more specific quantitative data on the current problem’s impact and clarifying the distinct roles and concerns of secondary stakeholders. Additionally, integrating more detailed analysis of how the device will meet each requirement would enhance problem definition depth. Overall, the submission demonstrates an adequate understanding of the problem and its context, supported by relevant research and stakeholder consideration.",4
Case089_555555.pdf,,Placeholder text for scoring.,5,5,5,5,5,5,4,4,4,4,4,4,,,,,,,"['Examine whether the problem statement is sufficiently explicit and objective to distinguish it clearly from general background information.', 'Evaluate the depth of problem definition to confirm it goes beyond superficial description and includes specific design requirements and contextual factors.', 'Assess the range and distinctness of stakeholder groups to ensure they represent truly separate groups with unique concerns rather than overlapping or repeated mentions.', 'Consider whether the sources cited meet the criteria for credibility, timeliness, and variety, especially distinguishing between news articles and peer-reviewed research.', 'Review the extent to which objective data and quantitative evidence are integrated into the problem justification rather than presented as isolated facts.']","['Examine whether the problem statement is sufficiently explicit and objective to distinguish it clearly from general background information.', 'Evaluate the depth of problem definition to confirm it goes beyond superficial description and includes specific design requirements and contextual factors.', 'Assess the range and distinctness of stakeholder groups to ensure they represent truly separate groups with unique concerns rather than overlapping or repeated mentions.', 'Consider whether the sources cited meet the criteria for credibility, timeliness, and variety, especially distinguishing between news articles and peer-reviewed research.', 'Review the extent to which objective data and quantitative evidence are integrated into the problem justification rather than presented as isolated facts.']","The problem identification is stated clearly and objectively, describing the challenges faced by the LifeSkills class in engaging students with physical and cognitive disabilities and the need for a tool to occupy and teach them. The description is specific and based on observations from a class visit.","The problem is defined with adequate depth, detailing the specific needs of the students (engagement, motor skills, cause-and-effect understanding), the staff's challenges (overwhelm, lack of materials), and the design requirements (safety, durability, 15-minute engagement). It also situates the problem beyond the local setting.","The problem is elaborated with explanations of the students' disabilities, the staff's workload, and the educational goals. The document discusses the broader applicability of the solution and the specific functional requirements, showing a developed elaboration.","The document identifies several primary stakeholder groups: students, staff (teachers), parents, caregivers, administrators, and other children with disabilities. These groups are distinct and their concerns are described, indicating a broad consideration of stakeholders.","The problem justification cites multiple timely, credible, and varied sources including news articles about sensory rooms, a Girl Scout project, and peer-reviewed studies from the National Library of Medicine and occupational therapy journals. This variety and credibility provide reasonable support for the justification.","This submission presents a generally clear and objective identification of the problem faced by the LifeSkills class, focusing on the need for engaging, educational tools for students with disabilities. The problem definition provides adequate detail, addressing both student needs and staff challenges, and situates the problem in a broader context. The elaboration explains the educational goals and practical constraints with reasonable development. The identification of stakeholder groups is broad and includes students, staff, parents, caregivers, and administrators, reflecting a solid understanding of those affected. The problem justification is supported by multiple credible and varied sources, including news reports and peer-reviewed studies, which offer reasonable rationale for the design. Objective detail is mostly consistent, with quantitative data and examples that support the problem's significance and the solution's potential impact. To improve, the team could more explicitly link some of the cited data to their specific problem context and clarify how the device will uniquely address the identified needs. Additionally, deeper exploration of secondary stakeholders’ distinct concerns could enhance the stakeholder analysis. Overall, the submission demonstrates adequate research and thoughtful problem framing, providing a foundation for design development.",4
Case090_222302.pdf,,Placeholder text for scoring.,2,2,2,3,0,2,5,4,4,2,2,4,,,,,,,"['Examine whether the problem statement explicitly and objectively defines the core issue without relying on implied context or assumptions.', 'Evaluate if the problem elaboration sufficiently connects the educational challenges to clinical and practical implications, or if it remains too general.', 'Assess whether the identified stakeholder groups represent distinct and primary groups affected by the problem rather than overlapping or secondary groups.', 'Consider the adequacy and credibility of the sources cited, especially whether the references to devices and research are supported by detailed, varied, and timely evidence.', 'Verify the extent and consistency of objective detail provided in the justification, including quantitative data and specific examples that support the problem’s significance.']","['Examine whether the problem statement explicitly and objectively defines the core issue without relying on implied context or assumptions.', 'Evaluate if the problem elaboration sufficiently connects the educational challenges to clinical and practical implications, or if it remains too general.', 'Assess whether the identified stakeholder groups represent distinct and primary groups affected by the problem rather than overlapping or secondary groups.', 'Consider the adequacy and credibility of the sources cited, especially whether the references to devices and research are supported by detailed, varied, and timely evidence.', 'Verify the extent and consistency of objective detail provided in the justification, including quantitative data and specific examples that support the problem’s significance.']","The problem is clearly and objectively identified: insufficient MIP devices for a large class size at Drexel University’s Cardiovascular and Pulmonary Physical Therapy program, leading to delays and inadequate hands-on experience.","The problem is defined with adequate depth, detailing the number of devices, class size, impact on student preparedness, and the insufficiency of data-only substitutes.","The problem is elaborated with explanations of the educational impact, the importance of hands-on experience, and the broader clinical relevance of respiratory assessments, though some elaboration could be more detailed.","The document identifies two primary stakeholder groups: students/instructors and engineering students, which counts as a few but not several or many distinct groups.","The justification references credible sources such as research on a low-cost Arduino-based device and a commercial device, but these are limited in number and variety, and no citations or detailed references are provided.","This design proposal clearly identifies the problem of insufficient MIP devices for a large class size and provides an adequately detailed problem definition. The elaboration connects educational challenges to clinical relevance, although it could benefit from more detailed exploration of specific impacts and alternative solutions. Stakeholder identification is limited, recognizing only a few groups, primarily students, instructors, and engineering students, and does not include other potential stakeholders such as patients or clinical institutions. The problem justification includes credible sources, including research and commercial devices, but the range and detail of citations are limited. Objective details are generally presented with quantitative data supporting the need and feasibility of the solution, though additional data would enhance credibility. To improve, the team should expand stakeholder analysis to include additional groups affected by the problem, incorporate a broader range of credible and timely sources with proper citations, and deepen the elaboration of the problem’s impact and context. These enhancements will provide a more robust foundation for the design proposal and better justify the project’s significance.",3.5
Case091_544224.pdf,,Placeholder text for scoring.,5,4,4,2,2,4,5,4,4,2,2,4,,,,,,,"['Examine whether the problem statement explicitly and objectively defines the core issue without relying on implied context.', 'Evaluate if the problem elaboration sufficiently connects educational challenges to clinical and practical implications or if it remains too general.', 'Assess whether the identified stakeholders represent distinct groups affected by the problem or if they are variations of the same group.', 'Consider the adequacy and variety of sources cited to justify the problem, especially whether the references meet credibility and timeliness standards.', 'Verify the extent to which objective quantitative details are consistently integrated throughout the justification rather than sporadically presented.']","['Examine whether the problem statement explicitly and objectively defines the core issue without relying on implied context.', 'Evaluate if the problem elaboration sufficiently connects educational challenges to clinical and practical implications or if it remains too general.', 'Assess whether the identified stakeholders represent distinct groups affected by the problem or if they are variations of the same group.', 'Consider the adequacy and variety of sources cited to justify the problem, especially whether the references meet credibility and timeliness standards.', 'Verify the extent to which objective quantitative details are consistently integrated throughout the justification rather than sporadically presented.']","The problem is clearly and objectively identified: insufficient MIP devices for a large class size at Drexel University, leading to delays and limited hands-on experience.","The problem is defined with adequate depth, detailing the number of devices, class size, impact on education quality, and the necessity of hands-on experience over data alone.","The problem is elaborated with explanations of the educational impact, the importance of hands-on experience, and the broader clinical relevance of respiratory assessments, though some elaboration could be more detailed.",The document identifies two primary stakeholder groups: students/instructors and engineering students. These represent a few distinct groups but do not reach the level of several or many groups.,"The justification references credible sources such as research on a low-cost Arduino-based device and a commercial device, but only two sources are cited, limiting variety and number.","This design proposal clearly identifies the problem of insufficient MIP devices for a large class size, providing a reasonable foundation for the project. The problem definition includes relevant details about the educational impact and the need for hands-on experience. The elaboration connects the problem to clinical relevance and educational outcomes, although some areas could be explained in more depth. Stakeholder identification is somewhat limited, focusing mainly on students, instructors, and engineering students; expanding this to include other relevant groups such as clinical patients or administrative staff could strengthen the justification. The use of credible sources is present but minimal, with only two references cited; incorporating a broader range of timely and varied sources would enhance the problem justification. Objective detail is generally presented with quantitative data supporting the claims, though some statements could be more precise. To improve, the team should deepen the problem elaboration, broaden stakeholder analysis, and integrate more diverse and numerous credible sources to fully support the problem justification.",3.5
Case092_222352.pdf,,Placeholder text for scoring.,2,2,2,3,5,2,4,4,4,4,4,4,,,,,,,"[""Examine whether the problem identification explicitly and objectively centers on Ms. A.V's ergonomic issues without relying on implied or vague statements."", 'Assess the depth of problem definition by verifying if the description includes both specific personal impacts and broader societal consequences.', 'Evaluate the elaboration for coherence and completeness, checking if all aspects of the problem are sufficiently developed and connected.', 'Consider whether the listed stakeholders represent truly distinct groups affected by the problem rather than overlapping or minor mentions.', 'Review the sources cited to confirm they are credible, varied, and timely, and that the problem justification consistently references these sources for objective detail.']","[""Examine whether the problem identification explicitly and objectively centers on Ms. A.V's ergonomic issues without relying on implied or vague statements."", 'Assess the depth of problem definition by verifying if the description includes both specific personal impacts and broader societal consequences.', 'Evaluate the elaboration for coherence and completeness, checking if all aspects of the problem are sufficiently developed and connected.', 'Consider whether the listed stakeholders represent truly distinct groups affected by the problem rather than overlapping or minor mentions.', 'Review the sources cited to confirm they are credible, varied, and timely, and that the problem justification consistently references these sources for objective detail.']","The problem identification is generally clear and objective, focusing on Ms. A.V's poor ergonomic desk affecting her productivity and health. The description is specific to her situation and the general issue of ergonomics in workspaces.","The problem is defined with adequate depth, detailing the specific ergonomic issues with Ms. A.V's desk, the impact on her productivity and health, and broader implications for remote workers and society.","The problem is elaborated with multiple aspects including workspace size, storage, health consequences, and economic impacts. The elaboration is adequate but could be more tightly integrated and focused for a higher score.","Several primary stakeholder groups are identified: Ms. A.V (user), mentors (project team), secondary stakeholders like employers and furniture manufacturers, and the group itself. This represents a number of distinct groups affected by the problem.","The justification uses multiple credible, timely, and varied sources including WHO, National Library of Medicine, Chartered Institute of Ergonomics, and reputable media outlets. The sources provide relevant support for health, productivity, and economic claims.","This submission presents a generally clear and objective identification of the problem, focusing on Ms. A.V's poor ergonomic desk and its impact on her productivity and health. The problem is defined with adequate depth, covering specific workspace limitations and broader societal implications. The elaboration discusses health risks, workspace organization, and economic effects, though some points could be more cohesively integrated. The identification of stakeholder groups includes the primary user, mentors, employers, manufacturers, and the project team, reflecting several affected parties. The justification is supported by multiple credible and varied sources, including WHO and academic studies, which enhance the argument's credibility. Objective detail is mostly consistent, with relevant statistics and research, though some claims could be more precise or better referenced. To improve, focus on tighter integration of elaboration points and ensure all claims are explicitly supported by sources. Additionally, clarifying the distinction between primary and secondary stakeholders and enhancing the precision of objective details would strengthen the justification further.",4
Case093_324253.pdf,,Placeholder text for scoring.,3,2,4,2,5,3,4,4,4,4,4,4,,,,,,,"['Examine whether the problem identification explicitly and objectively focuses on the ergonomic issues faced by Ms. A.V without relying on implied context.', 'Evaluate the depth of problem definition to confirm it goes beyond superficial description and includes detailed impacts on productivity and health.', 'Assess the elaboration for clear, specific examples and integration of ergonomic principles rather than general statements or subjective opinions.', 'Verify that the stakeholder groups listed represent distinct and primary groups affected by the problem rather than overlapping or secondary mentions.', 'Consider the credibility, timeliness, and variety of sources cited to ensure they adequately support the problem justification and are not primarily opinion-based.']","['Examine whether the problem identification explicitly and objectively focuses on the ergonomic issues faced by Ms. A.V without relying on implied context.', 'Evaluate the depth of problem definition to confirm it goes beyond superficial description and includes detailed impacts on productivity and health.', 'Assess the elaboration for clear, specific examples and integration of ergonomic principles rather than general statements or subjective opinions.', 'Verify that the stakeholder groups listed represent distinct and primary groups affected by the problem rather than overlapping or secondary mentions.', 'Consider the credibility, timeliness, and variety of sources cited to ensure they adequately support the problem justification and are not primarily opinion-based.']","The problem identification is clear and objective, focusing on Ms. A.V's poor ergonomic desk affecting her productivity and health. The description is specific to her situation and the general issue of ergonomics in workspaces, though it could be more detailed in some areas.","The problem is defined with adequate depth, detailing the specific ergonomic issues with Ms. A.V's desk, the impact on her productivity and health, and the broader implications for remote workers and society, but some aspects could be further developed.","The problem is elaborated with multiple aspects including workspace size, storage, health consequences, and productivity effects. The elaboration includes references to ergonomic principles and health studies, although some points could be more cohesively integrated.","The justification highlights several primary stakeholder groups: Ms. A.V (user), mentors (project team), secondary stakeholders like employers and furniture manufacturers, and global employees affected by ergonomic issues, but the analysis could be more detailed.","The problem justification uses multiple credible, timely, and varied sources including WHO, National Library of Medicine, Chartered Institute of Ergonomics, and reputable media outlets, providing support for health and productivity claims, though some sources could be more directly connected to specific points.","This submission presents a generally clear justification of the ergonomic desk problem faced by Ms. A.V, linking personal and broader societal impacts. The problem identification is clear and objective, though some details could be expanded. The problem definition provides adequate depth by discussing specific ergonomic shortcomings and their consequences, with room for further development. The elaboration covers workspace limitations, health risks, and productivity effects, but some points could be more cohesively integrated. The identification of stakeholders includes primary and secondary groups, though the analysis could be more detailed. The use of sources is a strength, with multiple credible and varied references supporting the claims, but some connections to specific points could be clearer. Objective detail is mostly consistent, with relevant statistics and study results enhancing the justification. To improve, better integration of elaborations and more detailed stakeholder impact analysis would be beneficial. Overall, the submission demonstrates an adequate understanding of the problem and its significance, with opportunities for refinement in coherence and depth.",4
Case094_555203.pdf,,Placeholder text for scoring.,5,5,5,2,0,3,5,5,5,4,3,4,,,,,,,"['Examine whether the problem identification explicitly and objectively states the problem without ambiguity or assumptions.', 'Evaluate if the problem definition sufficiently addresses all key aspects such as who, what, where, when, why, and how often, and whether it goes beyond superficial description.', 'Assess the credibility, timeliness, and variety of the cited sources to determine if they adequately support the problem justification.', 'Consider whether the identified stakeholder groups represent distinct and primary groups affected by the problem rather than overlapping or secondary mentions.', 'Review the extent and consistency of objective detail in the problem justification, distinguishing between general statements and well-supported facts.']","['Examine whether the problem identification explicitly and objectively states the problem without ambiguity or assumptions.', 'Evaluate if the problem definition sufficiently addresses all key aspects such as who, what, where, when, why, and how often, and whether it goes beyond superficial description.', 'Assess the credibility, timeliness, and variety of the cited sources to determine if they adequately support the problem justification.', 'Consider whether the identified stakeholder groups represent distinct and primary groups affected by the problem rather than overlapping or secondary mentions.', 'Review the extent and consistency of objective detail in the problem justification, distinguishing between general statements and well-supported facts.']","The problem identification is clear and objective. It explicitly states who has the problem (Ms. Tatro), what the problem is (insufficient bookends), why it is a problem (current supply is insufficient and purchasing more is costly), and the intended solution (designing bookends from recycled materials). The description is precise and leaves little ambiguity.","The problem definition is provided in depth, addressing the who, what, where, when, why, how often, unique situations, and size of the issue. This approach covers multiple facets of the problem context and scope, demonstrating a solid understanding.","The problem elaboration is developed, extending the issue beyond the immediate context to other schools and libraries, discussing budget constraints, environmental responsibility, and potential broader impact. This shows an elaborated understanding of the problem's significance and implications.","The document identifies several primary stakeholder groups: the librarian, students, teachers, and also mentions secondary stakeholders such as school administrators and custodial staff. While the secondary stakeholders are noted, the focus is on several primary groups, which supports a strong score but not the highest since not all possible primary stakeholders are covered.","The problem justification cites three sources: American Library Association, Education Week, and a 2023 School Library Journal survey. These are credible and timely sources, but the variety is somewhat limited and the number is moderate. The sources support the problem justification adequately but do not reach the highest level of numerous and various sources.","This submission presents a clear and objective identification of the problem, defining it with detailed context about the stakeholders, location, timing, and scope. The elaboration extends the problem beyond the immediate setting, highlighting broader relevance and environmental benefits, which supports the justification. Multiple primary stakeholders are identified, including librarian, students, and teachers, with mention of secondary groups, showing a solid understanding of those affected. The problem justification is supported by credible and timely sources, though the variety and number of sources could be expanded to enhance credibility further. Objective details such as statistics and survey results are generally consistent and well integrated, supporting the problem’s importance. To improve, the document could include more diverse sources and deepen the discussion of all primary stakeholders, possibly including parents or school board members. Additionally, clarifying some subjective statements with more data would strengthen the objective detail. Overall, the document is structured and comprehensive, effectively communicating the problem and its significance while providing a foundation for the design solution.",4.333333333
Case095_544334.pdf,,Placeholder text for scoring.,5,4,4,3,3,4,5,5,5,4,3,4,,,,,,,"['Examine whether the problem identification explicitly and objectively states the problem and its context without relying on assumptions.', 'Evaluate if the problem definition fully addresses all aspects of who, what, where, when, why, how often, and the size of the problem as claimed.', 'Assess the credibility, timeliness, and variety of the cited sources to determine if they sufficiently support the problem justification.', 'Consider whether the identified stakeholder groups represent distinct and primary groups affected by the problem rather than overlapping or secondary mentions.', 'Review the level of objective detail in the problem justification, checking for consistent use of data and clear articulation without ambiguity or unsupported claims.']","['Examine whether the problem identification explicitly and objectively states the problem and its context without relying on assumptions.', 'Evaluate if the problem definition fully addresses all aspects of who, what, where, when, why, how often, and the size of the problem as claimed.', 'Assess the credibility, timeliness, and variety of the cited sources to determine if they sufficiently support the problem justification.', 'Consider whether the identified stakeholder groups represent distinct and primary groups affected by the problem rather than overlapping or secondary mentions.', 'Review the level of objective detail in the problem justification, checking for consistent use of data and clear articulation without ambiguity or unsupported claims.']","The problem identification is clear and objective. It explicitly states who has the problem (Ms. Tatro), what the problem is (insufficient bookends), why it is a problem (current supply is insufficient and purchasing more is costly), and the intended solution (designing bookends from recycled materials with specific functional requirements).","The problem definition is provided in good depth, addressing the who, what, where, when, why, how often, unique situations, and size of the issue. This coverage goes beyond basic depth, giving a solid contextual understanding of the problem.","The problem elaboration is well developed, extending the issue beyond the immediate context to other schools and libraries, discussing budget constraints, environmental responsibility, and potential broader impact. This shows a thorough and reasonably elaborated understanding.","The document identifies several primary stakeholder groups: the librarian, students, teachers, and also mentions secondary stakeholders like administrators and custodial staff. While the secondary stakeholders are noted, the focus is on several primary groups, supporting a strong score but not the highest as not all possible stakeholders are covered.","The problem justification cites three sources: American Library Association, Education Week, and School Library Journal. These are credible and timely sources, but the variety is somewhat limited and the number is moderate, so the justification is credible and timely but not extensive or highly varied.","This submission presents a clear and objective problem identification and definition, addressing the context, stakeholders, and scope of the issue with solid detail. The elaboration extends the problem beyond the immediate setting, highlighting environmental and budgetary concerns, which supports the justification. Multiple primary stakeholders are identified, including librarian, students, and teachers, with secondary stakeholders also mentioned, though the focus remains on several key groups. The problem justification is supported by credible and timely sources, but the variety and number of sources could be expanded to enhance robustness. Objective details such as statistics and budget constraints are generally well presented, though minor clarity and typographical issues slightly detract from the polish. To improve, consider incorporating a wider range of sources, including academic or governmental studies, and ensure all details are clearly and professionally presented. Additionally, expanding on the concerns of secondary stakeholders and possibly other affected groups could strengthen the stakeholder analysis. Overall, the submission demonstrates a solid understanding and justification of the problem with room for refinement in source variety and presentation clarity.",4.333333333
Case096_233432.pdf,,Placeholder text for scoring.,2,3,3,4,3,2,4,4,4,4,3,4,,,,,,,"['Examine whether the problem statement explicitly and objectively identifies the core issue without ambiguity or assumptions.', 'Evaluate the depth of the problem definition by checking if specific examples and consequences are clearly explained and connected to the problem.', 'Assess whether the stakeholder groups listed represent truly distinct groups rather than overlapping or redundant categories.', 'Consider the credibility, timeliness, and variety of sources cited to determine if they sufficiently support the problem justification.', 'Review the extent and consistency of objective detail provided, especially the use of quantitative data and authoritative evidence.']","['Examine whether the problem statement explicitly and objectively identifies the core issue without ambiguity or assumptions.', 'Evaluate the depth of the problem definition by checking if specific examples and consequences are clearly explained and connected to the problem.', 'Assess whether the stakeholder groups listed represent truly distinct groups rather than overlapping or redundant categories.', 'Consider the credibility, timeliness, and variety of sources cited to determine if they sufficiently support the problem justification.', 'Review the extent and consistency of objective detail provided, especially the use of quantitative data and authoritative evidence.']","The problem identification is clearly stated and objective: the development office has an overflow of items causing clutter that hinders workflow and efficiency, and is unsatisfactory to donors and visitors. The description is focused on the issue.","The problem is defined with adequate depth, describing the types of items involved, their impact on workflow, safety hazards, and the negative impression on visitors and donors. The explanation includes specific examples such as graduation boxes, fragile items, and blocked hallways.","The problem is elaborated with several details about how clutter affects different activities and stakeholders, including safety risks, workflow disruption, and visitor impressions. The elaboration is clear and developed but could be more comprehensive to reach a higher level.","The document identifies multiple primary stakeholder groups: faculty members in the development office, donors, future students, alumni, maintenance staff, cleaning teams, and student interns. This represents several distinct groups affected by the problem.","The justification uses credible and timely sources: a 2024 survey on workspace organization and a 2023 OSHA article on workplace hazards, plus a nonprofit development blog. However, the variety is somewhat limited and the nonprofit blog is less authoritative, so the sources are credible and timely but not very varied or numerous.","This submission presents a clear and objective identification of the problem, focusing on clutter and inefficiency in the development office. The problem definition is adequately developed, describing specific items, safety concerns, and the impact on workflow and visitor impressions. The elaboration provides several examples and consequences, though it could be expanded with more quantitative data or deeper analysis. The document identifies multiple distinct stakeholder groups, including faculty, donors, students, maintenance, and cleaning staff, showing an understanding of those affected. The problem justification is supported by credible and timely sources, such as a recent survey and OSHA data, but the variety and number of sources are somewhat limited. Objective detail is mostly consistent, with relevant statistics and safety information, though some claims could be better quantified. To improve, incorporating a wider range of authoritative sources and including more precise data to strengthen the justification would be beneficial. Additionally, deeper elaboration on the problem’s broader impacts and potential consequences would enhance the overall presentation.",3.833333333
Case097_432432.pdf,,Placeholder text for scoring.,4,3,2,4,3,2,4,4,4,4,3,4,,,,,,,"['Examine whether the problem statement explicitly and objectively identifies the core issue without ambiguity or assumptions.', 'Evaluate the depth of problem definition by checking if the description includes specific examples and multiple dimensions of the problem.', 'Assess the range and distinctness of stakeholder groups mentioned to confirm they represent truly separate groups affected by the problem.', 'Consider whether the sources cited are sufficiently varied and credible to support a strong justification rather than relying on a limited set.', 'Review the extent and consistency of objective detail provided, especially the use of quantitative data and concrete examples to support claims.']","['Examine whether the problem statement explicitly and objectively identifies the core issue without ambiguity or assumptions.', 'Evaluate the depth of problem definition by checking if the description includes specific examples and multiple dimensions of the problem.', 'Assess the range and distinctness of stakeholder groups mentioned to confirm they represent truly separate groups affected by the problem.', 'Consider whether the sources cited are sufficiently varied and credible to support a strong justification rather than relying on a limited set.', 'Review the extent and consistency of objective detail provided, especially the use of quantitative data and concrete examples to support claims.']","The problem identification is clearly stated and objective: the development office has an overflow of items causing clutter that hinders workflow and efficiency, and is unsatisfactory to donors and visitors. The description is focused on the core issue.","The problem is defined with adequate depth, detailing the types of items causing clutter, the impact on workflow, safety hazards, and the negative impression on donors and visitors. The description includes specific examples such as graduation boxes, fragile items, and blocked hallways.","The problem is elaborated with several facets including safety hazards, workflow disruption, stakeholder inconvenience, and potential impact on donations. The elaboration is clear and supported by examples, though it could be more detailed in quantifying impacts.","The document identifies many primary stakeholder groups: development office faculty, donors, visitors, alumni, maintenance staff, cleaning teams, student interns, and nearby faculty and students. These represent a broad and diverse set of stakeholders affected by the problem.","The justification uses credible and timely sources including a 2024 survey on workspace organization and a 2023 OSHA report on workplace hazards, plus a nonprofit development blog. However, the sources are limited in variety and number, with only three cited.","This submission presents a generally clear and objective identification of the problem, focusing on clutter and inefficiency in the development office. The problem definition provides adequate detail, describing specific items causing clutter and the resulting workflow and safety issues. The elaboration addresses multiple impacts including safety hazards and stakeholder inconvenience, supported by examples but with limited quantification. The document identifies a wide range of primary stakeholders, demonstrating awareness of diverse affected groups. The problem justification is supported by credible and timely sources, such as a recent survey and OSHA data, though the number and variety of sources could be expanded to strengthen the argument. Objective detail is mostly consistent, with relevant statistics and examples enhancing the justification, although some details could be more precise. To improve, including more quantitative data on the extent of clutter and its impact, incorporating additional varied sources, and further elaborating on how the problem affects each stakeholder group specifically would enhance clarity and depth. Overall, the presentation is structured and provides a reasonable argument but could benefit from more comprehensive evidence and detailed elaboration.",3.833333333
Case098_210202.pdf,,Placeholder text for scoring.,2,1,0,2,0,2,5,4,4,3,4,4,,,,,,,"['Examine whether the problem statement explicitly and objectively defines the challenge without relying on implied context from the competition description.', 'Assess if the listed stakeholders represent truly distinct groups with different concerns or if some are overlapping or secondary beneficiaries.', 'Evaluate the variety and credibility of sources cited, particularly the weight given to internal testing data versus external expert and guideline references.', 'Consider the extent to which objective detail is consistently integrated throughout the justification rather than presented in isolated statements.', 'Verify that the problem elaboration goes beyond general descriptions to include specific technical or operational challenges faced by low-budget ROVs.']","['Examine whether the problem statement explicitly and objectively defines the challenge without relying on implied context from the competition description.', 'Assess if the listed stakeholders represent truly distinct groups with different concerns or if some are overlapping or secondary beneficiaries.', 'Evaluate the variety and credibility of sources cited, particularly the weight given to internal testing data versus external expert and guideline references.', 'Consider the extent to which objective detail is consistently integrated throughout the justification rather than presented in isolated statements.', 'Verify that the problem elaboration goes beyond general descriptions to include specific technical or operational challenges faced by low-budget ROVs.']","The problem identification is clear and objective, explicitly stating the challenge from the 2025 MATE Ranger competition and the specific technical underwater missions required.","The problem definition is adequately developed, detailing measurable success benchmarks, specific task requirements, and prior design failures that justify the need for refinement.","The problem is elaborated with relevant details about the types of missions, performance criteria, and issues with existing low-budget ROVs, showing a reasonable level of elaboration though not fully exhaustive.","Several primary stakeholder groups are identified: engineering team, competition judges, and educational mentors, with secondary beneficiaries mentioned. This meets the level for several groups but not many or almost all.","Justification is supported by multiple credible and timely sources including competition guidelines, expert review, comparative specs, and prototype testing data, showing a range of credible sources.","This document presents a clear and objective identification of the problem, based on the 2025 MATE Ranger competition requirements. The problem definition is adequately developed, with measurable goals and prior design challenges clearly described. The elaboration provides relevant context about the missions and performance issues, although further depth on technical challenges could improve clarity. The identification of primary stakeholders is sufficient, naming the engineering team, judges, and mentors, but could be expanded to include more distinct groups for a stronger justification. The problem justification is supported by multiple credible and varied sources, including expert review and prototype data, which contributes to the argument. Objective detail is generally consistent, with measurable benchmarks and testing results, though integrating these details more thoroughly would enhance the justification. To improve, consider expanding stakeholder analysis to include additional groups affected by the problem and deepen the elaboration of technical challenges. Additionally, integrating objective data more consistently throughout the justification will improve clarity and persuasiveness.",4
Case099_323201.pdf,,Placeholder text for scoring.,3,2,3,2,0,1,5,4,4,3,4,4,,,,,,,"['Examine whether the problem statement explicitly and objectively defines the challenge without relying on implied context.', 'Evaluate the depth of the problem definition by checking for measurable goals and references to prior failures or challenges.', 'Assess the variety and credibility of sources cited to support the problem justification, noting if they are timely and diverse.', 'Consider whether the identified stakeholders represent distinct groups with differing concerns or if they overlap significantly.', 'Review the consistency and clarity of objective details provided to justify the problem, ensuring they are explicit rather than implied.']","['Examine whether the problem statement explicitly and objectively defines the challenge without relying on implied context.', 'Evaluate the depth of the problem definition by checking for measurable goals and references to prior failures or challenges.', 'Assess the variety and credibility of sources cited to support the problem justification, noting if they are timely and diverse.', 'Consider whether the identified stakeholders represent distinct groups with differing concerns or if they overlap significantly.', 'Review the consistency and clarity of objective details provided to justify the problem, ensuring they are explicit rather than implied.']","The problem identification is clear and objective, explicitly stating the challenge from the 2025 MATE Ranger competition and detailing the specific tasks and constraints involved.","The problem definition provides adequate depth, describing measurable success benchmarks, specific task requirements, and prior design failures that justify the need for refinement.","The problem is elaborated with relevant details about the types of missions, performance criteria, and issues with previous designs, providing a reasonable elaboration though not extensively detailed.","Several primary stakeholder groups are identified: the engineering team, competition judges, and educational mentors, with secondary beneficiaries also mentioned, but the number of distinct primary groups is moderate.","Justification is supported by multiple credible and timely sources including competition guidelines, expert review, comparative specs, and prototype testing data, showing a range of credible sources.","This write-up presents a clear and objective identification of the problem, rooted in the specific requirements of the 2025 MATE Ranger competition. The problem definition is adequately developed, with measurable goals and references to prior design challenges, demonstrating sufficient depth. The elaboration provides relevant details about the nature of the missions and performance criteria, though it could benefit from further expansion on technical challenges. The identification of primary stakeholders is adequate, naming several distinct groups involved in or affected by the project, but the range could be broadened to include additional relevant parties. The justification is supported by a variety of credible and timely sources, including expert review and testing data, which supports the argument. Objective detail is generally consistent, with clear benchmarks and data references, though some areas could be more explicitly detailed to enhance clarity. To improve, the team should consider expanding the elaboration of technical challenges and stakeholder analysis, and ensure all objective details are consistently explicit. Including more diverse stakeholder perspectives and deeper technical insights would strengthen the justification further.",4
Case100_334122.pdf,,Placeholder text for scoring.,3,3,4,1,2,2,4,4,4,2,3,4,,,,,,,"[""Examine whether the problem statement sufficiently distinguishes the device's unique requirements and context to justify a high clarity rating."", 'Evaluate if the problem definition includes enough technical and contextual depth to support a score beyond adequate.', 'Assess whether the stakeholder discussion adequately identifies distinct groups beyond the professor and students to justify a higher score.', 'Consider the credibility, timeliness, and variety of sources cited and whether they collectively support a strong justification.', 'Review the extent and consistency of objective detail in the problem justification, especially regarding cleaning protocols and device cost.']","[""Examine whether the problem statement sufficiently distinguishes the device's unique requirements and context to justify a high clarity rating."", 'Evaluate if the problem definition includes enough technical and contextual depth to support a score beyond adequate.', 'Assess whether the stakeholder discussion adequately identifies distinct groups beyond the professor and students to justify a higher score.', 'Consider the credibility, timeliness, and variety of sources cited and whether they collectively support a strong justification.', 'Review the extent and consistency of objective detail in the problem justification, especially regarding cleaning protocols and device cost.']","The problem identification is clearly stated and objective: the need for a device to measure Maximum Inspiratory Pressure (MIP) that is mass-producible, reusable, and easy to clean for a large physical therapy class. The description includes the context, the user, and the device requirements, making it clear and objective but somewhat limited in detail or nuance to support a higher score.","The problem definition is adequate, describing the device's purpose, the need for mass production, reusability, safety, and cleaning requirements. It also explains why the device is important for the curriculum and the current lack of devices. However, it lacks deeper technical or contextual analysis that would justify a higher score.","The problem elaboration is developed, discussing potential broader applications beyond the initial class, including other courses, athletes, and hospitals during pandemics. This shows consideration of the problem's impact, though some elaboration could be more detailed or supported with data.","The document identifies two primary stakeholder groups: Dr. Brossman and the Drexel students (and Drexel University). These are distinct but limited in number. No additional stakeholder groups such as hospital patients, athletes, or manufacturers are explicitly identified as primary stakeholders, so the score is limited to 'at least a few.'","The justification uses multiple sources, including medical professionals, reputable websites, and cleaning guidelines from a commercial respiratory diagnostics company. The sources are credible and timely but somewhat limited in variety and depth, with some reliance on organizational websites and a few academic references.","This submission presents a clear and objective problem identification and definition, focusing on the need for an affordable, reusable MIP device for a large physical therapy class. The elaboration extends the problem's relevance to other academic courses, athletes, and hospital settings, demonstrating consideration of broader impacts. However, the stakeholder analysis is limited, identifying only two primary groups without expanding to other relevant parties such as healthcare providers or manufacturers. The problem justification is supported by multiple credible sources, including medical experts and reputable organizations, but the variety and depth of sources could be improved to strengthen the argument. Objective detail is mostly consistent, with thorough cleaning protocols and cost considerations, though some claims about breathing benefits could be better substantiated. To improve, the team should explicitly identify and discuss additional stakeholder groups affected by the device, incorporate a wider range of credible and varied sources, and provide more detailed, evidence-based elaboration on the physiological and practical importance of the device. Enhancing these areas will deepen the problem understanding and justification, making the project foundation more robust.",3.5
Case101_544345.pdf,,Placeholder text for scoring.,5,4,4,3,4,5,4,4,4,3,4,4,,,,,,,"['Examine whether the problem identification includes all necessary quantitative details to be considered fully clear and objective.', 'Evaluate if the problem definition sufficiently explores the context and consequences to justify a higher depth rating.', 'Assess the distinctness and number of stakeholder groups to confirm the adequacy of stakeholder coverage.', 'Consider the variety and credibility of sources cited to determine if they meet the threshold for numerous and varied evidence.', 'Review the extent to which objective data is integrated consistently throughout the justification rather than relying on general statements.']","['Examine whether the problem identification includes all necessary quantitative details to be considered fully clear and objective.', 'Evaluate if the problem definition sufficiently explores the context and consequences to justify a higher depth rating.', 'Assess the distinctness and number of stakeholder groups to confirm the adequacy of stakeholder coverage.', 'Consider the variety and credibility of sources cited to determine if they meet the threshold for numerous and varied evidence.', 'Review the extent to which objective data is integrated consistently throughout the justification rather than relying on general statements.']","The problem identification is generally clear and objective, describing the specific issue with the glass shelves bending under the weight of ceramic artwork, including quantitative details such as shelf length, weight, and pottery density.","The problem definition provides adequate depth, explaining the context of the art showcase, the inadequacy of the shelves, and the consequences of the problem for displaying artwork effectively.","The problem is elaborated with explanations about the physical causes of shelf failure, the risks of glass shattering, and broader implications including examples from other contexts like earthquake damage and material properties.","Several primary stakeholder groups are identified: art teachers, art students, and other students and staff at the school. While these are distinct groups, the total number is limited to three, which fits the 'several' category but not 'many' or 'almost all.'","The justification is supported by multiple credible and timely sources, including government recall data, industry expert articles, and research studies. The sources are varied and relevant, though not numerous enough to reach the highest level.","This submission presents a generally clear and adequately articulated problem regarding the inadequacy of glass shelves in an art showcase, supported by quantitative details and contextual information. The elaboration provides relevant technical explanations and real-world examples that highlight the risks and consequences of shelf failure. The identification of stakeholder groups is adequate, covering teachers, students, and the broader school community, though expanding to include additional relevant groups could strengthen this aspect. The problem justification is supported by multiple credible and varied sources, including government recalls and expert articles, which contribute to the argument's credibility. Objective detail is mostly consistent, with data and research findings integrated, though some claims could benefit from more precise quantification or clearer linkage to the problem context. To improve, the work could deepen the problem definition by exploring more technical aspects or alternative solutions, broaden stakeholder analysis to include other affected parties such as parents or school administrators, and ensure all claims are fully supported by objective data. Overall, the submission demonstrates adequate research and reasoning skills but would benefit from more comprehensive stakeholder consideration and somewhat more rigorous detail in justification.",3.833333333
Case102_544355.pdf,,Placeholder text for scoring.,5,4,4,3,5,5,4,4,4,3,4,4,,,,,,,"['Examine whether the problem identification includes all necessary quantitative details to justify a clear and objective statement.', 'Evaluate if the problem definition sufficiently explains the context and consequences beyond the immediate issue to warrant a higher depth score.', 'Assess the distinctness and number of stakeholder groups mentioned to determine if they qualify as several or many primary stakeholders.', 'Consider the variety and credibility of sources cited, especially distinguishing between expert, governmental, and anecdotal evidence.', 'Review the extent and consistency of objective detail provided, particularly the use of quantitative data and research findings supporting the problem justification.']","['Examine whether the problem identification includes all necessary quantitative details to justify a clear and objective statement.', 'Evaluate if the problem definition sufficiently explains the context and consequences beyond the immediate issue to warrant a higher depth score.', 'Assess the distinctness and number of stakeholder groups mentioned to determine if they qualify as several or many primary stakeholders.', 'Consider the variety and credibility of sources cited, especially distinguishing between expert, governmental, and anecdotal evidence.', 'Review the extent and consistency of objective detail provided, particularly the use of quantitative data and research findings supporting the problem justification.']","The problem identification is generally clear and objective, describing the specific issue with the glass shelves bending under the weight of ceramic artwork, including quantitative details such as shelf length, weight, and pottery density.","The problem definition provides adequate depth, explaining the context of the art showcase, the limitations of the current shelves, and the consequences of the problem for displaying artwork effectively.","The problem is elaborated with explanations about the physical causes of shelf failure, the risks of glass shattering, and broader implications including examples from other contexts like earthquake damage and material properties.","Several primary stakeholder groups are identified: art teachers, art students, and other students and staff at the school. While these are distinct groups, the number is limited to three, which fits the 'several' category but not 'many' or 'almost all.'","The justification is based on multiple credible and timely sources, including government recall data, industry expert articles, and research studies. The sources are varied and relevant, though not numerous enough to reach the highest level.","This submission presents a generally clear identification and definition of the problem related to the instability of glass shelves in an art showcase. The elaboration provides explanations of the physical and safety issues involved, supported by relevant examples and material properties. The identification of stakeholder groups is adequate, covering teachers, students, and the broader school community, though expanding to include additional stakeholders such as maintenance staff or parents could strengthen this aspect. The problem justification is supported by multiple credible and timely sources, including government recalls and expert articles, which contribute to the argument's validity. Objective detail is mostly consistent, with quantitative data and injury statistics that reinforce the problem's seriousness. To improve, the problem definition could include more technical details or alternative perspectives, stakeholder diversity could be elaborated further, and a wider variety of sources could be incorporated to reach a higher level of justification. Additionally, ensuring all claims are fully supported by objective data rather than general statements would enhance the overall rigor.",3.833333333
Case103_441152.docx,,Placeholder text for scoring.,4,4,1,1,5,2,4,3,4,2,4,4,,,,,,,"['Examine whether the problem statement sufficiently distinguishes the problem from its causes and effects to justify a high clarity rating.', 'Evaluate if the explanation of salt damage and temperature effects provides enough technical depth to support a more than adequate problem definition.', 'Consider whether the identified stakeholders represent distinct groups or if additional groups should be recognized to reflect the problem’s broader impact.', 'Assess the credibility and variety of sources to confirm they meet the criteria for multiple, timely, and varied authoritative references.', 'Review the level of objective detail in the chemical and physical explanations to determine if it consistently supports the problem justification.']","['Examine whether the problem statement sufficiently distinguishes the problem from its causes and effects to justify a high clarity rating.', 'Evaluate if the explanation of salt damage and temperature effects provides enough technical depth to support a more than adequate problem definition.', 'Consider whether the identified stakeholders represent distinct groups or if additional groups should be recognized to reflect the problem’s broader impact.', 'Assess the credibility and variety of sources to confirm they meet the criteria for multiple, timely, and varied authoritative references.', 'Review the level of objective detail in the chemical and physical explanations to determine if it consistently supports the problem justification.']","The problem of ice formation on concrete due to snow and temperature fluctuations is identified clearly and objectively. The description includes the cause (snow and cold weather), the effect (ice on concrete), and the worsening condition due to temperature variability, making the problem clear and objective but not extensively detailed.","The problem is defined with some depth by explaining the chemical damage caused by salt on concrete, including salt scaling/spalling and the role of temperature fluctuations. However, the definition lacks more detailed technical or quantitative aspects that would provide greater depth.","The problem is elaborated with explanations of the chemical reactions, the role of different salts, and the impact of temperature changes. The consequences for the school’s appearance and safety risks are also discussed, showing a developed elaboration though some points could be more detailed or supported.","The document mentions students, faculty, and teachers as stakeholders affected by the problem, which counts as a few primary stakeholder groups. However, it does not identify several or many distinct groups beyond these, limiting the score.","The problem justification is supported by multiple credible, timely, and varied sources including government, scientific, and industry publications. The sources are recent (2023-2024) and cover different aspects of the problem, meeting the criteria for a variety and credibility.","This submission identifies and objectively presents the problem of ice formation on concrete and the damaging effects of salt used for de-icing. The problem definition is developed to an adequate extent, explaining the chemical reactions and temperature effects, though it could benefit from deeper technical detail or quantitative data. The elaboration discusses both the chemical mechanisms and the practical consequences for safety and aesthetics, but some points could be more detailed or supported. Stakeholder consideration is limited to a few groups such as students, faculty, and teachers, and could be improved by identifying additional affected parties like maintenance staff or the school administration. The use of multiple credible and recent sources from government and industry supports the justification’s reliability and variety. Objective detail is mostly consistent, with clear explanations of chemical processes and environmental conditions, but could be strengthened with more precise data or examples. To improve, the work should expand the problem definition with more technical depth, broaden stakeholder analysis, and incorporate quantitative evidence to support the problem’s impact. Overall, the work demonstrates a foundation with room for deeper analysis and broader stakeholder engagement.",3.5
Case104_422102.pdf,,Placeholder text for scoring.,4,2,2,1,0,2,4,3,2,2,2,2,,,,,,,"['Examine whether the problem statement explicitly and objectively defines the core issue without ambiguity or assumptions.', 'Evaluate the depth of the problem definition to determine if it goes beyond surface-level description to include technical or contextual details.', 'Assess the extent and clarity of elaboration on the problem, noting if explanations are detailed or remain general and minimal.', 'Consider whether the identified stakeholders represent distinct groups with clearly articulated concerns rather than a limited or overlapping set.', 'Review the sources cited for credibility, variety, and integration into the justification to verify if they sufficiently support the problem argument.']","['Examine whether the problem statement explicitly and objectively defines the core issue without ambiguity or assumptions.', 'Evaluate the depth of the problem definition to determine if it goes beyond surface-level description to include technical or contextual details.', 'Assess the extent and clarity of elaboration on the problem, noting if explanations are detailed or remain general and minimal.', 'Consider whether the identified stakeholders represent distinct groups with clearly articulated concerns rather than a limited or overlapping set.', 'Review the sources cited for credibility, variety, and integration into the justification to verify if they sufficiently support the problem argument.']","The problem identification is stated and objective: the need for a reliable, mold-free water system for the greenhouse to support plant health and sanitation. The statement is clear and focused, though it could be more precise to reach a higher level.","The problem definition is generally adequate, describing the need for an irrigation system that prevents mold buildup and supports various plant hydration needs. However, it lacks depth such as detailed technical parameters or extensive contextual background.","The problem elaboration is limited. While some challenges and considerations are mentioned (e.g., water retention, drainage, plant hydration variability), the elaboration remains general and lacks detailed explanation or examples.","The document identifies a few primary stakeholder groups: students, school staff, farmers, biologists, and agricultural engineers. These represent some distinct groups but not many, and the concerns of these groups are only briefly mentioned.","The justification cites three sources: Water Technology Online, Gardener’s Supply Company, and Kellogg Garden. These are credible sources but limited in variety and number, and the citations are somewhat general rather than deeply integrated.","This submission identifies the problem of needing a reliable, mold-free irrigation system for a greenhouse with a clear and objective statement. The problem definition outlines key issues such as mold buildup and plant hydration needs but lacks deeper technical or contextual detail. The elaboration is limited, providing general considerations without thorough explanation or examples. Several primary stakeholders are mentioned, including students, staff, and agricultural professionals, though the discussion of their concerns is brief and could be expanded to better reflect diverse perspectives. The problem justification is supported by a few credible sources, though the variety and integration of these references could be improved to strengthen the argument. Objective detail is present but somewhat superficial, lacking consistent use of data or statistics to more fully argue the problem’s importance. To improve, the team should deepen the problem definition with more technical specifics, elaborate on stakeholder concerns with clearer distinctions, and incorporate a broader range of timely, credible sources with quantitative evidence. Enhancing these areas will provide a more comprehensive and persuasive presentation of the problem.",2.5
Case105_221001.pdf,,Placeholder text for scoring.,2,2,1,0,0,1,4,3,3,2,3,2,,,,,,,"['Examine whether the problem statement explicitly and objectively defines the core issue without ambiguity or assumptions.', 'Assess the depth of problem elaboration to determine if the discussion moves beyond general statements to detailed exploration of challenges and implications.', 'Verify the distinctness and number of stakeholder groups mentioned to ensure they represent separate primary stakeholders rather than overlapping or minimal groups.', 'Consider whether the sources cited are sufficiently varied and credible to support a strong justification, or if the reliance on a few similar sources limits the argument.', ""Evaluate the presence and consistency of objective detail, such as data or statistics, to confirm whether the justification convincingly demonstrates the problem's importance.""]","['Examine whether the problem statement explicitly and objectively defines the core issue without ambiguity or assumptions.', 'Assess the depth of problem elaboration to determine if the discussion moves beyond general statements to detailed exploration of challenges and implications.', 'Verify the distinctness and number of stakeholder groups mentioned to ensure they represent separate primary stakeholders rather than overlapping or minimal groups.', 'Consider whether the sources cited are sufficiently varied and credible to support a strong justification, or if the reliance on a few similar sources limits the argument.', ""Evaluate the presence and consistency of objective detail, such as data or statistics, to confirm whether the justification convincingly demonstrates the problem's importance.""]","The problem identification is stated clearly and objectively: the need for a reliable, mold-free water system in the greenhouse to support plant health and sanitation. The statement is direct and specific, describing the issue and its context without ambiguity, though it could be more detailed.","The problem definition is present but somewhat limited. It mentions key aspects such as water distribution, mold buildup, and plant hydration needs, but does not provide detailed technical or environmental context that would indicate a more developed understanding.","The problem elaboration is generally included, discussing challenges like water retention and drainage, and the importance of system flexibility for different plants. However, it remains somewhat general and does not explore the problem's complexities or broader implications in depth.","The document identifies several primary stakeholder groups: students, school staff, farmers, biologists, and agricultural engineers. While these represent distinct groups, the number is limited and the elaboration on their concerns is brief.","The justification uses three credible and timely sources from Water Technology Online, Gardener’s Supply Company, and Kellogg Garden, which are relevant and support the problem statement. However, the sources are somewhat limited in variety and number.","This submission presents a clear and focused problem identification regarding the need for a reliable, mold-free irrigation system in a greenhouse. The problem definition and elaboration cover relevant aspects but remain somewhat general and could benefit from more technical detail and broader exploration of challenges. Stakeholder groups are identified but limited in number and detail. The justification includes relevant sources that support the problem statement, though the variety and quantity of sources are limited. Objective details are provided through relevant quotes, but the argument would be strengthened by more consistent use of quantitative data to emphasize the problem's importance. To improve, the work should deepen the problem definition with additional technical and environmental context, expand on a wider range of stakeholders and their concerns, incorporate a broader and more varied set of credible sources, and include quantitative data to enhance the justification. These steps would contribute to a more comprehensive and compelling presentation of the problem.",2.833333333
Case106_222101.pdf,,Placeholder text for scoring.,2,2,2,1,0,1,4,2,2,2,0,2,,,,,,,"['Examine whether the description of stakeholders truly represents distinct groups or if some are overlapping or insufficiently differentiated.', 'Assess if the problem definition includes any implicit depth beyond the surface statements or if it remains largely superficial throughout.', ""Evaluate the presence or absence of any cited sources or evidence that could support the problem justification beyond the author's opinion."", 'Consider whether the objective details provided are specific and measurable or merely vague descriptors that do not substantiate the problem.', 'Verify that the problem identification is explicitly stated and not inferred from indirect or ambiguous statements.']","['Examine whether the description of stakeholders truly represents distinct groups or if some are overlapping or insufficiently differentiated.', 'Assess if the problem definition includes any implicit depth beyond the surface statements or if it remains largely superficial throughout.', ""Evaluate the presence or absence of any cited sources or evidence that could support the problem justification beyond the author's opinion."", 'Consider whether the objective details provided are specific and measurable or merely vague descriptors that do not substantiate the problem.', 'Verify that the problem identification is explicitly stated and not inferred from indirect or ambiguous statements.']","The problem identification is generally clear and objective, explicitly naming the stakeholders, the nature of the problem (clutter from multiple cologne bottles), and the context in which it occurs. The description is straightforward and understandable.","The problem definition is limited, providing basic information about the problem's occurrence and size but lacking depth such as underlying causes, consequences, or detailed context.","The problem elaboration is minimal, with mostly general statements repeated in different ways (e.g., clutter from multiple bottles). There is little detailed explanation or exploration of the problem's impact or nuances.","The document identifies a few primary stakeholder groups: cologne/perfume owners, people living with them, and cologne companies. These are distinct but limited in number, meeting the criteria for a few stakeholders.",No sources or external evidence are cited or referenced; the justification is based solely on the author's statements.,"This submission generally identifies the problem of clutter caused by multiple cologne or perfume bottles stored together, naming relevant stakeholders such as owners, cohabitants, and companies (A1, A4). However, the problem definition is limited, providing only a basic overview without exploring causes, effects, or broader implications (A2). The elaboration is minimal and somewhat repetitive, missing opportunities to discuss the problem's impact or variations in different contexts (A3). The justification relies entirely on the author's assertions without citing any external sources, which limits the argument's credibility (A5). While some objective details are included, such as frequency and location, these are somewhat vague and unsupported by data or research (A6). To improve, the work should deepen the problem definition by analyzing causes and consequences, elaborate on the problem's effects on different stakeholders, and incorporate credible, timely sources to support claims. Adding specific data or examples would enhance the objective detail and strengthen the justification. Overall, the submission provides a clear but underdeveloped presentation of the problem that would benefit from more thorough research and elaboration.",2
Case107_325223.pdf,,Placeholder text for scoring.,3,2,5,2,2,3,4,4,4,2,4,4,,,,,,,"[""Examine whether the problem identification includes sufficient measurable and objective details to distinguish between 'somewhat clear and objective' and 'clear and objective'."", 'Evaluate the depth of the problem definition to confirm if it fully addresses all aspects such as who, what, where, when, why, and how often with adequate detail.', 'Assess whether the problem elaboration sufficiently connects the problem to multiple broader contexts and if these connections are well supported or merely general statements.', 'Consider if the identification of primary stakeholders truly represents distinct groups or if the document mainly focuses on two individuals with similar roles.', ""Verify the credibility, timeliness, and variety of sources cited to ensure they meet the rubric's standards for multiple credible and varied sources.""]","[""Examine whether the problem identification includes sufficient measurable and objective details to distinguish between 'somewhat clear and objective' and 'clear and objective'."", 'Evaluate the depth of the problem definition to confirm if it fully addresses all aspects such as who, what, where, when, why, and how often with adequate detail.', 'Assess whether the problem elaboration sufficiently connects the problem to multiple broader contexts and if these connections are well supported or merely general statements.', 'Consider if the identification of primary stakeholders truly represents distinct groups or if the document mainly focuses on two individuals with similar roles.', ""Verify the credibility, timeliness, and variety of sources cited to ensure they meet the rubric's standards for multiple credible and varied sources.""]","The problem identification is stated clearly and objectively, describing the need for real-time environmental data monitoring in a greenhouse for educational purposes. It includes measurable details such as frequency of data collection and specific environmental factors. However, it lacks some depth and nuance that would support a higher score.","The problem definition provides adequate depth by detailing who is involved (Ms. Harmon and Ms. Albaugh), what they are doing (lab experiments), where (greenhouse), when (every 15 minutes for three days), and why (to avoid tedious manual data collection). The explanation is generally thorough but could include more technical or contextual detail to reach a higher level.","The problem elaboration is developed, connecting the greenhouse monitoring problem to broader contexts such as farms, gardens, animal environments, and school HVAC systems. It shows some breadth and relevance beyond the immediate problem, though additional detail or examples would strengthen the elaboration.","The document identifies two primary stakeholders: Ms. Harmon and Ms. Albaugh, both teachers with specific data needs. Their concerns are explained, but only two primary stakeholders are mentioned, which limits the representation of stakeholder groups to a few rather than several or many.","The problem justification cites three credible and timely sources: two peer-reviewed studies and a personal communication interview with stakeholders. The sources are varied (peer-reviewed journals and personal communication) and timely (2019 and 2021). The justification uses data and statistics to support the problem's importance, though the support could be more extensive.","This submission presents a generally clear and objective identification and definition of the problem, focusing on the need for automated environmental monitoring in a greenhouse setting. The elaboration extends the context to other relevant applications, indicating some consideration of the problem's broader impact. Stakeholder analysis is limited to two primary individuals, which restricts the depth of stakeholder representation. The problem justification is supported by multiple credible and timely sources, including peer-reviewed studies and stakeholder interviews, which contributes to the argument for the project's importance. Objective details such as specific data collection intervals and measurable outcomes are presented, though some areas could benefit from more continuous or varied quantitative evidence. To improve, the work could identify additional distinct stakeholder groups to deepen the justification and explore more nuanced technical or contextual details in the problem definition. Including more diverse sources or data points could also enhance the justification's comprehensiveness. Overall, the work is clear and mostly complete, with room for further elaboration and stakeholder inclusion to reach higher levels of the rubric.",3.666666667
Case108_444334.pdf,,Placeholder text for scoring.,4,4,4,3,3,4,4,4,4,2,4,4,,,,,,,"['Examine whether the problem identification clearly distinguishes the problem from the general situation and includes measurable, objective details.', 'Evaluate if the problem definition sufficiently addresses all aspects of who, what, where, when, why, and how often with adequate depth.', 'Consider whether the elaboration convincingly connects the problem to broader contexts and additional applications beyond the immediate scenario.', 'Assess if the identified stakeholders represent distinct groups or if the document primarily focuses on only one or two individuals.', 'Verify that the cited sources are not only credible and timely but also sufficiently varied to support a strong problem justification.']","['Examine whether the problem identification clearly distinguishes the problem from the general situation and includes measurable, objective details.', 'Evaluate if the problem definition sufficiently addresses all aspects of who, what, where, when, why, and how often with adequate depth.', 'Consider whether the elaboration convincingly connects the problem to broader contexts and additional applications beyond the immediate scenario.', 'Assess if the identified stakeholders represent distinct groups or if the document primarily focuses on only one or two individuals.', 'Verify that the cited sources are not only credible and timely but also sufficiently varied to support a strong problem justification.']","The problem identification is generally clear and objective, describing the need for real-time environmental data monitoring in a greenhouse for educational and experimental purposes. It specifies measurable factors like temperature and light intensity and explains why the current situation is problematic (inability to collect data frequently). However, it lacks the level of detail or comprehensiveness that would support a higher score.","The problem definition provides adequate depth by detailing who is involved (Ms. Harmon and Ms. Albaugh), what they are doing (lab experiments), where (greenhouse), when (every 15 minutes for three days), and why (to monitor conditions and use data for classes). It explains the difficulty of manual data collection. While it covers key aspects, it could be improved with more technical or contextual details.","The problem elaboration is developed, discussing broader applications beyond the greenhouse, such as farms, gardens, and animal environments. It connects the problem to HVAC monitoring and other school contexts, showing some breadth and relevance. The elaboration is clear and extends the problem's impact beyond the immediate stakeholders, though it is not extensively detailed.","The document identifies two primary stakeholders: Ms. Harmon and Ms. Albaugh, both teachers with specific data needs. Their concerns are explained, but only two stakeholder groups are mentioned, which limits the analysis to a few groups rather than several or many.",The problem justification cites three credible and timely sources: two peer-reviewed journal articles and a personal communication interview with stakeholders. The sources are varied (academic journals and stakeholder interview) and timely (2019 and 2021 studies). The citations are integrated with data and statistics supporting the problem's importance.,"This submission provides generally clear and objective identification and definition of the problem, outlining the need for automated environmental monitoring in a greenhouse setting. The problem definition includes relevant stakeholders, timing, and context, aiding understanding of the challenge. The elaboration broadens the problem’s relevance to other agricultural and environmental contexts, indicating some consideration of wider impacts. However, the stakeholder analysis is limited to two primary individuals, missing additional groups such as students or facility managers, which would enhance the justification. The use of credible, timely, and varied sources, including peer-reviewed studies and stakeholder interviews, supports the problem’s importance and urgency. Objective details include quantitative data on energy savings and plant health improvements, though some areas could benefit from more continuous or varied metrics to strengthen persuasiveness. To improve, expanding stakeholder identification and deepening the problem definition with more technical or contextual details are recommended. Including more diverse objective data points would also enhance the justification. Overall, the work is structured and informative but could be improved by broadening stakeholder perspectives and enriching objective evidence.",3.666666667
Case109_550503.pdf,,Placeholder text for scoring.,5,5,0,5,0,3,5,4,4,4,0,4,,,,,,,"['Examine whether the problem statement explicitly and objectively defines the core issue without relying on implied or vague language.', 'Assess if the document sufficiently distinguishes multiple primary stakeholder groups rather than conflating similar roles or perspectives.', 'Evaluate the presence and quality of external sources or references supporting the problem justification beyond team and mentor opinions.', 'Consider whether the problem elaboration includes enough technical or quantitative detail to move beyond general descriptions.', 'Verify that the objective details provided are consistent, measurable, and clearly linked to the problem justification.']","['Examine whether the problem statement explicitly and objectively defines the core issue without relying on implied or vague language.', 'Assess if the document sufficiently distinguishes multiple primary stakeholder groups rather than conflating similar roles or perspectives.', 'Evaluate the presence and quality of external sources or references supporting the problem justification beyond team and mentor opinions.', 'Consider whether the problem elaboration includes enough technical or quantitative detail to move beyond general descriptions.', 'Verify that the objective details provided are consistent, measurable, and clearly linked to the problem justification.']","The problem identification is clear and objective. The document explicitly states the main issue: the current animal lift's instability when lifting animals up to 2,000 pounds, explaining why this is dangerous and problematic for both animals and staff.","The problem is defined with adequate depth, including specific details about the lift's instability, the weight it must handle, and the consequences of instability. The document also discusses the history of the problem and previous design attempts, providing more context than a superficial description.","The problem is elaborated with explanations of the mechanical issues (lack of side-to-side and front-to-back support), the impact on animals and staff, and the challenges faced by previous teams. While the elaboration is sufficient, some technical details or quantitative data on instability are not provided, which limits the depth of analysis.","The document identifies several primary stakeholder groups: the Nashville Zoo as an institution, the Director of Animal Health, the Hospital Manager, veterinarians and vet techs, and the animals themselves. This represents multiple distinct primary stakeholders, though not necessarily all possible groups.","No external credible sources are cited. The justification relies entirely on the opinions and statements of the team and their mentors, with no references to research studies, publications, or other authoritative sources.","This project document presents a clear and objective identification of the problem, focusing on the instability of the animal lift and its risks to animals and staff. The problem definition includes historical context and specific challenges faced by previous teams, adding useful depth. The elaboration explains mechanical issues and stakeholder impacts, though it could be strengthened with more quantitative data or technical analysis. Multiple primary stakeholder groups are identified, demonstrating awareness of the problem’s broader impact. However, the justification lacks credible external sources, relying solely on internal opinions and mentor input, which limits the evidentiary basis. The document provides mostly objective detail with specific measurements and design requirements, supporting an understanding of constraints and goals. To improve, the team should incorporate credible, varied, and timely sources to strengthen justification and provide more quantitative data or analysis to deepen problem elaboration. Including more detailed technical evidence and external research would enhance the overall rigor and persuasiveness of the problem presentation.",3.5
Case110_433203.pdf,,Placeholder text for scoring.,4,3,3,2,0,3,5,4,4,4,0,4,,,,,,,"['Examine whether the problem statement is explicitly and objectively defined or if it relies on implied context.', 'Evaluate the depth of problem elaboration, particularly the technical details about stability issues and past design attempts.', 'Assess whether the listed stakeholders represent truly distinct groups or if some overlap reduces the count of primary stakeholders.', 'Consider the expectations for credible sources in problem justification and whether internal references to zoo staff meet this standard.', 'Verify the extent and consistency of objective detail provided, especially regarding measurements and design requirements.']","['Examine whether the problem statement is explicitly and objectively defined or if it relies on implied context.', 'Evaluate the depth of problem elaboration, particularly the technical details about stability issues and past design attempts.', 'Assess whether the listed stakeholders represent truly distinct groups or if some overlap reduces the count of primary stakeholders.', 'Consider the expectations for credible sources in problem justification and whether internal references to zoo staff meet this standard.', 'Verify the extent and consistency of objective detail provided, especially regarding measurements and design requirements.']","The problem identification is clear and objective. The document explicitly states the main issue: the current animal lift's instability when lifting animals up to 2,000 pounds, explaining why this is a problem for both animals and staff.","The problem is defined with adequate depth, including specific details about the lift's instability, the weight it must handle, and the consequences of instability. The document also discusses the history of the design and the specific stability challenges.","The problem is elaborated with explanations of past design attempts, specific stability issues (side-to-side and front-to-back), and the impact on animals and staff. Some elaboration could be more technical or detailed to better support the problem definition.","The document identifies several primary stakeholder groups: the Nashville Zoo, the Director of Animal Health, the Hospital Manager, veterinarians and vet techs, and the animals themselves. These represent multiple distinct groups affected by the problem.","No credible or external sources are cited. The justification relies entirely on the team's own statements and references to zoo professionals without citing any research, studies, or external documentation.","This project presents a clear and objective identification of the problem, focusing on the instability of the animal lift and its risks to both animals and zoo staff. The problem definition is adequately developed, providing context about the lift’s weight capacity and the history of design challenges. The elaboration includes previous design attempts and specific stability issues, though it could benefit from more technical detail to enhance clarity. Multiple primary stakeholder groups are identified, including zoo management, veterinary staff, and the animals, indicating an understanding of those affected. However, the justification lacks credible external sources or research references, relying solely on internal and anecdotal evidence, which limits the overall justification. The document provides mostly objective and measurable details, such as precise measurements and design requirements, supporting the problem’s significance and constraints. To improve, the team should incorporate credible, timely, and varied sources to strengthen their justification and consider adding more technical elaboration on the problem’s engineering aspects. Including external data or literature would also enhance the project’s rigor and credibility.",3.5
Case111_110100.pdf,,Placeholder text for scoring.,1,1,0,1,0,0,4,2,2,1,0,1,,,,,,,"['Evaluate whether the problem statement sufficiently distinguishes between the problem identification and its definition to justify the assigned depth score.', 'Consider if the named individuals represent distinct stakeholder groups or merely project participants when assessing stakeholder coverage.', 'Assess whether any implicit or indirect sources of evidence are present that might elevate the credibility of the problem justification beyond personal opinion.', 'Verify the extent to which the problem elaboration includes objective details or remains primarily subjective and general.', 'Determine if the description of the problem and its context provides enough clarity and specificity to support a higher score for objective detail.']","['Evaluate whether the problem statement sufficiently distinguishes between the problem identification and its definition to justify the assigned depth score.', 'Consider if the named individuals represent distinct stakeholder groups or merely project participants when assessing stakeholder coverage.', 'Assess whether any implicit or indirect sources of evidence are present that might elevate the credibility of the problem justification beyond personal opinion.', 'Verify the extent to which the problem elaboration includes objective details or remains primarily subjective and general.', 'Determine if the description of the problem and its context provides enough clarity and specificity to support a higher score for objective detail.']","The problem is identified as seedlings receiving either too much or too little sunlight, causing wilting or death. The statement is clear and understandable.","The problem definition is basic, mentioning the issue of sunlight exposure affecting seedlings but providing limited explanation of the problem's scope, impact, or underlying causes.","The problem is briefly elaborated with some context about the need for a device to help people who cannot constantly care for seedlings, but lacks detailed elaboration or supporting information.","Only a few individuals are named as stakeholders (group members, teacher), without clear identification of distinct primary stakeholder groups such as gardeners, plant nurseries, or consumers.",No credible or external sources are cited; the justification is based solely on the authors' statements and opinions.,"This submission identifies the problem of seedlings receiving inappropriate sunlight, providing a clear starting point. However, the problem definition is basic and lacks depth regarding the broader context or consequences. The elaboration is limited, offering only a simple rationale for the device without supporting details or examples. Stakeholder identification is minimal, listing only a few individuals without distinguishing primary stakeholder groups affected by the problem. The justification does not include credible sources or evidence, relying solely on the authors' opinions, which reduces the argument's credibility. Objective detail is sparse and somewhat unclear, with no quantitative data or specific observations to support the problem statement. To improve, the authors should develop the problem definition by exploring the impact and causes more thoroughly, identify and describe distinct stakeholder groups such as gardeners, plant sellers, or environmentalists, and incorporate credible, timely sources to support their claims. Adding objective data or examples would also strengthen the justification and provide clearer evidence of the problem's significance.",1.666666667
Case112_221100.pdf,,Placeholder text for scoring.,2,2,1,1,0,0,4,3,3,2,0,3,,,,,,,"['Examine whether the problem identification explicitly and objectively states the core issue or if it relies on vague or implied descriptions.', 'Assess the depth of problem definition by checking for detailed explanation beyond basic objectives, including causes and broader context.', 'Evaluate the range and distinctness of stakeholder groups mentioned to determine if multiple primary groups are clearly differentiated.', 'Consider whether any external credible sources are cited or referenced to support the problem justification or if it is solely based on team opinion.', 'Review the extent and consistency of objective detail provided in the justification, including measurable data and feedback specifics.']","['Examine whether the problem identification explicitly and objectively states the core issue or if it relies on vague or implied descriptions.', 'Assess the depth of problem definition by checking for detailed explanation beyond basic objectives, including causes and broader context.', 'Evaluate the range and distinctness of stakeholder groups mentioned to determine if multiple primary groups are clearly differentiated.', 'Consider whether any external credible sources are cited or referenced to support the problem justification or if it is solely based on team opinion.', 'Review the extent and consistency of objective detail provided in the justification, including measurable data and feedback specifics.']","The problem identification is stated clearly and objectively: neglected plants in the engineering lab due to lack of awareness and responsibility, with specific stakeholders (teachers and students) mentioned. The statement is direct and understandable, though it lacks more detailed elaboration.","The problem definition includes objectives such as tracking watering frequency and soil pH to determine plant health, which provides some depth. However, it does not explore the problem's causes or broader context in detail, limiting it to a somewhat general treatment.","The problem is elaborated with some explanation of stakeholder involvement challenges and system design complexity, but the elaboration remains fairly general and imprecise rather than fully developed or well elaborated.","Only two primary stakeholder groups are explicitly identified: teachers and students. No additional distinct stakeholder groups are mentioned, so the evidence supports a score reflecting a limited number of primary stakeholders.",No credible or external sources are cited or referenced. The justification is based solely on the team's observations and opinions without supporting evidence from research or authoritative sources.,"This project presents a clear and objective identification of the problem of neglected plants in the engineering lab, with specific stakeholders and measurable objectives outlined. The elaboration of the problem includes some discussion of challenges related to stakeholder involvement and system design, though it remains fairly general and could benefit from deeper analysis. The identification of stakeholders is limited to teachers and students, missing other potentially relevant groups such as lab managers or maintenance staff. The justification lacks external credible sources, relying solely on the team’s observations and feedback, which limits the evidentiary support for the problem’s significance. Objective details are generally present, including testing outcomes and expert feedback, but these could be expanded for greater clarity and completeness. To improve, the team should incorporate research or authoritative sources to strengthen justification, elaborate more thoroughly on the problem’s context and impact, and identify a broader range of stakeholders affected by the issue. Enhancing these areas will provide a more comprehensive and convincing presentation of the problem.",2.5
Case113_110101.pdf,,Placeholder text for scoring.,1,1,0,1,0,1,4,3,3,2,0,3,,,,,,,"['Examine whether the problem identification explicitly and objectively states the issue or if it relies on vague or subjective language.', 'Assess if the problem definition includes sufficient depth beyond surface-level description, such as causes, effects, or measurable objectives.', 'Evaluate the extent and precision of problem elaboration, noting if it moves beyond general statements to detailed explanation.', 'Consider whether the identified stakeholders represent distinct groups affected by the problem or if the list is limited and narrow.', 'Verify if any external credible sources are cited or if the justification is solely based on the team’s opinions and observations.']","['Examine whether the problem identification explicitly and objectively states the issue or if it relies on vague or subjective language.', 'Assess if the problem definition includes sufficient depth beyond surface-level description, such as causes, effects, or measurable objectives.', 'Evaluate the extent and precision of problem elaboration, noting if it moves beyond general statements to detailed explanation.', 'Consider whether the identified stakeholders represent distinct groups affected by the problem or if the list is limited and narrow.', 'Verify if any external credible sources are cited or if the justification is solely based on the team’s opinions and observations.']","The problem identification is clearly stated and objective: neglected plants in the engineering lab due to lack of awareness and responsibility, with specific stakeholders (teachers and students) mentioned. The statement is straightforward and understandable, though it lacks more detailed elaboration.","The problem definition includes objectives such as tracking watering frequency and soil pH to determine plant health, which shows some depth. However, it does not explore the problem's causes or broader context in detail, limiting it to a somewhat general rather than more developed explanation.","The problem is elaborated with mention of stakeholder involvement complexity and system design challenges, but the elaboration is somewhat imprecise and provides limited analysis or explanation.","Only two primary stakeholder groups are explicitly identified: teachers and students. No other distinct stakeholder groups are mentioned, so the evidence supports a score reflecting minimal identification of primary stakeholders.",No credible or external sources are cited or referenced. The justification relies solely on the team's observations and opinions.,"This project presents a clear and objective identification of the problem, focusing on neglected plants in the engineering lab and the lack of caretaker responsibility. The problem definition includes measurable objectives like tracking watering frequency and soil pH, though it could be expanded with more detailed exploration of underlying causes and broader impacts. The elaboration mentions challenges such as stakeholder involvement and system design but remains somewhat general and could benefit from more detailed analysis. Stakeholder consideration is limited to teachers and students, missing other potentially relevant groups such as lab managers or maintenance staff, which would strengthen the justification. The absence of credible external sources limits the support for the problem justification, as it relies solely on team observations and opinions. Objective detail is present through testing data and expert feedback, but more consistent and comprehensive detail would improve the justification. To enhance this work, the team should incorporate multiple credible sources to support the problem’s significance, expand stakeholder analysis to include additional groups, and provide more thorough elaboration on the problem’s context and implications.",2.5
Case114_555524.pdf,,Placeholder text for scoring.,5,5,5,5,2,4,5,4,4,3,1,4,,,,,,,"['Examine whether the interview with Nathaniel Hanna alone suffices as a credible and varied source or if additional external sources are necessary to justify the problem.', 'Assess if the identified stakeholder groups represent sufficiently distinct and comprehensive primary stakeholders or if some groups overlap or are missing.', 'Evaluate the depth and clarity of the problem definition, particularly whether technical and operational details are sufficiently developed to meet higher-level criteria.', 'Consider the extent to which objective details are consistently presented throughout the justification rather than intermittently or with subjective language.', 'Verify that the problem identification is explicitly stated and clearly distinguished from problem elaboration and justification to ensure accurate scoring.']","['Examine whether the interview with Nathaniel Hanna alone suffices as a credible and varied source or if additional external sources are necessary to justify the problem.', 'Assess if the identified stakeholder groups represent sufficiently distinct and comprehensive primary stakeholders or if some groups overlap or are missing.', 'Evaluate the depth and clarity of the problem definition, particularly whether technical and operational details are sufficiently developed to meet higher-level criteria.', 'Consider the extent to which objective details are consistently presented throughout the justification rather than intermittently or with subjective language.', 'Verify that the problem identification is explicitly stated and clearly distinguished from problem elaboration and justification to ensure accurate scoring.']","The problem identification is clear and objective. The document explicitly states the problem faced by the Nashville Zoo regarding the storage and transportation of Komodo dragons for medical examinations, detailing the safety concerns for both animals and handlers, and the inadequacies of the current system.","The problem definition is provided with adequate depth, describing the need for a variable box design to accommodate different dragon sizes, the medical procedures to be performed, and the safety issues with the current method. However, some aspects such as the exact technical requirements could be more detailed.","The problem is elaborated with relevant details about current practices, including the use of bait, Y-shaped poles, riot shields, and sedation protocols. The description of the dragons’ sizes and the medical needs adds to the elaboration, though some points could be more systematically organized.","Several primary stakeholder groups are identified: Nashville Zoo, head of reptiles, zookeepers, and veterinarians. These represent distinct groups but the list is somewhat limited to four groups, and some overlap exists between zookeepers and veterinarians as zoo staff.","The justification relies primarily on an interview with a single stakeholder (Nathaniel Hanna) and internal observations. No external credible or varied sources are cited, which limits the credibility and variety of sources.","This submission presents a clear and objective identification of the problem faced by the Nashville Zoo in safely transporting and medically examining Komodo dragons. The problem definition covers the need for a variable box design and safety concerns, though it could include more technical specificity. The elaboration includes relevant descriptions of current handling methods and medical requirements, but could be organized more systematically for clarity. The document identifies several primary stakeholder groups, including zoo management, zookeepers, and veterinarians, though the range is somewhat limited and could be expanded to include additional relevant groups. The justification depends heavily on a single interview source without external references, which reduces the credibility and variety of sources. Objective detail is generally consistent, with specific measurements and procedural descriptions supporting the problem justification. To improve, incorporating multiple credible and varied sources to strengthen justification, expanding stakeholder analysis to include more distinct groups, and providing more detailed technical requirements are recommended. Organizing elaboration points more systematically would also enhance clarity and impact.",3.5
Case115_331102.pdf,,Placeholder text for scoring.,3,3,1,1,0,2,5,4,4,2,0,3,,,,,,,"['Examine whether the problem statement sufficiently distinguishes between the concerns of different hunter subgroups or if it treats hunters as a single homogeneous group.', 'Evaluate if the absence of cited external sources should be considered a critical gap or if the personal experience and feedback provided can partially fulfill the requirement for justification.', ""Consider whether the elaboration on noise, fatigue, and mobility adequately supports the problem's significance or if more detailed evidence is necessary."", 'Verify the extent to which the problem definition includes technical or quantitative details that would justify a higher depth score.', 'Assess whether the objective details provided are consistent and specific enough to meet higher levels of detail or if they remain generally descriptive.']","['Examine whether the problem statement sufficiently distinguishes between the concerns of different hunter subgroups or if it treats hunters as a single homogeneous group.', 'Evaluate if the absence of cited external sources should be considered a critical gap or if the personal experience and feedback provided can partially fulfill the requirement for justification.', ""Consider whether the elaboration on noise, fatigue, and mobility adequately supports the problem's significance or if more detailed evidence is necessary."", 'Verify the extent to which the problem definition includes technical or quantitative details that would justify a higher depth score.', 'Assess whether the objective details provided are consistent and specific enough to meet higher levels of detail or if they remain generally descriptive.']","The problem identification is clear and objective, explicitly stating the design, fabrication, and testing of a lightweight, 3D-printed tree stand to reduce the weight burden for hunters. The description includes context about traditional tree stands and the specific challenges faced.","The problem definition is adequate, detailing the weight range of traditional stands, the impact on hunters, and the goal to use 3D printing and composites to reduce weight while maintaining safety and durability. However, it lacks extensive technical or quantitative depth that would justify a higher score.","The problem is elaborated with discussion of portability, fatigue, noise, and the growing trend of mobile hunting, linking these to the need for a lighter, quieter stand. The elaboration is generally clear and developed but could be more detailed or supported with data.","The document references hunters as the primary stakeholder group, including the author and other hunters, but does not identify multiple distinct stakeholder groups beyond this. Thus, it meets the level for a few primary stakeholders but not several or many.","No credible or external sources are cited. The justification relies on personal experience and feedback from other hunters without referencing research studies, publications, or reputable organizations.","This project presents a clear and objective identification of the problem, focusing on the need for a lightweight, 3D-printed tree stand to reduce the burden on hunters. The problem definition is adequately articulated with relevant context about traditional stands and the goals for the new design, though it could benefit from deeper technical or quantitative detail. The elaboration discusses challenges such as portability, noise, and the rise of mobile hunting, providing a reasonable rationale for the project. However, the justification primarily centers on hunters as the sole stakeholder group, missing opportunities to consider other affected parties such as manufacturers, retailers, or wildlife conservationists. A notable limitation is the absence of credible, external sources to support the problem justification, relying instead on personal experience and anecdotal feedback. The document provides some objective detail but would be strengthened by more consistent and specific data or references. To improve, it is recommended to incorporate multiple credible sources to substantiate claims, expand stakeholder analysis to include diverse groups, and deepen the problem definition with quantitative metrics or standards. This would enhance the rigor and persuasiveness of the problem presentation.",3
Case116_520100.pdf,,Placeholder text for scoring.,5,2,0,1,0,0,5,4,4,2,0,4,,,,,,,"['Evaluate whether the problem statement sufficiently distinguishes between the needs of different types of hunters or if it generalizes the stakeholder group too narrowly.', 'Consider if the absence of cited external sources should be treated as a complete lack of credible evidence or if the personal experience and feedback mentioned provide partial justification.', 'Assess whether the elaboration on challenges like noise and fatigue is detailed enough to be considered well elaborated or if it remains somewhat general.', 'Verify if the problem definition includes enough technical and contextual depth to justify a high score or if it lacks comprehensive detail about design constraints and safety considerations.', 'Determine if the objective details provided are consistent and specific enough to support the problem justification or if they rely too heavily on subjective statements.']","['Evaluate whether the problem statement sufficiently distinguishes between the needs of different types of hunters or if it generalizes the stakeholder group too narrowly.', 'Consider if the absence of cited external sources should be treated as a complete lack of credible evidence or if the personal experience and feedback mentioned provide partial justification.', 'Assess whether the elaboration on challenges like noise and fatigue is detailed enough to be considered well elaborated or if it remains somewhat general.', 'Verify if the problem definition includes enough technical and contextual depth to justify a high score or if it lacks comprehensive detail about design constraints and safety considerations.', 'Determine if the objective details provided are consistent and specific enough to support the problem justification or if they rely too heavily on subjective statements.']","The problem identification is clear and objective, explicitly stating the design, fabrication, and testing of a lightweight, 3D-printed tree stand to reduce the weight burden for hunters. The description includes context about traditional tree stands and the specific challenges faced.","The problem is defined with adequate depth, discussing the weight range of traditional stands, the impact on hunters, and the goal to maintain structural integrity and safety while reducing weight using 3D printing and composites.","The problem elaboration is developed, explaining challenges such as portability, fatigue, noise, and the growing trend of mobile hunting. It also elaborates on how 3D printing and material choices can address these issues.","The justification mentions hunters as the primary stakeholder group and references 'other hunters' and the broader mobile hunting community, but no other distinct stakeholder groups are identified.","No credible or external sources are cited; the justification relies on personal experience and feedback without referencing research studies, publications, or other credible sources.","This project presents a clear and objective identification of the problem, focusing on the need for a lightweight, 3D-printed tree stand to reduce the burden on hunters. The problem definition provides adequate context about traditional tree stands and the goals for the new design. The elaboration discusses challenges such as portability, noise, and the rise of mobile hunting, showing an understanding of the problem's context. However, the justification primarily centers on hunters as the sole stakeholder group, missing opportunities to consider other relevant groups such as manufacturers, retailers, or wildlife conservationists. The absence of credible, external sources limits the justification, as it relies heavily on personal experience and anecdotal feedback without supporting evidence from research or authoritative publications. The document provides generally objective detail with specific examples and technical considerations, though some claims could be better supported. To improve, it would be beneficial to incorporate multiple credible sources to strengthen the justification and expand the stakeholder analysis to include additional groups affected by the problem. Adding quantitative data or references to safety standards would also enhance the depth and objectivity of the problem definition and elaboration.",3.166666667
Case117_323332.pdf,,Placeholder text for scoring.,3,2,3,3,3,2,3,2,3,3,2,2,,,,,,,"['Examine whether the problem statement clearly and objectively defines the problem beyond general statements and repetition.', 'Assess the depth of the problem definition to determine if it moves beyond superficial causes and effects to include detailed context or impact.', 'Evaluate the credibility and variety of the cited sources, especially considering the inclusion of a blog and anecdotal evidence.', 'Consider whether the listed stakeholder groups represent truly distinct primary stakeholders or if some overlap reduces the count.', 'Review the extent and consistency of objective detail provided in the problem justification to verify if it supports the problem claim effectively.']","['Examine whether the problem statement clearly and objectively defines the problem beyond general statements and repetition.', 'Assess the depth of the problem definition to determine if it moves beyond superficial causes and effects to include detailed context or impact.', 'Evaluate the credibility and variety of the cited sources, especially considering the inclusion of a blog and anecdotal evidence.', 'Consider whether the listed stakeholder groups represent truly distinct primary stakeholders or if some overlap reduces the count.', 'Review the extent and consistency of objective detail provided in the problem justification to verify if it supports the problem claim effectively.']","The problem identification is generally clear and objective. The student identifies the problem as unorganized books being damaged due to lack of bookends, specifies where and when it occurs, and who is affected. However, the statement is somewhat repetitive and phrased imprecisely, which limits clarity from being fully clear and objective.","The problem definition is fairly superficial. The student mentions the cause (no bookends), the effect (damaged books), and the setting (mostly schools), but the explanation lacks depth and detail about the problem's scope, impact, or underlying factors. The definition is brief and does not explore the problem beyond basic statements.","The problem elaboration is generally present but somewhat imprecise. The student lists stakeholder concerns and some contextual details, but the elaboration is fairly general and lacks detailed examples or analysis. The explanation of how the problem affects stakeholders is present but not deeply developed.","Several primary stakeholder groups are identified: teachers, office workers, media specialists, students, and homeowners. These represent distinct groups affected by the problem, meeting the criterion for several groups. However, the list is somewhat limited and does not cover a broader range of stakeholders.","The student cites three sources: a New York Times article, a Nebraska news channel, and a blog. While the first two are credible and timely, the blog is less credible. The sources are somewhat varied but limited in depth and type. The student also mentions talking to teachers, but this is anecdotal and not documented as credible research.","This submission generally identifies the problem of unorganized and damaged books due to the absence of bookends, with a reasonable identification of affected groups such as teachers, students, and office workers. However, the problem definition is fairly superficial, providing only a basic explanation of causes and effects. The elaboration of the problem and stakeholder concerns is present but somewhat general, missing detailed examples or analysis that would strengthen the argument. The use of sources includes some credible and timely references, but the inclusion of a blog and anecdotal teacher conversations limits the overall credibility and variety of evidence. Objective detail in the problem justification is minimal and incomplete, which reduces the persuasiveness of the argument. To improve, the student should deepen the problem definition by exploring the problem’s impact and context more thoroughly, provide more detailed and specific elaboration of stakeholder concerns, and incorporate a wider range of credible, varied, and well-documented sources. Additionally, including more consistent and detailed objective data or examples would strengthen the justification. Overall, the submission demonstrates a basic understanding but requires more development and rigor to fully meet the criteria.",2.5
Case118_323220.pdf,,Placeholder text for scoring.,3,2,3,2,2,0,3,2,3,3,2,2,,,,,,,"['Examine whether the problem statement clearly distinguishes the problem from its symptoms and whether it is stated objectively rather than subjectively.', 'Assess the depth of the problem definition by checking for detailed explanations of causes, effects, and context beyond surface-level descriptions.', 'Evaluate the credibility and variety of the cited sources, especially considering the inclusion of a blog alongside more reputable news sources.', 'Consider whether the listed stakeholders represent truly distinct groups affected by the problem or if some are overlapping or redundant.', 'Review the extent and consistency of objective detail provided to justify the problem, noting if quantitative or specific evidence is present or lacking.']","['Examine whether the problem statement clearly distinguishes the problem from its symptoms and whether it is stated objectively rather than subjectively.', 'Assess the depth of the problem definition by checking for detailed explanations of causes, effects, and context beyond surface-level descriptions.', 'Evaluate the credibility and variety of the cited sources, especially considering the inclusion of a blog alongside more reputable news sources.', 'Consider whether the listed stakeholders represent truly distinct groups affected by the problem or if some are overlapping or redundant.', 'Review the extent and consistency of objective detail provided to justify the problem, noting if quantitative or specific evidence is present or lacking.']","The problem identification is generally clear and objective. The student identifies the problem as unorganized books being damaged due to lack of bookends, specifies where and when it occurs, and who is affected. However, the statement is somewhat repetitive and phrased imprecisely, which limits clarity.","The problem definition is basic. The student mentions the cause (no bookends) and the effect (damaged, unorganized books) but does not provide much insight into the problem's scope, impact, or underlying factors. The explanation is brief and lacks detailed analysis.",The problem elaboration is present but imprecise. The student lists stakeholder concerns and some contextual details but does not elaborate on the problem's nuances or complexities in depth. The elaboration is somewhat general and limited.,"Several primary stakeholder groups are identified: teachers, office workers, media specialists, students, and homeowners. These represent distinct groups affected by the problem, meeting the criterion for several groups but not many or almost all.","The student cites three sources: a New York Times article, a news channel report, and a blog. While the first two are credible and timely, the blog is less credible. The sources are somewhat varied but limited in depth and credibility, so the score reflects credible sources but not a strong variety or numerous sources.","This submission identifies the problem of unorganized and damaged books due to the absence of bookends, with a reasonable identification of affected stakeholders such as teachers, office workers, media specialists, students, and homeowners. However, the problem definition is basic and lacks detailed analysis, limiting understanding of the problem's broader impact. The elaboration of the problem is general and could be improved by including more specific examples or consequences. The student references three sources, including a reputable newspaper and a news channel, but also a less credible blog, which limits the overall justification. Objective detail is present but minimal and would benefit from more quantitative data or specific evidence to strengthen the argument. To improve, the student should deepen the problem definition by exploring causes and effects more thoroughly, enhance elaboration with detailed stakeholder perspectives, and incorporate more credible and varied sources. Additionally, expanding the objective detail with statistics or documented impacts would provide a stronger foundation for the problem's importance.",2.5
Case119_333203.pdf,,Placeholder text for scoring.,3,3,3,2,0,3,4,3,2,3,2,3,,,,,,,"['Examine whether the problem statement sufficiently addresses the full range of the 5 Ws and 1 H to justify the clarity and objectivity of the problem identification.', 'Assess if the listed sources are effectively integrated into the text with in-line citations to support claims, or if they remain disconnected references.', 'Evaluate the depth and specificity of the problem elaboration, particularly whether the impacts and complexities of microplastic pollution are well developed or remain superficial.', 'Consider whether the identified stakeholder groups represent distinct and primary groups affected by the problem rather than overlapping or secondary groups.', 'Verify the extent to which objective data and statistics are consistently used throughout the justification to support the problem’s importance and urgency.']","['Examine whether the problem statement sufficiently addresses the full range of the 5 Ws and 1 H to justify the clarity and objectivity of the problem identification.', 'Assess if the listed sources are effectively integrated into the text with in-line citations to support claims, or if they remain disconnected references.', 'Evaluate the depth and specificity of the problem elaboration, particularly whether the impacts and complexities of microplastic pollution are well developed or remain superficial.', 'Consider whether the identified stakeholder groups represent distinct and primary groups affected by the problem rather than overlapping or secondary groups.', 'Verify the extent to which objective data and statistics are consistently used throughout the justification to support the problem’s importance and urgency.']","The problem identification is generally clear and objective, specifying the collection of microplastics between 1 mm and 5 mm in size from specific locations and depths in San Francisco Bay using an ROV. The description includes who is involved, what is being done, where, and how, with reasonable specificity. However, some aspects like when and why are less explicitly detailed.","The problem definition provides some depth by describing the sampling method, target microplastic sizes, and geographic scope. However, it lacks a more detailed explanation of the underlying causes or broader context of microplastic pollution, limiting it to operational details rather than a more comprehensive problem definition.","The elaboration is limited and somewhat general. While the document lists stakeholder groups and some concerns, it does not elaborate much on the problem's complexity or implications. The discussion of microplastic impacts is brief and lacks detailed explanation or examples.","The document identifies several primary stakeholder groups: Mary Kerr and her team, marine life, swimmers, and ocean industry workers, plus a secondary group (people and the planet). This meets the criterion for several primary stakeholder groups but does not reach many or almost all.","The document lists multiple credible sources including peer-reviewed articles and reputable organizations, but these are only listed as URLs without in-line citations linking specific information to these sources. This limits the credibility and timeliness of the justification as presented.","This submission presents a generally clear and objective problem identification focused on collecting microplastics in San Francisco Bay using an ROV, specifying key parameters such as size range, location, and sampling method. The problem definition provides some operational details but lacks deeper context about the causes and broader implications of microplastic pollution. Elaboration on the problem is limited and general, with minimal discussion of complexities or detailed impacts. The identification of several primary stakeholder groups, including researchers, marine life, swimmers, and ocean industry workers, supports the justification, though broader stakeholder inclusion would be beneficial. While multiple credible sources are listed, the absence of in-line citations weakens the connection between evidence and claims, reducing the strength of the justification. The problem importance section provides generally objective detail but would benefit from more consistent use of quantitative data and statistics to enhance persuasiveness. To improve, the team should integrate explicit citations linking claims to sources, deepen the problem definition with broader environmental and social context, and elaborate more fully on stakeholder concerns and the problem’s complexity. Including more detailed data and statistics would also strengthen the justification and urgency of the problem.",2.833333333
Case120_220000.pdf,,Placeholder text for scoring.,2,2,0,0,0,0,4,2,2,1,0,1,,,,,,,"['Evaluate whether the description of the garden’s water sourcing problem is sufficiently objective and clearly articulated to support a high clarity score.', 'Consider if the brief mention of environmental and financial impacts qualifies as an adequate problem definition or if more depth is necessary.', 'Assess whether the identification of stakeholders extends beyond students to include other relevant groups affected by the problem.', 'Determine if the absence of cited sources should be treated as a lack of credible evidence or if implicit knowledge suffices in this context.', 'Review the level of objective detail provided and whether general statements can be considered clear or remain too vague for higher scoring.']","['Evaluate whether the description of the garden’s water sourcing problem is sufficiently objective and clearly articulated to support a high clarity score.', 'Consider if the brief mention of environmental and financial impacts qualifies as an adequate problem definition or if more depth is necessary.', 'Assess whether the identification of stakeholders extends beyond students to include other relevant groups affected by the problem.', 'Determine if the absence of cited sources should be treated as a lack of credible evidence or if implicit knowledge suffices in this context.', 'Review the level of objective detail provided and whether general statements can be considered clear or remain too vague for higher scoring.']","The problem identification is stated and objective, noting that the water sourcing for the school garden is problematic and affects eco-friendliness and convenience.","The problem definition is somewhat superficial, mentioning impacts on the water bill and environmental mindfulness but providing limited explanation or context.","The problem elaboration is minimal, with only brief mention of consequences and little detailed analysis or examples.",Only one primary stakeholder group (students) is implied; other distinct stakeholder groups are not identified.,No sources or evidence beyond the author's opinion are provided to justify the problem.,"This submission identifies the problem of inefficient water sourcing in the school garden in a way that is understandable and objective. However, the problem definition provides limited depth, offering only a brief explanation of its effects on the water bill and environmental impact. The elaboration is minimal, lacking detailed examples or analysis to enhance understanding. The justification mentions only students as stakeholders, omitting other relevant groups such as teachers, maintenance staff, or the wider school community. There is no use of credible or varied sources to support the problem’s significance, relying solely on the author’s opinion. Objective detail is sparse and somewhat unclear, which limits the strength of the justification. To improve, the problem definition should be expanded with more context and specific impacts, multiple stakeholder groups affected by the issue should be identified, and credible sources or data should be incorporated to support the claims. Adding concrete details and evidence will help provide a more comprehensive presentation of the problem.",1.666666667
Case121_222002.pdf,,Placeholder text for scoring.,2,2,2,0,0,2,3,2,2,1,0,1,,,,,,,"['Evaluate whether the description of the water sourcing problem is sufficiently specific and objective to support a clear problem identification.', ""Consider if the brief mention of eco-friendliness and water bills adequately defines the problem's scope or if more depth is needed."", 'Assess whether the document identifies distinct stakeholder groups beyond students and the school institution.', 'Verify if the absence of cited sources should be treated as a lack of credible evidence or if implicit knowledge suffices.', ""Determine the extent to which objective details are present and whether vague statements about environmental impact meet the rubric's expectations.""]","['Evaluate whether the description of the water sourcing problem is sufficiently specific and objective to support a clear problem identification.', ""Consider if the brief mention of eco-friendliness and water bills adequately defines the problem's scope or if more depth is needed."", 'Assess whether the document identifies distinct stakeholder groups beyond students and the school institution.', 'Verify if the absence of cited sources should be treated as a lack of credible evidence or if implicit knowledge suffices.', ""Determine the extent to which objective details are present and whether vague statements about environmental impact meet the rubric's expectations.""]","The problem identification is generally clear and objective. The student identifies an issue with how water is sourced to the school garden, noting it affects eco-friendliness and convenience. However, the statement remains somewhat general and lacks precise articulation of the problem.","The problem definition is limited. The student mentions the problem's impact on the garden's eco-friendliness, convenience, and the school's water bill, but does not provide detailed explanation or context about the problem's scope or underlying causes.",The problem elaboration is minimal. The student briefly notes the problem's effects but does not provide further specifics such as how water sourcing is inefficient or what processes are involved.,"Only one primary stakeholder group is implied—the students who help in the garden and the school as an institution. There is no mention of other stakeholders such as teachers, maintenance staff, or the local community.",No sources are cited or referenced. The justification is based solely on the student's opinion and observations.,"This submission identifies a relevant problem concerning water sourcing for the school garden, which provides a basic foundation. However, the problem definition lacks sufficient depth and detail, limiting understanding of the issue's complexity. The elaboration is minimal, with no specific examples or explanations of how the current water sourcing is problematic. The justification mentions only one stakeholder group, missing an opportunity to consider others who might be affected, such as teachers or maintenance staff. Additionally, the absence of any cited sources reduces the credibility of the problem justification. Objective details are vague and unsupported, which lessens the persuasive power of the argument. To improve, the student should provide a clearer and more detailed problem definition, elaborate on the specific challenges and impacts, identify multiple stakeholder groups, and support claims with credible and varied sources. Including quantitative or qualitative data would strengthen the objective detail and overall justification. This would create a more comprehensive presentation of the problem.",1.5
Case122_113020.pdf,,Placeholder text for scoring.,1,1,3,0,2,0,4,3,4,2,4,4,,,,,,,"['Examine whether the problem statement explicitly and objectively defines the issue or if it relies on general statements that might weaken clarity.', 'Evaluate if the problem definition includes sufficient depth and technical detail or if it remains at a general descriptive level.', 'Assess whether the stakeholder groups mentioned represent distinct and multiple primary groups or if the focus is narrowly on one or two groups.', 'Consider the variety and credibility of sources cited, ensuring they are timely and from reputable academic or scientific publications rather than opinion-based or singular sources.', 'Review the consistency and specificity of objective detail throughout the justification, noting if some sections rely on generalizations rather than precise scientific data.']","['Examine whether the problem statement explicitly and objectively defines the issue or if it relies on general statements that might weaken clarity.', 'Evaluate if the problem definition includes sufficient depth and technical detail or if it remains at a general descriptive level.', 'Assess whether the stakeholder groups mentioned represent distinct and multiple primary groups or if the focus is narrowly on one or two groups.', 'Consider the variety and credibility of sources cited, ensuring they are timely and from reputable academic or scientific publications rather than opinion-based or singular sources.', 'Review the consistency and specificity of objective detail throughout the justification, noting if some sections rely on generalizations rather than precise scientific data.']","The problem of plants needing optimal sunlight is identified clearly and objectively with supporting evidence from credible studies, making the problem statement generally clear and objective.","The problem is defined with some depth, discussing the effects of too much or too little sunlight on plants, including physiological impacts and regional climate considerations, but it lacks more detailed technical or quantitative parameters.","The problem is elaborated with explanations of photosynthesis, heat stress, and different plant growing conditions, supported by multiple examples and quotes, showing a developed elaboration though some points could be more tightly integrated.","Only a few primary stakeholder groups are mentioned explicitly, mainly farmers and agricultural workers; other stakeholders such as consumers, environmentalists, or policymakers are not addressed.","The justification is based on multiple credible, timely, and varied sources including academic studies and expert quotes, providing research support.","This submission identifies the problem related to optimizing sunlight for plant growth with clarity and objectivity, supported by credible scientific sources. The problem definition includes discussion of physiological effects and regional climate impacts but would benefit from more detailed quantitative parameters to enhance understanding. The elaboration includes multiple examples and expert quotes that clarify biological processes, although some ideas could be more cohesively integrated. Stakeholder consideration is limited, focusing mainly on farmers and agricultural workers; including other affected groups such as consumers, environmental advocates, or policymakers would strengthen the justification. The use of multiple credible and varied sources provides relevant evidence. Objective detail is generally consistent, with scientific explanations and data, but some statements remain general and could be further specified for greater precision. To improve, the work should deepen the problem definition with more technical detail, broaden stakeholder analysis, and ensure all claims are supported with consistent objective detail.",3.5
Case123_433102.pdf,,Placeholder text for scoring.,4,3,3,1,0,2,4,3,3,2,0,2,,,,,,,"['Examine whether the problem statement explicitly and objectively defines the problem or if it relies on vague or subjective language.', 'Evaluate the depth of the problem definition by checking for detailed contextual or technical information beyond basic descriptions.', 'Assess whether the stakeholder groups mentioned represent distinct and primary groups affected by the problem or if they are limited in scope.', 'Consider if the absence of cited sources is justified by the nature of the document or if credible external references are expected for problem justification.', 'Review the consistency and specificity of objective details provided to determine if they sufficiently support the problem justification.']","['Examine whether the problem statement explicitly and objectively defines the problem or if it relies on vague or subjective language.', 'Evaluate the depth of the problem definition by checking for detailed contextual or technical information beyond basic descriptions.', 'Assess whether the stakeholder groups mentioned represent distinct and primary groups affected by the problem or if they are limited in scope.', 'Consider if the absence of cited sources is justified by the nature of the document or if credible external references are expected for problem justification.', 'Review the consistency and specificity of objective details provided to determine if they sufficiently support the problem justification.']","The problem identification is stated and objective: controlling sunlight exposure to prevent harm to plants. The description includes specific device requirements and the impact on people who garden or rely on plants for food, making the problem clear and objective but somewhat limited in detail or nuance.","The problem definition provides some depth by describing the context (school greenhouse), the device function (rotating to control sunlight), and the sunlight needs of the plants (3-6 hours). However, it lacks more detailed technical or environmental factors that would provide greater depth.","The problem is generally elaborated with explanations of why sunlight control is necessary and how it affects plant growth. However, the elaboration is somewhat general and does not include detailed analysis or multiple perspectives that would indicate a more developed problem.",The document identifies a main client (Nan Jokerst) and secondary stakeholders (gardeners and plant researchers). This represents a few primary stakeholder groups but not several or many distinct groups.,No credible or cited sources are provided. The justification relies solely on the authors' statements and opinions without referencing external research or authoritative sources.,"This submission identifies the problem of controlling sunlight exposure to protect plants, including specific device parameters and relevant stakeholders, which supports the presentation. The problem definition provides some context and basic requirements for plant sunlight exposure, but it could be improved by including more technical or environmental details. The elaboration explains the problem's importance but remains general and would benefit from deeper analysis or multiple perspectives. Stakeholder identification is limited to a few groups; expanding this to include additional affected parties would enhance the justification. A notable weakness is the absence of credible sources or citations, which affects the justification's reliability and should be addressed by incorporating timely and varied references. Objective detail is somewhat present but inconsistent; providing more comprehensive and precise data would improve clarity and support. To strengthen this work, integrating external research, elaborating on the problem's complexity, and broadening stakeholder consideration would create a more compelling and well-supported justification.",2.333333333
