filename,source_type,text,A1__expert,A2__expert,A3__expert,A4__expert,A5__expert,A6__expert,A1,A2,A3,A4,A5,A6,A1_flag,A2_flag,A3_flag,A4_flag,A5_flag,A6_flag,A1_rationale,A2_rationale,A3_rationale,A4_rationale,A5_rationale,A6_rationale,narrative_feedback,element_score_raw
Case001_122221.pdf,,Placeholder text for scoring.,0,0,0,0,0,0,5,4,3,3,2,2,,,,,,,,,,,,,"The presentation and justification of the problem demonstrate a strong understanding of the issue of parabolas in Freshmen math. Strengths include the clear identification of the problem, detailed definition, and elaboration on its impact on stakeholders. The document effectively highlights concerns of primary stakeholder groups and justifies the problem using credible sources. To improve further, consider providing even more depth in problem definition and elaboration (A2, A3), ensuring all primary stakeholder concerns are addressed comprehensively. Additionally, incorporating a wider variety of sources for problem justification could enhance the overall credibility of the argument. Overall, a well-structured and well-supported problem presentation with room for slight enhancements in depth and sourcing.",3.166666667
Case002_222200.pdf,,Placeholder text for scoring.,0,0,0,0,0,0,5,4,3,3,2,2,,,,,,,,,,,,,"The presentation and justification of the problem are strong overall. The document effectively identifies, defines, and elaborates on the problem of understanding parabolas in Freshmen math, highlighting the concerns of various stakeholders. The use of credible sources to justify the problem adds depth to the analysis. To further enhance the presentation, consider providing even more detailed elaboration on how the lack of understanding impacts different stakeholder groups. Additionally, incorporating a wider range of diverse sources could strengthen the problem justification further. Overall, a well-structured and well-supported problem statement that sets a solid foundation for the design process.",3.166666667
Case003_444550.pdf,,Placeholder text for scoring.,0,0,0,0,0,0,4,4,4,4,3,4,,,,,,,,,,,,,"The document presents a well-defined problem statement regarding the need for a camera lens cover to prevent damage. Strengths include the clear identification of multiple stakeholder groups and the use of credible sources to support the problem justification. To improve, consider providing a more detailed problem definition to further enhance the depth of understanding. Additionally, expanding on the concerns and perspectives of the primary stakeholders could strengthen the justification. Overall, a solid foundation has been laid out, but further elaboration on the problem definition and stakeholder concerns would enrich the presentation and justification of the problem.",3.833333333
Case004_555555.pdf,,Placeholder text for scoring.,0,0,0,0,0,0,4,4,4,4,4,4,,,,,,,,,,,,,"The document presents a well-defined problem statement regarding the need for a camera lens cover to protect against damage, supported by credible sources like DPReview and Kentfaith. The problem is elaborated on effectively, discussing the consequences of lens damage and the importance of protection. Multiple primary stakeholder groups are identified, showing a clear understanding of the stakeholders affected by the issue. To improve, consider providing a more detailed problem definition to further enhance the depth of understanding. Additionally, incorporating a wider variety of sources could strengthen the problem justification further. Overall, a strong presentation of the problem with room for minor enhancements in depth and variety of sources.",4
Case005_000000.docx,,Placeholder text for scoring.,0,0,0,0,0,0,0,0,0,1,0,0,,,,,,,,,,,,,"The document provided lacks essential elements required for a thorough presentation and justification of the problem. There is a complete absence of problem identification, definition, and elaboration, making it challenging to understand the context and significance of the proposed solution. Additionally, no primary stakeholders or stakeholder groups are identified, depriving the evaluation of key perspectives and interests related to the problem. The problem justification is entirely unsupported by any sources, diminishing the credibility of the presented issue. Moreover, there is a notable absence of objective detail throughout the document, further weakening the overall justification. To improve, it is crucial to clearly define the problem, elaborate on its aspects, identify relevant stakeholders, support claims with credible sources, and provide objective details to strengthen the problem justification.",0.166666667
Case006_000000.pdf,,Placeholder text for scoring.,0,0,0,0,0,0,0,0,0,0,0,0,,,,,,,,,,,,,"The document provided lacks essential elements required for a thorough presentation and justification of the problem. There is a complete absence of problem identification, definition, stakeholder concerns, credible sources, and objective detail. To improve, the student should focus on clearly identifying and defining the problem statement, elaborating on the problem context, including various stakeholder concerns, utilizing credible and varied sources for justification, and providing objective details to support the problem statement. Incorporating these elements will strengthen the overall presentation and justification of the problem, providing a clearer foundation for the design process.",0
Case007_320202.pdf,,Placeholder text for scoring.,0,0,0,0,0,0,4,3,3,2,0,2,,,,,,,,,,,,,"The document effectively presents the problem statement with clarity and objectivity, emphasizing the librarian's need for improved visibility in the library for safety and security. However, there is room for improvement in elaborating on the problem to provide a deeper understanding of the implications of limited visibility. The identification of stakeholders is somewhat clear, but more differentiation among stakeholder groups would enhance the analysis. Additionally, incorporating credible external sources to justify the problem and offering a more consistent level of objective detail would strengthen the overall presentation. To enhance the problem justification, consider delving into the specific challenges posed by blind spots and their impact on library operations, safety, and student behavior. Providing more detailed stakeholder analysis and utilizing diverse sources would enrich the problem presentation and justification.",2.333333333
Case008_322203.pdf,,Placeholder text for scoring.,0,0,0,0,0,0,4,3,3,2,0,2,,,,,,,,,,,,,"The document effectively presents the problem statement with clarity and objectivity, emphasizing the librarian's need for improved visibility in the library for safety and security purposes. However, there are areas for improvement. The problem definition could benefit from more depth to fully explore the implications of limited visibility. Additionally, while stakeholders are identified, the distinction between primary and secondary stakeholders is somewhat unclear, and their concerns could be further elaborated to enhance the justification. To strengthen the problem justification, it is crucial to incorporate credible and varied sources to support the identified issues. Providing more detailed and consistent objective detail would also enhance the overall presentation and justification of the problem.",2.333333333
Case009_553025.pdf,,Placeholder text for scoring.,0,0,0,0,0,0,4,4,4,2,2,4,,,,,,,,,,,,,"The document effectively identifies the problem faced by the lacrosse team in ball retrieval during practice, providing specific details on the challenges encountered. The definition of the problem is adequate, highlighting the impact on both players and coaches. However, there is room for improvement in elaborating on the concerns of primary stakeholder groups beyond just the lacrosse team. While credible sources like the Centers for Disease Control and Prevention are used for justification, incorporating a wider variety of sources would enhance the overall argument. The document offers a general level of objective detail, referencing research on injury risks and practice efficiency. To strengthen the presentation, consider expanding on the stakeholder groups involved and incorporating additional diverse and in-depth sources to further support the problem justification.",3.333333333
Case010_432333.pdf,,Placeholder text for scoring.,0,0,0,2,2,2,4,4,4,2,2,4,,,,,,,,,,,,,"The document effectively identifies the issue of tedious ball retrieval during lacrosse practice, providing specific details on the challenges faced by the team. The problem definition adequately describes the impact on players and coaches, but could benefit from further depth to fully capture the extent of the issue. While the problem is generally elaborated on, more specific examples or data could enhance the clarity of the problem statement. In terms of stakeholder concerns, while the lacrosse team is identified, more differentiation among other stakeholder groups would provide a more comprehensive view. Utilizing a wider variety of timely sources could strengthen the problem justification. Overall, enhancing the depth of problem definition and stakeholder analysis, as well as incorporating more diverse and current sources, would further solidify the problem statement.",3.333333333
Case011_433022.pdf,,Placeholder text for scoring.,1,1,0,0,0,0,4,4,4,3,3,4,,,,,,,,,,,,,"The presentation and justification of the problem are strong overall. The student effectively identifies the problem of inclusivity for students with disabilities, supported by statistical evidence to define and elaborate on the issue. The involvement of multiple stakeholder groups is well-acknowledged, demonstrating a comprehensive understanding of the problem context. To enhance the presentation further, the student could provide more specific examples or case studies to illustrate the challenges faced by disabled students in different school environments. Additionally, incorporating perspectives from individuals with disabilities or their families could add a more personal touch to the problem justification, making it even more compelling and relatable to a wider audience.",3.666666667
Case012_444332.pdf,,Placeholder text for scoring.,1,1,1,1,0,1,4,4,4,3,3,4,,,,,,,,,,,,,"The presentation and justification of the problem are strong overall. The document effectively identifies the need for inclusivity and engagement for students with disabilities, supported by statistics on the prevalence of learning disabilities. The problem is well-defined, highlighting the impact on cognitive abilities, mental health, and social interactions. Stakeholder groups are clearly outlined, including disabled students, educators, and peers. The use of credible sources like Pew Research Center enhances the problem justification. To improve, consider providing more specific examples of how the proposed solution will address the identified issues. Additionally, further elaboration on the potential consequences of the problem in different contexts could strengthen the overall presentation.",3.666666667
Case013_510100.pdf,,Placeholder text for scoring.,1,1,1,1,2,0,4,2,2,1,0,2,,,,,,,,,,,,,"The document provides a basic outline of the problem statement, mentioning that Mr. Blanchard needs something to hold his blinds together to prevent distraction in class. However, the problem definition lacks clarity and depth, as it does not delve into the specific issues caused by the noisy blinds. The problem elaboration is minimal, with subjective statements about distractions. Only one stakeholder, Mr. Blanchard, is identified, falling short of considering other potentially affected groups like students or school administrators. There are no sources cited for problem justification, and objective details are entirely missing. To improve, the student should elaborate more on the specific impacts of the noisy blinds, identify additional stakeholders, provide credible sources for justification, and include objective details to strengthen the problem statement.",1.833333333
Case014_322101.pdf,,Placeholder text for scoring.,1,1,2,2,0,1,4,2,2,1,0,1,,,,,,,,,,,,,"The document provides a basic outline of the problem statement but lacks depth and clarity in several key areas. The problem identification is somewhat clear, mentioning the distraction caused by noisy blinds. However, the problem definition and elaboration are unclear and unelaborated, respectively. Only one stakeholder, Mr. Blanchard, is identified without differentiation of stakeholder groups, resulting in a low score for A4. Additionally, there are no sources mentioned to justify the problem (A5) and no objective detail provided (A6). To improve, the student should clearly define the problem with more detail, consider involving multiple stakeholders with distinct concerns, incorporate credible sources for justification, and provide objective details to strengthen the problem statement.",1.666666667
Case015_552155.pdf,,Placeholder text for scoring.,1,1,4,5,0,1,5,4,4,3,4,4,,,,,,,,,,,,,"The document presents a strong foundation in problem identification, definition, and elaboration regarding the humidity issue in the art classroom. The inclusion of primary stakeholder groups and their concerns adds depth to the problem justification. To enhance the presentation further, consider providing more specific examples or data related to the impact of humidity on artwork and student health (A3). Additionally, expanding on the potential solutions or interventions to address the humidity problem could strengthen the problem definition (A2). It is commendable that the problem justification is well-supported by credible sources, but integrating more diverse perspectives or studies could enrich the justification further (A5). Overall, a well-rounded presentation with room for additional detail and perspectives to enhance the problem statement.",4
Case016_554354.pdf,,Placeholder text for scoring.,1,2,0,2,0,1,5,4,4,3,4,4,,,,,,,,,,,,,"The document presents a strong foundation in problem identification, definition, and elaboration regarding the humidity issue in the art classroom. The clarity in defining the problem and its effects on student work and health is commendable. The inclusion of primary stakeholder groups and their roles demonstrates a good understanding of the project's impact. To enhance the presentation further, consider providing more specific examples or case studies related to humidity issues in educational settings. Additionally, expanding on the potential solutions or interventions to address the humidity problem could strengthen the problem justification. Overall, a well-structured and informative problem statement with room for deeper exploration of solutions and outcomes.",4
Case017_555555.pdf,,Placeholder text for scoring.,1,2,1,0,0,2,4,3,3,3,3,3,,,,,,,,,,,,,"The presentation and justification of the problem in the document are overall strong. The identification of the need for a portable sink in the special education program is clear and well-supported by the challenges faced by the students. Stakeholders are appropriately identified, and their concerns are outlined effectively. The problem is elaborated upon with insightful connections to other industries, broadening the scope of impact. To improve, consider providing more in-depth details on how the portable sink will specifically address the stakeholders' needs and interactions. Additionally, enhancing the use of objective data throughout the problem justification can further strengthen the rationale behind the project.",3.166666667
Case018_432012.docx,,Placeholder text for scoring.,1,2,1,1,0,0,4,3,4,3,2,4,,,,,,,,,,,,,"The presentation and justification of the problem are strong overall. The problem identification is clear and objective, providing a good foundation for the design process (A1). The problem definition is adequate, but could benefit from further detailing the specific requirements or constraints of the solution (A2). The elaboration on the problem is well-done, considering economic, environmental, and safety aspects, showcasing a comprehensive understanding of the issue (A3). Stakeholder concerns are appropriately highlighted, with multiple groups identified, demonstrating a holistic view of the problem (A4). Utilizing credible sources enhances the justification, although incorporating more diverse sources could further strengthen the argument (A5). Adding more specific and consistent objective detail to the problem justification would elevate the overall presentation (A6). Overall, a solid foundation is laid out, with room for deeper problem definition and more detailed justification.",3.333333333
Case019_434213.docx,,Placeholder text for scoring.,1,2,1,1,1,1,4,3,4,2,2,4,,,,,,,,,,,,,"The presentation and justification of the problem regarding retrieving stuck birdies and balls from gym rafters and speakers is well done overall. Strengths include a clear identification of the problem, adequate definition, and thorough elaboration on various impacts. The consideration of multiple stakeholder groups and the use of credible sources enhance the justification. To improve, you could further elaborate on potential solutions or approaches to solving the problem. Additionally, providing more specific details on how the new solution could address the identified impacts would strengthen your justification. Overall, a solid foundation has been laid, and expanding on the solution aspect would enrich your problem presentation.",3.166666667
Case020_555445.docx,,Placeholder text for scoring.,1,2,2,1,1,2,4,3,3,2,2,4,,,,,,,,,,,,,"The presentation and justification of the problem in your design portfolio are strong overall. You have effectively identified and described the issue of retrieving stuck birdies and balls from the gym rafters and speakers, providing a clear understanding of the problem. Your elaboration on the economic, environmental, and safety impacts demonstrates a comprehensive analysis of the situation. To enhance your work further, consider delving even deeper into the problem definition to explore potential root causes or underlying factors contributing to the issue. Additionally, expanding on the concerns and perspectives of additional stakeholder groups beyond those already mentioned could provide a more holistic view of the problem. Overall, your use of credible sources and objective detail strengthens your problem justification, laying a solid foundation for your design process.",3
Case021_120201.docx,,Placeholder text for scoring.,1,2,2,2,2,1,4,3,3,3,0,2,,,,,,,,,,,,,"In your presentation and justification of the problem, you have identified the issue of closing metal doors in the kitchen during a lockdown, but the depth of problem definition and elaboration is lacking. To improve, provide more specific details and data to support the problem statement. Additionally, consider incorporating credible and varied sources to strengthen your problem justification. When highlighting stakeholder concerns, ensure to identify a wider range of primary stakeholders and their specific concerns to justify the need for addressing the problem. Lastly, for problem importance, focus on including measurable data and statistics to emphasize the urgency of solving the issue. Overall, enhancing the depth and clarity of your problem definition and justification will strengthen the overall presentation of the problem statement.",2.5
Case022_333101.docx,,Placeholder text for scoring.,1,3,1,5,2,5,4,3,3,3,0,2,,,,,,,,,,,,,"In your presentation and justification of the problem, there are areas that could be strengthened. The problem identification is somewhat clear, but the problem definition lacks depth and specificity, making it unclear. The problem elaboration is minimal and subjective, lacking sufficient details to fully support the issue. When highlighting stakeholder concerns, consider including more primary stakeholder groups and their specific concerns to provide a comprehensive view. Additionally, ensure to include credible and varied sources to strengthen the problem justification. To improve, focus on providing a more detailed problem definition with data-driven justifications and expanding the stakeholder analysis to encompass a wider range of perspectives and concerns.",2.5
Case023_320200.pdf,,Placeholder text for scoring.,2,0,0,1,0,1,5,4,4,3,2,3,,,,,,,,,,,,,"The presentation and justification of the problem regarding the implementation of an aquaponics system at Colonial Middle School are well-developed. Strengths include a clear identification of the problem, a detailed definition considering various constraints, and a thorough elaboration on the components involved. The document effectively highlights the concerns of primary stakeholder groups, supported by a diverse range of credible sources. To further enhance the presentation, it would be beneficial to provide even more specific details on how the aquaponics system will directly address the needs and interests of each stakeholder group. Additionally, incorporating feedback or input from the stakeholders themselves could strengthen the problem justification by ensuring alignment with their expectations and requirements.",3.5
Case024_524101.pdf,,Placeholder text for scoring.,2,1,2,2,1,1,4,3,4,2,0,2,,,,,,,,,,,,,"The document effectively identifies the problem of trash bags falling into trash cans, highlighting the impact on janitors and students. The stakeholders are clearly defined, with janitors as primary stakeholders and students as secondary. To improve, more detailed elaboration on the problem context and the use of sources to support the justification could enhance the depth of the problem definition. Additionally, providing more objective details and specific data on the solution's design would strengthen the problem justification. It is recommended to incorporate credible sources to support the problem statement and consider exploring a wider range of stakeholder perspectives to ensure a comprehensive understanding of the issue.",2.5
Case025_423103.pdf,,Placeholder text for scoring.,2,2,0,2,0,1,4,3,4,2,0,2,,,,,,,,,,,,,"The document effectively identifies the problem of trash bags falling into trash cans, highlighting the impact on janitors and students. To improve, consider providing more detailed definitions of the problem and involving additional stakeholder perspectives. Enhancing the variety and credibility of sources cited would strengthen the problem justification. Additionally, offering more consistent and detailed objective data to support the problem statement would enhance the overall clarity and persuasiveness of the argument. Overall, a solid foundation is laid out, but further development in defining the problem, elaborating on stakeholder concerns, and strengthening the justification with diverse sources and detailed data would elevate the presentation and justification of the problem.",2.5
Case026_434202.pdf,,Placeholder text for scoring.,2,2,1,2,0,0,4,3,4,2,0,2,,,,,,,,,,,,,"The document effectively identifies the problem of trash bags falling into trash cans, highlighting the impact on janitors and students. To improve, consider providing more detailed explanations in defining the problem and elaborating on stakeholder roles and perspectives. Additionally, incorporating a wider variety of credible sources to support the problem justification would enhance the overall credibility of the argument. It is recommended to differentiate the concerns of secondary stakeholders more clearly to demonstrate their distinct interests. Ensuring a consistent level of objectivity in detailing the problem and its implications would further strengthen the justification.",2.5
Case027_224202.pdf,,Placeholder text for scoring.,2,2,1,2,0,0,4,3,3,3,0,2,,,,,,,,,,,,,"The document effectively identifies the problem of showerhead mold and proposes a new shower head design to address it. Strengths include a clear problem identification (A1) and an adequate problem definition (A2) focusing on clogging causes. However, the elaboration on the problem (A3) is minimal, lacking depth and impact analysis. While multiple stakeholder groups are mentioned (A4), the justification lacks external sources (A5) and consistent objective detail (A6). To improve, consider expanding on the problem's implications for stakeholders, incorporating credible sources to strengthen the justification, and providing more detailed objective information on the problem and its significance.",2.5
Case028_323301.pdf,,Placeholder text for scoring.,2,2,1,2,1,1,4,3,3,4,0,3,,,,,,,,,,,,,"The document effectively identifies the problem of showerhead mold and the need for a new solution, demonstrating a clear understanding of the issue. However, there is room for improvement in elaborating on the problem further with specific examples or data (A3). The stakeholder analysis is decent, but could be enhanced by providing more detailed distinctions between the identified groups (A4). To strengthen the problem justification, it is crucial to incorporate credible and varied sources to support the importance and impact of the issue (A5). Additionally, adding more objective detail consistently throughout the justification would enhance the overall clarity and strength of the argument (A6). Overall, focusing on enhancing the depth of problem elaboration and incorporating diverse sources will strengthen the problem presentation and justification.",2.833333333
Case029_322101.pdf,,Placeholder text for scoring.,2,2,1,3,0,0,4,3,3,3,0,3,,,,,,,,,,,,,"The document effectively identifies the problem of showerhead mold and the need for a new solution, showcasing a clear understanding of the issue. However, there is room for improvement in elaborating on the problem further with specific examples or data (A3). The stakeholder analysis is decent, mentioning various groups affected by the issue, but could benefit from more detailed differentiation between stakeholders to enhance clarity (A4). To strengthen the problem justification, it is crucial to incorporate more credible and diverse sources to support the importance and impact of the problem (A5). Additionally, providing more objective detail and specifics would enhance the overall justification of the problem (A6). Focus on expanding the problem elaboration and incorporating a wider range of credible sources to bolster the problem statement and stakeholder analysis.",2.666666667
Case030_540123.pdf,,Placeholder text for scoring.,2,2,2,1,1,1,4,3,4,2,4,4,,,,,,,,,,,,,"The presentation and justification of the problem regarding the need for a shower product device in communal showers is well done. The document effectively identifies the stakeholders, highlighting the concerns of dormitory residents and guests. To enhance the problem definition, consider providing more in-depth analysis of the impact of the current situation on stakeholders' daily routines and hygiene practices (A2). Additionally, expanding the stakeholder groups beyond Mr. K and Old Main residents could offer a more comprehensive understanding of the diverse interests involved (A4). Strengthening the level of detail in the problem elaboration by discussing potential solutions or the consequences of inaction would further enrich the justification (A3, A6). Overall, a solid foundation has been laid, and further development in these areas would enhance the overall presentation and justification of the problem.",3.5
Case031_545544.pdf,,Placeholder text for scoring.,2,2,2,1,1,2,4,3,4,2,3,4,,,,,,,,,,,,,"The presentation and justification of the problem regarding the need for a shower product storage device in communal showers is well done. The document effectively identifies the problem, provides adequate depth in defining it, and offers some level of elaboration on the inconvenience faced by stakeholders. To improve, consider expanding on the stakeholder analysis by including more distinct groups beyond Mr. K and other Old Main residents. Additionally, while the use of credible sources like Johnson and Kelley et al. enhances the problem justification, further diversification of sources could strengthen the argument. Adding more objective detail and specificity in the problem elaboration would also enhance the overall presentation and justification of the problem.",3.333333333
Case032_544555.pdf,,Placeholder text for scoring.,2,2,2,2,0,0,5,4,4,4,4,4,,,,,,,,,,,,,"The document effectively presents a clear problem statement regarding the design of a new toy for the Life Skills classroom, emphasizing the need to combine sensory stimulation with learning for students with disabilities. Strengths include a well-elaborated problem description, consideration of primary stakeholder concerns, and reliance on credible sources to justify the problem. To enhance the problem definition, further details on the specific learning objectives and technical requirements of the toy could be beneficial. Additionally, providing more explicit connections between the identified problem and the proposed solution would strengthen the overall problem justification. Overall, a solid foundation has been laid for the design project, with opportunities to deepen the problem definition and strengthen the link between the problem statement and the proposed solution.",4.166666667
Case033_200101.pdf,,Placeholder text for scoring.,2,2,3,1,3,3,1,1,1,0,0,0,,,,,,,,,,,,,"The document provided lacks essential elements for a robust problem presentation and justification. There is a complete absence of problem definition, elaboration, identification, primary stakeholder concerns, sources for problem justification, and objective detail. To improve, it is crucial to clearly define the problem statement, elaborate on the various aspects of the problem, identify primary stakeholder groups with their concerns, support the problem justification with credible sources, and provide objective details. Incorporating these elements will strengthen the foundation of the design process, ensuring a more thorough understanding of the problem at hand and facilitating the development of effective solutions.",0.5
Case034_000000.pdf,,Placeholder text for scoring.,2,2,3,2,1,2,1,1,1,0,0,0,,,,,,,,,,,,,"The document provided lacks essential elements for a strong problem presentation and justification. It is crucial to clearly identify, define, and elaborate on the problem at hand, which was missing in this submission. Additionally, the document did not address primary stakeholder groups or provide any justification based on credible sources. To improve, the student should start by clearly stating the problem to be solved, providing detailed context and background information. They should also identify and consider the concerns of primary stakeholder groups and support their problem justification with credible and varied sources. Incorporating these elements will strengthen the problem presentation and enhance the overall design process.",0.5
Case035_111101.pdf,,Placeholder text for scoring.,2,2,4,2,0,2,4,2,3,2,1,2,,,,,,,,,,,,,"The presentation and justification of the problem demonstrate a clear identification of the issue regarding student engagement with the quadratic formula. Strengths include using credible sources for problem justification. However, there are areas for improvement. The problem definition lacks depth and detail, needing more specific information on the problem's scope and impact. Elaboration on the problem is minimal and subjective, requiring more in-depth analysis. Additionally, the concern of primary stakeholder groups needs further differentiation and clarity to address various perspectives effectively. To enhance the overall presentation, it is recommended to provide more detailed problem definition, elaborate on the issue with objective data, and differentiate stakeholder concerns more explicitly.",2.333333333
Case036_234211.pdf,,Placeholder text for scoring.,2,3,1,2,1,0,4,3,3,2,1,2,,,,,,,,,,,,,"The presentation and justification of the problem demonstrate a clear identification of the issue regarding freshman students' struggle with learning the quadratic formula. Strengths include using credible sources to support the problem statement (A5) and highlighting concerns of primary stakeholders, albeit needing more distinct stakeholder groups (A4). Areas for improvement include enhancing the depth of problem definition (A2) by providing more detailed specifics and elaborating further on how the issue impacts stakeholders (A3). To strengthen the overall presentation, it is recommended to delve deeper into the problem definition and elaboration, incorporating feedback from a wider range of stakeholder groups to provide a comprehensive understanding of the issue and its implications.",2.5
Case037_555555.pdf,,Placeholder text for scoring.,2,3,4,2,1,1,5,5,5,5,5,5,,,,,,,,,,,,,"The presentation and justification of the problem are exceptionally strong in this document. The problem identification is very clear and objective, with a detailed definition and thorough elaboration on the challenges and implications. The identification of multiple primary stakeholder groups and the use of numerous credible sources enhance the credibility of the problem statement. The objective detail provided in the justification, including statistical data and specific criteria, strengthens the overall argument. To further improve, consider explicitly addressing potential challenges or limitations in implementing the proposed solution and discussing how these could be mitigated. Additionally, exploring alternative solutions or technologies could enrich the problem justification and provide a more comprehensive analysis.",5
Case038_434454.pdf,,Placeholder text for scoring.,3,0,2,0,0,0,5,5,5,5,5,5,,,,,,,,,,,,,"The presentation and justification of the problem are exceptionally strong in this document. The problem identification is very clear and objective (A1), with a considerable depth of problem definition (A2) and well-elaborated details (A3). The concerns of primary stakeholder groups are thoroughly highlighted, with multiple stakeholders identified (A4). The problem justification is robust, drawing from numerous credible sources and offering consistent objective detail (A5, A6). To further enhance the presentation, it could be beneficial to include a more detailed discussion on potential challenges or constraints in implementing the proposed solution. Additionally, considering the perspectives of secondary and tertiary stakeholders in more detail could provide a more comprehensive view of the problem context.",5
Case039_334343.pdf,,Placeholder text for scoring.,3,2,0,2,0,2,4,3,3,4,2,3,,,,,,,,,,,,,"The presentation and justification of the problem demonstrate a strong understanding of the issue of badminton birdies getting stuck on the gym ledges. Strengths include a clear problem identification, adequate problem definition, and well-elaborated details on the problem occurrence and stakeholder concerns. To improve, the student could enhance the variety and depth of sources used for justification to strengthen the credibility of the argument. Additionally, providing more specific examples or data to support the problem definition could further enhance the depth of understanding. Overall, a solid foundation has been laid for addressing the issue, with room for further refinement in research and detail presentation.",3.166666667
Case040_555545.pdf,,Placeholder text for scoring.,3,2,1,3,0,2,4,3,3,4,2,3,,,,,,,,,,,,,"The presentation and justification of the problem demonstrate a strong understanding of the issue of badminton birdies getting stuck in the gym. Strengths include a clear problem identification, adequate problem definition, and well-elaborated details on the stakeholders and their concerns. To improve, consider providing a more detailed problem definition to enhance the depth of understanding further (A2). Additionally, expanding on the concerns of primary stakeholder groups to include more differentiated roles or interests would strengthen the justification (A4). Overall, great job in presenting the problem and its importance, with room for enhancement in defining the problem more deeply and addressing a wider range of stakeholder concerns.",3.166666667
Case041_330013.pdf,,Placeholder text for scoring.,3,2,1,5,3,2,5,5,5,4,4,5,,,,,,,,,,,,,"The document excels in presenting and justifying the problem statement for designing an engaging toy for Andean Bears at the Nashville Zoo. Strengths include the clear identification and definition of the problem, thorough elaboration on the bears' needs and challenges, and consideration of multiple stakeholder concerns. The use of credible sources and objective details enhances the justification's credibility. To further improve, consider explicitly addressing the specific design requirements derived from the problem statement and stakeholder inputs. Additionally, providing a more structured format for presenting information could enhance the overall clarity and organization of the document.",4.666666667
Case042_443133.pdf,,Placeholder text for scoring.,3,2,2,1,0,1,5,5,5,4,4,5,,,,,,,,,,,,,"The document excels in presenting and justifying the problem statement for designing an engaging toy for Andean Bears at the Nashville Zoo. Strengths include a clear identification and definition of the problem with considerable depth and specific details, supported by credible and varied sources. The concerns of multiple primary stakeholder groups are well-highlighted, contributing to a comprehensive understanding of the problem. To further enhance the presentation, it would be beneficial to explicitly address the long-term implications of the bears' mental health and the potential impact of the toy on their overall well-being. Additionally, incorporating feedback loops from initial prototypes with the bears could provide valuable insights for refining the design to better meet the bears' needs and preferences.",4.666666667
Case043_434233.pdf,,Placeholder text for scoring.,3,2,2,1,0,1,5,4,4,4,4,4,,,,,,,,,,,,,"The presentation and justification of the problem are strong overall. The problem is clearly identified and elaborated upon, with detailed information on the sources of pollutants and their health impacts. Stakeholder groups are well-defined, although further differentiation between primary and secondary stakeholders could enhance the analysis (A4). The use of credible and timely sources adds to the strength of the problem justification (A5). To improve, consider providing a more in-depth problem definition (A2) and ensuring a consistent level of objective detail throughout the justification (A6). Additionally, explicitly connecting the concerns of stakeholders to the need for addressing the problem could strengthen the overall justification.",4.166666667
Case044_555554.pdf,,Placeholder text for scoring.,3,2,2,1,0,1,5,4,4,4,4,4,,,,,,,,,,,,,"The presentation and justification of the problem are strong overall. The problem is clearly identified and elaborated upon with detailed information on the sources of pollutants and their health impacts. Stakeholder concerns are well highlighted, although more emphasis on secondary stakeholders' concerns could enhance the analysis further (A4). The use of credible and timely sources adds to the strength of the problem justification (A5). To improve, consider providing a more detailed problem definition (A2) and ensuring a more comprehensive coverage of secondary stakeholders' concerns. Additionally, offering a more explicit connection between the problem and its broader social and environmental impacts could strengthen the overall justification (A3). Overall, a solid foundation has been laid for addressing the air quality issues in the art room.",4.166666667
Case045_131525.pdf,,Placeholder text for scoring.,3,2,2,1,0,2,4,3,4,4,3,4,,,,,,,,,,,,,"The presentation and justification of the problem demonstrate a strong understanding of the issue at hand. The identification of stakeholders and their concerns is well-elaborated, showing a clear connection to the problem definition. The use of credible sources adds credibility to the problem justification. To enhance the problem definition, consider providing more detailed information on unique situations where the problem occurs. Additionally, further elaboration on the frequency and impact of the problem could strengthen the overall presentation. Incorporating a wider variety of sources and delving deeper into the specific implications for different stakeholder groups would enrich the problem justification further.",3.666666667
Case046_321532.pdf,,Placeholder text for scoring.,3,2,2,1,0,3,4,3,4,4,4,4,,,,,,,,,,,,,"The presentation and justification of the problem demonstrate a strong understanding of the issue at hand, with clear identification of stakeholders, detailed elaboration on concerns, and solid justification based on credible sources. The problem definition could benefit from further depth to provide a more comprehensive understanding. To enhance the problem definition, consider exploring additional unique situations or expanding on the frequency and impact of the issue. Additionally, while the problem justification is well-supported, incorporating a wider variety of sources could further strengthen the argument and provide a more comprehensive perspective on the problem. Overall, a commendable effort in presenting and justifying the problem, with opportunities for deeper exploration and broader sourcing to enhance the clarity and objectivity of the problem statement.",3.833333333
Case047_000000.docx,,Placeholder text for scoring.,3,2,2,3,3,2,2,2,2,1,0,1,,,,,,,,,,,,,"In your design portfolio, the problem identification and definition lack clarity and depth, resulting in a superficial understanding of the issue at hand (A1, A2). The problem elaboration is minimal, providing only basic details without delving into the complexities of the problem (A3). Additionally, the concerns of primary stakeholder groups are not clearly outlined, with only one stakeholder group vaguely mentioned (A4). It is crucial to identify and consider various stakeholder perspectives to ensure a comprehensive problem analysis. Furthermore, there is a complete absence of sources to justify the problem statement, impacting the credibility of your design rationale (A5). Moving forward, focus on providing clear, detailed problem identification, involving multiple stakeholder perspectives, and incorporating credible sources to strengthen your problem justification (A4, A5). Enhancing the depth and objectivity of your problem justification will significantly improve the overall quality of your design process.",1.333333333
Case048_000000.docx,,Placeholder text for scoring.,3,2,2,3,0,1,2,2,2,1,0,1,,,,,,,,,,,,,"The document falls short in several key areas of problem presentation and justification. It lacks clarity in identifying, defining, and elaborating on the problem at hand (A1, A2, A3). Additionally, there is a complete absence of any mention of primary stakeholder groups or external sources to support the problem justification (A4, A5). To improve, the student should focus on clearly articulating the problem statement, providing more in-depth analysis of the problem's context and significance, identifying relevant stakeholder groups, and incorporating credible sources to strengthen the problem justification. Adding objective details and ensuring a more structured approach to problem presentation will enhance the overall quality of the design portfolio.",1.333333333
Case049_000000.pdf,,Placeholder text for scoring.,3,3,0,0,1,3,1,0,0,0,0,0,,,,,,,,,,,,,"The document falls short in several key areas of problem presentation and justification. It lacks a clear identification of the problem to be addressed (A1) and does not provide a detailed problem definition (A2). The problem is minimally elaborated without any specific details or explanations (A3). Additionally, there is no mention of primary stakeholder groups or their concerns (A4), and no sources are cited to justify the problem (A5). Objective detail is completely missing from the problem justification (A6). To improve, the student should clearly define the problem to be solved, elaborate on it with specific details, identify primary stakeholder groups and their concerns, justify the problem using credible sources, and provide objective details to support the problem statement.",0.166666667
Case050_000000.pdf,,Placeholder text for scoring.,3,3,0,0,1,3,1,0,0,0,0,0,,,,,,,,,,,,,"The document falls short in several key areas of problem presentation and justification. It lacks a clear identification of the problem to be addressed (A1) and does not provide a detailed problem definition (A2) or elaboration (A3). Additionally, there is no mention of primary stakeholder groups or their concerns (A4), and no sources are cited to justify the problem (A5). Objective detail is also missing from the problem justification (A6). To improve, the student should clearly define the problem statement, elaborate on its significance, identify primary stakeholders and their concerns, justify the problem using credible sources, and provide objective details to strengthen the problem justification.",0.166666667
Case051_112201.docx,,Placeholder text for scoring.,3,3,1,2,0,2,3,2,3,2,1,2,,,,,,,,,,,,,"The presentation and justification of the problem regarding food security and self-sustainability through the aquaponics pond show a good understanding of the issue at hand. Strengths include a clear identification of primary stakeholders and the use of sources to support the problem statement. However, there are areas for improvement. The problem definition and elaboration could be more detailed to provide a deeper understanding of the problem and its implications. Additionally, the stakeholder concerns could be further differentiated to include a wider range of perspectives. To enhance the overall presentation, it would be beneficial to provide more specific and credible sources to strengthen the problem justification and offer a more objective analysis.",2.166666667
Case052_212211.docx,,Placeholder text for scoring.,3,3,2,2,0,0,3,2,2,2,1,2,,,,,,,,,,,,,"The presentation and justification of the problem show a good understanding of the need for increased food security and self-sustainability through the aquaponics pond. Strengths include mentioning the impact on stakeholders and using credible sources for justification. However, there are areas for improvement. The problem definition and elaboration lack depth and specificity, needing more detailed explanations of the problem and solution. The concern of primary stakeholder groups could be enhanced by clearly differentiating and expanding on the roles and interests of various stakeholders. To improve, the student should provide more detailed and specific information, especially in defining the problem and elaborating on the solution, while also considering a wider variety of sources for justification.",2
Case053_554154.pdf,,Placeholder text for scoring.,3,3,3,1,0,1,4,4,4,2,2,3,,,,,,,,,,,,,"The presentation and justification of the problem regarding the need for additional hydroponic units at Eleanor Roosevelt High School demonstrate a clear understanding of the challenges faced. Strengths lie in the thorough elaboration of the cost implications, supported by credible sources, and the objective detail provided from various references. However, there is room for improvement in defining the problem with more depth, considering aspects beyond just availability. Additionally, while primary stakeholder concerns are highlighted, further differentiation of stakeholder groups could enhance the analysis. To strengthen the presentation, consider exploring the broader impact on the school community and potential solutions in more detail. Overall, a commendable effort in justifying the problem, with opportunities to enhance the depth and breadth of the problem definition and stakeholder analysis.",3.166666667
Case054_555354.pdf,,Placeholder text for scoring.,3,3,3,3,1,1,4,4,4,2,2,3,,,,,,,,,,,,,"The document effectively identifies the problem of limited space and uncertain temperatures necessitating the use of hydroponics in school. The stakeholder concerns are well-highlighted, showcasing a comprehensive understanding of the various groups impacted. The problem elaboration is strong, delving into plant stress, environmental factors, and the benefits of hydroponic systems. To improve, consider providing more in-depth definition of the problem, specifying the exact requirements and constraints for the additional hydroponic units. Additionally, enhancing the objectivity of the problem justification by further detailing the potential implications and benefits of addressing the identified issues would strengthen the overall presentation. Overall, a solid foundation is laid with room for refinement in defining the problem and enhancing the depth of the problem justification.",3.166666667
Case055_442225.pdf,,Placeholder text for scoring.,3,3,3,3,1,2,4,4,4,2,2,4,,,,,,,,,,,,,"The document effectively identifies and elaborates on the problem of inadequate restroom facilities at Girls Preparatory School, focusing on the challenges faced by female students and staff. Strengths include a clear problem identification, adequate definition, and well-elaborated details supported by survey data and research. However, the stakeholder analysis could be improved by including a more diverse range of primary stakeholders. To enhance the presentation, consider expanding the stakeholder groups and providing more detailed concerns of each group. Additionally, further emphasizing the social and environmental impacts on secondary stakeholders would strengthen the problem justification overall.",3.333333333
Case056_551213.pdf,,Placeholder text for scoring.,3,3,3,3,2,3,4,4,4,3,2,4,,,,,,,,,,,,,"The document effectively presents and justifies the problem of inefficient restroom facilities at Girls Preparatory School, highlighting the challenges faced by female students and staff. Strengths include a clear identification of the problem, adequate definition, and use of credible sources to support the justification. However, there is room for improvement in elaborating on a wider range of primary stakeholder concerns and providing more detailed objective information. To enhance the presentation, consider involving a broader spectrum of stakeholders and providing deeper insights into the problem's impact. Additionally, ensuring consistent and detailed objective detail throughout the justification will further strengthen the problem statement.",3.5
Case057_420201.pdf,,Placeholder text for scoring.,3,3,3,3,3,3,4,3,2,2,2,2,,,,,,,,,,,,,"The document shows a basic understanding of the problem statement regarding the need for a more efficient chariot model for middle schoolers during Latin Day races. However, there are several areas that require improvement. The problem definition lacks clarity and depth, making it challenging to fully grasp the scope of the issue. Additionally, the problem elaboration is minimal and lacks specificity, hindering a comprehensive understanding of the problem. The identification of primary stakeholders is limited to a few individuals without clear differentiation between stakeholder groups. Moreover, the use of only a couple of online sources limits the credibility of the problem justification. Moving forward, it is crucial to enhance the problem definition, provide more detailed elaboration, identify a wider range of primary stakeholders, utilize a variety of credible sources, and incorporate more objective detail to strengthen the problem justification.",2.5
Case058_220201.pdf,,Placeholder text for scoring.,3,3,4,3,4,3,4,3,3,2,2,2,,,,,,,,,,,,,"The presentation and justification of the problem have some strengths but also notable weaknesses. The problem identification is somewhat clear but lacks objectivity, impacting the overall clarity. The problem definition is unclear and lacks depth, making it challenging to fully grasp the scope of the issue. Additionally, the problem elaboration is minimal and lacks specificity, which hinders a comprehensive understanding. When considering the concerns of primary stakeholder groups, only a few are identified, but they lack differentiation, missing the opportunity to address a wider range of perspectives. The use of partially credible sources limits the credibility of the justification. Moreover, the objective detail provided is unclear and insufficient. To improve, it is recommended to clearly define the problem with more depth, elaborate on the issues with specificity, identify and differentiate various stakeholder groups, utilize more credible sources, and enhance the objectivity of the details provided.",2.666666667
Case059_420002.docx,,Placeholder text for scoring.,3,4,0,5,0,3,3,2,2,2,2,2,,,,,,,,,,,,,"The document provides a somewhat clear identification of the problem regarding Alejandro's cat's feeding issues, but it lacks specificity in defining the problem and elaborating on it. The primary stakeholders are mentioned, including Alejandro's cat, his mom, Oscar's dad, aunt, and grandma, but they are not clearly differentiated. The problem justification benefits from credible and timely sources, enhancing the overall credibility. However, there is a need for more depth in defining the problem and providing consistent objective detail to strengthen the justification. To improve, consider delving deeper into the specific feeding issues the cat faces, clearly differentiate stakeholder concerns, and provide a more detailed and consistent rationale based on various sources.",2.166666667
Case060_121100.docx,,Placeholder text for scoring.,3,4,0,5,0,3,3,2,2,2,2,2,,,,,,,,,,,,,"The document provides a somewhat clear identification of the problem regarding Alejandro's cat's feeding issues, but it lacks specificity in defining the problem and elaborating on it. The primary stakeholders are mentioned, including Alejandro's cat, his mom, Oscar's dad, aunt, and grandma, but they are not clearly differentiated. The problem justification benefits from credible and timely sources, enhancing its credibility. However, there is a need for more depth in defining the problem and providing consistent objective detail to strengthen the justification. To improve, consider delving deeper into the specific feeding issues the cat faces, clearly outlining the concerns of each stakeholder group, and ensuring a consistent level of detail and objectivity throughout the problem presentation.",2.166666667
Case061_531142.pdf,,Placeholder text for scoring.,4,0,0,0,0,0,4,3,3,2,3,3,,,,,,,,,,,,,"The document effectively identifies the problem of disabled kids struggling to participate in physical education, emphasizing the importance of inclusion and social interaction. Strengths include using credible sources like Watson, Sue, and Coe to support the problem statement. To improve, the definition of the problem could be more detailed, elaborating on specific challenges faced by disabled kids in PE. Additionally, a clearer differentiation between primary and secondary stakeholders would enhance the stakeholder analysis. Providing more specific examples of solutions and detailing the impact on various stakeholder groups would strengthen the problem justification further. Overall, enhancing the depth of problem definition and stakeholder analysis while incorporating more specific details would enrich the presentation and justification of the problem.",3
Case062_444353.pdf,,Placeholder text for scoring.,4,2,0,0,0,2,4,3,3,2,3,3,,,,,,,,,,,,,"The document effectively identifies the problem of disabled kids struggling to participate in physical education, emphasizing the importance of inclusion and social interaction. Strengths include using credible sources like Watson, Sue, and Coe to support the problem statement. However, there is room for improvement in clearly differentiating primary and secondary stakeholders for a more comprehensive understanding of stakeholder concerns (A4). To enhance the problem definition (A2) and elaboration (A3), consider providing more specific examples of how wheelchair attachments or other solutions can address the challenges faced by disabled kids. Additionally, offering more consistent and detailed objective information in the problem justification (A6) would further strengthen the overall presentation.",3
Case063_443442.pdf,,Placeholder text for scoring.,4,2,0,2,0,1,4,3,3,2,3,3,,,,,,,,,,,,,"The document effectively presents the problem of disabled kids struggling to participate in physical education, emphasizing the importance of inclusion and social interaction. Strengths include citing credible sources like Watson, Sue, and providing solutions such as wheelchair attachments. To improve, the definition of the problem could be more detailed, and a clearer distinction between primary and secondary stakeholders is needed. Additionally, more specific elaboration on the potential consequences of not addressing the problem would enhance the justification. Overall, enhancing the depth of problem definition and stakeholder analysis while providing more specific details would strengthen the presentation and justification of the problem.",3
Case064_321302.pdf,,Placeholder text for scoring.,4,2,0,2,1,1,3,2,2,2,0,2,,,,,,,,,,,,,"The document presents a problem related to providing water to chickens, but it lacks depth and specificity in problem identification, definition, and elaboration (A1-A3). The primary stakeholders are vaguely identified, with only a few mentioned and lacking clear differentiation (A4). The problem justification relies heavily on a single external source, indicating a need for more varied and credible sources to strengthen the argument (A5). Additionally, the objective detail in the justification is unclear and needs to be more explicitly stated (A6). To improve, the student should provide more specific details about the problem, involve a wider range of stakeholders, use a variety of credible sources, and offer a more objective and detailed justification for the problem statement.",1.833333333
Case065_333312.pdf,,Placeholder text for scoring.,4,2,1,0,0,1,3,2,2,2,1,2,,,,,,,,,,,,,"The document addresses the need for providing water to chickens, but lacks depth and specificity in problem identification (A1), definition (A2), and elaboration (A3). The primary stakeholders are vaguely mentioned, with only a few identified without clear differentiation of their concerns (A4). The problem justification lacks credible and varied sources (A5) and objective detail (A6). To improve, consider providing more specific details about the water provision issue, clearly defining the problem, elaborating on the challenges faced, identifying a wider range of stakeholders with differentiated concerns, and incorporating credible sources to strengthen the justification. Adding more depth and specificity will enhance the overall presentation and justification of the problem.",2
Case066_000000.pdf,,Placeholder text for scoring.,4,2,1,5,1,2,2,2,3,2,1,3,,,,,,,,,,,,,"The document falls short in effectively presenting and justifying the problem statement for the design project. While prior design attempts are analyzed, the identification, definition, and elaboration of the current problem with filament storage lack clarity and depth. There is a need to explicitly state the problem, provide more detailed information on the existing issues, and differentiate the concerns of primary stakeholder groups more clearly. Additionally, incorporating credible and varied sources to support the problem analysis and including objective details would strengthen the problem justification. To improve, the student should focus on clearly defining the problem statement, elaborating on the specific issues faced, and incorporating external sources to enhance the credibility of the problem analysis.",2.166666667
Case067_433133.pdf,,Placeholder text for scoring.,4,2,3,1,0,3,4,4,4,2,3,3,,,,,,,,,,,,,"The team has effectively identified and elaborated on the problem of calculator theft in schools, showcasing a strong understanding of the issue's impact on teachers and students. The use of diverse sources, including recycling guidelines and educational articles, enhances the credibility of the problem statement. However, there is room for improvement in clearly delineating distinct primary stakeholder groups beyond Mr. Scott and the team members. To strengthen the presentation, consider identifying additional stakeholders such as students, parents, administrators, and community members, each with their unique concerns and perspectives. This would provide a more comprehensive view of the problem and potential solutions, enhancing the overall depth and stakeholder engagement in the design process.",3.333333333
Case068_444143.pdf,,Placeholder text for scoring.,4,3,0,2,0,2,4,4,4,2,4,4,,,,,,,,,,,,,"The team has done a commendable job in identifying and elaborating on the problem of calculator theft and the need for a secure storage solution. Strengths include a clear problem identification and adequate depth in defining the issue. However, there is room for improvement in clearly differentiating primary stakeholder groups to better address their concerns (A4). To enhance the problem justification further, consider providing more specific and consistent objective details (A6). Additionally, expanding the discussion on how the proposed solution aligns with the identified problems and stakeholder needs could strengthen the overall presentation. Overall, a solid foundation has been laid, and focusing on stakeholder differentiation and detailed problem justification will elevate the project's clarity and impact.",3.666666667
Case069_331202.pdf,,Placeholder text for scoring.,4,3,2,0,1,2,4,3,3,2,0,2,,,,,,,,,,,,,"The presentation and justification of the problem regarding fruit flies in dormitories show a good understanding of the issue but lack depth in certain areas. The identification of the problem is somewhat clear and objective, highlighting the irritation and health risks posed by the fruit flies. However, the problem definition and elaboration could be more detailed to provide a comprehensive understanding of the issue. The concern of primary stakeholder groups is mentioned but needs to include a wider range of stakeholders beyond just residents and dorm parents to enhance the analysis. Additionally, the lack of credible sources weakens the problem justification. To improve, the team should consider conducting research to support their claims and provide a more thorough analysis of the problem and its stakeholders.",2.333333333
Case070_322101.pdf,,Placeholder text for scoring.,4,3,2,2,3,4,4,3,3,2,0,3,,,,,,,,,,,,,"The presentation and justification of the problem regarding fruit flies in dormitories show a decent understanding of the issue but lack depth in various aspects. The identification of the problem is somewhat clear and objective, highlighting the irritation and health risks posed by the fruit flies. However, the problem definition and elaboration could be more detailed to provide a comprehensive understanding of the issue. The concern of primary stakeholder groups is mentioned but lacks differentiation among stakeholders. Additionally, the problem justification would benefit from citing credible external sources to strengthen the argument. To improve, the team should delve deeper into defining the problem, elaborating on its complexities, and considering a wider range of stakeholder perspectives to enhance the overall justification.",2.5
Case071_433343.pdf,,Placeholder text for scoring.,4,3,2,3,3,3,4,3,3,3,3,3,,,,,,,,,,,,,"The document effectively presents the problem of needing a self-closing gate for safety reasons, with clear identification and definition of the issue. The elaboration on stakeholder concerns and potential consequences shows a good understanding of the problem's impact. To improve, consider providing more in-depth technical details in defining the problem and offering a more precise and detailed elaboration on stakeholder groups and their specific concerns. Additionally, expanding the variety and depth of sources used for problem justification would strengthen the argument. Enhancing the consistency and detail of objective information in the problem justification will further solidify the rationale. Overall, a strong foundation is laid, but further development in these areas will enhance the problem presentation and justification.",3.166666667
Case072_544232.pdf,,Placeholder text for scoring.,4,3,2,5,1,3,4,3,3,3,3,3,,,,,,,,,,,,,"The document effectively presents the problem of needing a self-closing gate for safety reasons, with clear identification of stakeholders and potential consequences. To improve, the problem definition could include more technical details about the self-closing mechanism requirements. Additionally, the stakeholder groups could be further differentiated to enhance the depth of the problem elaboration. Incorporating a wider variety of sources beyond the CPSC and safety standards would strengthen the problem justification. Providing more consistent and detailed objective information, especially regarding the technical aspects of the gate mechanism, would enhance the overall presentation and justification of the problem.",3.166666667
Case073_421512.pdf,,Placeholder text for scoring.,4,3,3,0,2,2,4,4,4,4,2,4,,,,,,,,,,,,,"The document presents a strong case for the design project concerning mic flags at Walpole High, with clear identification and definition of the problem, supported by well-elaborated details and stakeholder connections. The inclusion of credible sources like Schulze-Brakel enhances the problem justification. To further improve, more diverse stakeholder perspectives could be considered to ensure comprehensive coverage of all affected parties. Additionally, providing a more extensive analysis of the potential impact of the proposed solution on stakeholders and the overall production quality would strengthen the problem justification. Overall, a solid foundation has been laid for addressing the mic flag issues, with room for deeper stakeholder engagement and impact assessment.",3.666666667
Case074_534534.pdf,,Placeholder text for scoring.,4,3,3,1,0,2,4,4,4,4,2,4,,,,,,,,,,,,,"The document presents a strong analysis of the mic flag problem at Walpole High, with clear identification of issues and stakeholder involvement. The problem definition is detailed, outlining current challenges and desired design characteristics. Stakeholder concerns are well-elaborated, highlighting the importance of mic flags for various groups involved in TV production. The justification is supported by credible sources, including interviews and industry insights. To enhance the presentation, further elaboration on the specific constraints and technical requirements for the new mic flags could strengthen the problem definition (A2). Additionally, providing more diverse sources beyond interviews could further enhance the credibility of the justification (A5). Overall, a solid foundation is laid for addressing the mic flag problem effectively.",3.666666667
Case075_434111.pdf,,Placeholder text for scoring.,4,3,3,1,3,3,4,3,4,2,3,4,,,,,,,,,,,,,"The presentation and justification of the problem are strong overall. The document effectively articulates the need for a colorful mural to enhance students' learning environments and mental well-being. The problem statement is clear and objective, supported by credible sources like the Mental Health Foundation and Second Harvest of Silicon Valley. To improve, consider providing more detailed information on the specific stakeholders involved in the project beyond the Nutritional Supervisor. Additionally, expanding on how the mural project will directly address the concerns and interests of various stakeholder groups would strengthen the problem definition. Overall, great job in presenting a compelling problem statement with solid justification, but further clarity on stakeholder involvement would enhance the overall presentation.",3.333333333
Case076_222111.pdf,,Placeholder text for scoring.,4,3,3,2,0,3,4,3,3,2,3,3,,,,,,,,,,,,,"The presentation and justification of the problem are strong overall. The document effectively communicates the need for a colorful mural to enhance students' well-being and academic performance. Strengths include a clear problem statement, adequate problem definition, and well-elaborated details on the benefits of murals. However, the identification of primary stakeholder groups could be improved by explicitly mentioning additional stakeholders like teachers, parents, or school administrators. To enhance the justification further, consider incorporating perspectives from a wider range of stakeholders to strengthen the project's relevance and impact. Overall, a well-rounded and detailed problem presentation that could benefit from broader stakeholder considerations.",3
Case077_522022.pdf,,Placeholder text for scoring.,4,3,3,2,2,3,4,2,2,1,3,3,,,,,,,,,,,,,"The presentation and justification of the problem in the document show a good understanding of the importance of safe water and the risks associated with unsafe water. Strengths include referencing credible sources like the CDC and WHO to support the problem statement. However, there are areas for improvement. The problem definition and elaboration could be more detailed to provide a deeper understanding of the specific challenges related to water safety. Additionally, the identification of stakeholder groups is vague and should be clearly defined to address the concerns and perspectives of various stakeholders such as communities, policymakers, and environmental organizations. To enhance the overall presentation, more consistent and detailed objective information should be included to strengthen the problem justification.",2.5
Case078_222112.pdf,,Placeholder text for scoring.,4,3,3,3,2,3,4,3,3,1,2,3,,,,,,,,,,,,,"The presentation and justification of the problem in the document show a good understanding of the importance of safe water and the risks associated with contaminated water sources. The use of sources from reputable organizations like the CDC and WHO adds credibility to the problem statement. However, there are areas for improvement. The problem definition lacks depth and specificity, needing more details on the specific contaminants or challenges the water filter aims to address. Additionally, the stakeholder analysis is limited to only one group, overlooking the perspectives of other stakeholders such as policymakers, environmentalists, or water treatment experts. To enhance the problem statement, consider expanding on the specific design challenges the water filter aims to solve and incorporating a more comprehensive stakeholder analysis to address a wider range of concerns and perspectives.",2.666666667
Case079_340503.pdf,,Placeholder text for scoring.,4,3,3,3,4,3,4,3,3,4,1,3,,,,,,,,,,,,,"The document effectively identifies the problem of creating an enchanted rose for the 'Beauty and the Beast' musical, outlining specific requirements and stakeholders involved. To enhance the problem justification, it would be beneficial to incorporate a wider variety of credible sources beyond Mrs. Moody and the theater professor. Providing more in-depth research and citing additional experts could strengthen the justification. Additionally, further elaboration on the problem, such as discussing potential challenges or alternative solutions, would add depth to the analysis. Overall, a solid foundation is laid out, but expanding on the justification with more diverse and detailed sources will enhance the overall presentation of the problem statement.",3
Case080_433223.pdf,,Placeholder text for scoring.,4,3,3,4,2,3,4,3,3,4,1,3,,,,,,,,,,,,,"The document effectively identifies the problem of creating an enchanted rose for the 'Beauty and the Beast' musical, providing adequate definition and elaboration on the requirements set by Mrs. Moody. The primary and secondary stakeholders are well outlined, showcasing an understanding of the various groups affected by the project. To improve, the problem justification could benefit from incorporating a wider variety of sources to strengthen the rationale further. Additionally, providing more detailed and specific information from credible sources would enhance the overall objectivity of the problem justification. Overall, a solid foundation has been laid in understanding the problem and stakeholders involved, with opportunities to enhance the justification through additional sourcing and detailed information.",3
Case081_551000.pdf,,Placeholder text for scoring.,4,3,4,1,1,1,4,3,4,3,0,3,,,,,,,,,,,,,"The document effectively identifies the issue of disorganized battery storage in Mr. L's classroom, highlighting its impact on students and parents. To improve, consider providing more in-depth elaboration on the problem, exploring root causes and potential solutions. Additionally, differentiate the concerns of stakeholder groups more clearly to enhance the problem definition. Incorporating external sources to support the problem justification would strengthen the argument's credibility. Aim to enhance the objectivity of the problem justification by including more evidence-based reasoning. Overall, a solid foundation is laid out, but further development in defining the problem and justifying it through diverse sources and detailed analysis will strengthen the presentation.",2.833333333
Case082_450502.pdf,,Placeholder text for scoring.,4,3,4,2,0,2,4,3,4,4,4,3,,,,,,,,,,,,,"The document effectively identifies the problem with clear and objective details, supported by credible sources. However, there is room for improvement in providing a more in-depth problem definition and elaboration to enhance the understanding of the problem's complexity. Additionally, the stakeholder concerns are well-highlighted, but further elaboration on their specific interests and impacts could strengthen the justification. To improve, consider delving deeper into the problem definition by exploring root causes and implications. Enhancing the problem elaboration with more precise details and data would provide a comprehensive view. Furthermore, expanding on the stakeholder concerns and connections would enrich the justification by showcasing a broader understanding of the problem's effects on various groups.",3.666666667
Case083_333323.pdf,,Placeholder text for scoring.,4,3,4,2,1,3,4,3,4,4,4,3,,,,,,,,,,,,,"The document effectively identifies the problem with clear and objective details, supported by credible sources. However, there is room for improvement in providing a more in-depth problem definition and elaboration to enhance the understanding of the problem's complexity. Additionally, the stakeholder concerns are well-highlighted, but further elaboration on their specific interests and impacts could strengthen the justification. To improve, consider delving deeper into the problem definition, providing more precise and detailed elaboration, and expanding on the connections between stakeholder concerns and the problem. Overall, a solid foundation is laid out, but enhancing the depth and specificity of the problem analysis would further strengthen the presentation and justification of the problem.",3.666666667
Case084_302000.pdf,,Placeholder text for scoring.,4,3,4,2,3,3,3,2,2,1,0,1,,,,,,,,,,,,,"The document effectively identifies the problem of debris impeding the mill drill bit, showcasing a clear understanding of the issue at hand (A1). However, the problem definition lacks depth, focusing primarily on the need for a debris removal system without delving into specific challenges or implications (A2, A3). Additionally, the concern of primary stakeholder groups is limited to mill operators, failing to consider a broader range of stakeholders who may be impacted by the solution (A4). The absence of any sources to justify the problem weakens the overall argument (A5). Moving forward, the student should work on providing more detailed elaboration of the problem, considering a wider array of stakeholders, and incorporating credible sources to strengthen the problem justification (A3, A4, A5).",1.5
Case085_400000.pdf,,Placeholder text for scoring.,4,3,4,4,5,4,3,2,2,1,0,1,,,,,,,,,,,,,"The document effectively identifies the problem of debris obstructing the mill drill bit's path and impacting accuracy, earning a score of 4 for A1. However, the problem definition in A2 is only superficial, lacking depth in exploring the root causes or implications. A3 is weak as the problem is minimally elaborated without detailing specific challenges or considerations. A4 scores low as only one stakeholder group is mentioned, neglecting a comprehensive view of primary stakeholders. No sources are cited in A5, impacting the credibility of the problem statement. A6 shows some objective detail but requires more clarity and specificity. To improve, the student should delve deeper into defining the problem, elaborate on challenges, consider a wider range of stakeholders, incorporate credible sources for justification, and provide more detailed objective information.",1.5
Case086_520001.docx,,Placeholder text for scoring.,4,4,2,2,2,5,4,2,2,1,0,2,,,,,,,,,,,,,"The document effectively identifies the problem of preventing a ball from falling while riding a bike, highlighting the safety concerns associated with this issue. However, there are areas for improvement. The problem definition lacks depth and could be further developed to provide a clearer understanding of the problem's scope. Additionally, the document minimally elaborates on the solution without citing any sources to justify the problem statement. It is crucial to incorporate credible and varied sources to strengthen the problem justification. Furthermore, considering only the bike rider as the primary stakeholder group is limiting; expanding to include pedestrians and other road users would provide a more comprehensive perspective. To enhance the problem justification, more objective detail and specificity should be included to strengthen the overall presentation.",1.833333333
Case087_421001.docx,,Placeholder text for scoring.,4,4,3,1,3,3,4,2,2,1,0,2,,,,,,,,,,,,,"The document effectively identifies the problem of preventing a ball from falling while riding a bike, highlighting the safety concerns associated with this issue. However, there are areas for improvement. The problem definition lacks depth and could be further developed to provide a clearer understanding of the problem's scope. Additionally, the document minimally elaborates on the solution without citing any sources to justify the problem statement. It is crucial to involve various primary stakeholder groups beyond just the bike rider to ensure a comprehensive understanding of the problem's impact. Moving forward, incorporating credible and timely sources to support the problem statement and providing more objective detail consistently will strengthen the justification of the problem and enhance the overall clarity and depth of the design proposal.",1.833333333
Case088_555535.pdf,,Placeholder text for scoring.,4,4,3,4,4,2,5,4,4,4,3,4,,,,,,,,,,,,,"The document effectively presents and justifies the problem of items falling into car seat gaps, demonstrating a clear understanding of the issue and its implications. Strengths include the thorough identification and definition of the problem, supported by credible sources and well-elaborated details. The inclusion of multiple primary stakeholder groups and their concerns adds depth to the problem justification. To enhance the presentation further, consider providing more quantitative data on the frequency of the problem occurrence and its specific impacts. Additionally, exploring potential innovative solutions beyond existing gap fillers could enrich the problem elaboration and justification, showcasing a more comprehensive approach to addressing the issue.",4
Case089_544555.pdf,,Placeholder text for scoring.,4,4,4,1,4,3,5,4,4,4,3,3,,,,,,,,,,,,,"The document effectively presents and justifies the problem of items falling into car seat gaps, demonstrating a clear understanding of the issue and its implications. Strengths include a thorough problem definition, detailed elaboration on the causes and impacts, and identification of multiple primary stakeholder groups with their respective concerns. The use of credible and timely sources enhances the problem justification's credibility. To further improve, consider providing more quantitative data on the frequency of the problem occurrence and exploring additional innovative solutions beyond existing gap fillers. Additionally, incorporating feedback or insights from actual users experiencing this issue could add valuable perspectives to the problem statement.",3.833333333
Case090_231210.pdf,,Placeholder text for scoring.,4,4,4,3,3,2,4,3,3,2,0,2,,,,,,,,,,,,,"The document effectively presents the problem of clutter in classroom storage areas, highlighting the challenges faced by both teachers and students. Strengths include a clear identification of the problem and an adequate definition focusing on the inefficiencies caused by disorganization. To improve, consider elaborating further on the specific impacts of clutter on teaching and learning processes (A3). Additionally, expanding the identification of primary stakeholder groups beyond Mrs. Aldridge and her students would provide a more comprehensive understanding of the problem (A4). Enhancing the justification with credible sources to support the proposed solutions and constraints would strengthen the overall argument (A5). Overall, a solid foundation is laid for addressing the clutter issue, with opportunities to deepen the analysis and stakeholder engagement.",2.333333333
Case091_433203.pdf,,Placeholder text for scoring.,4,4,4,3,5,3,4,3,3,2,0,2,,,,,,,,,,,,,"The document effectively presents the problem of clutter in classroom storage areas, highlighting the challenges faced by both teachers and students. Strengths include a clear identification of the problem and a reasonable depth of definition and elaboration. To enhance the presentation, it would be beneficial to involve additional primary stakeholder groups beyond Mrs. Aldridge and her students to capture a broader range of perspectives. Furthermore, incorporating a wider variety of credible and timely sources to support the problem justification would strengthen the overall argument. Providing more specific details on the implementation plan and potential outcomes could further enhance the problem justification and offer a more comprehensive understanding of the proposed solution.",2.333333333
Case092_432234.pdf,,Placeholder text for scoring.,4,4,4,4,3,3,5,5,5,4,1,5,,,,,,,,,,,,,"The presentation and justification of the problem for designing the Magic Mirror for the Beauty and the Beast play is exceptionally well-done. The document clearly identifies the problem, defines it with considerable depth, and elaborates on specific design requirements and stakeholder concerns. The use of credible sources, including interviews and testing, enhances the justification. To further strengthen the presentation, consider providing more explicit connections between stakeholder concerns and design decisions. Additionally, incorporating feedback from a wider range of stakeholders, such as the actors who will use the mirror, could offer valuable insights for refining the design. Overall, the document demonstrates a strong understanding of the problem and sets a solid foundation for the design process.",4.166666667
Case093_221011.pdf,,Placeholder text for scoring.,4,4,4,4,3,4,2,2,2,1,1,1,,,,,,,,,,,,,"In your presentation and justification of the problem, there are areas that need improvement. Specifically, your problem identification is unclear and lacks specificity, leading to a weak foundation for your design. The problem definition, while somewhat clear, lacks depth and detail that would provide a comprehensive understanding of the issue at hand. Additionally, the problem elaboration is subjective and unelaborated, missing key details that could strengthen your argument. When discussing stakeholders, only one group is mentioned, limiting the perspective and impact analysis. Your use of sources is limited to YouTube videos without assessing their credibility, which weakens the justification. Moving forward, focus on providing clear, detailed problem statements, considering a wider range of stakeholder perspectives, and utilizing diverse and credible sources to strengthen your problem justification.",1.5
Case094_110000.pdf,,Placeholder text for scoring.,4,4,4,5,3,4,2,2,2,1,1,1,,,,,,,,,,,,,"In the presented document, there are several areas that could be improved in the presentation and justification of the problem. The problem identification is unclear and lacks specificity, leading to a score of 1 for A1. While the problem definition is somewhat clear, it lacks depth, resulting in a score of 2 for A2. The problem elaboration is unelaborated and subjective, warranting a score of 1 for A3. Additionally, only one stakeholder group is mentioned (members of the company), falling short of demonstrating concerns of primary stakeholder groups (A4). The sources provided are only partial credible (YouTube videos), contributing to a score of 1 for A5. Lastly, the problem justification lacks objective detail, leading to a score of 1 for A6. To improve, the student should work on providing clearer problem identification, deeper problem definition, more stakeholder considerations, utilizing a wider range of credible sources, and incorporating objective details in the justification.",1.5
Case095_221211.pdf,,Placeholder text for scoring.,4,4,4,5,5,0,2,2,2,1,1,1,,,,,,,,,,,,,"The document introduces the problem of finding a new way to water plants, but it lacks clarity and specificity in identifying the problem (A1). The problem definition touches on the amount of water plants receive but lacks depth and detail (A2). The problem elaboration is minimal and lacks objective detail, making it unclear and subjective (A3, A6). Only one stakeholder group is vaguely mentioned, limiting the consideration of primary stakeholders (A4). The use of YouTube videos as sources provides only partial credibility and lacks variety (A5). To improve, the student should clearly define the problem, elaborate on it with objective detail, consider a wider range of stakeholder groups, and utilize more credible sources for justification.",1.5
Case096_121111.pdf,,Placeholder text for scoring.,4,4,5,4,3,4,4,3,3,2,1,2,,,,,,,,,,,,,"The presentation and justification of the problem show a good understanding of the issue of hallway traffic causing student tardiness. Strengths include a clear identification of the problem and stakeholders, as well as a basic justification using sourced information. However, there are areas for improvement. The problem definition lacks depth in establishing measurable design requirements. More detailed elaboration on the problem's implications and potential solutions would enhance the clarity and completeness of the presentation. Additionally, considering a wider range of stakeholder perspectives and utilizing a greater variety of credible sources would strengthen the overall justification. To improve, deepen the problem definition, elaborate on the issue's significance, involve a broader range of stakeholders, and incorporate more diverse and in-depth sourcing.",2.5
Case097_111120.pdf,,Placeholder text for scoring.,4,4,5,5,5,3,4,3,3,2,2,2,,,,,,,,,,,,,"The presentation and justification of the problem regarding hallway traffic causing student tardiness is adequately addressed in the document. Strengths include a clear identification of the problem and stakeholders, supported by some credible sources. However, there are areas for improvement. The problem definition lacks depth in establishing measurable design requirements. Additionally, the elaboration of the problem and stakeholder concerns is minimal and could be enhanced with more detailed information. To strengthen the justification, consider incorporating a wider variety of credible sources and providing more objective detail. Focus on differentiating stakeholder roles and providing specific data to support the severity of the issue.",2.666666667
Case098_022110.pdf,,Placeholder text for scoring.,4,5,0,5,0,2,4,3,3,3,2,3,,,,,,,,,,,,,"The presentation and justification of the problem regarding the development of enrichment toys for dolphins show a basic understanding of the issue at hand. Strengths include acknowledging the importance of mental and physical health for dolphins through enrichment toys and citing some credible sources like Seaworld Animal Enrichment. However, there are areas for improvement. The problem definition and elaboration could be more detailed to provide a deeper understanding of the problem. Additionally, the identification of primary stakeholders needs to be more comprehensive, considering a wider range of stakeholder groups. To enhance the problem justification, more objective detail and a broader range of sources could be incorporated to strengthen the rationale behind the need for enrichment toys for dolphins.",3
Case099_455334.pdf,,Placeholder text for scoring.,4,5,5,3,3,4,4,3,4,3,4,4,,,,,,,,,,,,,"The presentation and justification of the problem regarding mental health and stress relief through a mini golf course is well-developed. Strengths include a clear identification of the problem, adequate definition, and detailed elaboration on the benefits, stakeholders, project location, and global statistics. The use of credible sources enhances the problem justification. To improve, consider providing more consistent objective details throughout the document to strengthen the overall justification. Additionally, ensuring a deeper problem definition with more specific details could further enhance the understanding of the problem statement and its significance.",3.666666667
Case100_445553.pdf,,Placeholder text for scoring.,5,1,0,1,0,0,4,4,4,3,4,4,,,,,,,,,,,,,"The document effectively presents a clear problem statement regarding the importance of addressing mental health through a mini golf course. Strengths include a well-elaborated problem description, identification of primary stakeholders, and use of credible sources to justify the problem. To improve, the problem definition could be further detailed to explore the specific aspects of stress relief and mental health promotion. Additionally, enhancing the objectivity and consistency of detail in the problem justification would strengthen the overall presentation. It is recommended to provide more in-depth analysis of how the mini golf course directly addresses mental health concerns and to ensure a consistent level of objectivity throughout the justification.",3.833333333
Case101_333311.docx,,Placeholder text for scoring.,5,2,0,0,0,1,4,3,4,3,0,3,,,,,,,,,,,,,"The presentation and justification of the problem in your design portfolio show a good understanding of Mr. Anzaldo's struggle with playing the conga in Jazz Choir. To improve, consider providing more in-depth problem definition and elaboration by including specific data and statistics to support your statements. Additionally, try to incorporate credible and varied sources to strengthen your problem justification. Clearly differentiate between stakeholder groups to enhance the clarity of primary concerns. Overall, your narrative is well-structured, but enhancing the depth and objectivity of your problem description will further strengthen your design rationale.",2.833333333
Case102_322102.docx,,Placeholder text for scoring.,5,2,2,0,2,2,4,3,4,3,0,3,,,,,,,,,,,,,"The document presents a somewhat clear problem statement regarding Mr. Anzaldo's struggle with playing the conga in the Jazz Choir. However, there is room for improvement in providing a more detailed problem definition, including specific data and statistics to strengthen the justification. The identification of primary stakeholders is somewhat addressed, but could be more distinct and detailed to better understand their concerns and connections to the problem. Additionally, the problem justification lacks credible and varied sources, which would enhance the overall validity of the presented issue. To improve, the student should consider incorporating more research-based evidence, providing deeper problem elaboration, and clearly defining stakeholder concerns for a more comprehensive problem presentation.",2.833333333
Case103_121002.pdf,,Placeholder text for scoring.,5,2,4,1,0,1,4,3,3,1,2,3,,,,,,,,,,,,,"The presentation of the problem and its justification in the document is strong in terms of clarity and awareness of the global issue of clean drinking water scarcity. However, there are areas for improvement. The problem definition could benefit from more depth by including specific technical requirements for the water filter design. Elaboration on the problem is minimal, lacking details on the design challenges or constraints. Additionally, the identification of stakeholder groups is limited to only one, missing the opportunity to address the concerns of various stakeholders involved in providing clean water solutions. To enhance the problem justification, the student should incorporate specific and varied sources to strengthen the argument. Providing more objective detail, especially related to the design constraints and purification methods, would further solidify the problem statement.",2.666666667
Case104_433102.pdf,,Placeholder text for scoring.,5,3,1,1,4,2,4,3,3,1,2,3,,,,,,,,,,,,,"The presentation of the problem in designing a water filter for communities without clean drinking water is well-structured and clear, demonstrating a strong identification of the issue (A1). However, the problem definition could benefit from more depth by elaborating on specific challenges or constraints related to the design task (A2, A3). The concern of primary stakeholder groups is limited to one group, missing the opportunity to address the needs and perspectives of various stakeholders involved (A4). While the problem justification includes relevant global statistics, incorporating more diverse and credible sources could strengthen the rationale further (A5). To enhance the objectivity of the problem justification, providing more specific details and insights into the impact of the water filter solution would be beneficial (A6). Overall, expanding on stakeholder considerations and technical aspects while incorporating a wider range of sources would enrich the problem presentation and justification.",2.666666667
Case105_444534.pdf,,Placeholder text for scoring.,5,4,0,1,2,3,4,4,4,3,1,4,,,,,,,,,,,,,"The document effectively presents and justifies the problem of designing a mini golf course, with clear identification of issues such as elevation changes, budget constraints, and safety concerns. Strengths include the detailed definition of problems and consideration of primary stakeholders' perspectives. To improve, the problem elaboration could be more specific, providing in-depth solutions for the identified issues. Additionally, incorporating more diverse sources to support the problem justification and offering further objective details would enhance the overall presentation and justification of the problem. Overall, a solid foundation is laid for addressing the design challenges, but enhancing the depth and specificity of problem elaboration would strengthen the design proposal.",3.333333333
Case106_114501.pdf,,Placeholder text for scoring.,5,4,0,5,0,4,4,4,4,3,1,4,,,,,,,,,,,,,"The document effectively identifies and defines key problems related to elevation changes, budget constraints, and safety concerns in the mini golf course design. Strengths include clear problem identification and stakeholder considerations. To improve, provide more specific details on how solving elevation issues can lead to cost-efficient land use (A3). Additionally, enhancing the depth of elaboration on safety concerns and budget implications could further strengthen the problem justification (A2, A5). Consider incorporating more diverse sources to support the problem statement and potential solutions. Overall, a solid foundation is laid out, but further development in detailing solutions and stakeholder impacts would enhance the problem presentation.",3.333333333
Case107_221200.pdf,,Placeholder text for scoring.,5,4,2,2,2,4,4,3,3,3,2,2,,,,,,,,,,,,,"The presentation and justification of the problem regarding the lack of shelves in communal showers is fairly clear and objective, highlighting the unsanitary conditions caused by placing toiletries on the floor. However, the depth of the problem definition and elaboration could be improved by providing more detailed explanations of the impact and consequences of the issue. The identification of primary stakeholders is adequate, but further differentiation and detailed exploration of their concerns would enhance the justification. Utilizing more varied sources and delving deeper into the objective details of the problem would strengthen the overall presentation. To enhance the problem statement, consider expanding on the implications of the unsanitary conditions, conducting a more thorough stakeholder analysis, and incorporating additional credible sources to support the problem statement.",2.833333333
Case108_542224.pdf,,Placeholder text for scoring.,5,4,4,2,3,2,5,5,4,3,4,4,,,,,,,,,,,,,"The presentation and justification of the problem are strong overall. The problem identification and definition are clear and detailed, supported by credible sources that enhance the objectivity of the justification. However, there is room for improvement in elaborating on the concerns of secondary stakeholders to strengthen the stakeholder analysis. Providing more specific examples could enhance the problem elaboration further. To improve, consider expanding on how secondary stakeholders, such as students in neighboring classrooms, are directly impacted by the air quality issue. Additionally, ensuring a more explicit connection between their concerns and the proposed solution would strengthen the overall problem presentation.",4.166666667
Case109_444434.pdf,,Placeholder text for scoring.,5,4,4,4,3,2,5,5,4,3,4,4,,,,,,,,,,,,,"The document presents a well-defined problem related to air quality issues in the art wing, with a thorough explanation of the pollutants, sources, and health impacts. Strengths include the use of credible sources to support the problem justification and detailed elaboration on the types of pollutants present. However, the identification of primary stakeholders is limited to only two groups, impacting the overall depth of stakeholder analysis. To improve, consider identifying and elaborating on additional stakeholder groups to provide a more comprehensive understanding of the concerns and connections related to the problem. Additionally, expanding on the social and environmental impacts on secondary stakeholders could enhance the justification further.",4.166666667
Case110_420211.docx,,Placeholder text for scoring.,5,4,4,4,3,2,4,3,3,2,1,2,,,,,,,,,,,,,"The document effectively identifies the recurring problem of the impractical girls' preparatory summer uniform, highlighting issues of discomfort, limitations in activities, and the need for modern options like pants for self-expression and inclusivity. The problem is adequately defined and elaborated on, discussing concerns of comfort, self-expression, and practicality. The primary stakeholder group, Girls’ Preparatory School students, is well-recognized, with their uniform-related challenges clearly outlined. To strengthen the presentation, it would be beneficial to incorporate more credible and varied sources to enhance the problem justification. Additionally, providing more detailed and specific examples of stakeholder concerns and potential solutions could further enrich the problem elaboration.",2.5
Case111_532110.docx,,Placeholder text for scoring.,5,4,4,5,5,5,4,3,3,2,1,2,,,,,,,,,,,,,"The document effectively identifies the recurring problem of the impractical girls' preparatory summer uniform, highlighting concerns related to comfort, self-expression, and practicality. The problem definition is adequate, covering various aspects impacting the students. However, the justification could be strengthened by incorporating a wider range of credible sources beyond anecdotal evidence and a single external quote. To improve, the student should consider including more diverse stakeholder perspectives and conducting a more thorough analysis of the problem's impact. Additionally, providing additional data or research to support the proposed solutions would enhance the overall justification. Overall, a solid foundation is laid out, but further depth and breadth in research and stakeholder considerations would strengthen the problem presentation and justification.",2.5
Case112_000000.docx,,Placeholder text for scoring.,5,4,5,5,4,4,2,2,2,1,0,1,,,,,,,,,,,,,"The document introduces the problem of 'sense of urgency' and a prototype solution, but lacks clarity and depth in problem identification and definition. The problem elaboration is minimal, providing only a basic description of the prototype without delving into specific details. The concern of primary stakeholder groups is not adequately addressed, with only the group members themselves mentioned. Additionally, there is a complete absence of sources cited to justify the problem, impacting the credibility of the proposed solution. The problem justification also lacks objective detail, hindering a comprehensive understanding of the problem and solution. To improve, the student should clearly define the problem, elaborate on the prototype's features, identify and address multiple stakeholder groups, incorporate credible sources for justification, and provide more objective detail in the problem statement.",1.333333333
Case113_540504.pdf,,Placeholder text for scoring.,5,5,0,3,0,2,5,4,4,4,0,4,,,,,,,,,,,,,"The document effectively identifies the problem of creating a functional and visually appealing rose for the theater production, providing clear requirements and constraints. The problem definition is adequate, covering aspects like size, appearance, functionality, and timeline. Stakeholder groups are well outlined, including directors, actors, crew, and audience, with their concerns addressed. However, the justification could be strengthened by incorporating external sources to support the design decisions. To improve, consider including credible sources to enhance the problem justification and provide a more well-rounded perspective. Additionally, adding more detailed elaboration on the design constraints and potential challenges could further enhance the problem presentation.",3.5
Case114_552523.pdf,,Placeholder text for scoring.,5,5,1,0,0,0,5,4,4,4,0,4,,,,,,,,,,,,,"The document effectively identifies the problem of creating a functional and visually appealing rose for the theater production of Beauty and the Beast. The requirements for the rose are adequately defined, including size, appearance, functionality, and reusability. However, the justification could be strengthened by incorporating more diverse and credible external sources to support the project's importance. Additionally, providing more detailed elaboration on the specific technical challenges or design considerations could enhance the problem justification further. Overall, the document demonstrates a clear understanding of the project requirements and stakeholder concerns, but there is room for improvement in sourcing and detailing the problem justification.",3.5
Case115_432513.pdf,,Placeholder text for scoring.,5,5,1,2,1,3,4,3,3,3,2,3,,,,,,,,,,,,,"The document effectively identifies the problem of strings getting lost in hoodies and pants, providing a clear and objective problem statement. The depth of the problem definition is adequate, outlining the issue's impact on stakeholders like students, athletes, and laundromats. However, the problem elaboration could be improved by providing more specific details. The justification successfully highlights concerns of multiple primary stakeholder groups, demonstrating a comprehensive understanding of the problem's impact. While the problem justification is based on credible sources like Cosmopolitan, incorporating more variety would strengthen the argument. Overall, the document presents a well-structured problem statement with consistent and detailed justification, but could enhance the elaboration and variety of sources used.",3
Case116_223212.pdf,,Placeholder text for scoring.,5,5,2,1,5,5,4,3,3,3,2,3,,,,,,,,,,,,,"The presentation and justification of the problem demonstrate a clear understanding of the issue of strings getting lost in hoodies and pants. Strengths include the clear problem identification and considerable depth in problem definition. However, there is room for improvement in elaborating on the problem further to provide more specific details. The concerns of primary stakeholder groups are well-highlighted, but the sourcing could be more varied to strengthen the problem justification. Overall, the objective detail provided in the problem justification is a significant strength. To enhance the presentation, consider expanding on the unintended consequences and exploring additional solutions from a wider range of sources to strengthen the credibility of the problem statement.",3
Case117_122112.pdf,,Placeholder text for scoring.,5,5,2,5,2,3,4,3,3,3,2,3,,,,,,,,,,,,,"The presentation and justification of the problem regarding the kidnapping and missing persons crisis show a good understanding of the issue and involve various stakeholders like children, families, police, and FBI. The document adequately defines the problem's scope globally and its impact on communities. However, there is room for improvement in elaborating on the problem details, including more specific data and statistics to strengthen the argument. Additionally, identifying a wider range of primary stakeholder groups beyond just the Local Police Department and School Police would provide a more comprehensive perspective. To enhance the problem justification, incorporating a greater variety of timely sources and ensuring consistent objectivity in the details presented would further solidify the argument and support the need for a better solution.",3
Case118_223133.pdf,,Placeholder text for scoring.,5,5,3,0,2,5,4,3,3,3,2,3,,,,,,,,,,,,,"The presentation and justification of the problem regarding kidnapping and missing persons crisis show a good understanding of the issue and its stakeholders. Strengths include a clear identification of the problem and involvement of various stakeholders like children, families, police, and FBI. However, there are areas for improvement. The problem elaboration could be more detailed to provide a deeper understanding of the issue. Additionally, the differentiation and depth of primary stakeholder groups need to be enhanced to better address the concerns of all relevant parties. To strengthen the problem justification, incorporating a wider variety of timely sources would add credibility to the argument and provide a more comprehensive overview of the problem. Overall, a more detailed elaboration and inclusion of diverse stakeholder perspectives would enrich the problem presentation.",3
Case119_550302.pdf,,Placeholder text for scoring.,5,5,3,3,2,2,4,3,3,3,0,3,,,,,,,,,,,,,"The document effectively identifies the problem of automating a food launcher for Andean Bears at the Nashville Zoo, emphasizing the importance of mental nourishment for the bears and efficiency for enclosure workers. However, there is a need for more elaboration on the design criteria to enhance clarity and depth (A3). While primary and secondary stakeholders are mentioned, the justification could benefit from incorporating more credible and varied sources to strengthen the argument (A5). Additionally, providing a more consistent and fully objective perspective in the problem justification would further enhance the overall presentation (A6). Overall, focusing on expanding the elaboration of design criteria and incorporating diverse sources will strengthen the problem justification and enhance the project's overall credibility.",2.666666667
Case120_430202.pdf,,Placeholder text for scoring.,5,5,4,1,5,4,4,3,3,3,0,2,,,,,,,,,,,,,"The document effectively identifies the problem of automating a food launcher for Andean Bears at the Nashville Zoo, emphasizing the importance of mental stimulation for the bears and efficiency for the enclosure workers. However, there is a lack of elaboration on how the automation will specifically address these needs. To improve, the student should include more detailed explanations supported by credible sources to strengthen the problem justification (A5). Additionally, providing a more in-depth analysis of how the project will benefit each stakeholder group (A4) would enhance the overall presentation. Overall, a more thorough exploration of the problem's implications and a stronger reliance on credible sources would elevate the clarity and depth of the problem presentation.",2.5
Case121_433423.pdf,,Placeholder text for scoring.,5,5,4,3,5,4,4,3,3,3,0,3,,,,,,,,,,,,,"The document effectively identifies the problem of automating a food launcher for Andean Bears at the Nashville Zoo, with clear objectives for improving the feeding process. However, there are areas for enhancement. To strengthen the problem definition (A2), consider providing more in-depth analysis of the current feeding process and its limitations. Additionally, for problem elaboration (A3), expand on how the automation will specifically address the mental stimulation needs of the bears. The justification could be improved by incorporating more diverse and credible sources (A5) to strengthen the rationale behind the project. Overall, a more detailed and well-rounded exploration of stakeholder concerns and sources would enhance the problem presentation and justification.",2.666666667
Case122_555255.pdf,,Placeholder text for scoring.,5,5,5,2,5,5,4,4,4,3,4,4,,,,,,,,,,,,,"The presentation and justification of the problem regarding the lack of windows in the school building is well done overall. Strengths include a clear identification of the problem, adequate definition, and detailed elaboration on the impacts of the issue. The use of multiple credible sources enhances the justification, providing a solid foundation for the problem statement. However, there are areas for improvement. The identification of primary stakeholder groups could be more specific and clearly differentiated to better address their concerns. To strengthen the problem statement further, consider incorporating a wider range of stakeholder perspectives and addressing potential solutions in more depth. Overall, a commendable effort in presenting the problem, with opportunities to enhance stakeholder involvement and solution exploration.",3.833333333
Case123_445434.pdf,,Placeholder text for scoring.,5,5,5,3,5,4,5,4,4,3,4,4,,,,,,,,,,,,,"The document effectively presents the problem of the lack of windows in the school building, highlighting its impact on student health and academic performance. Strengths include a clear identification of the problem, well-elaborated discussions on the effects of the issue, and a strong basis in credible sources. However, there are areas for improvement. The identification of primary stakeholder groups could be more specific and differentiated to include a wider range of perspectives. Additionally, providing a deeper problem definition with more detailed analysis of the root causes and implications would enhance the overall justification. To strengthen the presentation, consider incorporating perspectives from additional stakeholder groups and delving deeper into the systemic implications of the lack of windows on the learning environment.",4
Case124_221300.pdf,,Placeholder text for scoring.,5,5,5,4,4,4,4,2,2,3,0,1,,,,,,,,,,,,,"The document provides a basic overview of the problem statement, mentioning the need for a spinning pencil holder for Ms. Grever. However, it lacks depth in defining the problem and elaborating on the specifics of the design challenge. The stakeholder concerns are mentioned, but the groups are not clearly differentiated, impacting the clarity of the problem context. There is a complete absence of source references in the problem justification, which weakens the credibility of the problem statement. Additionally, the problem justification lacks objective detail, making it challenging to fully understand the rationale behind the project. To improve, the student should work on providing a more detailed problem definition, elaborating on the specific design requirements, clearly differentiating stakeholder groups, incorporating credible sources, and adding objective detail to strengthen the problem justification.",2
Case125_322103.pdf,,Placeholder text for scoring.,5,5,5,4,4,5,4,2,2,3,0,1,,,,,,,,,,,,,"The document introduces the problem of designing a spinning pencil holder for Ms. Grever, aiming to organize supplies for students. However, the problem identification lacks specific details and clarity, impacting the overall understanding. The problem definition and elaboration are also weak, lacking depth and specificity. The concerns of primary stakeholder groups are mentioned, but they are not clearly differentiated, affecting the depth of analysis. There is a complete absence of sources to justify the problem, and no objective detail is provided. To improve, the student should enhance the clarity and specificity of the problem statement, provide more in-depth problem definition and elaboration, differentiate stakeholder concerns more clearly, include credible sources for justification, and offer objective details to strengthen the problem justification.",2
Case126_333244.pdf,,Placeholder text for scoring.,5,5,5,5,3,5,4,4,4,3,4,4,,,,,,,,,,,,,"The presentation and justification of the problem demonstrate a strong understanding of the challenges faced in a special needs classroom regarding sensory devices and space optimization. The document effectively identifies primary stakeholders and their concerns, supported by credible sources such as Autism Speaks and the National Library of Medicine. The problem statement is clear and objective, while the problem definition and elaboration provide adequate depth in outlining the need for adaptability and organization. To enhance the presentation further, consider providing more consistent objective detail in the problem justification and exploring a wider variety of sources to strengthen the argument. Additionally, explicitly addressing the concerns of secondary stakeholders and their potential impact on the problem solution could enrich the overall justification.",3.833333333
Case127_434253.pdf,,Placeholder text for scoring.,5,5,5,5,4,5,4,4,4,2,3,4,,,,,,,,,,,,,"The document effectively identifies and defines the problem of implementing a new visual sensory device in the sensory room for special-needs kids at Whitemarsh Elementary School. The elaboration on the importance of sensory rooms and visual sensory stimulation adds depth to the problem statement. To improve, further differentiation of secondary stakeholders could enhance the stakeholder analysis. Additionally, incorporating more diverse perspectives or research studies could strengthen the justification further. Overall, the document presents a clear understanding of the problem and its significance, but enhancing stakeholder analysis and incorporating additional varied sources could elevate the problem presentation to a more comprehensive level.",3.5
Case128_322332.pdf,,Placeholder text for scoring.,5,5,5,5,5,4,4,3,3,3,3,3,,,,,,,,,,,,,"The document effectively identifies the need for a piece of moving art for the spring art show, providing a clear objective for the project. The problem is adequately defined, focusing on creating engaging art for the staircase of FEW. However, more detailed elaboration on the potential impact of the art piece could strengthen the problem statement. The document mentions a few primary stakeholder groups, but a more comprehensive list representing various roles and interests would enhance the justification. Good use of credible sources to support the importance of art and interactive pieces, but further integration of these sources into the problem justification would add depth. Overall, enhancing the stakeholder analysis and integrating more detailed elaboration supported by the variety of sources would strengthen the problem presentation.",3.166666667
Case129_433323.pdf,,Placeholder text for scoring.,5,5,5,5,5,5,4,3,3,3,2,2,,,,,,,,,,,,,"The document effectively identifies the need for a moving art piece for the spring show, emphasizing entertainment and engagement. However, there is room for improvement in defining the problem more thoroughly, especially in detailing the specific design requirements for the art piece. Elaboration on the potential impact of the art piece on attracting more viewers and prospective students could enhance the problem statement. Additionally, while multiple stakeholders are mentioned, their concerns could be more clearly differentiated to better highlight the primary stakeholder groups' interests. Strengthening the level of detail in the problem justification and providing more specific examples could further enhance the overall presentation and justification of the problem.",2.833333333
Case130_544432.pdf,,Placeholder text for scoring.,5,5,5,5,5,5,4,3,3,3,2,3,,,,,,,,,,,,,"The document effectively presents the problem of designing new wireless mic holders for the TV production studio, highlighting the need for authenticity and functionality. Strengths include clear problem identification and adequate definition with constraints specified. However, there is room for improvement in elaborating on the technical aspects of the problem and providing more detailed objective reasoning. The identification of several stakeholder groups is a positive aspect, but their concerns could be further differentiated for a deeper understanding. To enhance the problem justification, incorporating a wider variety of sources and offering more consistent and detailed objective detail would strengthen the overall presentation. Overall, focusing on technical specifications, stakeholder concerns, and a broader range of sources would enhance the problem presentation and justification.",3
Case131_333332.pdf,,Placeholder text for scoring.,5,5,5,5,5,5,4,3,3,3,2,3,,,,,,,,,,,,,"The document effectively presents the problem of designing new wireless mic holders for the TV production studio, highlighting the need for authenticity and functionality. However, there are areas for improvement. The problem definition could be enhanced by including more detailed technical specifications. Additionally, the problem elaboration lacks depth, needing a more thorough explanation of the challenges involved. While several primary stakeholder groups are identified, further differentiation and consideration of their specific concerns would strengthen the justification. To improve, the student should consider incorporating a wider variety of sources for a more comprehensive problem justification and strive for more consistent and detailed objective detail throughout the presentation.",3
