filename,source_type,text,B1__expert,B2__expert,B1_api,B2_api,B1_flag,B2_flag,scoring_hints,B1_rationale,B2_rationale,narrative_feedback,element_score_raw
Case001_55.pdf,,,5,5,4,3,,,"['Examine whether the cited sources represent a sufficiently varied and credible set of prior solutions or if some sources overlap significantly in concept or origin.', 'Assess the clarity and depth of the comparisons made between different prior solutions, focusing on whether advantages and disadvantages are explicitly contrasted.', 'Verify if the rationale for selecting specific design features over others is clearly articulated and supported by the analysis of prior attempts.', 'Consider whether the analysis includes sufficient detail and relevant data to support claims about the strengths and shortcomings of prior designs.', 'Evaluate if the documentation distinguishes between inspiration drawn from prior solutions and critical evaluation of their effectiveness in addressing the problem.']","The student identifies six distinct prior solutions from credible and clearly cited sources, including commercial products and specialized designs. The sources are varied and well documented, indicating a range of prior attempts to solve related problems.","The analysis includes some discussion of strengths and weaknesses of individual solutions, such as material choices, clamp designs, and handle orientation. However, the comparisons between solutions are somewhat implicit and lack explicit, detailed reasoning about why one solution is better than another. The justification for the chosen design is present but not fully developed or clearly contrasted with alternatives.","This submission shows an adequate effort in identifying multiple prior design attempts, drawing from a variety of credible and clearly cited sources. The student explores a range of solutions, including suitcase handles, stroller extenders, and wheelchair push handles, demonstrating a general understanding of related designs. The documentation is organized, with references to specific features that inspired their own design. However, the analysis of these prior attempts is somewhat limited. While some advantages and disadvantages of individual solutions are noted, the comparisons between them are not explicit or detailed enough to fully justify the chosen design. The reasoning about why one solution is preferable over others is implied rather than clearly articulated, and the evaluation lacks a comprehensive discussion of trade-offs. To improve, the student should explicitly compare multiple solutions side-by-side, clearly stating both strengths and weaknesses for each. They should also provide more detailed reasoning about how these factors influenced their design decisions. Including quantitative or qualitative data to support these evaluations would strengthen the analysis. Finally, clarifying the rationale behind rejecting certain features or materials would enhance the justification of their final design.",3.5
Case002_35.pdf,,,3,5,4,3,,,"['Examine whether the variety of sources cited truly represent distinct and credible prior design attempts or if some are repetitive or insufficiently detailed.', 'Assess the depth of the analysis regarding the pros and cons of each prior design and whether the student explicitly compares these to justify design choices.', 'Verify if the discussion of handle designs adequately addresses the suitability for heavy loads and user comfort in a way that informs design decisions.', 'Consider whether the analysis clearly distinguishes between the effectiveness of trapping versus releasing mechanisms and their impact on overall design success.', 'Evaluate if the student provides sufficient reasoning to explain why certain prior designs are more applicable or advantageous for the current project context.']","The student identifies multiple prior design attempts including Komodo dragon traps, alligator cages, and various handle designs. These sources are clearly identified and generally credible, such as references to Reptiles Magazine, zoo experts, and specific hardware products. The variety of sources covers different aspects of the problem, indicating a reasonably broad exploration of prior solutions.","The analysis includes some clear descriptions of strengths and weaknesses of the prior designs, such as the bait and trap mechanism, the difficulty of release, and handle durability. However, the comparisons between solutions are somewhat incomplete and lack explicit reasoning about why one design is preferable over another. Advantages and disadvantages are noted but not consistently balanced or deeply justified.","This submission shows a reasonable effort in identifying a variety of prior design attempts related to capturing and transporting Komodo dragons and similar animals, drawing from multiple credible sources such as expert accounts, magazine articles, and product specifications. The inclusion of different trap designs and handle options reflects a moderately broad understanding of the problem context, which supports the documentation (B1). However, the analysis of these prior attempts (B2) is somewhat uneven. While several pros and cons for each design are noted, the evaluation lacks thorough comparison and explicit reasoning to justify why certain designs might be better suited for the project. For example, the discussion of trap release difficulties and handle durability could be expanded with clearer explanations of trade-offs and implications for safety and usability. To improve, more balanced and detailed comparisons between alternatives should be provided, explicitly explaining the advantages and disadvantages of each and reasoning about which solutions best meet the project requirements. Additionally, integrating more quantitative or data-supported evidence would strengthen the analysis.",3.5
Case003_44.pdf,,,4,4,4,3,,,"['Examine whether the variety of prior attempts described truly represent distinct and credible sources or if some are variations of the same concept.', 'Assess the depth of the analysis regarding the advantages and disadvantages of each prior design and whether explicit comparisons are made between them.', 'Verify if the rationale for preferring one design over others is clearly articulated and supported by evidence in the text.', 'Consider whether the discussion of handle designs sufficiently addresses their suitability for the specific application rather than general use.', 'Evaluate if the analysis includes relevant data or detailed observations that support the conclusions about strengths and shortcomings.']","The student identifies multiple prior attempts to solve the problem, including Komodo dragon traps, alligator cages, and various handle designs. These sources are clearly identified and generally credible, such as references to Reptiles Magazine, zoo experts, and wildlife officers. The variety includes different animal traps and hardware handles, indicating a range of related solutions.","The analysis includes some strengths and shortcomings of the prior designs, such as the bait effectiveness, trap door mechanism, and handle durability. However, the comparisons between solutions are somewhat incomplete and lack explicit reasoning about why one design is better overall. Advantages and disadvantages are listed but not deeply contrasted or justified, and the reasoning about which solution is preferable is limited.","This submission demonstrates an effort to identify multiple prior design attempts related to capturing and transporting Komodo dragons and similar animals, meeting the requirement for a variety of credible sources (B1). The student draws on documented attempts from reputable organizations and includes alternative designs such as alligator traps and different handle types, showing some breadth in research. The descriptions provide context about the traps and handles. However, the analysis of these prior attempts (B2) is somewhat limited. While the student lists pros and cons for several designs, the evaluation lacks a clear, explicit comparison that weighs these factors against each other. The reasoning about why one design might be preferable over another is not fully developed, and the discussion of shortcomings is not consistently linked to design improvements. To improve, the student should focus on deeper comparative analysis, explicitly explaining the trade-offs and justifying design choices. Additionally, integrating more quantitative or empirical data where possible would strengthen the analysis. Clarifying how these prior attempts directly inform their own design would also enhance the justification.",3.5
Case004_11.docx,,,1,1,4,3,,,"['Examine whether the product links and descriptions provide sufficient evidence of credible and varied sources or if they represent a narrow range of similar commercial products.', 'Assess if the analysis clearly compares multiple designs with explicit reasoning about their relative advantages and disadvantages rather than listing features separately.', 'Verify whether the student provides any supporting data or detailed observations that substantiate the strengths and shortcomings mentioned for each design.', 'Consider if the evaluation includes reasoning about why one design might be preferable over others in the context of the specific problem constraints.', 'Check if the analysis goes beyond surface-level descriptions to provide a well-developed justification for design decisions based on prior attempts.']","The student identifies four distinct prior design attempts, each with a clear source link and description. The sources are credible commercial products, and the variety includes different attachment methods and design concepts. However, the sources are all product listings rather than academic or technical literature, and the variety, while present, is somewhat limited to similar types of handlebar extenders.","The analysis includes some strengths and shortcomings of each design, such as compatibility issues, ease of use, and material concerns. However, the comparisons between designs are implicit rather than explicit, and there is limited reasoning about why one design might be preferable over others. The evaluation lacks detailed supporting data and clear justification for selecting or rejecting specific designs.","This submission shows an adequate effort in identifying multiple prior design attempts relevant to the problem, drawing from a range of commercial sources. The student provides generally clear descriptions of each design, including how they function and their intended use cases, which supports the documentation of prior solutions. The inclusion of four different products indicates some breadth of exploration. However, the analysis of these prior attempts is somewhat limited. While some advantages and disadvantages are noted, the evaluation does not provide explicit comparisons between the designs or detailed reasoning about which design is better suited for the specific problem context. The analysis would benefit from more detailed supporting data and clearer justification. To improve, the student should explicitly compare the designs, highlighting relative strengths and weaknesses. Including quantitative or qualitative data to support claims would strengthen the analysis. Additionally, discussing how these prior attempts inform the new design direction would provide clearer justification and demonstrate deeper understanding.",3.5
Case005_55.pdf,,,5,5,4,3,,,"['Examine whether the sources cited for prior lighting solutions are sufficiently varied and credible to support a high score for identification of prior attempts.', 'Assess the clarity and depth of the analysis comparing strengths and weaknesses of multiple prior designs, especially looking for explicit reasoning about why one design is preferable.', 'Verify if the discussion of combining features from prior designs includes detailed justification or remains mostly general and aspirational.', 'Consider whether the analysis includes relevant data or evidence to support claims about advantages and disadvantages of the prior solutions.', 'Evaluate if the submission clearly distinguishes between different prior solutions and avoids vague or overly general descriptions in its evaluation.']","The submission identifies multiple prior lighting solutions, including LED curtains, LED Light Up Pop Tubes, LUMAGIC lights, LED Cloud Lights, and normal LED light strips. These sources are clearly identified and appear credible, including references to Indiana University of Pennsylvania and Massachusetts Institute of Technology. The variety of solutions is apparent, covering different types of lighting and sensory experiences.","The analysis discusses strengths and weaknesses of each prior design, such as immersive experience, interactivity, safety concerns, and durability. However, the comparisons between solutions are somewhat general and lack detailed, explicit reasoning about why one solution is preferable over another. The justification for combining features from multiple designs is stated but not deeply supported with comparative data or clear prioritization of advantages and disadvantages.","This submission makes a reasonable effort to identify a variety of prior lighting solutions relevant to the problem, drawing from multiple credible sources and covering a range of design types. The inclusion of both product descriptions and references to external research adds some depth to the documentation. The analysis section provides an overview of strengths and weaknesses for each design, showing awareness of important factors such as sensory impact, safety, and interactivity. However, the evaluation lacks a detailed comparative analysis that clearly explains why certain designs are better suited than others. The reasoning behind the final design choice is somewhat general and would benefit from more explicit justification supported by detailed comparisons and relevant data. To improve, the team should focus on developing clearer, more detailed comparisons between alternatives, explicitly weighing pros and cons, and providing stronger rationale for their design decisions. Additionally, integrating more quantitative or evidence-based support for claims about effectiveness and safety would strengthen the analysis. Finally, clarifying how the combination of features addresses specific shortcomings in prior designs would enhance the overall justification.",3.5
Case006_42.pdf,,,4,2,3,2,,,"['Examine whether the four cited sources represent sufficiently varied prior design attempts or if they mostly describe similar AI applications in healthcare.', 'Assess the extent to which the analysis includes explicit comparisons between the different AI solutions and whether advantages and disadvantages are clearly articulated.', 'Verify if the discussion of ethical and practical concerns is supported by relevant data or remains too general and anecdotal.', 'Consider whether the evaluation provides reasoning about why one prior design might be preferable over others or if it simply lists features without justification.', 'Check if the sources cited are consistently credible and clearly identified, and whether the student distinguishes between primary research and general informational websites.']","The student identifies multiple prior design attempts related to AI applications in medical diagnostics and treatment, citing four distinct sources. These sources are generally credible and clearly identified, including institutional websites and scientific articles. However, the variety of sources is somewhat narrow, focusing mainly on AI in medical contexts without broader exploration of alternative or contrasting design approaches.","The analysis includes some mention of advantages and disadvantages of AI in healthcare, such as improved accuracy and speed versus risks of malfunction and ethical concerns. However, the discussion is general, lacks detailed supporting data, and does not explicitly compare the different solutions or explain why one might be preferable. The evaluation is fragmented and does not provide clear reasoning or comprehensive justification.","This submission identifies several prior design attempts involving AI in medical applications, drawing from multiple credible and clearly identified sources (B1). The student covers a range of AI uses, including cancer detection, therapy session management, and robotic surgery, indicating some awareness of different implementations. However, the variety of sources is somewhat limited, focusing mainly on AI in healthcare without exploring alternative or contrasting design concepts. The analysis of these prior attempts (B2) is general and lacks depth. While some advantages and disadvantages are mentioned, such as AI’s accuracy and potential risks, the discussion does not include detailed supporting data or explicit comparisons between the solutions. The student misses opportunities to explain why one approach might be better than another or to provide a clear justification for the preferred design. To improve, the student should develop a more detailed and structured evaluation, explicitly comparing strengths and weaknesses of each prior attempt and supporting claims with relevant data. Additionally, expanding the range of prior solutions considered and integrating more critical analysis would strengthen the submission.",2.5
Case007_31.pdf,,,3,1,3,2,,,"['Examine whether the cited sources represent a sufficiently varied and credible set of prior design attempts or if they mostly reflect similar types of general tech reviews.', 'Assess the extent to which the analysis clearly compares multiple AI solutions and provides detailed advantages and disadvantages supported by relevant data.', 'Verify if the discussion includes explicit reasoning about why one AI application might be preferable to others or if it remains a list of isolated points.', 'Consider whether the analysis sufficiently addresses both strengths and shortcomings of the prior attempts rather than focusing predominantly on benefits.', 'Evaluate if the documentation and analysis together demonstrate a comprehensive understanding of prior solutions or if key elements are missing or underdeveloped.']","The student identifies multiple prior design attempts related to AI in medical applications, citing four distinct sources with URLs and some context. However, the sources are somewhat limited in variety and depth, with some being general tech reviews rather than detailed technical or scientific studies. The sources are generally credible but not consistently authoritative or diverse.","The analysis includes some mention of advantages and disadvantages of AI applications, such as improved accuracy and speed versus risks of malfunction and ethical concerns. However, the discussion is quite general, lacks detailed supporting data, and does not explicitly compare the different solutions or explain why one might be preferable. The evaluation is somewhat fragmented and does not provide clear reasoning or comprehensive analysis.","This submission shows an effort to identify multiple prior design attempts involving AI in healthcare, referencing four different sources that cover tumor detection, therapy session management, disease detection, and robotic surgery. This range indicates some understanding of the problem space and exploration of related solutions, which supports the documentation criterion (B1). The sources are generally credible and clearly identified, though they tend to be more general tech reviews than in-depth scientific analyses. The analysis of these prior attempts (B2) is limited. While some advantages and disadvantages are mentioned, the discussion remains general and lacks detailed supporting data. There is no explicit comparison between the different AI applications, nor is there reasoning about which solution might be better or why. To improve, clearer and more detailed evaluations of each solution’s strengths and weaknesses should be provided, including relevant data or evidence, along with explicit comparisons to justify preferences. Additionally, incorporating more authoritative and varied sources would strengthen the documentation and analysis overall.",2.5
Case008_01.pdf,,,0,1,3,2,,,"['Examine whether the two prior design attempts are sufficiently distinct and credible to justify the score for source variety and credibility.', 'Assess if the analysis includes any explicit comparison or reasoning about the relative merits of the two prior attempts beyond listing shortcomings.', 'Verify whether the student provides any supporting data or detailed evidence to substantiate the claims about the success or failure of the prior designs.', 'Consider the importance of identifying both strengths and weaknesses in prior designs when evaluating the quality of analysis.', 'Review the extent to which multiple and varied sources are necessary to meet higher standards for documentation of prior design attempts.']","The student identifies two prior design attempts, both described clearly and generally credible as they relate directly to the school context. However, the sources are limited to these two internal examples, which restricts the breadth of prior attempts considered.","The analysis of the two prior attempts is somewhat general and lacks detailed supporting data. While shortcomings are mentioned, strengths are not clearly discussed, and there is no explicit comparison or reasoning about which design is better or why.","This submission shows a basic understanding of prior design attempts by identifying two relevant solutions related to school navigation, meeting the requirement to document multiple prior attempts. The descriptions are generally clear and credible, focusing on an online digital map and a printed paper map. However, the sources are limited to internal school-based examples, which narrows the scope of prior research. The analysis of these prior attempts is limited and lacks depth. The student notes the failures of each design but does not discuss any strengths or provide detailed evidence to support their claims. There is no explicit comparison between the two solutions, nor reasoning about why one might be preferable. To improve, the student should include more detailed evaluations of both strengths and weaknesses, incorporate relevant data or user feedback, and explicitly compare the designs to justify which is better. Additionally, expanding the range of sources to include external or alternative solutions would strengthen the documentation and analysis overall.",2.5
Case009_42.pdf,,,4,2,3,2,,,"['Examine whether the identified sources represent a sufficiently varied and credible range beyond commercial product listings to justify the score for prior design documentation.', 'Assess the extent to which the analysis includes explicit comparisons between multiple designs and whether advantages and disadvantages are clearly explained with supporting evidence.', 'Verify if the descriptions of prior designs include any quantitative or qualitative data that support the analysis or if the evaluation remains mostly descriptive.', 'Consider whether the analysis provides reasoning about why one design might be better than others or if it simply lists features without justification.', 'Review the clarity and detail of the analysis to determine if it meets the threshold for a strong, well-developed evaluation or remains overly general.']","The student identifies five prior design attempts, which indicates multiple sources. However, the variety of sources is somewhat limited, mostly commercial product pages and Amazon listings, with no clear evidence of diverse or academic sources. All sources are clearly identified and generally credible as product references.","The analysis includes some strengths and shortcomings of individual designs, but it remains general and lacks detailed, data-supported comparisons. There is minimal explicit comparison between the designs, and no clear reasoning about which design is better or why. The evaluation is primarily descriptive rather than analytical.","This submission shows an effort to identify multiple prior design attempts related to plant shading solutions, meeting the requirement to document several sources (B1). The student lists five different products with URLs and provides basic descriptions of their functions, demonstrating an understanding of the need to explore existing solutions. However, the sources are mainly commercial product listings, which limits the variety and depth of perspectives. The analysis of these prior designs (B2) is somewhat general. While some advantages and disadvantages of individual products are noted, the discussion lacks detailed comparisons and supporting data. There is little explicit reasoning about why one design might be preferable over another or how the shortcomings affect the overall problem solution. To improve, the student should include more detailed evaluations, explicitly compare multiple designs, and provide clearer justification for which design features are most effective. Additionally, incorporating a wider range of credible sources and including quantitative or qualitative data would strengthen the analysis and support more informed conclusions.",2.5
Case010_55.docx,,,5,5,4,3,,,"['Examine whether the sources cited for each prior design are sufficiently varied and credible to justify a high score for source variety and identification.', 'Assess the clarity and depth of the analysis for each prior design, focusing on whether strengths and weaknesses are supported by relevant data or examples.', 'Determine if the student explicitly compares multiple prior designs and provides reasoning about why one might be better than others, or if the analysis remains mostly descriptive.', 'Verify that the analysis includes both advantages and disadvantages for each design rather than only listing features or benefits.', 'Consider whether the student’s evaluation justifies their design choices by synthesizing the prior attempts into a coherent argument rather than treating each design in isolation.']","The student identifies five distinct prior design attempts, each with clearly cited sources that appear credible and relevant. The sources include websites, company pages, and an Instructables article, showing a variety of origins. This variety and clear identification meet the criteria for a generally well-developed range of sources.","The analysis includes strengths and shortcomings for each prior design, with some relevant supporting data and quotes from sources. However, the comparisons between designs are mostly implicit rather than explicit, and there is limited reasoning about why one design might be preferable over others. The evaluation lacks a clear, detailed justification or prioritization of solutions, which limits the depth of the analysis.","This submission demonstrates a solid effort in identifying multiple prior design attempts relevant to the problem, drawing from a variety of credible and clearly cited sources (B1). The student provides detailed descriptions and some analysis of each design’s features, including materials, size, and usability, which helps establish a foundation for understanding existing solutions. However, the analysis of these prior attempts (B2) is somewhat limited. While advantages and disadvantages are noted for each design, the comparisons between them are not explicitly developed, and the reasoning about which design is better or more suitable is limited. The student misses opportunities to synthesize the information into a clear justification for their own design direction. To improve, the student should explicitly compare the designs against each other, clearly explaining why certain features are preferable. Including more detailed data or evidence to support claims and discussing trade-offs would strengthen the analysis. Additionally, integrating a summary that prioritizes or ranks the designs based on their strengths and weaknesses would provide a more comprehensive evaluation.",3.5
Case011_55.docx,,,5,5,4,3,,,"['Examine whether the sources cited for each prior design are sufficiently varied and credible to justify the score for identification of prior solutions.', 'Assess the clarity and depth of the analysis for each prior design, focusing on whether advantages and disadvantages are explicitly compared across multiple designs.', 'Verify if the student provides any reasoning or justification that clearly explains why one design might be preferred over others, or if the analysis remains mostly descriptive.', ""Consider whether the analysis includes relevant supporting data that strengthens the evaluation of each design's strengths and weaknesses."", 'Evaluate if the submission demonstrates a comprehensive and well-developed comparison that integrates multiple prior designs to inform future design decisions.']","The student identifies five distinct prior design attempts, each with clearly cited sources from websites, articles, and product pages. The sources are generally credible and well-identified, including National Autism Resources, Wacky Track official site, Tangle Creations, Instructables, and Monkey Doodle. This variety of sources reflects an effort to gather multiple perspectives, though the range is somewhat limited to online product descriptions and one Instructables article rather than a broader academic or technical literature base.","The analysis includes strengths and shortcomings for each prior design, with some relevant supporting data such as size, materials, and usability concerns. However, the comparisons between designs are mostly implicit rather than explicit, and there is limited reasoning about why one design might be preferable over others. The student notes some advantages and disadvantages but does not clearly explain which design is best or provide a detailed justification. The analysis is generally clear but lacks depth and explicit comparative evaluation.","This submission shows an effort to identify multiple prior design attempts relevant to the problem, drawing from a variety of credible and clearly cited sources. The student covers five different designs, providing details about their construction, materials, and intended use, which indicates reasonable research breadth. The documentation is organized and includes source attributions, supporting the credibility of the work. However, the analysis of these prior designs is somewhat limited. While the student lists advantages and disadvantages for each design, the evaluation lacks explicit comparisons and clear reasoning about which design is more suitable for the intended purpose. The discussion does not fully leverage the data to justify design choices or prioritize features. To improve, the student should explicitly compare the designs side-by-side, clearly articulate trade-offs, and explain why certain features are more desirable. Additionally, integrating more detailed supporting data or user feedback could deepen the analysis. Including a summary that synthesizes the findings to guide future design decisions would also enhance the quality of the evaluation.",3.5
Case012_32.pdf,,,3,2,3,2,,,"['Examine whether the three sources cited represent a sufficiently varied range of credible perspectives or if the repetition of the EPA source limits source diversity.', 'Assess the clarity and depth of the analysis for each prior design attempt, specifically looking for explicit comparisons and detailed reasoning about strengths and weaknesses.', 'Verify if the student provides any relevant data or evidence to support claims about the effectiveness or shortcomings of the prior designs, beyond general statements.', 'Consider whether the analysis includes a clear explanation of why one design might be better than others, as this is critical for higher scores in evaluation.', 'Review the extent to which the student integrates the details and images into their analysis to support their conclusions, rather than merely describing the designs.']","The student documents three prior design attempts, each with a clearly identified source. Two of the sources are from the U.S. Environmental Protection Agency and one from Penn State Extension, which are generally credible. However, the sources are somewhat limited in variety, as two are from the same EPA guide, which reduces the diversity of perspectives. This meets the criteria for several—but not necessarily varied—clearly identified and generally credible sources.","The analysis of prior attempts includes some description of strengths and shortcomings, but it is generally vague and lacks detailed supporting data. The student notes issues like mold growth and moisture control but does not provide explicit comparisons between the designs or detailed reasoning about why one design is better than another. The analysis is somewhat general and does not clearly explain advantages and disadvantages in a way that supports a strong evaluation.","This submission shows an effort to identify multiple prior design attempts related to mold and moisture control in greenhouse watering systems. The student provides three distinct sources, all clearly cited, which indicates an understanding of the importance of credible references (B1). The inclusion of images and details about each system adds some context to the documentation. However, the analysis of these prior designs lacks depth and clarity. While some strengths and weaknesses are mentioned, the explanations are often general and do not include relevant data or detailed comparisons between the solutions. There is limited explicit reasoning about why one design might be preferable over another, which reduces the effectiveness of the evaluation (B2). To improve, the student should focus on providing more detailed and specific analysis, including clear advantages and disadvantages for each design. Additionally, comparing the designs directly and explaining the rationale for preferring one approach would strengthen the justification. Expanding the variety of sources and incorporating more technical data or performance metrics would also enhance the documentation and analysis.",2.5
Case013_23.pdf,,,2,3,3,2,,,"['Examine whether the three prior design attempts are sufficiently distinct and whether the sources cited represent a varied and credible range of information.', 'Assess the depth of analysis provided for each prior design, specifically looking for explicit comparisons and detailed evaluation of strengths and weaknesses.', 'Verify if the student provides any reasoning or justification for preferring one design over others, or if the analysis remains mostly descriptive without evaluative insight.', 'Consider whether the analysis includes relevant supporting data or if it relies mainly on general statements without evidence.', 'Check if the documentation clearly identifies sources and if the credibility of these sources is consistent across all prior design attempts.']","The student documents three prior design attempts, each with a clearly identified source. Two of the sources are from the EPA and one from Penn State Extension, which are generally credible. However, the sources are somewhat limited in variety, as two are from the same EPA guide, which reduces the diversity of perspectives. This fits the description of 'several—but not necessarily varied—clearly-identified and generally-credible sources.'","The analysis of prior attempts includes some details about strengths and shortcomings, such as mold growth issues and system design features. However, the analysis is fairly general and lacks depth, with limited relevant supporting data. There is no explicit comparison between the different designs, no clear explanation of advantages and disadvantages, and no reasoning about which design is better or why. The analysis is mostly descriptive rather than evaluative.","This submission identifies multiple prior design attempts related to mold and watering systems in greenhouses, drawing from generally credible sources such as the EPA and Penn State Extension. The student clearly documents three distinct prior solutions, though the sources are somewhat limited in variety, with two references from the same EPA guide, which restricts the breadth of perspectives. The analysis of these prior designs is descriptive but lacks detailed evaluation. While some strengths and weaknesses are mentioned, the discussion remains general and does not include detailed supporting data or explicit comparisons between the designs. There is no clear justification for why one design might be preferable over another, nor a thorough exploration of trade-offs. To improve, the student should provide more detailed and data-supported analysis, explicitly compare the designs, and explain their relative advantages and disadvantages. Incorporating a wider variety of credible sources and including more technical details or quantitative data would strengthen the evaluation and provide a clearer rationale for design decisions.",2.5
Case014_33.docx,,,3,3,4,3,,,"['Examine whether the references provided are sufficient to establish the credibility and variety of prior solutions or if additional sources should be expected.', 'Assess the clarity and depth of the comparison between the three prior solutions, focusing on whether the advantages and disadvantages are explicitly linked to stakeholder needs.', 'Verify if the analysis includes any quantitative or data-supported evidence that strengthens the evaluation of each prior solution.', 'Consider whether the reasoning about why the proposed solution is preferable is clearly articulated and supported by the analysis of prior attempts.', 'Evaluate if the discussion of prior solutions goes beyond surface-level descriptions to provide a nuanced understanding of their strengths and weaknesses.']","The student identifies three distinct prior attempts to solve the soil moisture measurement problem: a commercial soil moisture meter, the finger test, and the gravimetric method. These sources are clearly identified and generally credible, including references to external websites and a video source. However, the variety of sources is somewhat limited to common methods and does not include a broader range of innovative or technical solutions.","The analysis includes some clear advantages and disadvantages for each prior solution, such as accuracy, cost, efficiency, and stakeholder needs. However, the comparison between solutions is somewhat incomplete and lacks explicit reasoning about why one solution is better overall. The justification for the chosen approach is implied but not fully developed, and the analysis is somewhat general rather than detailed and data-supported.","This submission demonstrates an effort to identify multiple prior solutions to the soil moisture monitoring problem, including a commercial product, a manual method, and a laboratory technique. The student describes each method and provides some advantages and disadvantages, which indicates an understanding of the problem context and stakeholder needs. The inclusion of credible sources supports the documentation of these prior attempts. However, the analysis of these solutions could be improved by providing more detailed and explicit comparisons, especially regarding why the proposed Arduino-based system improves upon existing methods. The discussion of pros and cons is somewhat general and lacks quantitative or data-driven support, which would strengthen the justification. To enhance the work, the student should explicitly compare the solutions side-by-side, include more detailed reasoning about trade-offs, and clarify how the chosen design better meets stakeholder requirements. Additionally, expanding the range of prior solutions considered could provide a more comprehensive background. Including more precise data or references to testing results would also deepen the analysis.",3.5
Case015_44.pdf,,,4,4,4,3,,,"['Examine whether the sources cited for each prior design are sufficiently varied and credible to justify a high score for identification of prior attempts.', 'Assess if the analysis section explicitly compares multiple designs or if it mainly discusses them individually without clear comparative reasoning.', 'Verify whether the student provides detailed and relevant supporting data for strengths and shortcomings, or if the analysis remains mostly general and descriptive.', 'Consider if the evaluation includes clear reasoning about why one design might be better suited than others for the customer’s needs, or if such justification is missing.', 'Check if the analysis balances discussion of both advantages and disadvantages for each design, or if it focuses disproportionately on one aspect.']","The student identifies four distinct prior designs from clearly identified and credible sources, including commercial websites and product descriptions. The sources are varied, covering different types of irrigation systems and components, which indicates a range of prior attempts.","The analysis includes some strengths and shortcomings of each design, with relevant details such as pump size, tank capacity, gravity feed, and filtration. However, the comparisons between designs are limited and implicit rather than explicit. There is some reasoning about suitability for the customer’s needs, but no clear prioritization or direct comparison of advantages and disadvantages across multiple designs.","This submission demonstrates an adequate effort in identifying multiple prior irrigation system designs from a variety of credible and clearly cited sources, meeting the requirement for a range of prior attempts (B1). The student provides descriptions of each design’s features, such as pump specifications, filtration, and gravity feed mechanisms, showing an understanding of the technical aspects. However, the analysis of these prior designs (B2) is somewhat uneven. While individual strengths and weaknesses are noted, the evaluation lacks explicit, direct comparisons between the designs. The student does not clearly explain why one design might be preferable over another or fully justify design choices based on the customer’s needs. This limits the depth of the analysis and the ability to draw more definitive conclusions. To improve, the student should explicitly compare the designs side-by-side, highlighting both advantages and disadvantages in relation to the project goals. Including more detailed reasoning about trade-offs and prioritizing features would strengthen the analysis. Additionally, integrating more quantitative data or performance metrics where available would enhance the justification of design decisions.",3.5
Case016_55.pdf,,,5,5,4,3,,,"['Examine whether the four prior designs are sufficiently distinct and sourced from credible, varied references to justify the variety claim.', 'Assess the depth and clarity of the analysis for each prior design, especially looking for explicit comparisons and reasoning about their relative merits.', 'Verify if the student’s analysis includes both strengths and shortcomings for each design and whether these are supported by relevant data or examples.', 'Consider whether the analysis goes beyond listing features to provide a clear justification for why certain designs might be preferred or adapted.', 'Evaluate if the submission clearly distinguishes between individual design evaluations and comparative reasoning across multiple designs.']","The student identifies four distinct prior designs from clearly identified and credible sources, including commercial websites and product descriptions. The sources are varied, covering different types of irrigation systems and components, which indicates a range of prior attempts rather than just several similar ones.","The analysis includes some strengths and shortcomings for each design, with relevant details such as pump size, tank capacity, gravity feed, and filtration. However, the comparisons between designs are limited and implicit rather than explicit. There is some reasoning about suitability for the customer’s needs, but no clear, detailed comparison or justification explaining why one design is preferable over others.","This submission demonstrates an adequate effort in identifying multiple prior irrigation system designs from a variety of credible and clearly cited sources, meeting the requirement for a diverse set of prior attempts (B1). The student provides descriptions of each design’s features, such as tank size, pump use, filtration, and automation, which shows research and some understanding of different approaches. However, the analysis of these prior designs (B2) is somewhat limited. While strengths and weaknesses are noted for individual designs, the submission lacks explicit, detailed comparisons between the alternatives. The reasoning about why one design might be better suited than another is not fully developed. To improve, the student should explicitly compare the designs side-by-side, clearly articulate advantages and disadvantages, and provide stronger justification for selecting or adapting particular features. Additionally, integrating more quantitative data or performance metrics would strengthen the analysis. Expanding the discussion on how these prior designs inform the student’s own design choices would also enhance the overall evaluation.",3.5
Case017_13.pdf,,,1,3,3,2,,,"['Examine whether the multiple prior design attempts are sufficiently distinct and supported by clearly identified, credible sources beyond the repeated use of the same manual.', 'Assess the depth and clarity of the analysis for each prior design attempt, focusing on whether strengths and shortcomings are detailed and supported by relevant data.', 'Evaluate if the student explicitly compares the different design attempts and provides reasoning about why one design is better or worse than others.', 'Consider whether the analysis includes both advantages and disadvantages for each design attempt, as required for a strong evaluation.', 'Verify that the documentation and analysis go beyond simple description to include critical reflection and justification of design decisions.']","The student documents five prior design attempts, each with a source cited, mostly the UMD Burn Day Manual and their own sketches or prototypes. While the sources are generally credible and clearly identified, they show limited variety, relying mainly on the same manual and internal sketches. This meets the criteria for several but not necessarily varied, clearly identified, and generally credible sources.","The analysis of each prior attempt includes some strengths and shortcomings, but the descriptions are often general and lack detailed supporting data. There is little explicit comparison between the different attempts or reasoning about why one design is better than another. The analysis tends to be vague, focusing on what was missing or limited without deeper evaluation or justification.","This submission provides documentation of multiple prior design attempts, referencing credible sources such as the UMD Burn Day Manual and the team’s own sketches and prototypes. Five different attempts are clearly identified, indicating an understanding of the iterative nature of design. However, the sources are somewhat limited in variety, mostly relying on internal sketches and a single manual, which restricts the range of prior solutions considered. The analysis of these attempts identifies some strengths and weaknesses but remains general and lacks detailed evidence or data to support the evaluations. There is minimal explicit comparison between the different designs, and the reasoning about why one approach might be preferable is underdeveloped. To improve, more detailed, data-supported analysis of each design’s advantages and disadvantages should be provided, along with explicit comparisons of multiple solutions and explanations for selecting or discarding certain ideas. Including more varied external sources and deeper reflection on how each attempt informed the final design would also enhance the documentation and analysis.",2.5
Case018_20.pdf,,,2,0,3,2,,,"['Examine whether the multiple prior design attempts are sufficiently distinct and supported by clearly identified credible sources or if they rely too heavily on a single manual and internal sketches.', 'Assess the depth of analysis provided for each prior design attempt, focusing on whether strengths and weaknesses are clearly detailed and supported by relevant data or remain overly general.', 'Verify if the student explicitly compares multiple design attempts, discussing advantages and disadvantages side-by-side, or if the analysis is limited to isolated observations without comparative reasoning.', 'Consider whether the analysis includes reasoning about why one design is preferable to others, as this is critical for higher scores in evaluating prior solutions.', ""Check if the documentation and analysis together demonstrate a comprehensive understanding of prior design attempts or if gaps in source variety and analysis depth limit the submission's effectiveness.""]","The student documents five prior design attempts, each with a source cited, mostly the UMD Burn Day Manual and their own sketches or prototypes. While the sources are generally credible and clearly identified, they show limited variety, relying heavily on the same manual and internal sketches. This meets the criteria for several but not necessarily varied, clearly identified, and generally credible sources.","The analysis of prior attempts includes some strengths and shortcomings but is mostly general and lacks detailed, data-supported evaluation. The student notes limitations such as lack of real-world testing, inability to envision the fire safety system fully, and prototype shortcomings. However, there is no explicit comparison between multiple solutions, no clear explanation of advantages and disadvantages side-by-side, and no reasoning about which design is better or why. The analysis is somewhat general and missing relevant supporting data.","This submission shows an effort to document multiple prior design attempts, referencing five distinct sources including sketches, digital models, prototypes, and manuals. The student generally identifies these sources and provides some context for each, which supports the documentation expectations (B1). However, the sources are somewhat limited in diversity, relying mainly on the same manual and internal sketches, which restricts the range of prior solutions explored. The analysis of these prior attempts (B2) is present but remains fairly general and lacks depth. While some shortcomings such as lack of real-world testing and incomplete builds are noted, the evaluation does not include detailed comparisons or explicit reasoning about why one design might be preferable to another. There is limited discussion of advantages and disadvantages in a comparative manner, and no supporting data is provided to strengthen the analysis. To improve, incorporating more varied and external credible sources would broaden the scope of prior attempts. Deepening the analysis by explicitly comparing designs, clearly outlining pros and cons, and providing reasoning supported by data or observations would also be beneficial. Including more detailed reflections on how each design influenced subsequent iterations could further strengthen the justification of the final approach.",2.5
Case019_01.pdf,,,0,1,2,2,,,"['Examine whether the multiple design attempts described represent truly distinct alternative solutions or are iterations of a single concept.', 'Assess if the analysis includes explicit comparisons between different design attempts and clear reasoning about their relative merits.', 'Verify whether the sources of prior design attempts are clearly identified and if they represent a variety of credible perspectives beyond a single individual.', 'Consider whether the analysis provides sufficient detail and relevant supporting data to justify conclusions about strengths and shortcomings.', 'Evaluate if the document explains why one design approach is preferable to others, including both advantages and disadvantages.']","The document describes multiple prior design attempts by Matt to build a filament holder, but these attempts seem to be iterations of a single design concept rather than clearly distinct alternative solutions. There is limited evidence of a broad or varied array of sources or design ideas. The sources of these attempts are not clearly identified beyond Matt's personal efforts, which limits the diversity and credibility of the prior work considered.","The analysis of past attempts includes some description of failures and shortcomings (e.g., snapping during printing, incorrect sizing, missing parts), but the discussion remains fairly general and lacks detailed supporting data. There is no explicit comparison between different solutions or clear reasoning about why one design might be preferred over another. Strengths and weaknesses are mentioned but not explored in depth or supported with detailed analysis.","This submission provides a basic overview of prior design attempts to solve the filament holder problem, focusing on multiple iterations by a single individual. It acknowledges specific issues encountered during printing, such as material strength and sizing problems, which indicates some engagement with the design challenges. However, the prior attempts are not clearly distinct alternative solutions, and the sources of these attempts are limited to one person’s experience, which restricts the breadth and credibility of prior work considered. The analysis of these attempts is somewhat general, with limited detail and no explicit comparison or justification for choosing one design over another. The discussion of strengths and shortcomings is vague and lacks supporting data or reasoning, which limits the depth of the evaluation. To improve, the work should explore a wider variety of prior solutions from multiple credible sources, clearly identify these sources, and provide a more detailed, data-supported analysis comparing the advantages and disadvantages of each. Additionally, explaining why a particular design is preferred would strengthen the justification and overall analysis.",2
Case020_12.pdf,,,1,2,2,2,,,"['Examine whether the described multiple attempts represent truly distinct prior solutions or iterations of a single design concept.', 'Assess if the analysis includes clear, detailed comparisons of strengths and weaknesses between the attempts or if it remains mostly descriptive.', 'Verify whether any external or varied sources of prior design attempts are referenced or if all information is from a single individual’s experience.', 'Consider if the analysis provides explicit reasoning about why one design is better or worse than others, supported by relevant data.', 'Check if the documentation and analysis sufficiently distinguish between mere description of attempts and critical evaluation of their effectiveness.']","The student describes multiple attempts at building a filament holder, but these are all iterations of a single design concept rather than distinct prior solutions or alternative approaches. There is limited evidence of prior design attempts drawn from external or varied sources, with the examples primarily reflecting internal trial-and-error. The sources of these attempts are not clearly identified beyond the single individual, Matt.","The analysis of the prior attempts is somewhat general and lacks detailed, relevant supporting data. While some shortcomings are mentioned (e.g., snapping during print, incorrect sizing, missing parts), the discussion does not clearly compare the attempts or explain strengths and weaknesses in a detailed or data-supported manner. There is no explicit reasoning about why one attempt is better or worse than another.","This submission provides an initial description of prior design attempts by outlining three iterations of a filament holder design. It identifies some problems encountered in each attempt, such as material strength issues and sizing problems, indicating some awareness of challenges in the design process. However, the documentation is limited to a single source of prior attempts and does not include a variety of external or diverse sources, which limits the range of prior knowledge considered. The analysis of these attempts is somewhat general and lacks detailed comparison or justification. Although some shortcomings are noted, the submission does not provide clear, data-supported reasoning or explicit comparisons between the attempts to explain why one design might be preferable. To improve, it would be beneficial to seek out and document a wider range of prior solutions, including external examples or research, and to provide a more thorough evaluation of strengths and weaknesses with supporting data. Additionally, explicitly comparing alternatives and explaining the rationale for design decisions could strengthen the analysis. Including sketches or measurements with explanations might also enhance clarity and depth.",2
Case021_10.pdf,,,1,0,1,0,,,"['Examine whether the single documented design attempt is sufficiently detailed to be considered a credible source or if additional sources are implied but not documented.', 'Assess if any implicit analysis or comparison can be reasonably inferred from the sparse details provided, or if the analysis is entirely missing.', 'Verify whether the absence of multiple prior design attempts is due to incomplete documentation or if the student genuinely considered only one solution.', 'Consider the importance of explicit comparison and justification of design choices when evaluating the quality of analysis in prior design attempts.', 'Review the criteria for identifying credible and varied sources to ensure consistent application when scoring documentation of prior solutions.']","Only one prior design attempt is documented, with limited details and no clear identification of sources or variety of solutions.","There is no analysis of past or current attempts, no discussion of strengths or shortcomings, and no supporting data or comparison.","The submission includes documentation of only a single prior design attempt, providing limited details about its structure and capacity. This does not demonstrate a variety of plausible prior solutions or alternatives, which is important for understanding the problem space (B1). Additionally, the sources of the prior design are not clearly identified. The analysis of the prior design is missing, with no evaluation of strengths or weaknesses, no comparison between different designs, and no supporting data to support any conclusions. This lack of critical analysis means the submission does not meet expectations for explaining why one design might be preferable over another or how shortcomings could be addressed (B2). To improve, it would be beneficial to research and document multiple prior designs or related solutions, clearly identifying credible sources. Providing detailed analysis of each design’s advantages and disadvantages, supported by relevant data or observations, along with explicit comparisons and reasoning about which design is better and why, would strengthen the justification. Including these elements will enhance both the documentation and analytical depth required for this element.",0.5
Case022_11.pdf,,,1,1,1,0,,,"['Examine whether the single documented design attempt is sufficiently detailed to be considered a credible source or if additional sources should be expected.', 'Assess if any implicit or indirect comparisons between design attempts exist despite the lack of explicit analysis.', 'Verify whether the absence of analysis is due to missing text or if the student truly provided no evaluation of strengths and weaknesses.', 'Consider the rubric’s emphasis on multiple design ideas and how that impacts scoring when only one design is presented.', 'Review the importance of explicit justification and comparison in evaluating prior solutions and how this submission aligns with those expectations.']","Only one prior design attempt is documented, with limited details and no clear identification of sources or variety of solutions.","There is no analysis of past or current attempts, no discussion of strengths or shortcomings, and no supporting data or comparison.","The submission documents only a single prior design attempt with limited detail, which restricts the demonstration of exploration of alternative solutions or a variety of credible sources. This limits the depth and breadth of the research presented. Additionally, the analysis of the prior design attempt is missing. There is no discussion of the strengths or weaknesses of the documented design, nor any comparison to other potential solutions. Without this evaluation, the submission does not provide justification for the chosen design or how it effectively addresses the problem. To improve, multiple prior design attempts should be identified and described with clear documentation and sourcing. A detailed analysis of each design’s advantages and disadvantages, supported by relevant data or observations, would strengthen the justification and overall quality of the work.",0.5
Case023_32.docx,,,3,2,3,2,,,"['Examine whether the incomplete mention of a second prior design attempt affects the overall assessment of source variety and credibility.', 'Assess if the descriptions of each prior design attempt provide enough detail to establish their credibility and relevance to the problem.', 'Evaluate the extent to which the analysis includes explicit comparisons and reasoning about the relative strengths and weaknesses of the prior designs.', 'Consider whether the analysis sufficiently supports claims about advantages and disadvantages with relevant data or examples.', 'Verify that the evaluation clearly distinguishes between multiple prior solutions rather than treating them as isolated descriptions.']","The student identifies multiple prior design attempts (GeoGuessr, Seterra, Sporcle geography games), which are clearly named and described. However, the sources show limited variety and credibility is not explicitly established beyond naming the games and one article. The second prior design attempt is incomplete ('<insert name of prior design attempt #2>'), indicating some gaps. Overall, several but not necessarily varied or consistently credible sources are presented.","The analysis includes some strengths and shortcomings of the prior designs, such as GeoGuessr requiring prior knowledge, Seterra needing a phone app, and Sporcle being text-heavy. However, the analysis is somewhat general, lacks detailed supporting data, and does not explicitly compare the solutions or provide clear reasoning about which is better or why. The discussion is fragmented and lacks a cohesive evaluation.","This submission shows a reasonable effort to identify multiple prior design attempts related to the problem, including GeoGuessr, Seterra, and Sporcle geography games, which supports criterion B1. The student provides basic descriptions of these tools, indicating some awareness of different approaches to geography learning. However, the sources lack variety and consistent credibility, and one prior design attempt is left incomplete, which limits the overall strength of documentation. Regarding analysis (B2), the student notes some advantages and disadvantages of each design, such as GeoGuessr's reliance on prior knowledge and Sporcle's text-heavy format. Yet, the evaluation remains general and lacks detailed supporting data or explicit comparisons between the solutions. There is no clear justification for why one design might be preferable, which reduces the effectiveness of the analysis. To improve, the student should fully identify all prior attempts with credible sources, provide more detailed and data-supported analysis of strengths and weaknesses, and explicitly compare the designs to justify preferences. Including more varied and credible sources and completing all sections would also strengthen the documentation and analysis.",2.5
Case024_11.pdf,,,1,1,3,3,,,"['Examine whether the references to the cart handles are sufficiently detailed and credible to count as distinct, clearly identified sources.', 'Assess if the analysis provides explicit comparisons and reasoning about the relative merits of the different prior solutions.', 'Verify whether the medical advice source is adequately cited and integrated as a prior attempt relevant to the design problem.', 'Consider if the discussion of advantages and disadvantages is detailed enough to support a clear evaluation of prior designs.', 'Determine whether the submission sufficiently distinguishes between multiple prior solutions to justify awarding more than minimal credit for documentation.']","The student identifies multiple prior attempts to address the problem, including medical advice and two different cart extender products. The sources are generally credible and clearly identified, though one source is somewhat vague ('first existing cart handle') and the other is only partially cited ('medical news today'). The variety of sources is somewhat limited, focusing mainly on two product examples and one medical recommendation, so the submission meets the criteria for several but not a wide range of sources.","The analysis includes some clear advantages and disadvantages of the two cart extender products and the medical advice, with suggestions for improvements. However, the comparison between solutions is incomplete and lacks explicit reasoning about which solution is better overall. The strengths and shortcomings are mentioned but not deeply analyzed or supported by detailed data. The justification for preferring one solution over another is implied but not clearly articulated.","This submission shows a reasonable effort in identifying prior design attempts related to the problem, including medical advice and two distinct cart extender products. The descriptions of these sources are generally clear, with some evaluation of their features, indicating an understanding of existing solutions (B1). The inclusion of multiple sources is a positive aspect, though the variety and clarity of some sources could be improved for a more comprehensive review. The analysis of these prior attempts discusses some advantages and disadvantages, such as adjustability and ease of use, and offers suggestions for improvement. However, the evaluation lacks depth and explicit comparison between the solutions, which limits the justification for any preferred approach (B2). To enhance the work, more detailed and data-supported analysis, explicit comparison of the solutions, and clearer explanation of why one might be better than others would be beneficial. Additionally, citing sources more precisely and expanding the range of prior attempts would strengthen the documentation and analysis overall.",3
Case025_00.docx,,,0,0,3,2,,,"['Examine whether the sources cited for each prior design attempt are sufficiently varied and credible to justify the score for documentation breadth.', 'Assess the clarity and depth of the analysis sections to determine if the strengths and shortcomings are explicitly compared across multiple design attempts.', 'Verify if the student provides any explicit reasoning or justification for selecting the final design over earlier attempts or if the analysis remains too general.', 'Consider whether the analysis includes relevant supporting data or detailed observations that go beyond vague or minimal comments about the design attempts.', 'Evaluate if the documentation and analysis together demonstrate a coherent understanding of how prior attempts informed the final solution, or if they remain disconnected.']","The student documents four prior design attempts, each with a source identified, including a university, a stakeholder, an online tool, and a website. While the sources are generally credible and clearly identified, the variety is somewhat limited as the sources are mostly internal or tool-based rather than diverse external references. The documentation covers multiple attempts but does not include a broad array of distinct, varied sources.","The analysis of prior attempts includes some mention of strengths and shortcomings, such as confusion over measurements, time spent learning software, limited resources, and issues with balloon cost and effectiveness. However, the analysis is somewhat general, lacks detailed supporting data, and does not explicitly compare the different attempts or explain why one design is preferable to another. The reasoning is minimal and vague.","This submission shows an effort to document multiple prior design attempts, referencing four different sources including a university, a stakeholder, an online design tool, and an Arduino website, indicating some understanding of the need to explore various approaches to the problem. The student provides basic descriptions of each attempt, including sketches, prototypes, and final designs, which help illustrate the design evolution. However, the analysis of these attempts is limited. While some strengths and weaknesses are mentioned, such as challenges with measurements and resource constraints, the discussion lacks depth and specific supporting data. There is no explicit comparison between the different designs or clear justification for why the final design was chosen over others. To improve, the student should provide more detailed evaluations of each attempt, including explicit pros and cons, and explain how these influenced design decisions. Additionally, incorporating more varied and external credible sources would strengthen the documentation. Clarifying the reasoning behind design choices and including quantitative or qualitative data to support the analysis would enhance the overall quality of the work.",2.5
Case026_12.docx,,,1,2,3,2,,,"['Examine whether the four prior design attempts represent sufficiently varied and distinct sources or if they are variations on a single approach.', 'Assess the clarity and depth of the analysis for each prior design attempt, focusing on whether strengths and weaknesses are explicitly detailed and supported.', 'Verify if the student provides any explicit comparison or reasoning that explains why one design is preferable over others or if the analysis remains isolated for each attempt.', 'Consider whether the analysis includes relevant supporting data or examples that justify the evaluation of each prior design attempt.', 'Evaluate if the documentation clearly identifies credible sources for each prior design attempt and whether these sources contribute meaningfully to understanding the design evolution.']","The student documents four prior design attempts, each with a source identified, including a university, a stakeholder, an online tool, and a website. While the sources are generally credible and clearly identified, the variety is somewhat limited to sketches and prototypes related to the same project rather than a broader range of distinct prior solutions.","The analysis of prior attempts includes some mention of strengths and shortcomings, such as confusion about measurements, time spent learning software, limited resources, and issues with balloon cost and effectiveness. However, the analysis is somewhat general, lacks detailed supporting data, and does not explicitly compare the different attempts or explain why one design is preferable to another.","This submission shows an effort to document multiple prior design attempts, including sketches, an online model, a prototype, and a final design, with sources identified for each. This indicates some understanding of the importance of exploring different approaches to the problem. The descriptions provide some insight into the design features and materials used, which helps establish a basis for further analysis. However, the evaluation of these prior attempts is limited. The analysis tends to be general, with minimal detail or supporting data to explain the strengths and weaknesses of each design. There is little explicit comparison between the attempts or reasoning about why one solution might be better than another. To improve, more detailed and specific evaluations, including quantitative or qualitative data where possible, would be beneficial. Additionally, explicitly comparing the designs and justifying choices would strengthen the analysis. Clarifying measurement issues and resource constraints with more precise explanations would also enhance the documentation and analysis.",2.5
Case027_14.pdf,,,1,4,4,3,,,"['Examine whether the sources referenced for prior designs are sufficiently varied and credible to justify a high score for identification of prior attempts.', 'Evaluate the clarity and depth of the analysis comparing strengths and weaknesses of multiple prior designs, especially how well the student justifies their design choices.', 'Assess the extent to which the discussion of the connection system is supported by prior research or data, and whether it meaningfully contributes to the analysis of prior attempts.', 'Consider if the analysis explicitly explains why certain design features are preferable over others, including detailed reasoning and relevant supporting data.', 'Verify that the evaluation includes both advantages and disadvantages of multiple prior solutions rather than vague or minimal descriptions.']","The student identifies multiple prior design attempts for reptile containment, including crocodile and alligator cages, transport crates at the San Diego Zoo, and the Nashville Zoo's plastic tube design. These sources are clearly described and credible, drawn from veterinary logistics case studies and zookeeper reports. However, the sources are somewhat limited to similar reptiles rather than a wide array of distinctly different solutions, so the variety is adequate but not broad enough for the highest score.","The analysis includes some clear descriptions of strengths and shortcomings of prior designs, such as collapsibility, secure gating, and medical access as strengths, and lack of visibility, access ports, and safety as weaknesses. There is some comparison between designs, especially contrasting the Nashville Zoo's plastic tube with segmented metal frame designs. However, the evaluation lacks detailed, explicit reasoning about why one design is preferable over another and does not fully justify the chosen design beyond general statements. The discussion of the connection system is vague and lacks supporting data.","This submission demonstrates an adequate effort in identifying prior design attempts related to reptile containment, particularly by referencing solutions used for crocodiles and alligators. The student includes multiple sources, such as zoo case studies and zookeeper feedback, which supports the credibility of their research. The inclusion of specific design features like collapsibility, segmentation, and medical access points indicates some consideration of relevant prior work. However, the analysis of these prior designs is somewhat limited. While strengths and weaknesses are mentioned, the comparisons lack depth and detailed justification. The reasoning behind why the proposed design improves upon existing solutions is only broadly stated without clear, data-supported arguments. Additionally, the discussion of the connection system is underdeveloped and does not clearly link back to prior attempts or explain how it addresses identified shortcomings. To improve, the student should provide more explicit comparisons between designs, clearly articulate advantages and disadvantages with supporting evidence, and offer stronger justification for their design choices. Including more varied sources or alternative solutions and elaborating on how their design uniquely addresses the problem would also enhance the analysis.",3.5
Case028_45.pdf,,,4,5,4,3,,,"['Examine whether the sources cited for prior designs are sufficiently varied and credible to justify a high score for identification of prior attempts.', 'Assess the depth and clarity of the analysis for each prior design, especially whether pros and cons are supported by relevant data or user feedback.', 'Evaluate if the document explicitly compares multiple prior designs and provides clear reasoning about their relative strengths and weaknesses.', 'Consider whether the analysis includes a clear justification for why certain design features are preferable or problematic in the context of the problem.', ""Verify that the evaluation of prior designs goes beyond listing features to include thoughtful critique and implications for the student's own design.""]","The student identifies four distinct prior design attempts from a variety of sources including commercial products and a patent. Each source is clearly identified with URLs or references, and the sources are credible as they come from product websites and a patent office. The variety includes mechanical push handles, ergonomic considerations, and a motorized wheelchair, indicating a range of related solutions.","The analysis includes pros and cons for each prior design and some relevant details. However, the comparisons between solutions are limited and implicit rather than explicit. While advantages and disadvantages are noted, the reasoning about which solution is better and why is underdeveloped. There is some attempt to evaluate features like ergonomics, removability, and motorization, but the justification lacks depth and clear prioritization.","This submission demonstrates an effort to identify multiple prior design attempts relevant to the problem, drawing from a variety of credible sources including commercial products and a patent. The student documents each design with details, pros, and cons, showing an understanding of different approaches to pushing or pulling wheeled objects. This range of sources provides a foundation for design inspiration. However, the analysis of these prior attempts is somewhat limited. While pros and cons are listed, the comparisons between designs are not explicitly drawn out, and the reasoning about which design features are most beneficial or problematic is not fully developed. Opportunities exist to more clearly justify why one design might be preferred over others or how the shortcomings could be addressed in their own design. To improve, the student should explicitly compare the designs side-by-side, discuss trade-offs more thoroughly, and provide clearer rationale for selecting or rejecting features. Additionally, including more quantitative or user feedback data where available would strengthen the analysis. Finally, clarifying how these prior attempts directly inform their own design choices would enhance the documentation and analysis overall.",3.5
Case029_54.pdf,,,5,4,4,3,,,"['Examine whether the variety of sources truly represents a wide array or if they are mostly similar types of web-based references.', 'Assess the clarity and depth of the analysis for each prior design, especially looking for explicit comparisons between multiple solutions.', 'Verify if the student provides clear reasoning about why certain designs are better suited for the project rather than just listing pros and cons.', 'Consider whether the analysis includes sufficient relevant data or evidence to support the evaluation of strengths and shortcomings.', 'Check if the student’s documentation and analysis together demonstrate a comprehensive understanding of prior attempts or if some are superficially treated.']","The student identifies five prior design attempts, each with a clear source link and some details, showing a range of sources. The sources include Wikipedia, scientific articles, company websites, and research publications, which are generally credible. However, the variety is somewhat limited to similar types of sources (mostly web articles and one scientific paper), and some sources are not deeply elaborated, so it does not fully reach the level of a wide array.","The analysis includes strengths and shortcomings for each prior design attempt, with some relevant details and reasoning. However, the comparisons between solutions are implicit rather than explicit, and the justification for preferring or rejecting certain designs is somewhat incomplete. The student notes some advantages and disadvantages but does not clearly compare multiple solutions side-by-side or provide strong reasoning about which is better overall.","This submission shows an adequate effort in identifying multiple prior design attempts related to microplastic collection and analysis, drawing from a range of credible sources including scientific articles, company websites, and Wikipedia. The student provides relevant details for each design, indicating an understanding of different approaches, which supports the documentation criterion (B1). The analysis of each prior design includes some discussion of strengths and weaknesses, reflecting an awareness of practical considerations such as equipment needs, scale, and usability. However, the evaluation lacks explicit, detailed comparisons between the different solutions, and the reasoning about why one design might be preferable over others is somewhat limited. To improve, the student should explicitly compare multiple designs in terms of their advantages and disadvantages, clearly explaining why certain approaches are more suitable for their project. Including more detailed data or evidence to support these evaluations would strengthen the analysis. Additionally, expanding the variety of sources and providing more critical insight into each design’s applicability would enhance the overall quality.",3.5
Case030_45.pdf,,,4,5,4,3,,,"['Examine whether the sources cited for each prior design attempt are consistently credible and sufficiently varied to justify a high score for source variety.', 'Evaluate the clarity and depth of the analysis sections to determine if the student explicitly compares multiple solutions or merely lists pros and cons separately.', 'Assess whether the student provides clear reasoning about why one design is better than others or if the justification remains implicit and underdeveloped.', 'Consider if the analysis includes relevant supporting data or if it relies mostly on general statements without detailed evidence.', ""Verify that the number of prior design attempts and their descriptions meet the rubric's expectations for breadth and depth before confirming the score for documentation.""]","The student identifies five distinct prior design attempts, each with a clear source link and some details. The sources are generally credible, including Wikipedia, scientific articles, and company websites. While the variety is reasonable, the sources are mostly web-based and some are less formal (e.g., Wikipedia), so the array is somewhat limited in breadth and depth.","The analysis includes strengths and shortcomings for each prior design attempt, with some relevant details and reasoning. However, the comparisons between solutions are implicit rather than explicit, and the justification for preferring one design over another is limited. The student notes some advantages and disadvantages but does not clearly compare multiple solutions side-by-side or provide strong reasoning about which is better and why.","This submission shows a reasonable effort in identifying multiple prior design attempts related to microplastic collection and analysis, drawing from a range of sources such as scientific articles and company websites. The descriptions of each design are generally clear, indicating adequate research and understanding of different approaches. The inclusion of five distinct prior attempts reflects a moderate exploration of existing solutions. However, the analysis of these prior designs is somewhat limited. While some strengths and weaknesses are identified for each design, the comparisons between them are not explicit or well-developed. The rationale for preferring one design over another is often implied rather than clearly stated. To improve, the analysis would benefit from more explicit comparisons of multiple solutions, clearer explanations of their advantages and disadvantages, and stronger reasoning about which design best meets the project goals. Additionally, incorporating more detailed supporting data or evidence and ensuring a consistently credible and varied set of sources would enhance the overall quality of the documentation.",3.5
Case031_01.pdf,,,0,1,2,1,,,"['Examine whether the mention of the traditional pillbox and the smart pillbox prototype counts as multiple distinct prior attempts or just one solution with a modification.', 'Assess if the brief note about the hardware size issue qualifies as a meaningful analysis of shortcomings or is too minimal to support a higher score.', 'Consider whether the absence of any explicit comparison between different prior solutions limits the evaluation of the analysis criterion.', 'Verify if the rubric’s requirement for multiple clearly-identified and credible sources is met or if the single example restricts the score for prior attempts.', 'Evaluate the extent to which the analysis includes relevant data or detailed reasoning about strengths and weaknesses, as this is critical for scoring the analysis criterion.']",The document identifies only one prior design attempt—a traditional pillbox relying on manual tracking. There is limited evidence of multiple or varied sources or alternative solutions explored.,"The analysis of the prior attempt is brief and general, mentioning only that the first attempt was too small and hardware size was underestimated. There is little detailed discussion of strengths, shortcomings, or relevant data, nor any comparison with other solutions.","This submission shows a basic understanding of the problem by identifying a traditional pillbox as a prior solution and proposing a smart pillbox design. The description of the prior solution is generally clear but limited to a single example, which restricts the depth of the analysis. The document notes a shortcoming in the initial design attempt, specifically the size issue, indicating some reflection on the design process. However, the evaluation lacks depth and breadth. There is no exploration of multiple prior solutions or alternative approaches, and the analysis of the existing solution’s strengths and weaknesses is brief and general. The submission would benefit from a more thorough investigation of different prior designs, including their advantages and disadvantages, supported by relevant data or references. Additionally, a clearer justification for why the chosen smart pillbox design improves upon traditional methods would strengthen the analysis. To improve, it is recommended to research and document multiple prior solutions, provide detailed comparisons highlighting pros and cons, and explain why the design is preferable. Including specific data or credible sources and elaborating on the analysis of past attempts will enhance the quality and completeness of the documentation and analysis.",1.5
Case032_00.pdf,,,0,0,2,1,,,"['Examine whether the document references any sources beyond the traditional pillbox and the current project to justify the score for prior attempts.', 'Assess if the brief mention of the first attempt’s size issue qualifies as a meaningful analysis of shortcomings or if it is too vague to support a higher score.', 'Verify whether the document includes any implicit or explicit comparisons between different design attempts or if it focuses solely on a single solution.', 'Consider the rubric’s emphasis on multiple solutions and detailed analysis when evaluating the adequacy of the prior design documentation.', 'Review the extent to which the analysis includes both strengths and weaknesses supported by relevant data or examples, as required for higher scores.']",The document identifies only one prior design attempt—a traditional pillbox relying on manual tracking—and briefly mentions the current project as a smart pillbox. There is limited evidence of multiple or varied sources or alternative solutions explored.,"The analysis of the prior attempt is brief and general, limited to a single short statement about the first attempt being too small and underestimating hardware size. There is little discussion of strengths or shortcomings, no relevant data, and no comparison between multiple solutions.","This submission shows a basic understanding of the problem by identifying a traditional pillbox as a prior solution and proposing a smart pillbox as an improvement. The description of the prior design attempt is generally clear but limited to a single source, which restricts the depth of the analysis. The document notes a shortcoming in the initial design related to size constraints, indicating some reflection on the design process. However, the evaluation of prior solutions is limited in detail and depth. There is no thorough analysis of strengths and weaknesses, nor a comparison between multiple design attempts or alternative solutions. The brief mention of the first attempt’s size issue does not provide sufficient insight into why the smart pillbox design is preferable or how it addresses the limitations of traditional pillboxes. To improve, the work should include research and documentation of multiple prior solutions or related technologies, clearly identifying credible sources. It should also provide a more detailed analysis of each solution’s advantages and disadvantages, supported by relevant data or examples. Finally, a clearer justification explaining why the chosen design is better than alternatives would strengthen the analysis.",1.5
Case033_01.pdf,,,0,1,2,1,,,"['Examine whether the document references any prior designs beyond the traditional pillbox to determine if multiple sources or solutions are identified.', 'Assess if the brief mention of hardware size issues qualifies as a detailed analysis of strengths and shortcomings or if more explicit evaluation is needed.', 'Consider whether the description of the smart pillbox design implies any comparison with other solutions or if it stands alone without justification.', ""Verify that the analysis includes both advantages and disadvantages of prior attempts to meet the rubric's expectations for a strong evaluation."", 'Evaluate if the documentation sufficiently identifies credible sources or if the lack of source variety limits the score for prior design attempts.']","The document identifies only one prior design attempt—a traditional pillbox relying on manual tracking. There is limited evidence of multiple or varied sources or alternative solutions explored, which restricts the breadth of prior attempts documented.","The analysis of the prior attempt is brief and general, mentioning only that the first attempt was too small and hardware size was underestimated. There is little discussion of strengths or shortcomings, no relevant data, and no comparison with other solutions.","This submission shows a basic understanding of the problem by identifying a traditional pillbox as a prior solution and proposing a smart pillbox design. It notes the limitations of manual tracking in traditional pillboxes and the potential benefits of automation. However, the documentation of prior design attempts is limited to a single source without exploration of alternative solutions, which narrows the understanding of the problem space. The analysis of past attempts is minimal, providing only a brief mention of a size issue in the first attempt without elaborating on other strengths or weaknesses or comparing multiple solutions. To improve, the work would benefit from researching and documenting several prior designs or related technologies, clearly identifying credible sources. Additionally, a more detailed analysis comparing these solutions, including their advantages and disadvantages, would strengthen the justification for the chosen design. Including relevant data or user feedback would also enhance the analysis. Expanding on these areas would provide a more comprehensive foundation for the design process.",1.5
Case034_21.docx,,,2,1,4,3,,,"['Examine whether the sources cited for each prior design attempt are consistently credible and sufficiently varied to justify the score for identification of prior solutions.', 'Evaluate the extent to which the analysis includes explicit comparisons between multiple designs rather than isolated descriptions of each, to assess the depth of evaluation.', 'Check if the analysis clearly explains both advantages and disadvantages for each design and whether it provides reasoning about which design is better and why.', 'Consider whether the analysis uses relevant supporting data or customer feedback effectively to support claims about strengths and shortcomings.', 'Verify that the evaluation distinguishes between merely listing pros and cons and providing a coherent justification for design preferences based on the analysis.']","The student identifies five distinct prior design attempts, each with a clearly cited source and some detail. The sources are credible commercial or product websites, and the variety of designs indicates a range of approaches to the problem. This meets the criteria for a variety of clearly-identified and consistently-credible sources.","The analysis includes some strengths and shortcomings for each design, often citing customer reviews. However, the analysis is generally descriptive rather than deeply analytical, lacking explicit comparisons between the solutions or reasoning about which design is better and why. Advantages and disadvantages are mentioned but not systematically compared or justified.","This submission identifies multiple prior design attempts to address the problem, drawing from a variety of credible sources such as Amazon and Gardener's Supply websites (B1). The student provides basic details and customer feedback for each design, which helps to establish some context for their evaluation. The range of sources and designs is a notable aspect of the work. However, the analysis of these prior attempts (B2) remains somewhat superficial. While some pros and cons are noted, the evaluations are mostly descriptive and lack explicit comparisons or deeper reasoning about why one design might be preferable over another. The submission would benefit from more detailed analysis that clearly contrasts the strengths and weaknesses across designs and explains how these insights inform their own design choices. To improve, the student should focus on explicitly comparing multiple solutions, clearly articulating both advantages and disadvantages, and providing reasoning about which design features are most effective. Additionally, integrating more relevant data or metrics from the sources would strengthen the analysis. Finally, organizing the analysis to highlight key trade-offs would enhance clarity and depth.",3.5
Case035_32.docx,,,3,2,3,2,,,"['Examine whether the sources cited represent a sufficiently diverse range of credible perspectives beyond retail websites.', 'Evaluate if the analysis includes explicit comparisons between multiple prior designs rather than isolated descriptions.', 'Check whether the student provides clear reasoning about the relative strengths and weaknesses of the designs and justifies which is better.', 'Consider if the analysis is supported by relevant data or detailed evidence from the sources rather than vague or minimal customer comments.', 'Verify that the documentation and analysis together demonstrate a comprehensive understanding of prior attempts rather than just listing examples.']","The student identifies five prior design attempts with clearly cited sources, mostly credible commercial websites. However, the variety of sources is somewhat limited, primarily relying on Amazon and Gardener's Supply, which are similar types of retail sources. The sources are clearly identified but represent a somewhat narrow range of distinct or diverse types of sources.","The analysis includes some strengths and shortcomings for each design attempt, mostly based on customer reviews. However, the analysis is generally brief, somewhat general, and lacks detailed supporting data or explicit comparisons between the solutions. There is no clear reasoning about which design is better or why, and advantages and disadvantages are not consistently or explicitly explained.","This submission shows an effort to identify multiple prior design attempts addressing the problem, with five distinct examples and clearly cited sources, which supports the documentation criterion (B1). The sources are credible retail websites, though the variety is somewhat narrow, limiting the breadth of perspectives. The analysis of these prior attempts (B2) is limited in depth. While some customer-reported strengths and weaknesses are noted, the evaluations are brief and lack detailed comparison or reasoning about the relative merits of the designs. The feedback tends to be descriptive rather than analytical, with minimal supporting data. To improve, the analysis could be deepened by explicitly comparing multiple designs, clearly explaining both advantages and disadvantages, and providing reasoning about which design better meets the problem requirements. Incorporating more varied and credible sources beyond retail sites could also strengthen the documentation. Including more detailed supporting data or evidence from the sources would enhance the quality of the analysis.",2.5
Case036_13.pdf,,,1,3,3,2,,,"['Examine whether the student’s references to shade cloth, burlap, and plastic represent sufficiently distinct prior solutions or if they are variations of a single concept.', 'Assess the clarity and depth of the analysis regarding the strengths and weaknesses of each prior design, especially looking for explicit comparisons and reasoning.', 'Verify if the descriptions of materials and their uses are supported by credible sources or if they rely mainly on general statements without evidence.', 'Consider whether the analysis includes both advantages and disadvantages for multiple solutions and if it explains why one might be preferred over others.', 'Evaluate if the student’s documentation and analysis demonstrate a broad exploration of prior designs or if the work is limited to a narrow set of similar solutions.']","The student identifies multiple prior design attempts including shade cloth, burlap, nettings made of HDPE, and plastic coverings. These sources are generally credible and clearly identified, though the variety is somewhat limited to fabric-based shading solutions. The descriptions show some repetition and a limited diversity in types of solutions beyond fabric materials.","The analysis includes some strengths and shortcomings of the different materials, such as durability, breathability, and ease of use. However, the discussion is quite general and lacks detailed, data-supported comparisons. There is no explicit reasoning about which solution is better or why, and advantages and disadvantages are not fully developed or clearly compared.","This submission demonstrates a reasonable effort to document prior design attempts by discussing several fabric-based solutions such as shade cloth, burlap, and plastic coverings. The student provides basic descriptions of each material’s properties and some context for their use, which indicates an understanding of different approaches to shading plants (B1). However, the range of solutions is somewhat narrow, focusing mainly on fabric types without exploring more diverse or innovative alternatives. The analysis of these prior attempts (B2) identifies some advantages and disadvantages, such as durability and breathability issues, but it remains quite general and lacks detailed comparisons or supporting data. The student does not clearly explain why one solution might be preferable over another, nor do they provide explicit reasoning or evidence to justify any conclusions. To improve, the student should include more varied sources and design concepts, provide clearer, data-supported comparisons, and explicitly discuss the trade-offs between solutions. Adding reasoning about which design is best suited for the problem would strengthen the analysis.",2.5
Case037_31.pdf,,,3,1,3,2,,,"['Examine whether the multiple prior solutions described represent truly distinct approaches or variations of a single concept.', 'Assess if the analysis includes explicit comparisons that clearly explain why one solution might be better than others.', 'Verify the presence and clarity of supporting data or evidence used to justify the strengths and shortcomings of each prior design attempt.', 'Consider whether the evaluation sufficiently balances advantages and disadvantages for each solution rather than listing features.', 'Determine if the rationale for preferring one design over others is clearly articulated and supported by the analysis.']","The student identifies multiple prior design attempts including shade cloth, burlap, nettings made of HDPE, and plastic coverings. These sources are generally credible and clearly described, but the variety is somewhat limited to fabric-based shading solutions and plastic covers. The sources are not explicitly cited, and the range of solution types is fairly narrow, focusing mainly on similar materials rather than a wide array of distinct approaches.","The analysis includes some strengths and shortcomings of the different materials, such as durability, breathability, and ease of use. However, the discussion is somewhat general and lacks detailed supporting data or explicit comparisons. The reasoning about why one solution might be better than another is limited and not clearly developed, with no explicit justification or prioritization of solutions.","This submission documents prior design attempts by discussing several shading materials such as shade cloth, burlap, HDPE nettings, and plastic coverings. The descriptions provide some information about the properties and typical uses of these materials, indicating an understanding of different approaches to plant shading (B1). However, the range of solutions is somewhat narrow and lacks diversity beyond fabric-based options, which limits the breadth of prior attempts considered. The analysis of these prior solutions is present but somewhat underdeveloped. While some advantages and disadvantages are mentioned, such as durability and breathability, the evaluation remains general and lacks detailed evidence or explicit comparisons between alternatives (B2). The submission would benefit from expanding the variety of prior solutions considered, including more explicit comparisons highlighting both strengths and weaknesses, and providing clearer justification for selecting or rejecting particular options. Incorporating credible sources and quantitative data would also strengthen the analysis and documentation.",2.5
Case038_34.pdf,,,3,4,4,3,,,"['Examine whether the sources cited are sufficiently varied and credible to justify the score for prior design identification.', 'Assess if the analysis section explicitly compares the prior design attempts and clearly explains the advantages and disadvantages of each.', 'Verify whether the student provides clear reasoning about which prior design attempt is preferable and why, beyond listing strengths and weaknesses.', 'Consider if the analysis includes relevant supporting data or examples that substantiate the evaluation of each prior design attempt.', 'Check that the documentation of prior attempts includes enough detail to distinguish between different approaches rather than general descriptions.']","The student identifies three distinct prior design attempts from clearly named and credible sources: Green City Times, ResearchGate, and ScienceDirect. These sources are varied and credible, showing a reasonable variety of prior solutions. However, the sources are limited to three, which provides some variety but not a wide array, so the score is 3 rather than higher.","The analysis includes strengths and shortcomings of each prior design attempt with some relevant supporting data and reasoning. However, the comparisons between the solutions are implicit rather than explicit, and the justification for why one solution is better than another is not fully developed. The student notes limitations and advantages but does not clearly explain which solution is preferable or provide detailed reasoning comparing all solutions.","This submission shows a reasonable effort in identifying multiple prior design attempts related to energy conservation and smart home systems, drawing from credible sources such as Green City Times, ResearchGate, and ScienceDirect. The student documents three distinct approaches, which indicates some breadth in exploring prior solutions. The descriptions of each design attempt include relevant details that support the documentation. However, the analysis of these prior attempts lacks explicit comparison of the solutions. While some strengths and weaknesses are identified for each design, the evaluation does not clearly explain why one approach might be preferable over others or provide a detailed comparison of advantages and disadvantages. To improve, the student should explicitly compare the solutions side-by-side, clearly articulate the trade-offs, and justify which design best meets the project requirements. Additionally, expanding the number of sources or including more diverse types of prior attempts could further strengthen the documentation. Including more detailed data or examples to support the analysis would also enhance the quality of the evaluation.",3.5
Case039_13.pdf,,,1,3,3,3,,,"['Examine whether the two identified sources sufficiently represent a variety of prior design attempts or if additional distinct solutions should be expected.', 'Assess the clarity and depth of the comparison between Arduino and Makey Makey projects, focusing on whether advantages and disadvantages are explicitly contrasted.', 'Verify if the analysis includes any supporting data or examples that substantiate the strengths and weaknesses described for each prior design.', 'Consider whether the reasoning about the relative merits of the two solutions is clearly articulated and justified within the analysis.', 'Review the extent to which the sources cited are credible and clearly identified, and whether their use supports a comprehensive understanding of prior design attempts.']","The student identifies two prior design attempts: Arduino LED projects and Makey Makey kits, referencing two external sources. These sources are clearly identified and generally credible, but the variety is somewhat limited to only two types of solutions, which narrows the breadth of prior attempts.","The analysis includes strengths and weaknesses for both Arduino and Makey Makey projects, with some relevant details and examples. However, the comparison between the two solutions is implicit rather than explicit, and the reasoning about which solution is better or preferable is incomplete. The discussion lacks clear, detailed justification supported by data or thorough explanation.","This submission provides a generally clear identification of prior design attempts by discussing both Arduino and Makey Makey projects, supported by two clearly identified sources. The student outlines several strengths and weaknesses for each approach, indicating an understanding of their educational value and challenges, which offers a basic foundation for understanding prior solutions. However, the analysis does not include a strong comparative evaluation. While advantages and disadvantages are listed, the discussion does not explicitly compare the two solutions or clearly justify why one might be preferable over the other. The reasoning remains somewhat general and lacks detailed supporting data or examples, limiting the depth of the analysis. To improve, the student should include more varied sources to broaden the scope of prior attempts. They should also develop a clearer, more explicit comparison between solutions, explaining why certain features make one approach better suited for specific users or contexts. Adding quantitative or qualitative data to support claims and elaborating on the implications of strengths and weaknesses would strengthen the analysis. Finally, clarifying the rationale behind the preference for one solution over another would enhance the justification.",3
Case040_22.pdf,,,2,2,3,2,,,"['Examine whether the sources cited for each prior design attempt are sufficiently varied and credible to support a higher score for documentation.', 'Assess if the analysis section provides explicit comparisons between the different prior designs or if it only lists isolated pros and cons without integration.', 'Verify whether the student’s analysis includes relevant supporting data or detailed reasoning that justifies the evaluation of each design’s strengths and weaknesses.', 'Consider the importance of clear, detailed, and supported analysis when distinguishing between general descriptions and strong evaluations of prior solutions.', 'Review the extent to which multiple prior design attempts are identified and documented, as this is critical for awarding higher scores in documentation.']","The student identifies three prior design attempts with clearly identified sources that appear generally credible. However, the sources are somewhat limited in type and depth, and the documentation does not include a wide array or variety of sources. The student provides URLs and images for each design, showing several but not necessarily varied sources.","The analysis includes some strengths and shortcomings for each prior design, but the explanations are brief and somewhat general. There is no explicit comparison between the solutions or reasoning about which design is better and why. The analysis lacks detailed supporting data and clear justification, making it overly general.","This submission identifies multiple prior design attempts related to the problem, documenting three distinct solutions from generally credible sources. The student provides relevant details and sources for each design, indicating an understanding of different approaches to irrigation and mold prevention. However, the variety and depth of sources are somewhat limited and could be improved by including more diverse and authoritative references. The analysis of these prior designs identifies some strengths and weaknesses but remains quite general and lacks detailed supporting data. There is no clear comparison or reasoning to explain why one design might be preferable over others, which limits the depth of evaluation. To improve, the student should explicitly compare the designs, discuss both advantages and disadvantages in more detail, and provide reasoning to justify which solution is most effective. Including quantitative data or more specific examples would strengthen the analysis. Additionally, clarifying the criteria for success and linking the analysis to the problem context would enhance the overall quality of the evaluation.",2.5
Case041_23.docx,,,2,3,4,3,,,"['Examine whether the cited sources represent a sufficiently varied and credible range of prior solutions or if they mainly rely on similar types of references.', 'Assess the clarity and completeness of the comparisons between the different prior solutions, focusing on whether advantages and disadvantages are explicitly and thoroughly explained.', 'Verify if the analysis includes explicit reasoning about why one solution is better than others or if it mainly lists pros and cons without clear justification.', 'Consider whether the evaluation of prior solutions includes relevant supporting data or if it remains mostly qualitative and general.', 'Check if the documentation clearly identifies multiple distinct prior attempts rather than focusing heavily on a single solution or type of solution.']","The student identifies multiple prior solutions to the swivel desk problem, including gas cylinders with rotation brakes, water bottle holders, and cable ties. These sources are clearly identified and appear credible, with citations provided. However, the variety of sources is somewhat narrow, focusing mainly on product descriptions and general observations rather than a broader range of distinct and varied credible sources.","The analysis includes some clear advantages and disadvantages of each prior solution, such as cost, functionality, and permanence. However, the comparisons between solutions are somewhat incomplete and lack depth. The reasoning about why one solution might be better than another is present but not fully developed or explicitly detailed. The analysis is generally clear but could benefit from more detailed supporting data and stronger justification.","This submission shows an effort to identify multiple prior solutions to the swivel desk problem, including gas cylinders with rotation brakes, water bottle holders, and cable ties. The sources are clearly cited and generally credible, which supports the documentation of prior design attempts. The problem and context are described with an understanding of stakeholder needs. However, the analysis of these prior solutions is somewhat limited. While advantages and disadvantages are mentioned, the comparisons lack depth and explicit reasoning about why one solution might be preferable over others is not fully developed. The discussion would benefit from more detailed supporting data and clearer justification for the chosen approach. Additionally, the evaluation could be improved by explicitly comparing the solutions side-by-side and explaining trade-offs more thoroughly. To improve, the variety and depth of sources should be expanded to include more diverse and credible perspectives. Enhancing the analysis with clearer, more detailed comparisons and stronger reasoning about the relative merits of each solution would also be beneficial. Including quantitative data or user feedback could further strengthen the evaluation.",3.5
Case042_43.docx,,,4,3,4,3,,,"['Examine whether the cited sources represent a sufficiently varied and credible set of prior solutions or if they mainly rely on a narrow range of product descriptions.', 'Assess the depth and clarity of the analysis comparing the advantages and disadvantages of each prior solution, especially whether the reasoning about solution preference is explicit.', 'Verify if the discussion of stakeholders’ current coping methods is integrated effectively into the analysis or if it remains a separate, underdeveloped point.', 'Consider whether the evaluation clearly distinguishes between strengths and shortcomings of prior designs with supporting data or examples.', 'Check if the rationale for the proposed design’s superiority over prior attempts is explicitly stated and well supported by the analysis.']","The student identifies multiple prior solutions to the swivel desk problem, including gas cylinders with rotation brakes, water bottle holders, and cable ties. These sources are clearly identified and appear credible, with references to specific products and websites. However, the variety of sources is somewhat limited, focusing mainly on product descriptions and a few general observations, so it does not fully reach the level of a wide array.","The analysis includes some clear advantages and disadvantages of each prior solution, such as cost, permanence, and practicality. However, the comparisons are somewhat uneven and lack depth; for example, the reasoning about why one solution is better than another is only partially developed. The discussion of stakeholders' current coping methods is included but not deeply analyzed. Overall, the analysis is generally clear with some relevant supporting details but lacks comprehensive comparison and justification.","This submission demonstrates an adequate effort in identifying multiple prior design attempts to address the swivel desk problem, including gas cylinders with rotation brakes, water bottle holders, and cable ties. The sources are clearly cited and credible, which supports the documentation of prior solutions (B1). The inclusion of stakeholders’ current coping strategies adds context to the problem space. However, the analysis of these prior attempts (B2) is somewhat limited. While advantages and disadvantages are mentioned for each solution, the comparisons lack depth and explicit reasoning about why one solution might be preferable over others. The evaluation could be improved by more thoroughly contrasting the solutions and explaining how the proposed design better meets the needs of stakeholders. Additionally, the discussion of stakeholders’ current methods could be expanded to better highlight the shortcomings and motivate the new design. To improve, the student should provide a more detailed and balanced comparison of all prior solutions, explicitly stating the trade-offs. Including more varied and diverse sources would also strengthen the documentation. Finally, clarifying the rationale for selecting the new design over existing options would enhance the justification and overall analysis.",3.5
Case043_43.pdf,,,4,3,4,3,,,"['Examine whether the cited sources provide sufficient credibility and variety to support the identification of multiple prior designs.', 'Assess if the descriptions of prior designs include enough detail to distinguish them clearly and support meaningful comparison.', 'Evaluate the extent to which the analysis explicitly compares advantages and disadvantages across multiple designs rather than listing them separately.', 'Consider whether the reasoning about why one design might be preferable over others is clearly articulated and supported by relevant data.', 'Verify that the evaluation includes both strengths and shortcomings of prior designs to meet the expectations for a well-developed analysis.']","The student identifies four distinct prior design attempts, each clearly named and described, demonstrating a variety of sources. The work cited section lists multiple credible sources, including company websites and product pages, supporting the identification of prior solutions. However, the sources are somewhat limited to product descriptions and lack broader diversity such as academic or industry analyses, so the submission does not fully reach the highest level.","The analysis includes some strengths and shortcomings of each prior design, such as material suitability, size limitations, flexibility, and cost-effectiveness. However, the comparisons between designs are mostly implicit and lack detailed, explicit reasoning or data-supported evaluation. The student notes some advantages and disadvantages but does not clearly explain why one design is preferable over others or provide a comprehensive justification.","This submission demonstrates an adequate effort in identifying multiple prior design attempts related to cable covers, drawing from a variety of credible sources including product websites and images (B1). The student names and describes four different designs, showing awareness of alternative solutions and their basic characteristics. This variety contributes to the documentation aspect of the work. However, the analysis of these prior designs (B2) is somewhat limited. While some advantages and disadvantages are mentioned, the evaluation lacks depth and explicit comparison. The student does not clearly articulate why one design might be better suited for the problem or provide detailed reasoning supported by data. To improve, the student should focus on explicitly comparing the designs, discussing both strengths and weaknesses in more detail, and justifying which design elements are most important for the intended use. Including more quantitative data or user feedback could also enhance the analysis. Future work should aim to deepen the critical evaluation of prior solutions and strengthen the justification for design choices by integrating clearer comparisons and more detailed evidence.",3.5
Case044_22.pdf,,,2,2,4,3,,,"['Examine whether the cited sources are sufficiently credible and varied to support the claim of a variety of prior design attempts.', 'Assess the depth and clarity of the analysis regarding the strengths and weaknesses of each prior design, especially looking for explicit comparisons.', 'Verify if the student provides any data or detailed reasoning that supports the evaluation of the designs beyond general statements.', 'Consider whether the analysis clearly explains why one design might be preferable over others, as this is critical for higher scores in analysis.', 'Check if the descriptions of prior designs are detailed enough to demonstrate understanding and if the sources are properly linked to each design.']","The student identifies four distinct prior design attempts, each clearly named and described, and provides a corresponding works cited section with multiple credible sources. The sources include manufacturer websites and product descriptions, which are generally credible. The variety of designs (acrylic trough, GRP troughing, rubber mat, metal cable trench) shows a range of solutions, meeting the criteria for a variety of clearly-identified and mostly credible sources.","The analysis includes some strengths and shortcomings of each design, such as material durability, size limitations, and walkability. However, the comparisons are somewhat superficial and lack detailed supporting data. The student notes advantages and disadvantages but does not explicitly compare the designs against each other or provide clear reasoning about which design is preferable and why. The analysis is generally clear but incomplete and lacks depth.","This submission demonstrates an adequate effort in identifying multiple prior design attempts related to cable covers, drawing from a variety of generally credible sources. The student clearly names and describes four different designs, showing an understanding of different materials and approaches, which supports the documentation (B1). The inclusion of a works cited section further supports the credibility of the sources used. However, the analysis of these prior designs (B2) is somewhat limited. While the student identifies some advantages and disadvantages of each design, the evaluation lacks detailed comparisons and explicit reasoning about why one design might be better suited than others. The discussion would benefit from more thorough explanations supported by relevant data or examples. To improve, the student should focus on explicitly comparing the designs, highlighting both strengths and weaknesses in a more detailed manner, and justifying which design is most appropriate for the problem. Additionally, integrating quantitative or qualitative data to support the analysis would strengthen the evaluation. Clarifying these points will enhance the overall quality of the documentation and analysis.",3.5
Case045_35.pdf,,,3,5,4,3,,,"['Examine whether the cited sources represent a sufficiently varied and credible set of prior design attempts beyond similar reptile containment systems.', ""Evaluate the depth and clarity of the comparison between the Nashville Zoo's current solution and other designs, focusing on how well advantages and disadvantages are articulated."", 'Assess if the analysis includes explicit reasoning that clearly justifies the new design over prior attempts, or if it remains mostly descriptive.', 'Consider whether the discussion of strengths and shortcomings includes relevant supporting data or remains largely general and anecdotal.', 'Verify that the documentation of prior attempts is clearly identified and credible, and that the analysis goes beyond listing features to meaningful evaluation.']","The student identifies multiple prior design attempts, including crocodile/alligator cages, the San Diego Zoo transport units, and the Nashville Zoo's current plastic tube system. These sources are clearly identified and credible, including URLs and references to specific institutions. However, the variety of sources is somewhat limited to similar reptile containment and zoo transport systems, without a broader array of unrelated or more diverse design inspirations.","The analysis includes some clear strengths and shortcomings of the prior designs, such as segmentation, collapsibility, access points, and visibility. The Nashville Zoo's current solution is critiqued for lack of visibility and access ports. However, the comparison between solutions is somewhat general and lacks detailed, data-supported reasoning. The advantages and disadvantages are mentioned but not deeply analyzed or explicitly compared to justify the new design choice comprehensively.","This submission demonstrates an adequate effort in identifying prior design attempts relevant to safely containing and transporting Komodo dragons. The student draws from multiple credible sources, including established zoos and existing cage designs for similar reptiles, which provides a reasonable foundation for their research (B1). The documentation is generally clear and organized, showing an understanding of key design principles such as segmentation, collapsibility, and access for medical procedures. However, the analysis of these prior solutions (B2) is somewhat general and could be improved by providing more detailed and explicit comparisons. While strengths and weaknesses are noted, the reasoning behind why one design is preferable over another lacks depth and supporting data. To enhance this section, the student should include more thorough justification of design choices, explicitly compare alternatives, and provide clearer evidence for the advantages and disadvantages discussed. For improvement, the student should broaden the range of prior solutions considered, deepen the comparative analysis with explicit pros and cons, and incorporate more quantitative or observational data to support their evaluations. Additionally, clarifying how their design uniquely addresses the shortcomings of existing systems would strengthen the justification.",3.5
Case046_12.docx,,,1,2,3,2,,,"[""Examine whether the sources cited for each prior design attempt meet the rubric's criteria for credibility and variety, especially given the incomplete entries for attempts four and five."", 'Assess the extent to which the analysis section explicitly compares multiple prior designs and discusses both strengths and weaknesses with supporting details.', 'Verify if the student provides clear reasoning or justification for preferring one design over others, or if the analysis remains mostly descriptive without evaluative depth.', 'Consider whether the lack of completed entries for two prior design attempts should limit the score for documentation of prior attempts.', 'Evaluate if the analysis includes relevant supporting data or if it relies mainly on vague or general statements, which affects the quality of the evaluation.']","The student identifies three prior design attempts with credible sources including a peer-reviewed journal, a government agency website, and a reputable vendor blog. However, the sources are somewhat limited beyond these three, and two additional attempts are left blank. The sources are clearly identified but the variety is somewhat narrow.","The analysis provides some details about each prior design attempt, but the discussion of strengths and shortcomings is limited and often general. There is little explicit comparison between the different solutions, and no clear reasoning about why one design is better than another. The analysis lacks relevant supporting data and detailed evaluation.","This submission shows an effort to document prior design attempts related to microplastic collection and underwater ROVs, using credible sources such as a peer-reviewed journal, a government website, and a vendor blog. The student clearly identifies these sources and provides some descriptive details about each design, which supports the documentation requirement. However, the variety of sources is somewhat limited, and two of the five prior design attempts are incomplete, reducing the overall comprehensiveness. The analysis of these prior attempts is underdeveloped. While some strengths and features are mentioned, the evaluation is limited, with minimal discussion of shortcomings and no explicit comparison between the different designs. The student does not clearly explain why one design might be preferable over others or provide detailed supporting data. To improve, the student should complete all prior design attempts, include more varied sources, and provide a more thorough analysis that compares advantages and disadvantages explicitly. Adding clear reasoning about the relative merits of each design and supporting this with data or examples would strengthen the analysis.",2.5
Case047_53.pdf,,,5,3,4,3,,,"['Examine whether the sources cited for each prior design attempt are sufficiently credible and clearly identified to justify the variety and credibility assessment.', 'Assess the depth and clarity of the analysis for each prior design, especially looking for explicit comparisons and detailed reasoning about strengths and weaknesses.', 'Verify if the student’s discussion adequately addresses the stakeholder’s specific needs and how each prior design meets or fails those needs.', 'Consider whether the analysis includes relevant supporting data or examples that substantiate the claims about each design’s advantages and shortcomings.', 'Evaluate if the submission clearly distinguishes between multiple prior designs and provides a coherent justification for preferring one over others.']","The student identifies five prior design attempts, including both physical products and online sources, demonstrating a variety of clearly identified and generally credible sources. The sources include commercial products and an Instructables project, showing a range of solution types. However, some sources are incomplete or lack full citation details, and the variety, while present, is somewhat limited.","The analysis includes some strengths and shortcomings of each prior design attempt, with relevant details such as capacity, mobility, and stakeholder needs. However, the analysis is often brief and lacks consistent depth or detailed supporting data. There is limited explicit comparison between the solutions, and reasoning about why one design is better than another is only partially developed.","This submission shows an effort to identify multiple prior design attempts from a variety of sources, including commercial products and online projects, which supports the documentation of prior solutions (B1). The student describes key features and some limitations of each design, indicating an understanding of stakeholder needs and constraints. This range of sources and attempts provides a foundation for further analysis. However, the analysis of these prior attempts (B2) is somewhat limited. While some advantages and disadvantages are noted, the discussion lacks detailed supporting data and explicit comparisons between the designs. The reasoning about why certain designs are more or less suitable is often incomplete or vague, which limits the justification of the preferred solution. To improve, the student should provide more detailed evaluations supported by data or examples, explicitly compare multiple designs, and clearly explain why one design better meets the stakeholder’s requirements. Additionally, ensuring all sources are fully cited and credible will strengthen the documentation. Expanding the analysis to include more nuanced pros and cons and clearer justification will enhance the overall quality of the work.",3.5
Case048_55.pdf,,,5,5,4,3,,,"['Examine whether the truncated or incomplete URLs and generic names for some prior designs affect the credibility and clarity of source identification.', 'Assess if the analysis sufficiently compares multiple prior designs explicitly or if it mainly lists pros and cons without direct comparison.', 'Verify whether the student clearly links the strengths and weaknesses of prior designs to the stakeholder’s specific needs and design requirements.', 'Consider if the analysis includes both advantages and disadvantages for each design attempt or if it tends to focus on one aspect.', 'Evaluate whether the documentation includes a wide enough variety of credible sources to justify a high score for prior design identification.']","The student identifies five prior design attempts, including both physical products and online sources, with clear citations and descriptions. The sources are varied, including commercial products and DIY designs, and are generally credible. However, some sources are incomplete or lack full identification (e.g., Prior Design Attempt #3's URL is truncated and the name is generic), which limits the score.","The analysis includes some strengths and shortcomings of each prior design attempt, with relevant details such as capacity, mobility, and stakeholder needs. However, the comparisons between designs are mostly implicit rather than explicit, and the reasoning about why one design is better than another is limited. The student notes some advantages and disadvantages but does not clearly compare multiple designs side-by-side or provide comprehensive justification for selecting or rejecting specific solutions.","This submission shows an adequate effort in identifying multiple prior design attempts relevant to the problem, drawing from a variety of sources including commercial products and online DIY projects. The student provides clear descriptions and some source citations, which supports the documentation of prior solutions (B1). The inclusion of five distinct attempts indicates a reasonable breadth and an understanding of different approaches to socket organization. However, the analysis of these prior attempts (B2) is somewhat limited and lacks explicit comparison. While some strengths and weaknesses are noted, the evaluation does not consistently explain why certain designs are more suitable than others or how they meet the stakeholder's specific needs. The reasoning is often implicit and incomplete, which restricts the justification for design decisions. To improve, the student should provide clearer, more detailed comparisons between designs, explicitly discuss both advantages and disadvantages, and relate these points directly to the stakeholder’s requirements. Additionally, ensuring all sources are fully identified and credible will enhance the overall quality of the documentation. Recommendations include expanding the analysis to explicitly compare multiple designs, clarifying the rationale behind design preferences, completing source citations, and integrating more detailed supporting data to strengthen the evaluation.",3.5
Case049_42.pdf,,,4,2,4,3,,,"['Examine whether the variety and credibility of sources cited for steel, bamboo, and glass bookends meet the threshold for a wide array or just a variety of credible sources.', 'Assess the depth and clarity of the comparative analysis between the different materials, focusing on whether the strengths and weaknesses are explicitly supported by relevant data.', 'Evaluate the justification for choosing wood as the preferred material, checking if the reasoning clearly explains why it is better than the other options based on the documented strengths and weaknesses.', 'Verify that the analysis includes both advantages and disadvantages for multiple prior solutions and that the comparisons are explicit rather than implied or vague.', 'Consider whether the documentation sufficiently identifies multiple prior design attempts with credible sources and whether the analysis provides detailed, supported reasoning to justify the new solution.']","The student identifies multiple prior design attempts for bookends, including steel, bamboo, and glass, supported by a variety of clearly identified and credible sources. The sources are diverse and cover different materials and their properties, showing a range of prior solutions. However, the sources vary in credibility and some are less formal (e.g., blogs), so the submission does not fully meet the highest standard.","The analysis includes strengths and weaknesses of each material and attempts a comparison, culminating in a justification for choosing wood. However, the comparisons are somewhat general and lack detailed, data-supported reasoning. The explanation of why wood is better is present but not deeply developed or supported by quantitative data. The analysis is generally clear but lacks the depth and explicit comparative reasoning needed for a higher score.","This submission shows a reasonable effort in identifying multiple prior design attempts for bookends, including steel, bamboo, and glass, supported by a variety of sources. The documentation includes strengths and weaknesses of each material, indicating an understanding of different design options and their implications. The range of sources and inclusion of multiple credible references contribute positively to the documentation aspect. However, the analysis of these prior attempts is somewhat limited. While advantages and disadvantages for each material are listed, the comparisons lack detailed explanation and supporting data. The justification for selecting wood as the preferred material is stated but not thoroughly reasoned or supported by explicit evidence. To improve, more detailed, data-driven comparisons and clearer reasoning about why wood outperforms other options would be beneficial. Additionally, integrating quantitative or empirical data and elaborating on trade-offs would strengthen the analysis. Ensuring all sources are consistently credible and clearly identified would also enhance the documentation quality.",3.5
Case050_43.pdf,,,4,3,4,3,,,"['Examine whether the variety and credibility of sources cited for each material sufficiently demonstrate a broad exploration of prior design attempts.', 'Assess the clarity and depth of the comparison between steel, bamboo, and glass bookends, especially how well advantages and disadvantages are explicitly contrasted.', 'Evaluate the reasoning provided for selecting wood as the preferred material, checking if it clearly explains why it is superior to other options based on the analysis.', 'Verify that the analysis includes both strengths and weaknesses for each prior design and that these are supported by relevant data or examples.', 'Consider whether the justification for the new solution effectively integrates stakeholder needs and prior design limitations in a detailed and logical manner.']","The student identifies multiple prior design attempts for bookends, including steel, bamboo, and glass, supported by a variety of clearly identified and credible sources. The sources are diverse and well-documented, covering different materials and their properties. However, while the sources are varied and credible, the range is somewhat limited and does not fully meet the criteria for a higher score.","The analysis includes strengths and weaknesses of each material and some comparison between them. The student explains advantages and disadvantages for steel, bamboo, and glass bookends and attempts to justify the choice of wood by combining positive features. However, the comparison lacks depth and explicit, detailed reasoning. The justification is somewhat general and does not fully explain why wood is superior beyond listing combined features. The analysis is generally clear but not consistently detailed or strongly supported by data.","This submission demonstrates an adequate effort in identifying multiple prior design attempts for bookends, drawing from a variety of credible and clearly cited sources. The student covers three distinct materials—steel, bamboo, and glass—providing descriptions and sourcing information that indicate a reasonable understanding of prior solutions. The inclusion of multiple sources for each material supports the documentation aspect, though the range of sources is somewhat limited. The analysis of these prior attempts is somewhat limited. While the student lists strengths and weaknesses for each material and attempts to justify the choice of wood, the reasoning lacks depth and explicit comparison. The explanation does not fully explore the trade-offs or provide detailed evidence supporting why wood is the best option. To improve, the student should develop a more thorough comparative analysis, explicitly contrasting the materials’ pros and cons with supporting data. Additionally, clarifying how the chosen solution addresses stakeholder needs better than alternatives would strengthen the justification. Including quantitative or more specific qualitative data would also enhance the analysis. Overall, the student should focus on deepening the evaluation and justification of prior designs and their influence on the new solution to achieve a more convincing analysis.",3.5
Case051_32.pdf,,,3,2,3,2,,,"['Examine whether the informal sources cited (e.g., classrooms, rooms) can be considered credible and sufficiently varied for documentation purposes.', 'Assess if the analyses provide enough detail and relevant supporting data to justify the strengths and weaknesses of each prior design attempt.', 'Determine whether the student explicitly compares multiple prior designs and explains why one might be better than others, or if the analysis remains isolated and general.', 'Verify that the evaluation includes both advantages and disadvantages for each design rather than only listing features or vague comments.', 'Consider whether the documentation and analysis together demonstrate a clear understanding of prior solutions or if they remain superficial and underdeveloped.']","The student identifies five prior design attempts, which qualifies as several sources. However, the sources are somewhat limited in variety and credibility, as many are informal (e.g., classes, rooms, and an Etsy site) and lack clear identification or authoritative credibility. This constrains the score to a 2.","The analyses provide some strengths and shortcomings for each design attempt but are generally brief, vague, and lack detailed supporting data. There is no explicit comparison between multiple solutions or reasoning about which design is better and why. The analysis is overly general and does not meet higher-level criteria.","This submission documents multiple prior design attempts, listing five different door stops from various informal sources. This indicates an understanding that multiple solutions exist, which is a moderate strength in identifying prior designs. However, the sources are somewhat limited in variety and credibility, as many come from informal or unspecified origins, which affects the overall quality of documentation. The analysis of these prior attempts identifies some strengths and weaknesses, such as material durability and size, but the evaluations are brief and lack detailed evidence or data. There is no clear comparison or justification explaining why one design might be preferable over others. To improve, more detailed and specific analyses supported by relevant data should be provided, along with explicit comparisons and explanations of the advantages and disadvantages of each design. Additionally, citing more credible and varied sources would strengthen the documentation. Including clearer explanations of how each design meets or fails the problem requirements would also enhance the analysis.",2.5
Case052_31.pdf,,,3,1,3,2,,,"['Examine whether the sources listed represent a sufficiently varied and credible range of prior design attempts or if they are mostly informal and limited in scope.', 'Assess the depth and clarity of the analysis for each prior design attempt, focusing on whether strengths and weaknesses are clearly explained with supporting evidence.', 'Determine if the student explicitly compares multiple prior designs and provides reasoning about which design is better and why, or if the analysis remains mostly descriptive and isolated.', 'Verify that the analysis includes both advantages and disadvantages for each design rather than only listing positive or negative aspects.', 'Consider whether the documentation and analysis together demonstrate a comprehensive understanding of prior attempts or if they fall short due to vague or minimal detail.']","The student identifies five prior design attempts from different sources such as classes, a room, a bathroom, and an Etsy site. While these sources are clearly identified, they are somewhat limited in variety and not consistently credible, as some are informal (e.g., 'Room across from 204') and others are vague. This meets the criteria for several clearly identified and generally credible sources, though the range and reliability of sources could be improved.","The analysis includes some strengths and shortcomings for each prior design attempt, but the details are often minimal and general. There is little relevant supporting data, and the comparisons between designs are implicit rather than explicit. The student does not clearly explain why one design is better than another or provide detailed reasoning, resulting in an overly general analysis.","This submission shows a reasonable effort to document multiple prior design attempts, drawing from five different sources. The student clearly identifies each source and provides some details about the designs, which supports the documentation requirement, although the sources are somewhat limited in variety and credibility. The analysis of these prior designs includes some identification of strengths and weaknesses, such as material durability and size, but the explanations are often brief and lack depth. There is no clear comparison or justification explaining why one design is preferable over others, and relevant supporting data is minimal. To improve, the student should provide more detailed and specific evaluations, explicitly compare multiple designs, and explain the reasoning behind their assessments. Including quantitative or qualitative data to support claims would also strengthen the analysis. Additionally, clarifying and expanding on the credibility and variety of sources would enhance the documentation quality.",2.5
Case053_23.pdf,,,2,3,5,3,,,"['Examine whether the descriptions of the five prior attempts are sufficiently distinct and credible to justify the highest score for source variety and credibility.', 'Evaluate the extent to which the analysis explicitly compares the strengths and weaknesses of multiple prior designs rather than treating each in isolation.', 'Assess whether the discussion of advantages and disadvantages includes clear reasoning about why one design might be preferred over others in the context of the project constraints.', 'Consider if the analysis provides enough relevant supporting data or detailed explanation to support claims about the effectiveness or limitations of each prior design.', 'Verify that the evaluation balances both positive and negative aspects of the prior attempts and avoids vague or overly general statements lacking specific evidence.']","The submission identifies five distinct prior design attempts, each clearly described and credible, including real-world examples such as the Nashville Zoo crank and hanger, an industrial tower crane, a basketball hoop, and a fishing pole. The sources are varied and consistently credible, demonstrating a wide array of prior solutions.","The analysis includes strengths and shortcomings of each prior attempt, with some relevant supporting details. However, explicit comparisons between the solutions are limited and reasoning about why one design is preferable over others is incomplete. While advantages and disadvantages are noted, the justification lacks clear, detailed, and consistent evaluation across all designs.","This submission demonstrates a clear effort in identifying a range of prior design attempts relevant to the problem, drawing from multiple credible and varied sources (B1). The descriptions provide useful context for each design, showing an understanding of different approaches. This breadth of exploration is a notable aspect of the work. However, the analysis of these prior attempts (B2) is somewhat uneven. While the submission discusses advantages and disadvantages for each design, it does not provide explicit, detailed comparisons or a clear rationale for selecting one design over others. The evaluation would benefit from more direct comparisons and deeper critical analysis to better justify design choices. To improve, the team should focus on explicitly comparing the prior designs, highlighting why certain features are more suitable for their specific needs. Including more detailed data or criteria for evaluation would strengthen the analysis. Additionally, clarifying how budget, size, and usability constraints influence the choice among alternatives would enhance the justification and overall quality of the documentation.",4
Case054_01.pdf,,,0,1,3,3,,,"['Examine whether the two prior design attempts are sufficiently distinct and clearly identified as separate sources or if they represent iterations of a single idea.', 'Assess the clarity and depth of the comparison between the multi-sprinkler and multi-hose solutions, focusing on whether advantages and disadvantages are explicitly contrasted.', 'Verify if the analysis includes any quantitative or empirical data supporting the strengths or weaknesses of the prior designs or if it relies solely on qualitative descriptions.', 'Consider whether the evaluation justifies the rejection of prior solutions with clear reasoning or if it mainly lists problems without prioritizing or comparing their impact.', 'Determine if the documentation of prior attempts reflects a variety of credible sources or if it is limited to internally generated ideas without external validation.']","The student identifies two prior design attempts: a multi-sprinkler system and a multi-hose approach. Both are described clearly, showing several prior solutions. However, the sources of these ideas are not explicitly cited or identified as external credible sources, and the variety of sources is limited to these two internal concepts. This aligns with the description of 'several—but not necessarily varied—clearly-identified and generally-credible sources.'","The analysis includes some clear advantages and disadvantages of each design, such as budget constraints, durability, and risk of overwatering. However, the comparison between the two solutions is somewhat implicit and lacks explicit reasoning about which solution is better or why. The discussion of strengths and shortcomings is present but not consistently detailed or supported by quantitative data. The justification for rejecting both solutions is given but not deeply reasoned or compared.","This submission demonstrates a reasonable effort in identifying multiple prior design attempts, specifically the multi-sprinkler and multi-hose approaches, which indicates an understanding of alternative solutions. The student describes the main features and some challenges of each design, such as budget limitations, durability concerns, and the risk of overwatering plants, providing a basic foundation for analysis. However, the evaluation of these prior attempts lacks depth in comparing their relative merits and drawbacks. While some disadvantages are noted, the analysis does not explicitly weigh the pros and cons against each other or provide clear reasoning for preferring one design over the other. Additionally, the discussion would benefit from more detailed supporting data or examples to strengthen the critique. To improve, the student should explicitly compare the solutions, highlighting why one might be more feasible or effective. Including more detailed evidence or data to support claims would enhance the analysis. Finally, citing external credible sources or prior research could broaden the scope and credibility of the documented prior attempts.",3
Case055_23.pdf,,,2,3,3,3,,,"['Examine whether the descriptions of the two prior solutions are based solely on student ideas or if any external credible sources are referenced or implied.', 'Assess if the analysis clearly compares the two solutions by explicitly discussing their relative advantages and disadvantages rather than listing issues separately.', 'Verify whether the student provides any reasoning or justification for preferring one design over the other or if the evaluation remains descriptive without clear conclusions.', 'Consider the importance of explicit, detailed comparison and justification when evaluating the quality of analysis of prior design attempts.', 'Review the extent to which multiple, varied, and credible sources are necessary to meet higher standards for documentation of prior solutions.']","The student identifies two prior design attempts: a multi-sprinkler system and a multi-hose approach. Both are clearly described, but the sources of these ideas are not explicitly cited or varied beyond the student's own concepts. The descriptions provide relevant detail but do not reference external credible sources, which limits the variety and credibility of sources.","The analysis includes several strengths and shortcomings of each design, such as budget constraints, durability, and risk of overwatering. However, the comparison between the two solutions is implicit rather than explicit, and reasoning about which solution is preferable is limited. Advantages and disadvantages are mentioned but not systematically compared or prioritized.","This submission shows a reasonable effort in identifying and describing two prior design attempts to address the problem, meeting the basic requirement of exploring multiple solutions. The student provides detailed descriptions of each approach, including practical challenges such as budget limits, material durability, and risks related to watering timing, which indicate consideration of real-world constraints. However, the analysis of these prior attempts lacks a clear, explicit comparison that weighs the advantages and disadvantages against each other. The reasoning about why one solution might be better than the other is not fully developed, and the evaluation does not clearly justify a preferred approach. To improve, the student should explicitly compare the solutions side-by-side, clearly articulate the pros and cons of each, and explain which design is more viable and why. Additionally, citing or referencing credible external sources or prior art could strengthen the credibility and variety of the documented attempts. Future work should focus on deepening the comparative analysis and providing clearer justification for design choices, as well as expanding the range of sources to include external research or existing technologies.",3
Case056_43.pdf,,,4,3,4,3,,,"['Examine whether the four prior design attempts are sufficiently distinct and whether the sources represent a truly varied set of credible references.', 'Assess the clarity and depth of the analysis regarding the strengths and weaknesses of each prior design, especially how well the student justifies the relevance to their gong stand project.', 'Verify if the student explicitly compares multiple designs and provides clear reasoning about why one design is preferable over others, or if the analysis remains mostly descriptive.', 'Consider whether the analysis includes both advantages and disadvantages for each design, as well as a balanced evaluation rather than focusing mainly on limitations.', 'Check if the documentation of prior attempts includes enough detail and relevant data to support the analysis, ensuring the evaluation is not overly general or vague.']","The student identifies four prior design attempts, each clearly sourced from patent documents and credible websites. The sources are consistently credible and clearly identified, showing a range of prior solutions related to percussion damping and muting mechanisms. However, the sources are all patents and similar technical documents, so while varied in design, the source types are somewhat limited in diversity.","The analysis includes some discussion of strengths and shortcomings for each prior design, with relevant details such as adjustability, complexity, and applicability to the gong. However, the comparisons between designs are somewhat implicit and incomplete. The student notes why some designs do not fit the gong criteria and mentions some advantages and disadvantages, but explicit, detailed comparisons and clear reasoning about which design is preferable overall are limited.","This submission demonstrates a reasonable effort in identifying multiple prior design attempts relevant to percussion damping and muting, drawing from credible patent sources. The student documents four distinct designs with detailed descriptions and source citations, which provides a foundation for prior research. The variety of designs considered indicates an understanding of different approaches to the problem. However, the analysis of these prior attempts lacks depth in explicitly comparing the designs. While some strengths and weaknesses are noted, the evaluation does not consistently explain why one design might be better suited than others or provide thorough justification for the final design direction. The reasoning about applicability to a gong is present but could be more detailed and comparative. To improve, the student should explicitly compare the designs side-by-side, clearly articulating advantages and disadvantages for each. Including more detailed reasoning about why certain features are preferred or rejected would strengthen the analysis. Additionally, expanding the variety of source types beyond patents could provide broader perspectives. Finally, integrating more data or evidence to support claims about design effectiveness would enhance the rigor of the evaluation.",3.5
Case057_51.pdf,,,5,1,4,3,,,"['Examine whether the sources cited are sufficiently varied beyond patent documents to justify a higher score for source variety.', 'Evaluate the clarity and completeness of the comparisons made between the different prior designs, especially regarding their applicability to the gong stand.', 'Assess if the analysis explicitly explains why certain designs are less suitable and how the preferred design addresses the project needs better than others.', 'Consider whether the discussion of strengths and weaknesses includes enough relevant data to support the analysis of prior attempts.', 'Verify that the rationale for scoring the analysis reflects the presence or absence of explicit comparative reasoning and justification among multiple solutions.']","The student identifies four prior design attempts, each sourced from patent documents and credible online patent databases. The sources are credible and clearly identified, though the variety is somewhat limited to patents only, without inclusion of other types of sources such as academic papers or commercial product reviews.","The analysis includes some discussion of strengths and shortcomings for each prior design, with relevant details such as mechanical complexity, adjustability, and applicability to the gong. However, the comparisons between designs are somewhat implicit and incomplete. While some advantages and disadvantages are noted, explicit comparative reasoning and clear justification for preferring one design over others are limited.","This submission shows an adequate effort in identifying multiple prior design attempts relevant to the project, drawing from credible patent sources. The descriptions of each design’s function and some contextual relevance to the gong stand project provide a reasonable documentation of prior work (B1). The inclusion of four distinct designs indicates a moderate breadth of exploration. However, the analysis of these prior attempts (B2) does not fully develop explicit comparisons between the designs. Although individual strengths and weaknesses are mentioned, the submission lacks a clear rationale for why one design might be more suitable than others. The discussion would benefit from more direct comparisons and explicit reasoning about trade-offs, especially regarding how each design meets the specific needs of the gong stand. To improve, clearer and more detailed comparisons between the designs should be provided, explicitly stating advantages and disadvantages side-by-side. Including a summary that justifies the selection or rejection of certain designs based on project criteria would strengthen the analysis. Additionally, expanding source variety beyond patents could provide a broader context for prior solutions.",3.5
Case058_00.docx,,,0,0,1,1,,,"['Examine whether the description of the design approach can be reasonably interpreted as referencing multiple prior attempts or if it clearly describes only a single solution.', ""Assess if the discussion of problems encountered provides sufficient detail and relevant data to support a meaningful analysis of the design's strengths and weaknesses."", 'Consider whether the references to stakeholders and their input contribute to the analysis of prior design attempts or if they are unrelated to the evaluation of solutions.', 'Verify that the analysis includes explicit comparisons between different design ideas and clear reasoning about why one design is preferable to others.', ""Check if the documentation identifies credible and varied sources of prior design attempts rather than relying solely on the student's own experience or vague references.""]","The document references only one general design approach involving the use of a blow dryer, straw, cup, and plastic bag to remove air and seal the bag. There is limited evidence of multiple prior design attempts or alternative solutions explored. Sources or prior designs are not clearly identified or credible.","The analysis of the prior design attempt is brief and somewhat unclear. While some problems such as air leakage and incomplete sealing are mentioned, there is little detailed comparison of strengths and weaknesses. No relevant data or explicit reasoning about why the chosen design is preferable is provided.","This submission demonstrates some awareness of a prior design attempt involving household items to seal a plastic bag and protect fruit. It identifies issues encountered, such as air leakage and incomplete sealing, indicating some reflection on the design's limitations. However, the documentation of prior attempts is limited, focusing on a single approach without exploring alternative solutions or citing credible sources. The analysis lacks detail and clarity, with minimal explanation of the design's strengths and weaknesses and no supporting data or explicit justification for the chosen solution. To improve, the student should research and document multiple prior design attempts or related solutions, clearly identifying credible sources. Providing a more detailed analysis comparing these approaches, explicitly discussing advantages and disadvantages, and including relevant data or observations to support their evaluation would strengthen the justification. Additionally, clearer organization and more precise language would enhance the clarity and professionalism of the documentation. These steps will help develop a more comprehensive and better-supported analysis of prior design attempts.",1
Case059_00.docx,,,0,0,1,1,,,"['Examine whether the single described design attempt is the only prior solution referenced or if any implicit alternatives are mentioned.', 'Assess if the discussion of problems encountered with the design provides sufficient detail and relevant data to support analysis of strengths and weaknesses.', 'Consider whether the references to stakeholder feedback contribute meaningfully to the analysis of prior design attempts or are tangential.', 'Verify that the evaluation includes explicit comparisons between multiple solutions and clear reasoning about advantages and disadvantages as required for higher scores.', 'Ensure that the identification of prior solutions is based on clearly identified and credible sources rather than informal or anecdotal evidence.']","The submission references only one prior design attempt related to sealing a Ziploc bag using a blow dryer, straw, cup, and fruit. There is limited evidence of multiple or varied prior solutions, and no external sources or alternative designs are clearly identified or cited.","The analysis of the prior design attempt is somewhat vague and includes few relevant details or supporting data. While some problems encountered (e.g., air not fully closing, air escaping) are mentioned, there is no clear comparison of multiple solutions, detailed strengths and weaknesses, or reasoning about why the chosen design is preferable.","This submission documents a prior design approach involving household items to seal a Ziploc bag and protect fruit, identifying some issues encountered during testing such as air leakage, which indicates some engagement with the design process. However, the documentation is limited to a single design concept without exploration of alternative solutions or sources, which limits the depth of understanding. The analysis of the prior attempt is somewhat vague and lacks clear comparisons, detailed strengths and weaknesses, or supporting data to justify design choices. The discussion of stakeholder involvement is present but does not contribute to evaluating prior designs. To improve, it would be beneficial to research and document multiple prior solutions or related designs, clearly identify credible sources, and provide a more detailed analysis comparing these alternatives. Additionally, including explicit reasoning about why the chosen design is better and how it addresses shortcomings would strengthen the justification. Incorporating quantitative or qualitative data to support claims would also enhance the analysis.",1
Case060_53.docx,,,5,3,4,3,,,"['Examine whether the sources cited for each prior design attempt are sufficiently credible and clearly identified to justify the variety and credibility claims.', 'Assess the depth and clarity of the analysis sections to determine if the student explicitly compares multiple solutions or merely lists pros and cons separately.', 'Verify if the student provides any reasoning or justification that explains why one prior design might be preferable over others, beyond listing advantages and disadvantages.', 'Consider whether the analysis includes relevant supporting data or evidence that strengthens the evaluation of each prior design attempt.', 'Evaluate if the student’s documentation consistently links source information to the analysis, ensuring that claims about strengths and shortcomings are well supported.']","The student identifies five distinct prior design attempts with clearly cited sources for each, demonstrating a variety of credible references including websites, studies, and technical reports. The sources are generally credible and clearly identified, although some citations lack full bibliographic detail or consistent formatting.","The analysis includes strengths and shortcomings for each prior design attempt, with some relevant supporting data and details. However, the comparisons between solutions are implicit rather than explicit, and there is limited reasoning about why one solution might be preferable over others. Advantages and disadvantages are noted but not deeply compared or synthesized to justify a preferred approach.","This submission shows an adequate effort in identifying multiple prior design attempts to address the problem, drawing from a variety of credible and clearly identified sources (B1). The student covers five different solutions, providing relevant details and citing sources that support their descriptions, which reflects a reasonable breadth of research. However, the analysis of these prior attempts (B2) is somewhat limited. While the student lists advantages and disadvantages for each solution, the evaluation lacks explicit comparisons and deeper reasoning about which solutions are better and why. The analysis would benefit from clearer synthesis and justification, explaining how the strengths and weaknesses of each design relate to one another and to the overall problem context. To improve, the student should focus on explicitly comparing the solutions, highlighting trade-offs, and providing reasoned arguments for preferring one approach. Additionally, ensuring consistent and complete citation formatting would strengthen the credibility of the documentation. Including more quantitative data or evidence to support claims would also enhance the analysis.",3.5
Case061_42.pdf,,,4,2,4,3,,,"['Examine whether the cited sources represent a sufficiently varied and credible set of prior design attempts to justify the score for identification of prior solutions.', 'Assess the depth and clarity of the analysis comparing the strengths and weaknesses of multiple prior designs, especially looking for explicit reasoning about why one design is preferable.', 'Verify if the discussion includes detailed supporting data or if the analysis remains mostly descriptive and general.', 'Consider whether the evaluation clearly distinguishes between different prior solutions and provides explicit comparisons rather than isolated descriptions.', 'Check if the rationale for selecting or rejecting certain design features is clearly articulated and supported by evidence within the document.']","The student identifies five distinct prior design attempts from clearly cited and credible sources, including product kits, clamps, and a photography light board. The sources are varied and well documented, providing a range of prior solutions relevant to the problem.","The analysis includes some discussion of strengths and shortcomings of each prior design, such as portability issues, clamping mechanisms, and dimensional fit. However, the comparisons are somewhat superficial and lack detailed reasoning or explicit justification for why one design is preferable over others. The evaluation is generally clear but incomplete and lacks explicit, detailed data or thorough comparative reasoning.","This submission demonstrates an adequate effort in identifying multiple prior design attempts relevant to the problem of combining a photography light and reflector board. The student draws from a variety of credible sources, including commercial products and classroom examples, which supports the documentation of prior solutions (B1). The inclusion of a works cited section adds to the credibility and variety of sources used. However, the analysis of these prior attempts (B2) is somewhat limited. While some advantages and disadvantages of each design are noted, the discussion lacks depth and explicit comparative reasoning. There is little detailed explanation of why one design might be better suited than another, and the supporting data is minimal. To improve, clearer, more detailed comparisons that explicitly weigh pros and cons and justify design choices would be beneficial. Additionally, integrating more quantitative or qualitative data to support the analysis would strengthen the evaluation. Expanding on how specific features influence the overall design goals would also enhance the justification. For future work, focus on deepening the analysis by explicitly comparing multiple solutions, clearly explaining their advantages and disadvantages, and providing reasoned justification for preferred approaches. This will improve both the clarity and rigor of the design evaluation.",3.5
Case062_33.pdf,,,3,3,4,3,,,"['Examine whether the cited sources represent truly distinct prior design attempts or if some are variations of the same concept, affecting the variety assessment.', 'Evaluate the depth and clarity of the analysis for each prior design, specifically looking for explicit comparisons and reasoning about advantages and disadvantages.', 'Check if the student’s discussion includes any relevant data or evidence supporting their claims about strengths and shortcomings of the prior designs.', 'Consider whether the analysis sufficiently explains why one prior design might be preferable over others, as this is critical for a higher evaluation score.', 'Verify that the sources are consistently credible and clearly identified, as this impacts the reliability of the documented prior attempts.']","The student identifies five distinct prior design attempts from clearly cited and credible sources, including product kits, clamps, and a photography light board. The sources are varied and documented, showing a range of prior solutions relevant to the problem.","The analysis includes some discussion of strengths and shortcomings of each prior design, such as portability, clamp strength, and suitability for poles versus desks. However, the comparisons are somewhat superficial and lack detailed supporting data or explicit reasoning about why one design is preferable over others. The evaluation is generally clear but incomplete.","This submission demonstrates an adequate effort in identifying multiple prior design attempts relevant to the problem of combining a photography light and reflector board (B1). The student draws from a variety of credible sources, including commercial products and classroom examples, which shows reasonable research breadth. The documentation is clear and organized, with appropriate citations. However, the analysis of these prior designs (B2) is somewhat limited. While the student notes some advantages and disadvantages of each design, the discussion lacks depth and detailed justification. There is minimal explicit comparison between the solutions, and the reasoning about why one design might be better than another is underdeveloped. This limits the strength of the evaluation and the ability to inform the new design effectively. To improve, the student should provide more detailed and data-supported analysis of each prior design’s strengths and weaknesses. Explicitly comparing the designs and explaining why certain features are preferred would strengthen the justification. Including quantitative or qualitative data to support claims and clarifying how these insights guide the new design would also enhance the analysis.",3.5
Case063_42.docx,,,4,2,4,2,,,"['Examine whether the five prior design attempts are sufficiently distinct and credible to justify the variety claim in the documentation score.', 'Assess if the analysis section provides any explicit comparison or detailed evaluation of the strengths and weaknesses of the prior designs beyond listing features.', 'Verify whether the student’s brief mention of components from different designs can be reasonably interpreted as analysis or if it remains too vague and general.', 'Consider the rubric’s emphasis on explicit reasoning and comparison when evaluating the quality of the analysis of prior attempts.', 'Check if the sources cited are consistently credible and clearly identified, as this is critical for awarding higher scores in documentation.']","The student document identifies five prior design attempts, all clearly sourced from patent URLs. The sources are credible and clearly identified, showing a range of prior solutions related to sun blocking and plant protection. This variety and clarity generally meet the criteria for a score of 3.","The analysis is very general and lacks detailed comparison or evaluation of strengths and weaknesses. The student mentions some components from different designs but does not explicitly compare them or discuss advantages and disadvantages. The reasoning about why one design might be better than another is missing, resulting in an overly general and minimal analysis.","This submission shows an adequate effort in identifying multiple prior design attempts related to sun blocking and plant protection, drawing from a range of credible patent sources. The student lists five distinct designs, which provides a basic foundation for understanding existing solutions. However, the analysis of these prior attempts is limited. The discussion is general and lacks detailed evaluation of the strengths and shortcomings of each design. There is no explicit comparison or reasoning about why one design might be preferable over another, which limits the justification for their design choices. To improve, the analysis should be deepened by explicitly comparing multiple solutions, discussing trade-offs, and justifying design directions. Including more detailed data or examples to support evaluations would also strengthen the documentation and analysis.",3
Case064_33.pdf,,,3,3,4,3,,,"['Examine whether the listed sources in the separate section are fully integrated into the analysis or merely listed without clear connection to the described prior designs.', 'Assess if the descriptions of each prior design include enough technical detail to support a meaningful comparison of strengths and weaknesses.', 'Verify whether the student explicitly compares the prior designs against each other or simply describes them sequentially without direct evaluation.', 'Consider if the analysis sufficiently explains why one design might be preferable to another, including clear reasoning about advantages and disadvantages.', 'Check that the sources cited are consistently credible and clearly identified, and that the variety of sources supports a broad understanding of prior design attempts.']","The student identifies multiple prior design attempts spanning from 1859 to 1965, citing at least three distinct fire alarm and detection systems. The sources are clearly identified and appear credible, including URLs from historical and technical websites. The variety of sources is somewhat limited to web-based historical summaries, but the student also provides a separate list of multiple sources, indicating a reasonable range of references.","The analysis includes some strengths and shortcomings of the prior designs, such as the mechanical complexity and sensitivity of the 1859 system, the improved speed and reliability of the 1890 electric system, and the faster response of smoke detectors compared to heat detectors. However, the comparisons are somewhat superficial and lack explicit, detailed reasoning about why one design is preferable over another. The advantages and disadvantages are mentioned but not deeply analyzed or contrasted, and there is no clear justification of which solution is better overall.","This submission demonstrates a reasonable effort in identifying multiple prior design attempts related to fire suppression and alarm systems, covering a broad historical timeline from the mid-19th century to the mid-20th century. The student provides clear citations and a range of sources, which supports the credibility of the documentation. The inclusion of specific details about each design’s operation and some challenges indicates an understanding of the evolution of these systems. However, the analysis of these prior attempts is somewhat limited. While some strengths and weaknesses are noted, the evaluation lacks depth and explicit comparison between the designs. There is limited reasoning about why one design might be superior or more practical than another, and the discussion does not fully explore the trade-offs involved. To improve, the student should provide more detailed comparisons, explicitly state advantages and disadvantages for each design, and explain the rationale for preferring one approach over others. Additionally, integrating more diverse and technical sources could enhance the credibility and depth of the analysis. Overall, focusing on deeper critical analysis and clearer justification will strengthen the documentation and analysis of prior design attempts.",3.5
Case065_35.pdf,,,3,5,4,3,,,"['Examine whether the sources cited are sufficiently varied and credible to support a high score for identification of prior solutions.', 'Assess the clarity and depth of the analysis regarding the strengths and weaknesses of each prior solution, especially looking for explicit comparisons.', 'Verify if the rationale for why none of the prior solutions fully meet the needs is clearly explained and supported by the analysis.', 'Consider whether the analysis includes relevant supporting data or if it remains too general or vague in places.', 'Check if the discussion of advantages and disadvantages includes both positive and negative aspects for each solution and if these are balanced.']","The student identifies three distinct prior solutions to the insect problem: plastic bottle traps with sweet liquid attractants, inverted plastic bottle traps for wasps and hornets, and peppermint oil as a natural repellent. Each solution is supported by clearly identified and credible sources, including websites and blogs with publication dates. The sources are varied in type and origin, indicating a range of credible references rather than a narrow or minimal set.","The analysis includes advantages and disadvantages for each prior solution, such as effectiveness, ease of use, safety, and drawbacks like attracting more pests or requiring frequent maintenance. However, the comparison between solutions is somewhat implicit and lacks explicit reasoning about which solution is preferable or why. The discussion of strengths and shortcomings is generally clear but not consistently detailed or supported by quantitative or strongly relevant data. The justification for why none fully meets Student E’s needs is stated but not deeply reasoned.","This submission shows an effort to identify multiple prior solutions to the insect problem, drawing from a variety of credible and clearly cited sources (B1). The student presents three different approaches, reflecting an understanding of common household methods for insect control. This range of sources contributes to the documentation and provides a foundation for analysis. The analysis of these prior attempts (B2) includes relevant advantages and disadvantages, such as safety, effectiveness, and maintenance requirements. However, the evaluation lacks a clear, explicit comparison that weighs these factors against each other or explains why one solution might be better suited for Student E’s specific context. The reasoning about the limitations of each method is somewhat general and could be improved with more detailed evidence or data. To enhance the work, the student should explicitly compare the solutions side-by-side, highlighting which features make one preferable over others. Including more detailed supporting data or examples would strengthen the analysis. Additionally, clarifying the reasoning behind the conclusion that none of the prior solutions fully meet the needs would provide a stronger justification for the new design approach.",3.5
Case066_34.pdf,,,3,4,4,3,,,"['Examine whether the cited sources represent a sufficiently varied and credible range of prior solutions to justify the score for identification of prior attempts.', 'Evaluate the clarity and depth of the analysis regarding the strengths and weaknesses of each prior solution, especially looking for explicit comparative reasoning.', 'Check if the student provides a clear rationale for why one solution might be preferred over others or if the analysis remains mostly descriptive without strong justification.', 'Consider whether the analysis includes relevant supporting data or examples that substantiate the claims about each solution’s effectiveness and drawbacks.', 'Verify that the evaluation balances both advantages and disadvantages for multiple solutions rather than focusing disproportionately on one or providing vague generalizations.']","The student identifies three distinct prior solutions to the insect problem: a cut plastic bottle trap with sweet liquid, an inverted plastic bottle trap with wasp attractant, and peppermint oil as a natural repellent. These sources are clearly identified and credible, with multiple references cited. While the sources are varied and credible, the range is somewhat limited, so a score of 3 is appropriate.","The analysis includes strengths and shortcomings of each prior solution, such as effectiveness, ease of use, and safety concerns. However, the comparisons between solutions are somewhat general and lack explicit, detailed reasoning about why one solution is preferable over others. The student notes drawbacks and some advantages but does not clearly justify which solution is best or provide a thorough comparative evaluation.","This submission shows an adequate effort in identifying multiple prior solutions to the insect problem, drawing from a set of credible and clearly cited sources (B1). The student describes three different approaches, demonstrating some awareness of common household methods and natural repellents. This variety of prior attempts provides a reasonable foundation for the design process. However, the analysis of these prior solutions (B2) is somewhat limited. While the student lists advantages and disadvantages for each method, the evaluation lacks depth and explicit comparison. The reasoning does not clearly explain why one solution might be better suited for Student E’s specific needs, nor does it prioritize or justify a preferred approach. To improve, the student should provide a more detailed comparative analysis, explicitly weighing pros and cons and explaining the rationale behind selecting or rejecting each option. Recommendations include expanding the discussion to include more detailed data or evidence supporting each solution’s effectiveness, explicitly comparing solutions side-by-side, and clearly stating which solution is most promising and why. Including more nuanced reasoning will strengthen the justification and better inform the design direction.",3.5
Case067_23.docx,,,2,3,3,3,,,"['Examine whether the two identified prior designs are sufficiently varied and credible to meet the documentation criteria or if more diverse sources are needed.', 'Assess the depth and clarity of the analysis comparing the strengths and weaknesses of the guitar bin and guitar rack, especially regarding supporting data and reasoning.', 'Verify if the absence of additional prior design attempts affects the completeness of the documentation and whether this limits the evaluation quality.', 'Consider whether the analysis explicitly compares multiple solutions and clearly explains advantages and disadvantages to justify design choices.', 'Check if the student’s reasoning about why one design is better than another is sufficiently developed and supported by evidence.']","The student identifies two prior design attempts with clearly stated sources from reputable vendors (Walmart and String Swing). These sources are credible and clearly identified. However, only two prior designs are discussed in some detail, and the template includes placeholders for additional attempts that are left blank. This limits the variety and number of sources, so the documentation is somewhat limited and incomplete.","The analysis includes some strengths and shortcomings of the two prior designs. For example, the guitar bin is noted as cheap and accessible but potentially damaging, while the guitar rack is praised for orderly storage but criticized for high cost. However, the analysis lacks detailed supporting data and explicit comparison between the two solutions. The reasoning about why one solution is better than the other is minimal and not fully developed.","This submission shows an adequate effort in documenting prior design attempts by identifying two plausible solutions with credible sources, meeting the basic requirement for Element B1. The student presents some positives and negatives of each design, indicating a basic understanding of their strengths and weaknesses. However, the analysis lacks depth and detailed supporting evidence, such as quantitative data or thorough comparisons, which limits the evaluation's effectiveness (B2). The absence of additional prior design attempts leaves the exploration of alternatives incomplete, reducing overall comprehensiveness. To improve, the student should include more prior design attempts from a wider variety of credible sources to broaden the research scope. The analysis would benefit from clearer, more detailed comparisons that explicitly explain why one design might be preferable over another, supported by relevant data or stakeholder needs. Additionally, integrating in-text citations and images with proper references would strengthen the documentation. Finally, completing all sections of the template and avoiding placeholders would present a more polished and thorough submission.",3
Case068_12.docx,,,1,2,3,3,,,"['Examine whether the two identified sources are sufficient to represent a variety of credible prior design attempts or if the empty placeholders indicate incomplete research.', 'Assess the depth and clarity of the analysis provided for each prior design, especially whether the strengths and weaknesses are supported by relevant data.', 'Verify if the student explicitly compares the two prior designs and provides reasoning about which design better meets the problem requirements.', 'Consider whether the analysis includes both advantages and disadvantages for each design attempt, as this is critical for a strong evaluation.', 'Check if the documentation clearly identifies credible sources and whether the number and variety of sources justify the assigned score.']","The student identifies two prior design attempts with clearly stated sources from reputable vendors (Walmart and String Swing). These sources are credible and clearly identified. However, only two prior designs are discussed in detail, and the template includes placeholders for additional attempts that are left blank. This limits the variety and number of sources, so the documentation is somewhat limited and incomplete.","The analysis includes some strengths and shortcomings of the two prior designs, such as accessibility, cost, and potential damage to guitars. The student provides some relevant supporting data (e.g., price comparison for the guitar rack). However, the analysis is somewhat general and lacks detailed, consistent comparison between the two designs. There is no explicit reasoning about which design is better overall or why, and the discussion of shortcomings is brief.","This submission shows a basic effort in documenting prior design attempts by identifying two plausible solutions with credible sources, meeting the fundamental requirement for prior research (B1). The student clearly states the sources and provides some details about each design, which helps establish a foundation for understanding existing solutions. However, the documentation is somewhat limited as the template includes additional prior attempts that remain unaddressed, restricting the breadth of research. The analysis of these prior designs (B2) identifies some advantages and disadvantages, such as cost and accessibility, and includes relevant data like pricing. Yet, the evaluation lacks depth and explicit comparison between the designs. The student does not clearly explain why one design might be preferable over the other or provide detailed reasoning about how each design meets or fails the problem requirements. To improve, the student should expand the number of prior attempts researched, provide more detailed and data-supported analysis, and explicitly compare the designs to justify which solution better addresses the problem. Including more thorough pros and cons and clearer reasoning will strengthen the analysis.",3
Case069_22.pdf,,,2,2,4,3,,,"[""Examine whether the sources cited for each prior design attempt are sufficiently credible and clearly identified, especially the generic references like 'https://www.google.com/'."", 'Assess the depth of analysis provided for each prior design attempt, focusing on whether advantages and disadvantages are explicitly compared across multiple designs.', 'Verify if the student provides clear reasoning about why one design might be better than others or if the analysis remains mostly descriptive without strong justification.', 'Consider whether the evaluation adequately addresses the specific problem context (pushing vs. pulling carts) and how well this informs the critique of prior designs.', 'Review if the analysis includes explicit comparisons between at least two solutions with detailed pros and cons, as this is critical for higher scores in the analysis criterion.']","The student document identifies five prior design attempts with multiple sources including patents, commercial websites, and manufacturer information. The sources are clearly identified and generally credible, though some sources are generic (e.g., google.com) and one attempt (#5) lacks a formal name. The variety of sources is adequate but not notably wide-ranging or deeply diverse.","The analysis includes strengths and shortcomings for each prior design attempt, with some relevant details and comparisons. However, the comparisons between solutions are somewhat limited and lack explicit reasoning about why one design is better than another. The evaluations tend to focus on individual designs rather than synthesizing a clear justification for the preferred approach. Advantages and disadvantages are noted but not deeply contrasted or prioritized.","This submission demonstrates an adequate effort in identifying multiple prior design attempts relevant to the problem, drawing from a variety of generally credible sources such as patents and commercial product pages. The documentation is generally clear and provides useful details about each design’s features, which supports understanding of existing solutions. The inclusion of five distinct designs shows reasonable breadth in research. However, the analysis of these prior attempts is somewhat limited. While some strengths and weaknesses for each design are identified, the comparisons lack depth and explicit reasoning about which design is preferable and why. The evaluations are mostly descriptive rather than analytical, missing opportunities to clearly justify design choices based on the pros and cons of alternatives. To improve, the analysis should more explicitly compare designs, highlight trade-offs, and explain how these insights inform design decisions. For future work, consider expanding the variety of sources to include more technical or academic references, deepen the analysis by contrasting designs more explicitly, and provide clearer justification for selecting or rejecting certain features. This will strengthen both the documentation and the critical evaluation of prior solutions.",3.5
Case070_25.pdf,,,2,5,4,3,,,"['Examine whether the two sources cited are sufficiently varied and credible to justify the score for prior design identification.', 'Assess if the analysis section explicitly compares the two backpack storage solutions or if it only discusses them separately without direct comparison.', 'Verify whether the student provides clear reasoning about the advantages and disadvantages of each design and whether they justify a preferred solution.', 'Consider if the analysis includes relevant supporting data or if the evaluation remains too general or vague.', 'Check if the student’s discussion of design limitations, such as weight capacity and space usage, is detailed enough to support a strong analysis.']","The student identifies two distinct prior design attempts—backpack cubbies and backpack hangers—each with a clearly cited source. Both sources are credible and relevant to the problem. The sources are varied in type (a commercial product website and an Etsy listing), indicating a range of sources rather than just several similar ones.","The analysis includes some strengths and shortcomings of each design, such as space efficiency and weight capacity concerns. However, the comparison between the two solutions is implicit rather than explicit, and the reasoning about which solution is better is limited. The student notes potential issues but does not clearly explain why one design might be preferable overall, nor do they provide detailed supporting data.","This submission demonstrates an adequate effort in identifying prior design attempts to address backpack organization in the Athletic Commons. Two different solutions are presented, each supported by credible and clearly identified sources, which contributes to the documentation of prior work (B1). The inclusion of specific product details and measurements reflects attention to practical considerations. However, the analysis of these prior attempts (B2) is limited in depth when comparing the advantages and disadvantages of each design. While some strengths and potential issues are mentioned, the evaluation does not clearly articulate which solution is preferable or why. The reasoning remains somewhat general and would benefit from more detailed supporting data or explicit comparisons. To improve, the analysis should explicitly compare the two designs, discuss trade-offs more thoroughly, and justify a preferred solution with clearer evidence. Additionally, expanding the range of sources or exploring alternative designs could further enhance the documentation and analysis. Overall, focusing on deeper comparative analysis and clearer justification will strengthen the evaluation of prior design attempts and better inform the design process moving forward.",3.5
Case071_01.pdf,,,0,1,2,2,,,"['Examine whether the references to other schools and companies include specific, credible sources or remain vague generalizations.', 'Assess if the description of past attempts within the school provides enough detail to be considered clearly identified prior solutions.', 'Evaluate whether the analysis includes explicit comparisons between multiple prior solutions or only mentions them separately without comparison.', 'Consider if the analysis sufficiently explains both strengths and shortcomings of prior attempts with supporting data or if it remains too general.', 'Verify that the evaluation clearly distinguishes advantages and disadvantages of prior solutions and justifies why certain improvements are needed.']","The student references prior attempts to solve the problem, including efforts within their school and general approaches used by other schools and companies. However, these sources are somewhat limited in number and not clearly identified or detailed, and only a few general ideas are mentioned without specific credible sources.","The analysis of past attempts is fairly general and lacks detailed comparison or supporting data. While some strengths and shortcomings are mentioned, such as the school still flooding despite previous efforts, the explanation is somewhat vague and does not clearly compare multiple solutions or provide explicit advantages and disadvantages.","This submission shows an initial effort to document prior design attempts by referencing both internal school efforts and general practices from other schools and companies. The student identifies some prior solutions, such as new turf installation and drainage spots, and notes ongoing issues like flooding and lack of natural beauty, indicating some awareness of the problem context and previous attempts. However, the documentation is limited in depth and specificity, with few clearly identified sources. The analysis of these prior attempts remains general and does not include detailed comparisons or data-supported evaluations of strengths and weaknesses. Potential improvements are mentioned but without clear explanations of why they would be better or how they compare to previous solutions. To enhance this work, it would be beneficial to include more clearly identified and credible sources, provide detailed descriptions of multiple prior solutions, and explicitly analyze their advantages and disadvantages. Supporting the analysis with relevant data or examples would also strengthen the justification and clarify why the proposed improvements might be preferable.",2
Case072_01.pdf,,,0,1,2,2,,,"['Examine whether the references to other schools and companies include specific, credible sources or remain vague generalizations.', 'Assess if the analysis clearly distinguishes between multiple prior solutions or primarily focuses on a single approach.', 'Determine whether the discussion of strengths and shortcomings includes explicit comparisons and supporting data or remains too general.', 'Consider if the documentation sufficiently identifies a variety of prior attempts or if the evidence is limited and lacks depth.', 'Evaluate whether the analysis provides clear reasoning about why one solution is better than others or if it only states outcomes without justification.']","The student references prior attempts to solve the problem, including efforts within their school and general approaches used by other schools and companies. However, these sources are limited in number and not clearly identified or detailed, and only a few general ideas are mentioned without specific credible sources, which limits the depth of the documentation.","The analysis of past attempts is somewhat general and lacks detailed comparison or supporting data. While some strengths and shortcomings are mentioned (e.g., turf installation and drainage spots not fully solving flooding or beautification), the explanation is not fully developed and does not clearly compare multiple solutions or provide explicit advantages and disadvantages.","This submission shows an initial effort to document prior design attempts by referencing both internal school efforts and general practices from other schools and companies. The student identifies some prior solutions such as turf installation and drainage spots, indicating some awareness of existing approaches. However, the sources are limited and not clearly identified, which reduces the credibility and depth of the documentation. The analysis of these prior attempts is somewhat general and lacks detailed evaluation. The student notes that flooding and beautification issues persist despite previous efforts, but does not provide a clear comparison of multiple solutions or detailed reasoning about their strengths and weaknesses. This limits the justification for the proposed improvements and reduces the clarity of the analysis. To improve, the student should explicitly identify and describe multiple prior solutions with credible sources, including specific examples. They should also provide a clearer, more detailed comparison of these solutions, explicitly stating advantages and disadvantages and explaining why their proposed approach is preferable. Including relevant data or observations to support the analysis would strengthen the evaluation.",2
Case073_12.pdf,,,1,2,2,2,,,"['Examine whether the references to the University of Maryland presentation and Amazon purchases qualify as clearly identified and credible sources or if they are too vague to support a higher score.', 'Assess the extent to which the analysis includes detailed strengths and shortcomings of each design attempt rather than general or minimal observations.', 'Verify if there is any explicit comparison or reasoning that explains why one design is preferable to the other, beyond simply listing features or failures.', 'Consider whether the analysis provides relevant supporting data or evidence to justify the evaluation of prior designs.', 'Evaluate if the documentation sufficiently demonstrates a variety of prior design attempts or if the limited number and type of sources restrict the score.']","The student identifies two prior design attempts, but the sources are somewhat limited and not clearly identified or credible beyond a general mention of a university presentation and Amazon. The sources show limited variety and depth.",The analysis of the prior attempts is brief and somewhat general. Strengths and shortcomings are mentioned but without detailed explanation or relevant supporting data. There is no clear comparison or justification between the two designs.,"The submission includes an initial effort to document prior design attempts by describing two different models and referencing some sources such as a university presentation and online videos. This indicates some engagement with prior work, which is a useful step toward understanding the problem context. However, the sources are limited in variety and credibility, and the descriptions lack depth and clarity about the origins and reliability of the information. The analysis of these prior attempts is limited. While some aspects that worked and did not work are noted, such as the smoke detector failure, the evaluation is general and lacks detailed reasoning or data to support the claims. There is no explicit comparison between the two designs or explanation of why one might be preferable. To improve, a wider range of credible sources should be sought, with clearer identification of these sources, and a more thorough analysis that explicitly compares strengths and weaknesses should be developed. Including data or observations to support the analysis and explaining the rationale behind design choices would enhance the documentation and analysis.",2
Case074_01.pdf,,,0,1,2,2,,,"['Examine whether the references to the University of Maryland presentation and Amazon materials qualify as clearly identified and credible sources or if additional external sources are needed.', 'Assess the depth and clarity of the analysis provided for each prior design attempt, especially regarding strengths and shortcomings.', 'Verify if the document includes any explicit comparison or reasoning that explains why the final design was chosen over the initial model.', 'Consider whether the analysis includes relevant supporting data or if the descriptions remain too vague to support a strong evaluation.', 'Evaluate if the documentation sufficiently distinguishes between multiple prior attempts or if the evidence suggests a narrow exploration of design alternatives.']","The student identifies two prior design attempts, but the sources are somewhat limited and not clearly credible or varied. One source is a university presentation, and the other is Amazon for materials, with vague references to videos. The sources are not well identified or consistently credible.","The analysis of the prior attempts is limited and fairly general. The first attempt lacks much evaluation of strengths or weaknesses, and the second attempt only briefly mentions a failure of the smoke detector without detailed supporting data or clear comparison between the two designs.","This submission provides an initial description of two prior design attempts and references some sources, including a university presentation and online videos. However, the sources are somewhat limited in variety and credibility, and the documentation lacks depth and clarity, which reduces the strength of the evidence provided. The analysis of these prior attempts is limited, with minimal discussion of strengths and shortcomings. The first design attempt is described without much evaluation, and the second attempt only briefly notes a failure in the smoke detector without detailed explanation or data. There is no explicit comparison or reasoning about why one design might be better than the other, which limits the justification of the final design choice. To improve, it would be beneficial to seek a wider range of clearly identified and credible sources, provide more detailed and data-supported analysis of each design’s strengths and weaknesses, and explicitly compare the designs to explain the rationale behind design decisions. Including images or diagrams with explanations and more thorough testing results could also strengthen the documentation and analysis.",2
Case075_42.pdf,,,4,2,3,2,,,"['Examine whether the multiple prior design attempts are clearly identified as distinct solutions and if their sources are credible and properly cited.', 'Assess the depth and clarity of the analysis for each prior design, focusing on whether strengths and shortcomings are supported by relevant details or data.', 'Evaluate if the student provides any explicit comparisons or reasoning that explain why one design might be better than others.', 'Consider whether the analysis includes both advantages and disadvantages for multiple designs, as this is critical for a strong evaluation.', 'Verify that the documentation and analysis together demonstrate a thorough exploration of prior solutions rather than just listing designs with minimal commentary.']","The student identifies multiple prior design attempts (at least five), showing several solutions to the problem. However, the sources of these designs are not clearly identified or cited, and the credibility of the sources is not well established. The descriptions are somewhat repetitive and show limited variety in the types of solutions presented.","The analysis of prior designs is minimal and somewhat general. While some strengths and shortcomings are mentioned (e.g., designs not moving, not automatic, or not letting in sunlight), the explanations lack detail and relevant supporting data. There is no clear comparison or reasoning about which design is better or why, and the evaluations remain vague and incomplete.","This submission shows an effort to document multiple prior design attempts, which addresses the requirement to explore alternative solutions to some extent. The student lists at least five different designs and provides basic details about each. However, the sources of these designs are not clearly identified or cited, which limits the credibility and variety of the documented attempts. The descriptions tend to be brief and somewhat repetitive, restricting the depth of exploration. The analysis of these prior designs is limited and general. Although some strengths and weaknesses are noted, such as whether the design moves or allows sunlight, the explanations lack supporting evidence and detailed reasoning. There is no explicit comparison between the designs or justification for why one might be preferable over others. To improve, the student should clearly cite credible sources, provide more detailed and specific analyses of each design’s advantages and disadvantages, and explicitly compare the designs to explain which features best meet the problem requirements. Including relevant data or examples would also strengthen the analysis.",2.5
Case076_01.docx,,,0,1,2,2,,,"['Examine whether the student provides any actual source citations or if the source sections remain as placeholders without credible references.', 'Assess the clarity and specificity of the analysis sections to determine if they include detailed strengths and shortcomings supported by relevant data.', 'Verify if the student explicitly compares multiple prior design attempts and explains advantages and disadvantages to justify any preference.', 'Consider whether the absence of images or cited visuals affects the credibility and completeness of the documentation.', 'Evaluate if the analyses go beyond vague statements to provide meaningful insights into the effectiveness of prior designs.']","The student identifies four prior design attempts, but none are named or clearly sourced from credible, identifiable references. The sources sections are placeholders without actual citations, and no images or citations are provided. This suggests a limited number of sources, some of which are not clearly identified or credible.","The analysis sections provide some general observations about strengths and shortcomings of prior designs, but the details are somewhat general and lack relevant supporting data. There is no explicit comparison between the attempts, no clear explanation of advantages and disadvantages, and no reasoning about which design is better or why.","This submission shows an initial effort to document multiple prior design attempts related to fire protection engineering, which contributes to understanding the problem context. The student lists four attempts and provides some basic analysis of each, touching on issues such as system failures, smoke control, fire spread, and maintenance. However, the documentation does not include credible and clearly identified sources, which limits the reliability of the information presented (B1). Additionally, the analyses are fairly general and do not include detailed evidence or data to support the claims made. There is no explicit comparison or evaluation of the relative merits and drawbacks of the different designs, which restricts the depth of understanding and justification (B2). To improve, the student should incorporate specific, credible sources with proper citations and include images or diagrams with citations. They should also develop more detailed analyses that clearly explain both strengths and weaknesses of each design, supported by relevant data. Finally, a comparative evaluation explaining why one design might be preferable over others would strengthen the justification and overall quality of the work.",2
Case077_01.docx,,,0,1,2,2,,,"['Examine whether the student has provided any actual sources or citations for the prior design attempts or if the source sections remain blank or instructional only.', 'Assess the extent to which the analysis sections include specific details or data supporting the strengths and weaknesses of each prior design attempt.', 'Determine if the student makes any explicit comparisons between the prior design attempts or if the analyses are isolated and lack cross-reference.', 'Verify that the evaluation of prior designs includes both advantages and disadvantages rather than only listing problems or general statements.', 'Consider whether the absence of images and citations significantly impacts the credibility and completeness of the documentation as required by the rubric.']","The student identifies four prior design attempts, but none are named or clearly sourced. The document repeatedly instructs to insert sources and images but these are missing. Without clearly identified and credible sources, the documentation is limited and lacks completeness.","The analysis mentions some strengths and shortcomings of prior designs, such as system failures, smoke control issues, and maintenance needs. However, the analysis is somewhat general, lacks relevant supporting data, and does not explicitly compare or justify why one design is better than another.","This submission shows an initial effort to document multiple prior design attempts related to fire protection engineering, which contributes to understanding the problem context. The student identifies four different attempts and provides some basic analysis of their shortcomings, such as failures in system sequencing and inadequate smoke barriers, indicating awareness of relevant issues in prior designs. However, the documentation does not clearly identify credible sources and lacks images or citations, which reduces the credibility and completeness of the research. The analysis remains fairly general and does not include detailed evidence or data to support the claims. There is no explicit comparison between the prior attempts or reasoning about which design might be preferable, limiting the depth of evaluation. To improve, the student should clearly name and cite credible sources for each prior design, include relevant images with citations, and provide more detailed, data-supported analysis. Explicitly comparing the strengths and weaknesses of the different designs and explaining why one might be better would strengthen the justification. Adding these elements will enhance both the documentation and the analytical rigor of the work.",2
Case078_31.pdf,,,3,1,4,2,,,"['Examine whether the variety of sources cited truly represent distinct and credible prior design attempts or if some are repetitive or weakly supported.', 'Assess the extent to which the student explicitly compares multiple prior designs and provides detailed strengths and weaknesses rather than just describing each design separately.', 'Verify if the analysis includes relevant data or examples that support claims about the effectiveness or limitations of each prior design.', 'Consider whether the student’s rationale for why one design might be better than another is clearly articulated and supported by evidence.', 'Check if the sources cited are consistently credible and properly identified to justify the score for documentation breadth and reliability.']","The student identifies multiple prior design attempts related to irrigation and water transport, including Roman cement pipes, the Noria water wheel, center pivot irrigation, sprinkler control systems, and drip irrigation. These sources are clearly identified with URLs and some historical context, showing a variety of credible sources. However, the sources vary in credibility and depth, and some citations are incomplete or informal, which limits the score.","The analysis of past and current attempts is generally descriptive but lacks detailed evaluation of strengths and shortcomings. While some advantages are implied (e.g., cement pipes helped grow irrigation, drip irrigation saves water), explicit comparisons between solutions, detailed pros and cons, and reasoning about why one design is better than another are missing. The analysis is somewhat general and does not consistently support claims with relevant data.","This submission shows an adequate effort in identifying a range of prior design attempts related to irrigation and water transport, drawing from multiple sources that span ancient to modern technologies. The inclusion of Roman cement pipes, the Noria water wheel, center pivot irrigation, sprinkler control systems, and drip irrigation demonstrates breadth in exploring different solutions. The sources are generally credible and clearly identified, which supports the documentation. However, the analysis of these prior designs is mostly descriptive and lacks depth and critical evaluation. The work provides limited discussion of the strengths and weaknesses of each design and does not clearly compare them or explain why one might be preferable over another. Supporting data and detailed reasoning are minimal or absent. To improve, the analysis should more explicitly compare the designs, discuss specific advantages and disadvantages, and support claims with data or examples. Additionally, ensuring all sources are fully credible and properly cited will enhance the quality of documentation. Including more detailed analysis will strengthen the justification for selecting or improving upon prior designs.",3
Case079_53.pdf,,,5,3,4,2,,,"['Examine whether the variety of sources cited truly represent distinct and credible prior design attempts or if some are repetitive or less credible.', 'Assess the extent to which the student explicitly compares multiple prior designs and discusses both their advantages and disadvantages.', 'Verify if the analysis includes any reasoning about why one design might be preferable to others or if it remains mostly descriptive.', 'Consider whether the evaluation of prior designs is supported by relevant data or examples rather than vague or general statements.', 'Check if the documentation clearly identifies multiple prior solutions to justify the breadth of research and avoid limiting the score for source variety.']","The student identifies multiple prior design attempts related to irrigation and water transport, including Roman cement pipes, the Noria water wheel, center pivot irrigation, sprinkler control systems, and drip irrigation. These sources are clearly identified with URLs and some historical context, showing a variety of credible sources. However, the sources vary in credibility and depth, and some citations are incomplete or less formal, so the work does not fully reach the highest level.","The analysis of past and current attempts is generally descriptive but lacks detailed evaluation of strengths and shortcomings. While some advantages are mentioned (e.g., cement pipes helped grow irrigation, drip irrigation saves water), there is little explicit comparison between solutions or discussion of disadvantages. The reasoning about why one design might be preferable over another is minimal or absent, resulting in an overly general and underdeveloped analysis.","This submission demonstrates a reasonable effort in identifying a variety of prior design attempts related to irrigation and water transport, drawing from multiple sources that are clearly cited. The inclusion of historical and modern examples such as Roman cement pipes, the Noria water wheel, center pivot irrigation, sprinkler control systems, and drip irrigation shows some breadth in exploring different solutions. This variety helps establish a foundation for understanding the evolution of irrigation technologies. However, the analysis of these prior designs is mostly descriptive and lacks depth and critical evaluation. The work provides limited discussion of the strengths and weaknesses of each approach and does not explicitly compare them. There is little reasoning about why one design might be more effective or preferable than others, which limits the justification and insight into the problem-solving process. To improve, the analysis should focus on explicitly comparing the advantages and disadvantages of at least two designs, supported by relevant data or examples. Additionally, clarifying the credibility and relevance of sources and expanding on the implications of each design’s features would strengthen the analysis. Including more detailed evaluation and reasoning will enhance the overall quality of the documentation and analysis.",3
Case080_10.pdf,,,1,0,2,2,,,"[""Examine whether the cited sources for prior designs meet the rubric's criteria for credibility and clear identification, especially the use of a YouTube video and in-class sketches."", 'Assess the depth and clarity of the analysis provided for each prior design attempt, focusing on whether relevant data or detailed observations support the evaluation.', 'Verify if the submission includes explicit comparisons between multiple prior designs, highlighting advantages and disadvantages and reasoning about their relative merits.', 'Consider whether the analysis sufficiently addresses both strengths and shortcomings of prior designs to justify design decisions.', ""Evaluate if the documentation and analysis together demonstrate a comprehensive understanding of prior solutions or if significant gaps limit the submission's effectiveness.""]","The student identifies three prior design attempts related to the ROV frame, but the sources are somewhat vague and not clearly identified as credible. The first is a YouTube video, the second and third are in-class sketches and prototypes without external credible sources. No peer-reviewed journals, professional organizations, or reputable vendors are cited. The last two attempts are placeholders with no content. This represents a limited number of sources, some of which are not clearly identified or credible.","The analysis of prior attempts is fairly general and lacks detailed, relevant supporting data. The student notes some strengths and shortcomings, such as sizing issues and missing motor slots, but these points are brief and not supported by data or clear comparisons between attempts. There is no explicit comparison of advantages and disadvantages across multiple solutions or reasoning about which design is better and why.","This submission provides an initial effort to document prior design attempts for an ROV frame, identifying three attempts including a video, a sketch, and a prototype. However, the sources are somewhat vague and lack clear identification and credibility, which limits the strength of the documentation. The analysis of these attempts is general, noting some design challenges such as sizing and motor placement, but it does not include detailed evidence or data to support these observations. Additionally, the submission does not explicitly compare the different designs or explain why one might be preferable over another, which reduces the effectiveness of the justification and evaluation of prior solutions. To improve, incorporating a wider variety of credible sources such as peer-reviewed articles, patents, or manufacturer specifications would strengthen the documentation. The analysis should include more detailed observations supported by data or testing results, and explicitly compare the strengths and weaknesses of each design. Including clear reasoning about why certain design choices are better would enhance the justification. Finally, completing all prior design attempt sections with images and citations would provide a more comprehensive and professional presentation.",2
Case081_11.pdf,,,1,1,2,2,,,"[""Examine whether the cited sources for prior designs meet the rubric's criteria for credibility and clear identification, especially the use of a YouTube video and in-class sketches."", 'Assess the depth and clarity of the analysis provided for each prior design attempt, focusing on whether relevant data and detailed comparisons are present.', 'Verify if the student explicitly compares multiple prior designs and provides reasoning about their relative strengths and weaknesses.', 'Consider whether the analysis includes both advantages and shortcomings of prior designs, as required for higher scores.', 'Evaluate if the documentation and analysis together demonstrate a comprehensive understanding of prior solutions or if significant gaps remain.']","The student identifies three prior design attempts related to the ROV frame, but the sources are somewhat vague and not clearly identified as credible. The first is a YouTube video, the second and third are in-class sketches and prototypes without external credible sourcing. No peer-reviewed journals, professional organizations, or reputable vendors are cited. The last two attempts are placeholders with no content. This represents a limited number of sources, some not clearly identified or credible.","The analysis of prior attempts is limited and somewhat general. The student notes some strengths, such as common frame design inspiration and sizing considerations, and shortcomings like missing motor slots and sizing inaccuracies. However, the analysis lacks relevant data, detailed comparisons, or explicit reasoning about why one design is better than another. There is no clear comparison between multiple solutions or detailed evaluation of advantages and disadvantages.","This submission shows an initial effort to document prior design attempts for an ROV frame, identifying three attempts including a YouTube video, an in-class sketch, and a base prototype. The student provides some basic details about each design and notes a few shortcomings, such as sizing issues and missing motor slots. However, the sources are somewhat vague and not clearly identified as credible, which limits the strength of the documentation. Additionally, the analysis is limited and lacks detailed comparisons or supporting data, which reduces the effectiveness of the evaluation of prior solutions. To improve, the student should seek out and explicitly cite a wider variety of credible sources such as peer-reviewed articles, patents, or manufacturer specifications to strengthen the documentation. The analysis should be expanded to include clearer, more detailed comparisons of multiple designs, explicitly discussing both advantages and disadvantages with supporting evidence. Including reasoning about why certain design choices are preferable would also enhance the justification. Finally, completing all prior design attempt sections with substantive content and images would provide a more comprehensive foundation for future design decisions.",2
Case082_25.pdf,,,2,5,4,3,,,"['Examine whether the variety of prior design attempts includes sufficiently diverse sources beyond zoo-related transport solutions to justify the score for source variety.', 'Assess the clarity and completeness of the analysis regarding the advantages and disadvantages of each prior design, especially the depth of comparison between multiple solutions.', 'Verify if the reasoning about why one design is preferable over others is explicitly stated and supported by relevant data or if it remains implicit or incomplete.', 'Consider whether the analysis sufficiently addresses both strengths and shortcomings of the prior designs to meet the expectations for a strong evaluation.', 'Evaluate if the documentation clearly identifies all sources and if the credibility of these sources is consistently established throughout the submission.']","The student identifies multiple prior design attempts from a variety of sources including the Nashville Zoo, Disney World’s Animal Kingdom, and a crocodile transport module by a government department. These sources are clearly identified and credible, showing a range of prior solutions. However, the sources are somewhat limited in diversity, focusing mainly on zoo-related transport and containment solutions without broader external design concepts.","The analysis includes some clear descriptions of strengths and shortcomings of the prior designs, such as the metal box being unsuitable for x-rays and the plastic tubes lacking handles and visibility. There is some comparison between solutions, for example, the Disney crate’s clear plastic allowing inspection versus the metal components interfering with x-rays. However, the analysis lacks depth in explicitly comparing multiple solutions side-by-side and does not fully justify why one solution is preferable over others. The reasoning is present but incomplete.","This submission demonstrates an effort to identify multiple prior design attempts related to the problem of safely transporting and examining Komodo dragons. The student draws from a range of credible sources, including the Nashville Zoo, Disney World, and a government-designed crocodile transport module, which supports the documentation of prior solutions (B1). The descriptions of these designs are generally clear and provide useful context for understanding the problem space. However, the analysis of these prior attempts (B2) is somewhat limited. While the student identifies some advantages and disadvantages of each design, such as the metal box’s interference with x-rays and the plastic tubes’ lack of handles and visibility, the comparisons are not fully developed. The submission would benefit from a more explicit and detailed comparison of the solutions, including clearer reasoning about which design features best meet the project constraints and why. To improve, the student should provide a more thorough evaluation of each design’s strengths and weaknesses, explicitly compare multiple solutions, and justify the preferred approach based on this analysis. Specific recommendations include expanding the variety of sources to include more diverse design concepts, deepening the comparative analysis between solutions, and clearly articulating the rationale for selecting or rejecting particular design features. This will enhance both the documentation and the critical evaluation of prior design attempts.",3.5
Case083_23.pdf,,,2,3,3,2,,,"['Examine whether the forum source is sufficiently credible and clearly identified to count as a distinct prior attempt.', 'Assess if the descriptions of the ergonomic cart and utility cart modifications provide enough detail to support a meaningful comparison.', 'Verify whether the analysis includes any implicit or explicit reasoning about the relative merits of the two designs beyond listing features.', 'Consider if the evaluation adequately addresses both strengths and shortcomings of each prior design attempt.', 'Determine if the submission meets the rubric’s requirement for clear, detailed, and data-supported analysis to justify higher scores.']","The student identifies two prior design attempts: one from a conference paper and another from a woodworking forum. These sources are clearly identified and generally credible, though the forum is less formal. The variety is limited to two sources, one academic and one informal, which is adequate but somewhat narrow in scope.","The analysis describes some strengths of each design, such as reduced discomfort and improved maneuverability for the ergonomic cart, and adjustable casters and plywood racks for the utility cart. However, the discussion lacks explicit comparison between the two designs, does not clearly explain disadvantages, and does not reason about which design is preferable or why.","This submission demonstrates a reasonable effort to document prior design attempts by referencing two distinct sources: an academic conference paper and a user forum. This shows an understanding of different types of prior work, which supports the identification of prior solutions (B1). However, the variety of sources is somewhat limited, and the informal nature of one source affects the overall credibility. The analysis of these prior designs includes some description of their benefits, such as ergonomic improvements and added functionality. Yet, the evaluation does not provide a clear, detailed comparison of the strengths and weaknesses of each design. There is no explicit discussion of disadvantages or reasoning about which design might be more effective, which limits the depth of analysis (B2). To improve, a broader range of credible sources could be sought to enrich the variety of prior attempts. Developing a more balanced analysis by explicitly comparing advantages and disadvantages of each design and explaining why one might be preferable would strengthen the work. Including relevant data or user feedback to support claims would also enhance the analysis.",2.5
Case084_01.pdf,,,0,1,3,3,,,"['Examine whether the external references cited (York Barbell, Science Direct, LBS) are sufficiently credible and varied to support the identification of prior solutions.', 'Assess if the analysis clearly distinguishes advantages and disadvantages for each proposed solution and whether these are supported by relevant data or reasoning.', 'Consider whether the document provides explicit reasoning comparing the solutions and justifies why one is preferred over others or rejected.', 'Verify that the evaluation includes a balanced discussion of both strengths and shortcomings of the prior attempts rather than focusing on only one aspect.', 'Determine if the number and variety of prior solutions identified meet the threshold for multiple distinct approaches rather than a narrow or singular focus.']","The student identifies three distinct prior solution attempts: expanding the weight room space, extending the coach's time, and limiting the number of students in the program. These are described and supported by some external references (York Barbell, Science Direct, LBS). However, the sources are somewhat limited in variety and the credibility is uneven, with some sources not fully explained or detailed. The number of sources is several but not varied enough to support a higher score.","The analysis includes some advantages and disadvantages of each solution, such as cost and space constraints for expansion, legal and fairness issues for extending coach time and limiting participants. However, the comparisons between solutions are incomplete and lack depth. The reasoning about why one solution is better than others is only partially developed, and the justification for rejecting or preferring solutions is not fully clear or detailed.","This submission shows an effort to identify multiple prior solutions to the problem of limited time, space, and equipment in the school weight room. Three different approaches are outlined and supported with some external references, which contributes to documenting prior attempts. The inclusion of legal and practical considerations indicates some awareness of real-world constraints. However, the analysis of these solutions lacks depth and completeness. While some advantages and disadvantages are mentioned, the comparisons between alternatives are not fully developed, and the reasoning behind preferring or rejecting certain options is somewhat unclear. To improve, a wider variety of credible sources should be sought, the analysis of each solution’s pros and cons deepened, and clearer justification for the final recommendation provided. Including more detailed data or evidence to support claims and clarifying the role and impact of stakeholders in each solution could also strengthen the evaluation.",3
Case085_11.pdf,,,1,1,3,2,,,"['Examine whether the sources cited for the prior designs are sufficiently varied and represent different types of solutions or perspectives.', 'Assess if the analysis section provides clear, detailed evidence supporting the stated strengths and weaknesses of each design.', 'Verify whether the student explicitly compares the two prior designs and explains why one might be better or more suitable than the other.', 'Consider the importance of including both advantages and disadvantages in the analysis to meet the rubric’s expectations for thorough evaluation.', 'Review how well the analysis is supported by relevant data or examples rather than general statements or opinions.']","The student identifies two prior design attempts with clearly cited sources, including URLs and publication dates. Both sources appear credible and relevant to the problem of guitar storage. However, the sources are somewhat limited in type and perspective, and only two designs are discussed, which restricts the breadth of prior attempts.","The analysis includes some strengths and shortcomings of each design, but the details are limited and somewhat general. The first design's benefit is linked to motivation and accessibility, though this is not supported by detailed data. The second design's shortcomings are noted (assembly time and space), but no supporting data or clear comparison between the two designs is provided. There is no explicit reasoning about which design is better or why.","This submission shows an effort to document prior design attempts by identifying two relevant guitar rack designs with credible sources, meeting the basic requirement for prior research. The student provides some details about each design’s capacity and portability, which offers a foundation for understanding existing solutions. However, the variety and depth of sources are limited, and the analysis lacks comprehensive detail and supporting evidence. The evaluation of the designs’ strengths and weaknesses is somewhat general and does not include relevant data or a clear comparison between the two designs. The submission would benefit from a wider range of credible sources to explore more diverse design attempts, as well as more detailed, data-supported analysis of each design’s pros and cons. Explicitly comparing the designs to justify which features are most effective would strengthen the analysis and better support future design decisions.",2.5
Case086_23.pdf,,,2,3,3,2,,,"['Examine whether the sources cited represent a sufficiently varied range of perspectives or if they are limited to similar types of commercial products and articles.', 'Assess if the analysis includes explicit comparisons between the two prior designs or if the strengths and weaknesses are presented in isolation without direct contrast.', 'Verify whether the student provides any relevant data or detailed reasoning to support claims about the advantages and disadvantages of each design.', 'Consider if the analysis clearly explains why one design might be preferable over the other, or if it merely lists features without justification.', 'Evaluate whether the documentation of prior attempts includes enough distinct design ideas to demonstrate exploration beyond a minimal set of solutions.']","The student identifies two prior design attempts with clearly cited sources that are generally credible, including a commercial product website and a relevant magazine article. The sources are somewhat limited in variety of type and perspective, and only two designs are discussed, which restricts the breadth of prior attempts.","The analysis provides some strengths and shortcomings of each design but is limited in depth, detail, and relevant supporting data. The discussion remains mostly general and does not explicitly compare the two designs or explain why one might be preferable. The reasoning about advantages and disadvantages is minimal and not well supported.","This submission shows a reasonable effort to document prior design attempts by identifying two relevant guitar rack designs with credible sources, meeting the basic requirement for prior solution identification. The descriptions and analysis of each design’s features, such as capacity and portability, indicate some understanding of the problem context. However, the analysis of these prior attempts is limited. Strengths and weaknesses are presented in a general way without detailed explanation or supporting data. There is no clear comparison between the two designs, nor reasoning about which design might be better or why. This limits the depth of evaluation and the ability to justify design decisions based on prior work. To improve, the student should include more varied and numerous sources to broaden the scope of prior attempts. They should also provide more detailed and data-supported analysis of each design’s pros and cons, explicitly compare the designs, and explain why one might be preferred. Including quantitative data or user feedback would strengthen the analysis. Finally, clarifying the relevance of each source and connecting the analysis more directly to the design problem would enhance the overall quality.",2.5
Case087_35.pdf,,,3,5,4,3,,,"['Examine whether the cited sources represent a sufficiently varied range of credible perspectives beyond sensory room equipment to justify the score for source variety.', 'Assess the clarity and depth of the comparative analysis between different sensory devices, focusing on whether explicit reasoning about advantages and disadvantages is present.', 'Verify if the strengths and weaknesses listed for each device are supported by relevant data or if they rely mainly on general statements.', 'Consider whether the analysis includes a clear justification for preferring one design over others or if it remains descriptive without evaluative reasoning.', 'Review the extent to which the submission integrates data from sources to support claims about device effectiveness and engagement.']","The submission identifies multiple prior design attempts and related sensory devices, drawing from a variety of clearly identified and credible sources including academic articles, news reports, and organizational websites. The sources are generally credible and well documented, though the variety is somewhat limited to sensory room equipment and related studies.","The analysis includes strengths and weaknesses of several devices and some comparative observations, such as engagement times and sensory modalities addressed. However, the comparisons lack explicit reasoning about why one solution is preferable over others, and the justification for selecting or prioritizing any design is incomplete. The discussion is generally clear but does not consistently provide detailed or data-supported analysis.","This submission demonstrates an effort to identify multiple prior design attempts related to sensory stimulation devices, supported by a variety of credible sources including academic studies and reputable news outlets. The documentation of these sources is generally clear and consistent, providing a foundation for understanding existing solutions (B1). The inclusion of multiple devices and their respective strengths and weaknesses shows some awareness of different approaches to the problem. However, the analysis of these prior attempts (B2) is somewhat limited. While strengths and weaknesses are noted, the submission lacks a thorough, explicit comparison that clearly explains why one solution might be better suited than others. The reasoning behind the evaluation is often implicit rather than directly stated, and the supporting data is not always fully integrated into the analysis. To improve, the team should focus on explicitly comparing devices with clear justification for preferences, incorporating more detailed data to support claims, and discussing how these insights inform their own design choices. Additionally, expanding the variety of sources to include more diverse perspectives could strengthen the documentation further.",3.5
Case088_55.pdf,,,5,5,4,3,,,"['Examine whether the cited sources represent a sufficiently varied range of prior design attempts beyond sensory room equipment to justify the score for source variety.', 'Evaluate the clarity and depth of the comparison between devices, specifically looking for explicit reasoning that explains why one device might be preferred over others.', 'Assess whether the strengths and weaknesses listed for each device are supported by relevant data or if they remain mostly descriptive without analytical depth.', 'Consider if the analysis includes a clear justification or prioritization of design features based on the comparative evaluation of prior attempts.', 'Verify that the sources cited are consistently credible and clearly identified, and that the documentation does not rely heavily on a single type of source or anecdotal evidence.']","The submission identifies multiple prior design attempts and related sensory devices, drawing from a variety of clearly identified and credible sources including academic articles, news reports, and organizational websites. The sources are generally credible and well documented, though the variety is somewhat limited to sensory room equipment and related studies.","The analysis includes strengths and weaknesses of several devices and some comparison between them, such as engagement times and sensory modalities. However, the comparisons are somewhat descriptive and lack deeper reasoning or explicit justification about why one solution is preferable over others. The discussion of advantages and disadvantages is present but not fully developed or clearly linked to a final design choice.","This submission demonstrates a reasonable effort in identifying multiple prior design attempts and related sensory devices, supported by a variety of credible sources including academic studies and reputable news outlets, meeting expectations for documentation of prior solutions (B1). The inclusion of several devices and their respective strengths and weaknesses indicates an understanding of the problem space and relevant technologies. However, the analysis of these prior attempts (B2) is somewhat limited. While the submission lists advantages and disadvantages for each device, it lacks a clear, detailed comparison that explicitly explains why one design might be better suited than others. The reasoning behind the evaluation is mostly descriptive rather than analytical, and the justification for selecting or prioritizing certain features is not fully articulated. To improve, the team should deepen their comparative analysis by explicitly contrasting the devices’ features and outcomes, providing clearer reasoning for design decisions. Including more detailed data or metrics to support claims would strengthen the analysis. Additionally, expanding the variety of sources to include more diverse perspectives or technologies could enhance the breadth of prior attempts considered.",3.5
Case089_55.pdf,,,5,5,5,4,,,"['Examine whether the five prior designs are sufficiently distinct and credible to justify the highest score for source variety and credibility.', 'Assess the depth of comparative analysis between devices, especially how well advantages and disadvantages are weighed against each other.', 'Verify if the rationale for selecting certain design features over others is explicitly and clearly articulated in the analysis section.', 'Consider whether the analysis includes relevant supporting data consistently across all devices or if some are underdeveloped.', 'Evaluate if the submission clearly explains how the identified strengths and weaknesses influence the final design priorities and decisions.']","The submission identifies five distinct prior designs for MIP devices, each clearly described with source types including patents, commercial products, and open-source projects. The sources are credible and varied, covering a wide array of relevant devices and technologies.","The analysis provides clear, detailed descriptions of strengths and weaknesses for each device, supported by relevant data such as cost, portability, accuracy, and usability. The submission explicitly compares devices on key criteria like affordability, portability, and accuracy, and reasons about why certain features (e.g., poppet valve) are preferable. The justification could be enhanced by deeper comparative reasoning and more explicit prioritization among alternatives.","This submission demonstrates a clear understanding of prior MIP device designs by documenting five varied and credible sources, including patents, commercial products, and open-source devices. Each device is described with sufficient detail, highlighting relevant features and contextualizing their relevance to the project goals. This breadth and clarity in identifying prior attempts is a notable aspect of the work. The analysis of these devices is generally clear and supported, with identification of strengths and weaknesses such as cost, portability, and accuracy. The submission draws conclusions about which features to incorporate, such as the poppet valve and the need for portability. However, the evaluation would benefit from more explicit comparative reasoning that weighs trade-offs between devices and justifies design choices more thoroughly. For example, a deeper discussion on why some devices’ advanced features are excluded or how compromises are made would improve the justification. To improve, the work should focus on providing more explicit comparisons between alternatives, clearly articulating why one design is preferred over others. Including quantitative or qualitative data to support these comparisons would strengthen the analysis. Additionally, clarifying how the identified strengths and weaknesses directly inform design decisions would enhance the justification. Finally, ensuring that all relevant data is consistently integrated into the analysis will provide a more comprehensive evaluation.",4.5
Case090_55.pdf,,,5,5,5,4,,,"['Examine whether the five prior designs are sufficiently distinct and credible to justify the highest score for source variety and credibility.', 'Evaluate the clarity and depth of the comparative analysis between devices, especially how advantages and disadvantages are weighed against each other.', 'Assess whether the conclusion effectively synthesizes the analysis to justify design priorities or if it mainly summarizes without strong comparative reasoning.', 'Consider if the analysis includes enough relevant data to support claims about strengths and weaknesses, or if some evaluations are too general or vague.', 'Verify that the submission explicitly explains why certain design features are preferred over others, rather than merely listing pros and cons.']","The submission identifies five distinct prior designs for MIP devices, each clearly described with source types including patents, commercial products, and open-source projects. The sources are credible and varied, covering a wide array of relevant devices and technologies.","The analysis provides detailed strengths and weaknesses for each device, supported by relevant data such as cost, portability, accuracy, and usability. The submission compares devices, highlighting trade-offs like cost versus accuracy and portability versus complexity. The justification for design priorities is clear, though some comparative reasoning could be more explicitly developed to reach a higher level.","This submission demonstrates a clear understanding of prior design attempts by documenting five varied and credible sources, including patents, commercial devices, and open-source projects. Each device is described with strengths and weaknesses, showing a solid grasp of relevant design features such as portability, affordability, and accuracy. This breadth and depth of prior work identification is a notable aspect of the submission. The analysis is generally clear and detailed, with relevant data supporting evaluations of each device. The comparison of devices notes how features like the poppet valve and digital displays impact usability and cost. However, the justification for why certain design elements are prioritized over others could be more explicitly reasoned, especially in contrasting devices to explain why one is preferable. The conclusion summarizes key insights but could better integrate comparative reasoning to strengthen the solution justification. To improve, the analysis would benefit from a more structured comparison of devices, clearly articulating why some features are favored. Including more quantitative data or direct comparisons would enhance the evaluation. Additionally, clarifying how trade-offs influence final design decisions would provide stronger justification. Ensuring all strengths and weaknesses are equally detailed would also improve balance and completeness.",4.5
Case091_13.pdf,,,1,3,4,3,,,"['Examine whether the variety of sources includes distinct types beyond commercial product pages and if they are consistently credible.', 'Assess the clarity and depth of the analysis regarding the strengths and weaknesses of each prior design and whether these are explicitly compared.', 'Verify if the submission provides clear reasoning about why one design might be preferable over others or if the comparisons remain implicit.', 'Consider whether the analysis includes sufficient relevant data to support the evaluation of prior designs or if it relies mostly on anecdotal user reviews.', 'Evaluate if the submission balances the discussion of advantages and disadvantages across multiple solutions to justify design decisions effectively.']","The submission identifies five distinct prior design attempts, including various desk types from commercial sources such as IKEA, Home Depot, and Harvard Health Blog. Each source is clearly cited with URLs and publication years, demonstrating a range of credible sources. However, the sources are mostly commercial product pages and one health blog, which somewhat limits the breadth of source types.","The analysis includes strengths and shortcomings for each prior design, with relevant details such as user complaints, material durability, and ergonomic issues. However, the comparisons between designs are implicit rather than explicit, and there is limited reasoning about why one design might be preferable over others. The advantages and disadvantages are described but not consistently balanced or clearly compared across solutions.","This submission shows a reasonable effort in identifying multiple prior design attempts to address the problem, drawing from a variety of credible and clearly identified sources (B1). The inclusion of different desk types, such as standing desks, corner desks, and oval desks, provides a broad perspective on existing solutions. The documentation is organized with detailed descriptions and citations, which supports the credibility of the research. However, the analysis of these prior designs (B2) lacks depth in explicitly comparing the solutions. While strengths and weaknesses are noted for each desk, the submission does not clearly explain why one design might be better suited for the stakeholder or how the trade-offs influence the final design choice. The reasoning is often implicit and could be improved by more direct comparisons and justification. To enhance this work, it would be beneficial to focus on explicitly contrasting the designs, providing balanced pros and cons, and explaining the rationale behind preferring certain features or designs. Additionally, integrating more diverse source types beyond commercial product pages and expanding on relevant data to support the analysis would strengthen the evaluation.",3.5
Case092_54.pdf,,,5,4,4,3,,,"['Examine whether the variety of sources truly represents a broad range of design attempts or if they are mostly variations of similar commercial products.', 'Assess the clarity and completeness of the analysis regarding the advantages and disadvantages of each prior design, especially looking for explicit comparisons.', 'Verify if the reasoning about why one design might be better than others is sufficiently developed or if it remains implicit and underexplored.', 'Consider whether the inclusion of user reviews and price information effectively supports the analysis or if more technical or empirical data would be expected.', 'Evaluate if the analysis balances strengths and shortcomings consistently across all prior designs or if some are treated superficially.']","The student identifies five distinct prior design attempts, including various desk types from credible sources such as IKEA, Home Depot, and Harvard Health Blog. The sources are clearly identified and generally credible, though the variety is somewhat limited to mostly commercial products and one health blog. This meets the criteria for a variety of clearly-identified and consistently-credible sources but does not demonstrate a broad range.","The analysis includes strengths and shortcomings for each prior design, with some relevant supporting data such as user reviews and material descriptions. However, the comparisons between solutions are implicit rather than explicit, and reasoning about why one design might be better than another is limited. Advantages and disadvantages are noted but not consistently balanced or clearly compared across all designs, resulting in an adequate but incomplete evaluation.","This submission identifies multiple prior design attempts from credible sources including well-known retailers and a health blog, providing detailed descriptions of each desk type and highlighting features such as storage, material quality, and ergonomic considerations, which supports the documentation of prior solutions. The inclusion of user reviews and price points adds useful context. However, the analysis of these prior designs lacks depth in explicitly comparing the solutions. While strengths and weaknesses are mentioned, the evaluation does not consistently explain why one design might be preferable over others or how specific shortcomings impact the overall suitability for the stakeholder. The reasoning is often implicit and could be more clearly articulated to justify design choices. To improve, the analysis should explicitly compare the desks by directly contrasting their advantages and disadvantages, and provide clearer reasoning about which designs best meet the project goals. Including more diverse sources beyond commercial product listings and expanding on the health blog insights could also enhance credibility and depth. Finally, organizing the analysis to systematically address both strengths and weaknesses for each design would strengthen the overall evaluation.",3.5
Case093_35.pdf,,,3,5,4,3,,,"['Examine whether the sources cited for prior design attempts are sufficiently varied and credible to justify a high score for documentation.', 'Evaluate the clarity and depth of the comparison between the different prior solutions, focusing on whether advantages and disadvantages are explicitly contrasted.', 'Assess if the conclusion provides a clear rationale for selecting one solution over others or if it remains too general and descriptive.', 'Verify that the analysis includes relevant supporting data or examples that substantiate the strengths and weaknesses of each prior attempt.', 'Consider whether the student’s reasoning about the balance of cost, sustainability, durability, and aesthetics is sufficiently detailed to support a strong justification.']","The student identifies three distinct prior design attempts to solve the problem: 3D-printed bookends, DIY bookends from recycled materials, and using heavy objects as bookends. Each source is clearly identified and credible, including websites and online communities. The variety of sources is apparent, covering technological, DIY, and practical approaches, which supports a score above 3. However, the sources are somewhat limited to online articles and community posts without broader academic or industry references, so it does not reach the highest level.","The analysis includes strengths and shortcomings for each prior attempt, with some relevant details such as cost, durability, and accessibility. There is a concluding paragraph that summarizes these points and mentions balancing cost, sustainability, durability, and aesthetics. However, the comparison between solutions is somewhat implicit rather than explicit, and the reasoning about why one solution might be better than others is limited. The advantages and disadvantages are described but not deeply compared or prioritized, which limits the score to 3.","This submission demonstrates an adequate effort in identifying multiple prior design attempts to address the problem of insufficient bookends, including 3D printing, DIY recycled materials, and heavy objects. The sources are clearly cited and credible, showing a reasonable range of ideas from technological to practical solutions, which supports the documentation (B1). The analysis provides relevant detail about each approach’s strengths and weaknesses, reflecting an understanding of factors such as cost, durability, and accessibility. However, the evaluation of these prior attempts (B2) could be improved by making the comparisons more explicit and detailed. While advantages and disadvantages are listed, the submission lacks a clear, direct comparison that explains why one solution might be preferable over others in the context of the ERHS library. The justification for the chosen solution is somewhat general and could benefit from deeper reasoning and prioritization of criteria. To improve, the analysis should explicitly compare the solutions side-by-side, clearly articulate trade-offs, and provide stronger reasoning for the preferred approach. Including more diverse and authoritative sources could also enhance credibility. Finally, refining the conclusion to explicitly state why the chosen solution best meets the problem’s needs would strengthen the overall analysis.",3.5
Case094_34.pdf,,,3,4,4,3,,,"['Examine whether the sources cited for prior design attempts are sufficiently varied and credible to support a high score for identification of prior solutions.', 'Evaluate the clarity and depth of the comparison between the different prior design attempts, focusing on whether advantages and disadvantages are explicitly contrasted.', 'Assess if the conclusion provides a clear rationale for selecting one solution over others or if it merely summarizes without strong justification.', 'Verify that the analysis includes relevant supporting data or examples that substantiate the strengths and weaknesses of each prior attempt.', 'Consider whether the documentation of prior attempts is detailed enough to demonstrate a comprehensive understanding of the problem context and potential solutions.']","The student identifies three distinct prior design attempts to solve the problem: 3D-printed bookends, DIY bookends from recycled materials, and using heavy objects as bookends. Each source is clearly identified and credible, including websites and online communities. The variety of sources is apparent, covering technological, DIY, and practical approaches, but the sources are somewhat limited in number and scope, which constrains the overall depth of the research.","The analysis includes strengths and shortcomings for each prior attempt, with some relevant supporting data and examples. However, the comparisons between solutions are somewhat implicit rather than explicit, and the reasoning about why one solution might be better than another is only partially developed. The conclusion summarizes advantages and disadvantages but lacks a clear, detailed justification for selecting one approach over others.","This submission shows an adequate effort in identifying multiple prior design attempts to address the problem of insufficient bookends, drawing from a range of credible sources including online competitions, DIY tutorials, and community forums. The student documents three different approaches, which provides some breadth in exploring alternative solutions. The descriptions of each method’s successes and failures offer useful insights, reflecting an understanding of practical considerations such as cost, durability, and accessibility. However, the analysis of these prior attempts could be improved by more explicitly comparing the solutions against each other and providing clearer reasoning about which solution best fits the project’s needs. The discussion tends to list pros and cons separately rather than integrating them into a comparative evaluation. To enhance the work, the student should focus on explicitly contrasting the options, highlighting trade-offs, and justifying the chosen approach based on these factors. Additionally, expanding the range of sources and including more detailed data or examples would strengthen the credibility and depth of the analysis. Recommendations include developing a clearer comparative framework for analysis, explicitly stating why one solution is preferred, incorporating more varied and detailed sources, and refining the conclusion to better justify the final design direction.",3.5
Case095_43.pdf,,,4,3,4,3,,,"['Examine whether the references to Potterybarn, Etsy, and Amazon are sufficient to establish a variety of credible sources or if more diverse sources are needed.', 'Assess the clarity and depth of the advantages and disadvantages provided for each prior solution and whether they support a meaningful comparison.', 'Verify if the document explicitly explains why one storage solution is preferable over the others or if the reasoning is implied and insufficiently developed.', 'Consider whether the analysis includes relevant supporting data or if the descriptions remain too general to justify the conclusions drawn.', 'Evaluate if the student’s discussion of prior attempts adequately addresses both strengths and shortcomings in a way that informs the design decision.']","The student identifies three distinct prior design attempts: a built-in cabinet, file cabinets with a countertop, and a laptop desk on wheels. These sources are clearly identified and credible, referencing Potterybarn, Etsy, and Amazon. The variety of solutions indicates a reasonable range of options considered, meeting the criteria for a variety of clearly-identified and consistently-credible sources.","The analysis includes some advantages and disadvantages for each solution, such as permanence and cost for the built-in cabinet, mobility and space concerns for file cabinets, and portability but lack of sturdiness for the laptop desk. However, the comparisons are somewhat general and lack detailed supporting data. The reasoning about why one solution might be better than another is incomplete and not explicitly stated, limiting the depth of the analysis.","This submission demonstrates a reasonable effort in identifying multiple prior design attempts to address the storage and organization problem in the development office. The student clearly references three different storage solutions from credible commercial sources, showing a variety of options (B1). This breadth of exploration provides a foundation for considering different approaches. However, the analysis of these prior attempts (B2) is somewhat limited. While the student lists some advantages and disadvantages for each option, the discussion lacks detailed evidence and explicit comparisons that would clarify why one solution might be preferable. The reasoning does not fully explain the trade-offs or prioritize solutions based on the office’s specific needs. To improve, the student should provide more detailed data or examples supporting each point, explicitly compare the solutions side-by-side, and clearly justify which design is best suited for the problem. Including more precise cost, space, or usability metrics and deeper reflection on how each option meets the office’s requirements would strengthen the analysis.",3.5
Case096_21.pdf,,,2,1,4,3,,,"['Examine whether the cited commercial sources are sufficiently credible and relevant to be considered consistent and varied prior attempts.', 'Assess if the analysis explicitly compares the advantages and disadvantages of the three solutions rather than listing them separately without clear comparison.', 'Verify whether the document provides enough detail and supporting data to justify why one storage solution might be preferable over the others.', 'Consider if the evaluation includes reasoning about the impact of each solution on workflow and office aesthetics, which is important for a strong analysis.', 'Check that the identification of multiple prior solutions is clearly distinct and not just variations of a single concept to support the variety claim.']","The student identifies three distinct prior solutions: a built-in cabinet, file cabinets with a countertop, and a laptop desk on wheels. These sources are clearly identified with citations from Potterybarn, Etsy, and Amazon, which are credible commercial sources for furniture. The variety of solutions shows a reasonable range of options, meeting the criteria for a variety of clearly-identified and consistently-credible sources.","The analysis includes some advantages and disadvantages of each solution, such as permanence and cost for the built-in cabinet, mobility and space concerns for file cabinets, and sturdiness for the laptop desk. However, the comparisons are somewhat general and lack detailed supporting data or explicit reasoning about why one solution is preferable over others. The justification is incomplete and does not clearly explain which solution is best or why.","This submission demonstrates a reasonable effort in identifying multiple prior solutions to the storage problem in the development office, drawing from a variety of credible commercial sources. The student clearly describes three different furniture options, providing a foundation for understanding potential solutions (B1). The inclusion of citations supports the credibility of the documented prior attempts. However, the analysis of these solutions (B2) is somewhat limited. While some advantages and disadvantages are mentioned, the discussion lacks depth and detailed supporting data. The comparisons do not fully explain why one option might be better suited than others, nor do they provide a clear justification for a preferred solution. To improve, the student should include more explicit comparisons, supported by quantitative or qualitative data, and clearly reason through the trade-offs between options. Additionally, integrating more detailed observations about how each solution addresses the specific needs of the office would strengthen the analysis. Recommendations include expanding the evaluation of each solution’s strengths and weaknesses, providing clearer justification for the preferred design, and incorporating more detailed evidence or data to support claims. This will enhance the clarity and persuasiveness of the analysis.",3.5
Case097_10.pdf,,,1,0,3,3,,,"['Examine whether the references to the BlueROV2 and other designs represent distinct, credible prior solutions or if they are variations of a single concept.', 'Assess the clarity and completeness of the explanation regarding why the two-joint arm was abandoned compared to the thruster-based design.', 'Verify if the analysis sufficiently distinguishes the advantages and disadvantages of each prior design attempt or if it remains too general.', 'Consider whether the submission provides enough explicit reasoning to justify the final design choice over alternatives.', 'Evaluate if the sources and prior attempts discussed demonstrate sufficient variety and credibility to meet higher scoring thresholds.']","The student identifies multiple prior design attempts, including a two-joint arm with a rotating claw and a 6-thruster vector-based design, as well as referencing the BlueROV2. These sources are clearly identified and generally credible, but the variety is somewhat narrow, focusing mainly on a few related underwater robotic designs rather than a broader or more diverse array of sources.","The analysis includes some strengths and shortcomings of the prior designs, such as fabrication time limits, mechanical failure points, and buoyancy issues. However, the comparison between the solutions is only partially developed, with limited explicit reasoning about why one design is preferable over another. The explanation of advantages and disadvantages is present but not fully detailed or clearly contrasted.","This submission shows a reasonable effort in identifying multiple prior design attempts relevant to the problem, including mechanical arm designs, thruster-based propulsion systems, and an existing commercial product, indicating some engagement with credible sources. The analysis addresses certain strengths and weaknesses of these designs, such as mechanical complexity and buoyancy challenges, reflecting an awareness of practical constraints. However, the evaluation lacks depth in comparing the alternatives. The reasoning behind the selection of the final design approach is somewhat implicit rather than explicitly argued. Advantages and disadvantages are mentioned but not systematically contrasted, and the justification for the preferred solution could be clearer. To improve, a more detailed and explicit comparison of prior designs should be provided, clearly explaining trade-offs and the rationale for the chosen design. Expanding the range of prior attempts and supporting the analysis with quantitative or qualitative data would also enhance the rigor and clarity of the design documentation.",3
Case098_02.pdf,,,0,2,3,3,,,"['Examine whether the references to the BlueROV2 and other designs are sufficiently distinct and credible to count as multiple varied sources.', 'Assess if the analysis clearly differentiates the advantages and disadvantages of each prior design attempt or if it remains too general.', 'Verify whether the reasoning about why one design was chosen over others is explicitly stated or only implied.', 'Consider the importance of explicit comparison and justification when evaluating prior design attempts in engineering documentation.', 'Review the extent to which supporting data or detailed observations are necessary to substantiate claims about design strengths and weaknesses.']","The student identifies multiple prior design attempts, including a two-joint arm with a rotating claw and a 6-thruster vector-based design, as well as referencing the BlueROV2. These sources are clearly identified and generally credible, though the variety is somewhat limited to a few related underwater robotic designs rather than a broader or more varied array of sources.","The analysis includes some strengths and shortcomings of the prior designs, such as fabrication time limits, mechanical failure points, and buoyancy issues. However, the comparison between the designs is incomplete and lacks explicit reasoning about why one design is preferable over the other. The explanation of advantages and disadvantages is present but not fully developed or clearly contrasted.","This submission provides relevant documentation of prior design attempts by identifying multiple plausible solutions, including a two-joint arm mechanism, a 6-thruster vector-based design, and the BlueROV2. The sources are clearly described and generally credible, which supports the foundation for design iteration. The analysis includes some discussion of strengths and weaknesses, such as mechanical failure points and buoyancy challenges, indicating an understanding of practical constraints. However, the evaluation lacks depth in comparing the alternatives. The analysis does not fully explain why the final design choice is preferable, nor does it clearly weigh the advantages and disadvantages of each approach in detail. To improve, the student should explicitly compare the designs, clearly articulate the benefits and drawbacks of each, and provide stronger justification for the chosen solution. Including more varied sources or related designs could also enhance the breadth of prior attempts considered. Additionally, integrating quantitative data or more detailed observations would strengthen the analysis and support clearer decision-making.",3
Case099_43.pdf,,,4,3,4,3,,,"['Examine whether the sources cited for each device are consistently credible and sufficiently detailed to support a high score for identification of prior solutions.', 'Evaluate the extent to which the analysis explicitly compares multiple devices and provides clear reasoning about their relative strengths and weaknesses.', 'Check if the discussion of advantages and disadvantages goes beyond listing features to include meaningful evaluation and justification of design choices.', 'Consider whether the analysis includes relevant data or user feedback that meaningfully supports the evaluation of each device.', 'Verify that the submission clearly distinguishes between different prior designs and does not conflate features or evaluations, ensuring clarity in the documentation.']","The submission identifies five distinct prior devices related to the problem, each clearly named and described with credible sources mostly provided. The sources include product websites, patents, and clinical references, showing a variety of credible information. However, the sources vary in detail and credibility, and some citations are incomplete or indirect (e.g., a Trello link). This supports a score of 3 rather than 4 or 5.","The analysis includes strengths and shortcomings for each device, with some relevant data and user feedback. However, the comparisons between devices are implicit rather than explicit, and reasoning about why one device might be preferable over another is limited. The submission lacks a clear, detailed, and consistent comparison or justification of which design is better and why. This results in an adequate but incomplete analysis.","This submission demonstrates an adequate effort in identifying multiple prior design attempts related to inspiratory muscle training devices, covering five different products with generally credible sources (B1). The descriptions provide relevant information about device features, prices, and user feedback, which helps build a foundation for understanding the design space. The inclusion of both helpful and unhelpful aspects for each device indicates some awareness of the devices’ pros and cons. However, the analysis does not explicitly compare these devices against each other or provide clear reasoning about which design elements are superior or more suitable for the intended application (B2). The evaluation tends to list features and drawbacks without synthesizing this information into a coherent justification or prioritization of design choices. To improve, the team should focus on making direct comparisons between devices, explaining why certain features are advantageous or limiting, and clearly stating which design aspects they plan to adopt or avoid. Additionally, ensuring all sources are fully credible and well-documented will strengthen the research foundation. Including more quantitative data or clinical evidence to support claims would also enhance the analysis.",3.5
Case100_53.docx,,,5,3,4,3,,,"['Examine whether the sources cited for each prior design attempt are consistently credible and sufficiently varied to justify a high score for identification of prior solutions.', 'Assess the extent to which the analysis explicitly compares multiple solutions and provides clear reasoning about their relative advantages and disadvantages.', 'Verify if the student provides relevant supporting data or detailed explanations that substantiate the strengths and shortcomings of each prior design attempt.', 'Consider whether the analysis includes a clear justification or preference for one solution over others, which is important for a strong evaluation.', 'Review if the discussion of prior attempts goes beyond listing pros and cons to include explicit comparisons and reasoning about solution effectiveness.']","The student identifies five prior design attempts to solve the problem, each with a clearly cited source. The sources are varied, including articles from different websites and companies, and the student provides specific details from each source. However, the credibility of some sources (e.g., company blogs or commercial sites) is not fully established, and the variety, while present, is moderate and not deeply technical.","The analysis includes some strengths and shortcomings of each prior design attempt, such as salt’s effectiveness but environmental damage, sand’s traction benefits but limited prevention, and coatings’ protective qualities but partial damage. However, the comparisons between solutions are limited and not explicitly connected to a clear reasoning about which solution is better overall. The discussion lacks detailed supporting data and explicit justification for preferring one approach over another.","This submission demonstrates an effort to identify multiple prior design attempts to address the problem, drawing from a variety of sources that are clearly cited and described. The student covers five different approaches, showing some understanding of different methods such as road salt, sand, sealing concrete, vinegar, and concrete coatings. This breadth of exploration is a moderate strength and shows engagement with diverse ideas. However, the analysis of these prior attempts is somewhat limited. While the student notes some advantages and disadvantages of each method, the evaluation lacks depth and explicit comparison. There is little detailed reasoning about why one solution might be preferable to others or how the shortcomings might be mitigated. The absence of clear, data-supported justification limits the strength of the analysis. To improve, the student should focus on providing more detailed and data-supported comparisons between solutions, explicitly discussing trade-offs and reasoning about which designs are most effective or practical. Including more credible and technical sources could strengthen the foundation of the analysis. Finally, integrating a clearer summary that weighs the pros and cons to justify a preferred approach would enhance the overall quality.",3.5
Case101_33.pdf,,,3,3,4,3,,,"['Examine whether the cited sources represent a sufficiently varied and credible range of prior design attempts or if they are too similar in nature.', 'Assess if the analysis section provides explicit comparisons between the different prior designs or if it treats each design in isolation without clear justification.', 'Verify whether the strengths and shortcomings of each prior design are supported by relevant data or remain mostly general statements.', 'Consider if the analysis clearly explains why one prior design might be more suitable than others for the stakeholders’ needs.', 'Review whether the documentation includes all promised images and citations, and if their absence affects the completeness of the prior design documentation.']","The student document identifies three prior design attempts, each with a clearly cited source from credible websites related to gardening and water systems. The sources are varied and credible, covering PVC pipes, drip irrigation, and hydroponic systems. However, the sources are all from similar types of online gardening or water technology sites, so while varied, they represent a somewhat limited range of source types.","The analysis for each prior design attempt includes strengths and shortcomings, such as mold buildup, maintenance needs, and cost. However, the analysis lacks explicit, detailed supporting data and does not clearly compare the solutions against each other. The document does not provide explicit reasoning about which solution is preferable or why, nor does it clearly explain advantages and disadvantages in a comparative context. The analysis is generally clear but somewhat superficial and incomplete.","This submission identifies multiple prior design attempts relevant to the greenhouse irrigation problem, drawing from several credible and clearly cited sources. The inclusion of three distinct solutions—PVC pipes, drip irrigation, and hydroponic systems—indicates an understanding of alternative approaches. The documentation is organized and provides basic details about each design. However, the analysis of these prior attempts is somewhat limited. While strengths and weaknesses are mentioned for each design, the discussion lacks depth and supporting data. There is no explicit comparison between the solutions, nor clear reasoning about which design best meets the stakeholders’ needs. This limits the justification and leaves the evaluation incomplete. To improve, the team should include more detailed evidence or data supporting their analysis, explicitly compare the advantages and disadvantages of each design, and clearly explain why one solution might be preferred over others. Adding quantitative or qualitative data and integrating a comparative discussion would strengthen the analysis. Including images with citations as promised would also enhance documentation completeness.",3.5
Case102_23.pdf,,,2,3,4,3,,,"['Examine whether the cited sources are sufficiently varied and credible to justify the score for documentation of prior attempts.', 'Evaluate the clarity and depth of the analysis regarding the strengths and shortcomings of each prior design, especially looking for explicit comparisons.', 'Check if the submission provides any quantitative or empirical data supporting the analysis or if the reasoning is primarily qualitative and general.', 'Consider whether the analysis includes a clear rationale explaining why one prior design might be preferable over others, as this is critical for higher scores.', 'Verify that the evaluation of prior designs addresses both advantages and disadvantages in a balanced way rather than focusing predominantly on shortcomings.']","The submission identifies three prior design attempts, each with a clearly cited source that appears credible and relevant to irrigation systems. The sources are varied, including a gardening supply company, a water technology publication, and a gardening blog, indicating a range of credible sources rather than just several similar ones.","The analysis for each prior design attempt includes strengths and shortcomings, such as mold buildup, maintenance needs, and cost concerns. However, the analysis lacks explicit, detailed comparisons between the solutions and does not clearly explain why one design is preferable over others. The reasoning is generally clear but somewhat incomplete and lacks supporting data or quantitative evidence.","This submission shows an adequate effort in identifying multiple prior design attempts relevant to the greenhouse irrigation problem, drawing from a range of credible sources (B1). The inclusion of three distinct systems—PVC pipes, drip irrigation, and hydroponic systems—provides some breadth of research. Each source is clearly cited, which supports the documentation aspect. The analysis of these prior attempts (B2) includes relevant strengths and weaknesses, such as mold buildup, maintenance requirements, and cost implications. However, the evaluation would benefit from more explicit comparisons between the designs. Currently, the analysis reads as separate evaluations rather than a cohesive justification for selecting or rejecting specific solutions. Including more detailed data or examples to support claims and explicitly stating why one design might be better suited than others would improve the justification. To enhance this work, consider adding quantitative or empirical data to support the analysis, explicitly compare the designs to highlight trade-offs, clarify the reasoning behind the suitability of each design, and include images or diagrams with citations as indicated to strengthen documentation and analysis.",3.5
Case103_32.pdf,,,3,2,3,2,,,"['Examine whether the three identified sources represent sufficiently varied design approaches or if they mainly focus on similar sensing methods.', 'Assess the depth and clarity of the analysis comparing the strengths and weaknesses of the prior designs, especially looking for explicit reasoning about design preferences.', 'Verify if the student provides any supporting data or detailed evidence to back up claims about the advantages or shortcomings of the prior solutions.', 'Consider whether the analysis includes a balanced discussion of both advantages and disadvantages for multiple prior designs, as required for higher scores.', 'Evaluate if the documentation clearly identifies all sources and whether the credibility of these sources is consistently established throughout the submission.']","The student identifies three prior design attempts: a commercial humidity and temperature monitor, an Arduino-based DHT11 sensor project, and a scholarly article on an automated greenhouse system. These sources are clearly identified and generally credible, but the variety is somewhat narrow, focusing mainly on temperature and humidity sensing with only one scholarly source. The sources do not cover a wide range of different design approaches.","The analysis includes some strengths and shortcomings, such as noting the commercial product's lack of data logging and the scholarly design's lack of portability. However, the comparisons are limited and lack depth. There is no explicit reasoning about why one design is preferable over another, nor a detailed evaluation of advantages and disadvantages. The analysis remains general and lacks supporting data or detailed justification.","This submission identifies prior design attempts related to greenhouse monitoring, including a commercial product, a DIY Arduino sensor project, and a scholarly article. The sources are clearly cited and generally credible, providing a basic foundation for understanding existing solutions. However, the variety of sources is somewhat narrow, focusing mainly on temperature and humidity sensing without exploring a broader range of design concepts. The analysis recognizes some strengths and weaknesses, such as the commercial product's inability to log data and the scholarly design's lack of portability, but the evaluation is limited and lacks detailed comparison between the solutions. There is little explicit reasoning about why one approach might be more suitable than another, and supporting data is minimal. To improve, the range of prior designs considered should be expanded to include more diverse and innovative solutions. Providing a clearer, more detailed comparison of advantages and disadvantages, supported by relevant data or examples, would strengthen the analysis. Including more detailed technical or performance data and explicit reasoning about the preferred design choice would also enhance the justification.",2.5
Case104_32.pdf,,,3,2,3,2,,,"['Examine whether the three identified sources represent sufficiently varied prior design attempts or if they are too similar in approach.', 'Assess the depth and clarity of the analysis comparing the strengths and weaknesses of the prior designs, especially regarding data support and reasoning.', 'Verify if the student explicitly explains why one prior design is preferable or more relevant to their project compared to others.', 'Consider whether the analysis includes both advantages and disadvantages for each prior design attempt to meet strong evaluation criteria.', 'Check if the documentation clearly identifies all sources and if their credibility is consistently established throughout the submission.']","The student identifies three prior design attempts: a commercial humidity and temperature monitor, an Arduino-based DHT11 sensor project, and a scholarly article on an automated greenhouse system. These sources are clearly identified and generally credible, but the variety is somewhat narrow, focusing mainly on sensor-based monitoring systems and lacking broader alternative approaches.","The analysis includes some strengths and shortcomings, such as noting the commercial product's lack of data logging and the scholarly design's non-portability. However, the comparisons are limited and lack detailed reasoning or explicit evaluation of why one design might be preferable over another. The discussion remains general and is missing deeper supporting data or clear justification.","This submission shows an effort to identify multiple prior design attempts related to greenhouse monitoring, including a commercial product, a DIY sensor project, and a scholarly article. The sources are clearly cited and generally credible, which supports the documentation of prior work. However, the range of solutions is somewhat narrow, concentrating mainly on sensor-based monitoring without exploring alternative design concepts or broader approaches. The analysis of these prior attempts recognizes some strengths and weaknesses, such as the commercial product's inability to log data and the scholarly design's lack of portability. Yet, the evaluation lacks depth and explicit comparison between the solutions. There is limited detailed reasoning about why one design might be better suited for the project’s goals, and the supporting data is minimal. To improve, a more thorough comparison of advantages and disadvantages, clearer justification for design choices, and consideration of a wider range of prior solutions would be beneficial. Adding more detailed analysis and explicit reasoning would strengthen the overall evaluation and better inform the design process.",2.5
Case105_24.pdf,,,2,4,4,3,,,"['Examine whether the cited external sources are used to support the analysis or merely listed without integration into the evaluation.', 'Assess if the discussion of the helicopter and crane lifts provides a meaningful comparison that informs the design choices or if it remains a descriptive aside.', 'Verify the extent to which the submission explicitly compares the strengths and weaknesses of the two prior student designs rather than describing them sequentially.', 'Consider whether the analysis includes clear reasoning about why the current design improvements are preferable to previous attempts.', 'Check if the documentation sufficiently distinguishes between credible and less credible sources and how this affects the overall evaluation.']","The submission draws from a variety of clearly identified and credible sources, including prior student projects over two years, expert consultation, and external references such as Fair Lifts Helicopter Services, The New York Times, Northern Weldarc, and a technical manual. This variety and clear identification generally meet the criteria for a score of 3.","The analysis includes some clear descriptions of strengths and shortcomings of prior designs, such as frame stability, use of engine levelers, and rigging techniques. However, the comparisons between solutions are somewhat incomplete and lack detailed reasoning about why one design is preferable over another. Advantages and disadvantages are mentioned but not fully developed or explicitly compared, limiting the depth of justification.","This submission demonstrates an adequate effort in documenting prior design attempts by referencing multiple past projects and credible external sources, fulfilling the requirement for variety and credibility. The team describes the evolution of their animal lift design over two years, noting key changes such as frame reinforcement and the addition of engine levelers. They also incorporate relevant analogies from helicopter and crane lifts, indicating some understanding of related engineering principles. However, the analysis of these prior attempts is somewhat limited. While strengths and weaknesses are identified, the submission lacks a thorough, explicit comparison that clearly explains why certain design choices are better. The reasoning behind selecting the current design improvements could be more detailed, especially regarding trade-offs and how specific shortcomings were addressed. To improve, the team should provide more explicit comparisons between alternatives, deepen the explanation of advantages and disadvantages, and clarify the rationale for their final design decisions. Additionally, integrating more quantitative data or test results would strengthen the analysis and justification. Overall, focusing on deeper critical evaluation and clearer justification will enhance the quality of the documentation and analysis.",3.5
Case106_34.pdf,,,3,4,4,3,,,"['Examine whether the cited sources sufficiently represent a broad and varied range of credible prior design attempts or if the references are concentrated on a few key sources.', 'Assess the clarity and depth of the comparison between the first and second year designs, especially regarding the explicit explanation of advantages and disadvantages.', 'Verify if the discussion of helicopter and crane lifts is integrated as a meaningful comparison to the animal lift project or if it remains a superficial analogy.', 'Consider whether the analysis includes clear reasoning about why the current design improvements are preferable to previous attempts, beyond listing features.', 'Evaluate if the documentation and analysis together provide a comprehensive understanding of prior solutions and their limitations, supporting a well-justified design direction.']","The student document identifies multiple prior design attempts over two years, including detailed descriptions of the first and second year projects, as well as references to helicopter and crane lifts as related solutions. The sources cited are clearly identified and credible, including Fair Lifts Helicopter Services, The New York Times, and Northern Weldarc. While the sources are varied and credible, the range is somewhat limited to a few key references, so it does not fully meet the 'wide array' criterion for a top score.","The analysis includes strengths and shortcomings of the prior two years' designs, such as frame stability, buckling, and the use of engine levelers. The document also compares the animal lift to helicopter and crane lifts, discussing rigging and load stability. However, the comparisons are somewhat general and lack detailed, explicit reasoning about why one design is better than another beyond basic observations. Advantages and disadvantages are mentioned but not deeply analyzed or clearly prioritized, limiting the depth of justification.","This submission provides a generally clear account of prior design attempts, describing the first and second year projects along with their respective strengths and weaknesses. The inclusion of helicopter and crane lifts as analogous systems adds relevant context and indicates some consideration of related engineering challenges, which supports the identification of prior solutions. The sources cited are credible and well-identified, contributing to the research foundation. However, the analysis of these prior attempts is somewhat limited. While some advantages and disadvantages are noted, the document does not offer a thorough, explicit comparison that clearly explains why certain design choices are preferable. The reasoning behind improvements and trade-offs could be more detailed and better supported by data or specific examples. To improve, the evaluation should be deepened by explicitly contrasting multiple solutions, elaborating on their pros and cons, and justifying the chosen approach more convincingly. Additionally, expanding the variety of credible sources and integrating more quantitative data would enhance both documentation and analysis.",3.5
Case107_00.pdf,,,0,0,2,2,,,"['Examine whether the descriptions of prior designs are supported by clearly identified and credible sources or if they appear to be general knowledge without citations.', 'Assess if the analysis includes explicit comparisons between multiple prior solutions and whether advantages and disadvantages are clearly explained.', 'Verify whether the student provides any relevant data or detailed reasoning to support the evaluation of prior design attempts.', 'Consider the importance of clear source identification and credibility when evaluating documentation of prior design attempts.', 'Evaluate the necessity of detailed and supported analysis, including explicit comparisons, to justify the strengths and weaknesses of prior solutions.']","The submission references multiple prior design attempts related to plant protection and watering methods, but these sources are not clearly identified or cited. The descriptions seem to be general observations or common knowledge rather than drawn from clearly credible, verifiable sources such as peer-reviewed journals, patents, or professional organizations. The absence of explicit source identification and credibility limits the strength of the documentation.","The analysis includes some basic strengths and shortcomings of the prior designs, such as the fabric protecting plants from frost and the caution against plastic touching plants. However, the analysis is somewhat general, lacks detailed supporting data, and does not explicitly compare multiple solutions or explain why one might be preferable. There is limited reasoning or detailed evaluation of advantages and disadvantages.","This submission attempts to document prior design approaches related to protecting plants from frost and watering techniques, providing several descriptions such as using fabric to protect plants and watering at the roots in the morning. However, the sources of this information are not clearly identified or cited, which reduces the credibility and completeness of the documentation. The descriptions resemble general advice rather than evidence-based prior solutions. The analysis mentions some benefits and drawbacks, like the fabric’s ability to retain heat and the risk of plastic causing moisture damage, but the evaluation remains somewhat general and lacks detailed supporting data or explicit comparisons between different solutions. To improve, the work should clearly identify and cite credible sources for each prior design, provide more detailed and data-supported analysis, and explicitly compare the advantages and disadvantages of multiple solutions. Including reasoning about why one design might be better than others would enhance the justification and overall quality of the analysis.",2
Case108_54.pdf,,,5,4,4,3,,,"['Examine whether the sources cited for each prior design are sufficiently varied and credible to justify a high score for identification of prior solutions.', 'Assess the depth and clarity of the analysis comparing the strengths and weaknesses of multiple prior designs, especially looking for explicit reasoning about their relative merits.', 'Verify if the discussion of advantages and disadvantages goes beyond listing features to include detailed, supported evaluation and justification.', 'Consider whether the analysis includes clear comparisons between at least two solutions to support a well-developed justification.', 'Check if the submission consistently identifies sources with enough detail to confirm their credibility and relevance to the problem.']","The submission identifies five distinct prior design attempts, each with clearly cited sources that appear credible and relevant. The sources include academic articles, extension publications, patents, and reputable websites, showing a range of credible references. However, the sources are somewhat uneven in variety, with some overlap in irrigation concepts and a few sources less clearly identified or incomplete in citation format.","The analysis includes strengths and shortcomings for each prior design, with some relevant supporting details such as water efficiency percentages and practical limitations. However, the comparisons between solutions are limited and mostly descriptive rather than analytical. There is little explicit reasoning about why one design might be preferable over another, and the evaluation lacks a clear, detailed justification or prioritization of solutions. The discussion of advantages and disadvantages is present but not consistently detailed or clearly connected across designs.","This submission demonstrates an adequate effort in identifying multiple prior design attempts related to plant watering systems, drawing from a range of credible sources including academic papers, patents, and extension publications. The inclusion of five distinct designs indicates a reasonable breadth of research (B1). The documentation is generally clear, though some sources could be more consistently and fully identified to improve completeness. The evaluation of these prior designs (B2) provides some description of advantages and disadvantages for each design, but the analysis remains mostly descriptive without a thorough comparative discussion. The reasoning behind the strengths and weaknesses is limited, and there is no clear prioritization or justification of the best approach. To improve, the analysis should focus on explicitly comparing the designs, providing more detailed pros and cons, and explaining the rationale for selecting or rejecting certain solutions. Additionally, enhancing citation clarity and consistency would strengthen the credibility of the research.",3.5
Case109_54.pdf,,,5,4,4,3,,,"['Examine whether the variety and credibility of sources cited truly represent a wide array or if some sources are repetitive or incomplete.', 'Assess the clarity and depth of the analysis regarding the strengths and weaknesses of each prior design, especially looking for explicit comparisons.', 'Verify if the submission provides a clear rationale or justification for preferring one design over others or if the analysis remains mostly descriptive.', 'Consider whether the identification of multiple prior designs is sufficiently distinct and well-documented to support a higher score for documentation.', 'Evaluate the extent to which the analysis integrates relevant data to support claims about advantages and disadvantages across different designs.']","The submission identifies five distinct prior design attempts, each with clearly cited sources that appear credible and relevant. The sources include academic articles, extension publications, patents, and reputable websites, demonstrating a range of credible references. However, the sources show some unevenness in variety, with some overlap in irrigation concepts and a few sources less clearly identified or incomplete (e.g., some URLs are truncated or lack full citation details).","The analysis includes strengths and shortcomings for each prior design, with some relevant supporting data such as water efficiency percentages and practical limitations. However, the comparisons between solutions are mostly implicit rather than explicit, and there is limited reasoning about why one design might be preferable over another. The discussion of advantages and disadvantages is present but not consistently detailed or clearly connected across designs. The justification lacks a clear, well-developed argument favoring any particular solution.","This submission demonstrates an effort to identify multiple prior design attempts related to plant watering systems, drawing from a variety of credible sources including academic papers, patents, and extension publications. The inclusion of five distinct designs provides a reasonable breadth of research, which supports the documentation of prior solutions. The sources are generally identified, though some citations could be more complete or clearer. The analysis of these prior designs includes relevant strengths and weaknesses, such as water efficiency and maintenance challenges, which adds useful context. However, the evaluation lacks explicit comparisons and deeper reasoning about why one design might be better suited than others. The advantages and disadvantages are often listed but not synthesized into a clear justification or preference, limiting the depth of analysis. To improve, the team should focus on explicitly comparing the designs to highlight relative merits and drawbacks. Providing clearer reasoning about which solutions are more effective or practical would strengthen the analysis. Additionally, ensuring all sources are fully and clearly cited would enhance credibility. Finally, integrating more detailed supporting data and connecting it directly to the analysis would improve clarity and depth.",3.5
Case110_55.pdf,,,5,5,4,3,,,"['Examine whether the variety of prior design attempts includes sufficiently diverse and independent sources beyond zoo-related transport boxes.', 'Assess the clarity and depth of the comparison between the metal and plastic transport solutions, especially regarding their suitability for x-rays and handling safety.', 'Verify if the analysis explicitly explains why one design is preferable over others, including detailed reasoning about trade-offs and constraints.', 'Consider whether the discussion of advantages and disadvantages is balanced and supported by relevant data or observations.', 'Evaluate if the documentation clearly identifies all sources and if the credibility of these sources is consistently established throughout the submission.']","The student identifies multiple prior design attempts from a variety of sources including the Nashville Zoo, Disney World’s Animal Kingdom, and a crocodile transport module by a government department. These sources are clearly identified and credible, showing a range of prior solutions. However, the sources are somewhat limited in diversity, focusing mainly on zoo-related transport boxes and cages, without a broader range of unrelated or more varied design concepts.","The analysis includes some clear descriptions of strengths and shortcomings of different designs, such as the metal box being unsuitable for x-rays and the plastic tubes lacking handles and visibility. There is some comparison between solutions, for example, the Disney crate’s clear plastic allowing inspection versus the metal components interfering with x-rays. However, the analysis lacks depth in explicitly comparing all solutions and reasoning why one is preferable overall. The justification is partial and does not fully explain trade-offs or prioritize design features.","This submission demonstrates an effort to identify multiple prior design attempts from credible and clearly identified sources, including the Nashville Zoo, Disney World, and a government crocodile transport module. The variety of sources provides a foundation for understanding existing solutions, which is a moderate strength in criterion B1. The document describes the current problems faced by the zoo and the features of prior designs, such as modularity, visibility, and safety considerations. However, the analysis in B2 is somewhat limited. While some advantages and disadvantages of the designs are noted, the comparisons are not fully developed or explicitly reasoned. The submission would benefit from a clearer, more detailed evaluation of why certain design features are better or worse, and a stronger justification for which solution best meets the project constraints. To improve, the analysis should explicitly compare all prior solutions, discuss trade-offs in more detail, and clearly explain the rationale for preferring one design over others. Including more varied sources or alternative design concepts could also strengthen the documentation and analysis.",3.5
Case111_03.pdf,,,0,3,4,4,,,"['Examine whether the descriptions of commercial, DIY, and 3D-printed solutions represent sufficiently distinct and credible prior attempts to justify the variety of sources claimed.', 'Assess if the analysis clearly compares the advantages and disadvantages of multiple solutions and whether the reasoning about the preferred design is explicitly supported by data.', 'Verify the extent to which the weaknesses of each solution, especially the 3D-printed prototype, are detailed and connected to potential design improvements.', 'Consider whether the analysis includes explicit justification for why the 3D-printed design is a better alternative beyond weight reduction and stealth.', 'Check if the evaluation balances strengths and shortcomings across all prior attempts and avoids vague or overly general statements lacking supporting evidence.']","The student identifies multiple prior design attempts including commercial metal tree stands, DIY lightweight stands, and the current 3D-printed prototype. These sources are clearly described and credible, covering a variety of solution types. However, the sources are primarily general categories rather than a wide array of distinct, clearly identified external references.","The analysis provides clear and generally detailed comparisons of strengths and weaknesses for each solution type, supported by relevant data such as weight, durability, and safety considerations. The student explicitly contrasts the solutions and explains why the 3D-printed prototype offers advantages in weight and stealth, while acknowledging material flex and durability concerns. However, the reasoning about why one solution is better than others could be more explicitly developed and supported with more quantitative or empirical data.","This submission demonstrates a clear understanding of prior design attempts by identifying and describing multiple solution types, including commercial metal stands, DIY alternatives, and the 3D-printed prototype. The student highlights key strengths and weaknesses of each, such as weight, durability, and safety, which indicates a reasonable grasp of relevant factors influencing design choices. The analysis is generally clear and supported by relevant observations, including performance testing and material behavior, which contributes to the evaluation. However, the comparison could be strengthened by providing more explicit reasoning about why the 3D-printed design is preferable beyond weight reduction, such as more detailed safety data or user feedback. Additionally, the discussion of weaknesses, especially regarding long-term durability and environmental effects, could be expanded to better justify future design directions. To improve, the student should incorporate more varied and specific sources, deepen the comparative analysis with quantitative data, and explicitly explain the trade-offs between solutions. Including more detailed evidence or references to testing results would also enhance the credibility and completeness of the analysis.",4
Case112_04.pdf,,,0,4,4,4,,,"['Examine whether the descriptions of commercial, DIY, and 3D-printed solutions represent sufficiently distinct and credible sources to justify the variety claimed.', 'Assess the depth and clarity of the comparison between the different prior solutions, especially how well advantages and disadvantages are balanced and supported by data.', 'Verify if the reasoning about the 3D-printed prototype’s benefits and limitations is explicit and detailed enough to support a strong justification.', 'Consider whether the analysis includes enough quantitative or empirical data to move beyond general observations toward a comprehensive evaluation.', 'Check if the submission clearly explains why the chosen design is preferable compared to alternatives, as this is critical for a high-quality analysis.']","The student identifies multiple prior design attempts including commercial metal tree stands, DIY lightweight stands, and the current 3D-printed prototype. These sources are clearly described and credible, covering a variety of solution types. However, the sources are primarily general categories rather than a wide array of distinct, clearly identified external references, so the submission does not fully meet the highest level.","The analysis provides clear and generally detailed strengths and weaknesses for each prior solution, supported by relevant observations and some performance data. The student explicitly compares the solutions, highlighting trade-offs such as weight, durability, safety, and noise. The reasoning about why the 3D-printed design is promising but still limited is articulated. However, the comparison and justification could be more comprehensive and explicitly detailed to reach the highest level.","This submission demonstrates a clear understanding of prior design attempts by identifying and describing multiple solution types, including commercial metal stands, DIY alternatives, and the 3D-printed prototype. The student highlights key strengths and weaknesses for each, showing awareness of factors such as weight, durability, safety, and usability. This breadth and clarity of documentation align with criterion B1. The analysis in B2 is generally clear and supported by relevant data, with explicit comparisons between the different solutions. The student explains why the 3D-printed stand offers advantages in weight and stealth while acknowledging its current material limitations. However, the evaluation could be improved by providing more detailed quantitative data, deeper reasoning about trade-offs, and a stronger justification for why the 3D-printed design is preferable overall. To improve, the student should incorporate more varied and explicitly cited sources to broaden the prior attempts reviewed. They should also deepen the analysis by including more specific performance metrics and clearer reasoning about the relative merits of each solution. Finally, explicitly discussing how the 3D-printed design addresses the shortcomings of prior attempts would strengthen the justification.",4
Case113_23.pdf,,,2,3,3,2,,,"['Examine whether the two sources cited represent sufficiently varied and credible prior design attempts or if they are too similar in nature.', 'Assess the depth and clarity of the analysis provided for each prior design, especially looking for detailed supporting data or evidence.', 'Evaluate the extent to which the student explicitly compares the two designs and provides reasoning about their relative advantages and disadvantages.', 'Consider whether the analysis includes both strengths and shortcomings of each design in a balanced and detailed manner.', 'Verify that the documentation of prior attempts includes multiple distinct solutions rather than a narrow focus on similar designs.']","The student identifies two prior design attempts from clearly identified online sources, both credible as product review or informational blogs. However, the sources are similar in type (online journals/blogs) and do not represent a wide or varied array of sources. This meets the criteria for several but not a notably varied set of sources.","The analysis includes some strengths and shortcomings of each design, but the discussion is brief and lacks detailed supporting data. There is minimal comparison between the two designs, and the reasoning about which design is better or why is underdeveloped. The analysis is somewhat general and does not clearly explain advantages and disadvantages in depth.","This submission demonstrates a basic understanding of prior design attempts by identifying two different bookend designs from clearly identified online sources, which provides a reasonable start for documenting prior solutions (B1). The student includes some details about the materials and design features, indicating awareness of relevant product characteristics. However, the sources are similar in nature and do not represent a broad or varied range of credible references, which limits the depth of research. The analysis of these prior designs (B2) mentions some strengths and weaknesses, such as the acrylic bookends being slippery and the metal ones being heavy. Yet, the evaluation is brief and lacks detailed supporting data and a clear, explicit comparison between the two designs. The reasoning about why one design might be preferable over the other is limited, and the analysis does not fully explore the implications of the identified shortcomings. To improve, the student should seek a broader variety of credible sources, including different types of prior solutions. They should also provide more detailed and data-supported analysis, explicitly comparing advantages and disadvantages of each design. Including reasoning about which design is better and why would strengthen the justification. Adding quantitative or qualitative data to support claims would also enhance the analysis.",2.5
Case114_11.pdf,,,1,1,3,2,,,"['Examine whether the two online sources represent sufficiently varied and credible prior design attempts or if they are too similar in nature.', 'Assess if the analysis section provides clear, detailed comparisons between the two designs or if it remains too general and lacks supporting data.', 'Verify whether the student explicitly explains the advantages and disadvantages of each design and justifies which design is preferable and why.', 'Consider if the analysis includes reasoning about how the identified shortcomings could be addressed or improved in future designs.', 'Evaluate whether the documentation of prior attempts includes enough variety and depth to meet higher-level expectations for source diversity and credibility.']","The student identifies two prior design attempts from clearly identified and generally credible online sources. However, the sources are both online journals/blogs and not highly varied in type, which limits the variety. The student does present multiple prior solutions, which meets the minimal requirement.","The analysis includes some strengths and shortcomings of each design, but the discussion is somewhat general and lacks detailed supporting data. The student notes slipperiness and weight issues but does not provide clear comparisons or reasoning about which design is better or why. The analysis is limited and does not explicitly compare the two designs.","This submission shows a basic understanding of prior design attempts by identifying two different bookend designs from online sources, which helps meet the requirement to consider multiple solutions. The sources are clearly identified, though they are similar in nature, which limits the variety and depth of research. The student provides some details about the materials and design features of each bookend, helping to contextualize the prior attempts. However, the analysis of these prior designs is limited. The student mentions a few advantages and disadvantages but does not provide detailed evidence or data to support these claims. There is no explicit comparison or reasoning to explain which design might be preferable or how the shortcomings could be addressed. To improve, the student should include more detailed evaluations supported by data or examples, explicitly compare the designs, and explain why one might be better suited to the problem. Additionally, expanding the variety of sources and including more diverse design attempts would strengthen the documentation and analysis overall.",2.5
Case115_01.pdf,,,0,1,3,2,,,"['Examine whether the references to storage methods from other schools and art studios are sufficiently detailed and credible to support the identification of prior solutions.', 'Assess if the analysis clearly distinguishes between the strengths and weaknesses of the different storage methods mentioned, or if it remains too general.', 'Consider whether the rationale for prioritizing modularity, durability, and space efficiency is explicitly linked to the shortcomings of prior solutions.', 'Verify that the evaluation includes explicit comparisons between multiple prior solutions rather than listing them without detailed analysis.', 'Ensure that the documentation of prior attempts includes multiple, clearly identified sources rather than relying on vague or anecdotal evidence.']","The student identifies several prior design attempts including plastic bins, pegboards, rolling carts, repurposed bookshelves, and labeled plastic drawers. These represent multiple solutions, though the sources are not explicitly cited or detailed, and the variety is somewhat limited to storage methods within schools and art studios.","The analysis mentions general shortcomings such as lack of categorization and unmet needs but provides limited detailed, explicit comparisons of strengths and weaknesses between the different solutions. There is no clear explanation of why one solution is preferable over others, and supporting data or detailed reasoning is minimal.","This submission shows an effort to document prior design attempts by referencing multiple storage methods used in schools and art studios, as well as past efforts within the student’s own school. This range of examples indicates some understanding of the problem context and exploration of alternative solutions. However, the sources of these examples are not clearly identified or cited, which limits the credibility and depth of the documentation. The analysis of these prior attempts is somewhat limited. While general shortcomings such as inadequate categorization and unmet needs are noted, the evaluation lacks detailed comparisons of the advantages and disadvantages of each solution. There is no clear justification explaining why certain features like modularity, durability, or space efficiency are prioritized over others, nor is there explicit reasoning about which prior solutions are better or worse and why. To improve, clearer identification and citation of sources would strengthen credibility. Deepening the analysis by explicitly comparing multiple solutions, detailing their strengths and weaknesses, and explaining the rationale for focusing on specific design improvements would be beneficial. Including relevant data or user feedback could further enhance the quality of the evaluation.",2.5
Case116_00.pdf,,,0,0,3,2,,,"['Examine whether the references to storage methods from other schools and art studios represent sufficiently varied and credible sources to justify the score for prior attempts.', 'Assess if the analysis provides clear, detailed comparisons between multiple prior solutions or if it remains too general and lacks explicit evaluation of pros and cons.', 'Verify whether the identification of key improvement areas is supported by specific evidence or data from the prior attempts described.', 'Consider the importance of explicit reasoning and justification when evaluating the quality of analysis of past solutions in this context.', 'Review how well the documentation distinguishes between different prior solutions and whether the analysis clearly explains why some solutions are more effective than others.']","The student identifies several prior design attempts including plastic bins, pegboards, rolling carts, repurposed bookshelves, and labeled plastic drawers. These represent multiple solutions, though the variety is somewhat narrow and focused mainly on storage methods within similar contexts. The sources are generally credible as they include both external examples and internal school attempts, and they are clearly identified.","The analysis mentions shortcomings such as inadequate categorization and unmet needs, and identifies key areas for improvement like modularity, durability, and space efficiency. However, the discussion remains general, lacking detailed comparison or explicit advantages and disadvantages of each prior solution. There is no clear reasoning about why one solution is better than another.","This submission shows an effort to identify multiple prior design attempts addressing the storage problem, drawing from both external examples and internal school experiences. The inclusion of various storage methods such as plastic bins, pegboards, rolling carts, bookshelves, and plastic drawers indicates some understanding of different approaches, which supports the documentation of prior solutions (B1). However, the variety and depth of sources are somewhat limited and could be expanded to include a broader range of storage concepts or technologies. The analysis of these prior attempts (B2) is somewhat general. While the student notes general shortcomings and areas for improvement, the evaluation lacks detailed comparisons, explicit advantages and disadvantages, and clear reasoning about why certain solutions are preferable. To improve, the student should provide more specific data or observations supporting their analysis, explicitly compare the strengths and weaknesses of each solution, and justify the focus on modularity, durability, and space efficiency. Including more detailed evidence and clearer comparisons would enhance the quality of the analysis and better inform future design decisions.",2.5
Case117_21.pdf,,,2,1,4,3,,,"['Examine whether the sources cited for each prior design are sufficiently credible and clearly identified to justify the variety and reliability of the information presented.', 'Assess if the analysis section provides explicit comparisons between the different designs or if it mainly lists features without connecting them to a broader evaluation.', 'Verify whether the student’s discussion of advantages and disadvantages includes enough detail and relevant data to support meaningful conclusions about the designs’ effectiveness.', 'Consider if the analysis includes reasoning about why one design might be preferable over others, or if it merely describes each design in isolation.', 'Evaluate whether the student’s documentation and analysis together demonstrate a comprehensive understanding of prior solutions or if key elements of comparison and justification are missing.']","The student identifies four distinct prior design attempts, each with a clearly cited source. The sources are credible and relevant, including commercial websites and instructional pages. The variety of solutions presented indicates a reasonable breadth of exploration.","The analysis includes some strengths and shortcomings for each design, such as portability, material, and usability. However, the comparisons between designs are implicit rather than explicit, and there is limited reasoning about why one design might be preferable over another. The discussion lacks detailed supporting data and clear justification for selecting or rejecting specific features.","This submission shows a reasonable effort in identifying multiple prior design attempts to address plant shading, drawing from a variety of credible and relevant sources (B1). The descriptions of each design’s materials, purpose, and some functional aspects provide a basic foundation for understanding existing solutions. This range of exploration is a useful aspect of the work. However, the analysis of these prior designs (B2) is somewhat limited. While some advantages and disadvantages are noted, such as portability issues and material choices, the evaluation does not include explicit comparisons between the designs. There is minimal reasoning about which design features are most effective or why certain designs might be better suited for the project’s goals. To improve, the analysis would benefit from explicit comparisons, clearer articulation of strengths and weaknesses, and reasoning to justify which design elements could be incorporated or avoided. Including more detailed supporting data or examples would also enhance the analysis. For future work, consider adding a summary comparison table, explicitly stating why some designs are less suitable, and discussing how the insights gained will inform the new design. This will improve both the clarity and rigor of the documentation and analysis.",3.5
Case118_43.pdf,,,4,3,3,2,,,"['Examine whether the sources cited represent a sufficiently diverse range of design concepts or if they are variations on a narrow theme.', 'Assess the extent to which the student explicitly compares multiple prior designs and provides clear reasoning about their relative merits.', 'Verify if the analysis includes specific strengths and weaknesses supported by relevant details or data rather than general statements.', 'Consider whether the evaluation justifies why one design might be better than others or if it merely lists features without comparison.', 'Determine if the documentation clearly identifies credible sources and if the number of sources meets the rubric’s expectations for variety and credibility.']","The student identifies five prior design attempts, each with a clear source and description. However, the sources are fairly similar in nature (mostly plant stands or shade structures) and show limited variety in type or approach. The sources are generally credible and clearly identified, but the range is somewhat narrow, which limits the breadth of exploration.","The analysis includes some strengths and shortcomings of each design, but the details are limited and often repetitive. There is little explicit comparison between the designs, and no clear reasoning about which design is better or why. The discussion remains general and lacks relevant supporting data or detailed evaluation.","This submission shows an effort to identify multiple prior design attempts related to the project, with five distinct sources clearly cited and described. The student demonstrates some understanding of how each design relates to the problem, though the variety of sources is somewhat limited, as most designs are variations on similar plant stands or shade structures, which restricts the breadth of exploration. The analysis of these prior designs is underdeveloped. While some advantages and disadvantages are mentioned, the evaluation lacks depth, detail, and explicit comparisons between the designs. The student does not clearly explain why one design might be preferable over another or provide supporting data to justify these judgments. To improve, the student should focus on providing more detailed and specific evaluations of each design’s strengths and weaknesses, explicitly compare multiple designs, and explain the reasoning behind any preferences. Including quantitative data or more precise criteria for evaluation would also strengthen the analysis. Additionally, exploring a wider variety of design concepts could enhance the documentation and provide a stronger foundation for design decisions.",2.5
